Num_Acc,senc,catv,occutc,obs,obsm,choc,manv,num_veh
201800000001,0,07,000,00,2,3,01,B01
201800000001,0,07,000,00,2,2,15,A01
201800000002,0,07,000,00,1,0,01,A01
201800000003,0,33,000,01,2,1,01,A01
201800000003,0,07,000,00,2,8,15,B01
201800000003,0,07,000,00,0,7,24,C01
201800000004,0,01,000,00,2,8,00,B01
201800000004,0,07,000,00,9,2,21,A01
201800000005,0,02,000,00,2,2,17,A01
201800000005,0,07,000,00,2,3,20,B01
201800000006,0,07,000,06,1,2,01,A01
201800000007,0,07,000,08,0,8,00,A01
201800000008,0,07,000,00,1,2,01,A01
201800000009,1,33,000,16,0,3,01,A01
201800000010,0,33,000,00,2,1,17,A01
201800000010,0,07,000,06,0,8,15,B01
201800000011,0,07,000,00,9,3,15,A01
201800000011,0,30,000,00,2,1,00,B01
201800000012,1,07,000,08,0,0,00,A01
201800000013,0,33,000,00,2,8,05,A01
201800000013,0,07,000,00,2,3,01,B01
201800000014,0,07,000,00,1,2,01,A01
201800000015,0,07,000,13,0,3,01,A01
201800000016,0,07,000,00,1,7,01,A01
201800000017,1,07,000,09,0,3,00,A01
201800000018,2,02,000,00,2,1,01,A01
201800000018,2,07,000,00,2,4,23,B01
201800000019,0,33,000,00,2,2,17,B01
201800000019,0,07,000,00,0,6,15,A01
201800000020,2,07,000,12,2,3,02,A01
201800000020,2,01,000,12,0,7,01,B01
201800000021,0,07,000,00,2,1,15,A01
201800000021,0,32,000,00,2,7,21,B01
201800000022,0,07,000,00,1,3,01,A01
201800000023,0,07,000,00,2,1,17,B01
201800000023,0,07,000,00,2,6,15,A01
201800000024,2,07,000,00,1,3,01,A01
201800000025,0,07,000,01,0,3,01,A01
201800000026,0,07,000,00,2,9,01,A01
201800000026,0,07,000,00,2,2,01,B01
201800000027,2,07,000,00,2,1,01,A01
201800000027,2,07,000,00,2,4,01,B01
201800000027,1,13,000,00,2,3,01,C01
201800000028,0,33,000,09,0,1,01,A01
201800000029,0,07,000,13,0,3,13,A01
201800000030,2,07,000,00,1,2,02,A01
201800000031,2,07,000,03,0,9,01,A01
201800000032,2,07,000,00,1,1,01,A01
201800000033,1,10,000,00,2,5,15,B01
201800000033,1,10,000,00,2,6,01,C01
201800000033,2,33,000,00,2,1,17,A01
201800000034,0,07,000,00,2,1,01,B01
201800000034,0,07,000,00,2,1,00,A01
201800000035,2,10,000,13,0,1,01,A01
201800000036,0,07,000,00,0,8,00,A01
201800000036,0,33,000,00,2,2,01,B01
201800000037,2,07,000,00,2,1,17,A01
201800000037,1,07,000,00,2,1,01,B01
201800000038,1,07,000,00,2,8,15,B01
201800000038,2,15,000,00,2,3,01,A01
201800000039,0,21,000,00,0,8,01,B01
201800000039,0,33,000,00,2,1,17,A01
201800000040,1,07,000,00,0,4,23,B01
201800000040,1,02,000,14,0,1,01,A01
201800000040,2,07,000,00,9,8,01,C01
201800000041,0,07,000,00,2,3,01,B01
201800000041,0,07,000,00,2,3,13,A01
201800000042,0,34,000,13,0,1,02,A01
201800000043,2,15,000,10,2,3,01,B01
201800000043,0,15,000,10,2,2,13,A01
201800000044,1,07,000,00,9,2,17,B01
201800000044,1,01,000,00,0,8,02,A01
201800000045,2,07,000,10,0,1,00,A01
201800000046,1,07,000,13,0,3,00,A01
201800000047,0,07,000,00,1,3,01,A01
201800000048,0,07,000,00,2,2,05,A01
201800000048,0,07,000,00,2,7,05,B01
201800000049,0,07,000,00,1,2,01,A01
201800000050,0,13,000,00,2,1,01,B01
201800000050,0,07,000,00,2,1,05,A01
201800000051,0,07,000,00,9,1,00,A01
201800000051,1,01,000,00,0,4,02,B01
201800000052,0,02,000,00,2,1,17,A01
201800000052,0,07,000,00,0,3,15,B01
201800000053,0,07,000,00,2,8,09,A01
201800000053,0,33,000,00,2,2,01,B01
201800000054,0,33,000,00,0,8,15,B01
201800000054,0,07,000,00,0,1,19,A01
201800000055,0,02,000,14,2,1,17,A01
201800000055,0,07,000,00,0,6,23,B01
201800000056,2,07,000,00,9,2,02,A01
201800000056,2,01,000,00,2,6,02,B01
201800000057,2,07,000,13,0,2,19,A01
201800000058,2,07,000,00,2,8,17,A01
201800000058,2,07,000,00,2,1,17,B01
201800000059,2,07,000,00,2,8,19,A01
201800000059,1,07,000,00,2,1,01,B01
201800000060,1,07,000,00,1,3,01,A01
201800000061,2,07,000,01,2,1,17,A01
201800000061,0,07,000,00,2,5,17,B01
201800000061,1,07,000,00,2,1,01,D01
201800000062,0,07,000,06,0,1,13,A01
201800000063,1,07,000,13,0,9,01,A01
201800000064,0,07,000,00,2,1,01,A01
201800000064,0,07,000,00,2,1,01,B01
201800000065,0,33,000,00,0,0,02,B01
201800000065,0,31,000,00,0,0,02,A01
201800000066,0,33,000,00,0,8,01,A01
201800000067,0,07,000,00,0,9,00,A01
201800000068,1,07,000,02,0,1,01,A01
201800000069,1,07,000,02,0,1,13,A01
201800000070,0,07,000,00,0,3,01,B01
201800000070,0,07,000,00,2,1,01,A01
201800000071,0,07,000,09,2,6,01,A01
201800000072,0,07,000,00,0,1,13,A01
201800000073,2,15,000,06,0,1,13,A01
201800000074,0,33,000,13,0,1,01,A01
201800000075,2,07,000,09,2,2,15,A01
201800000075,1,07,000,00,2,1,01,B01
201800000076,0,07,000,13,0,0,01,A01
201800000077,0,07,000,00,2,3,01,A01
201800000077,0,02,000,00,0,3,01,B01
201800000078,0,34,000,02,2,9,02,B01
201800000078,0,07,000,00,2,7,02,A01
201800000079,0,10,000,00,0,6,15,A01
201800000079,0,31,000,00,2,1,02,B01
201800000080,0,07,000,00,2,7,02,A01
201800000080,0,01,000,00,2,8,02,B01
201800000081,1,07,000,00,2,1,17,A01
201800000081,2,07,000,00,2,1,01,B01
201800000082,1,07,000,00,2,1,19,B01
201800000082,1,07,000,00,2,8,01,A01
201800000083,0,07,000,00,2,1,01,A01
201800000083,0,07,000,00,2,2,15,B01
201800000084,0,07,000,00,2,1,01,A01
201800000084,0,03,000,00,2,1,13,B01
201800000085,2,07,000,08,0,3,13,A01
201800000086,0,07,000,00,2,7,15,A01
201800000086,0,07,000,00,2,1,01,B01
201800000087,0,07,000,08,0,1,16,A01
201800000088,0,07,000,03,0,2,21,A01
201800000089,0,15,000,00,2,2,01,C01
201800000089,0,07,000,00,2,1,02,B01
201800000090,1,15,000,07,0,1,01,A01
201800000091,2,07,000,00,1,3,09,A01
201800000092,2,02,000,14,0,1,17,A01
201800000093,0,07,000,08,0,1,01,A01
201800000094,2,07,000,00,9,1,02,A01
201800000094,2,01,000,00,0,4,01,B01
201800000095,1,07,000,00,1,2,16,A01
201800000096,1,07,000,00,1,2,01,A01
201800000097,0,07,000,09,2,1,14,B01
201800000097,0,07,000,07,0,8,19,A01
201800000098,1,02,000,00,2,4,10,A01
201800000098,1,07,000,00,2,1,02,B01
201800000098,2,07,000,00,2,1,01,C01
201800000099,0,02,000,00,2,1,01,A01
201800000099,0,07,000,00,2,3,15,B01
201800000100,2,07,000,00,2,5,13,A01
201800000100,1,07,000,00,2,1,01,B01
201800000100,1,07,000,00,2,6,01,C01
201800000101,0,07,000,06,0,7,01,A01
201800000102,2,07,000,00,1,2,01,A01
201800000103,1,07,000,00,2,8,01,A01
201800000103,1,07,000,00,2,1,01,B01
201800000104,0,07,000,00,1,3,04,A01
201800000105,2,07,000,00,2,1,02,A01
201800000105,2,07,000,00,2,4,02,B01
201800000106,0,02,000,00,1,1,01,A01
201800000107,2,07,000,00,9,2,00,A01
201800000107,0,01,000,00,0,7,00,B01
201800000108,2,30,000,00,0,2,00,B01
201800000108,1,07,000,00,2,3,00,A01
201800000109,1,33,000,00,2,7,01,A01
201800000109,0,07,000,00,2,8,01,B01
201800000109,0,03,000,00,2,1,19,C01
201800000110,0,07,000,00,0,5,02,A01
201800000110,0,33,000,00,2,1,02,B01
201800000111,0,07,000,13,0,1,01,A01
201800000112,0,07,000,00,2,5,10,A01
201800000112,0,07,000,00,2,6,23,C01
201800000112,0,07,000,00,2,3,01,B01
201800000113,0,02,000,00,2,1,01,A01
201800000113,0,07,000,00,2,3,17,B01
201800000114,1,07,000,00,0,8,19,B01
201800000114,2,07,000,00,2,1,01,A01
201800000115,0,02,000,00,0,0,01,A01
201800000116,1,33,000,00,0,1,01,A01
201800000117,2,07,000,13,0,1,01,A01
201800000118,1,07,000,01,0,1,01,A01
201800000119,1,07,000,00,2,8,01,B01
201800000119,1,10,000,09,2,2,17,A01
201800000120,1,07,000,13,0,1,01,A01
201800000121,1,07,000,13,0,1,01,A01
201800000122,1,33,000,13,0,1,01,A01
201800000123,0,07,000,12,0,1,00,A01
201800000124,1,07,000,08,0,9,01,A01
201800000125,0,07,000,00,2,2,15,B01
201800000125,2,02,000,00,2,1,01,A01
201800000126,2,07,000,00,2,3,00,A01
201800000126,1,02,000,00,2,8,00,B01
201800000127,0,33,000,13,0,1,02,A01
201800000128,2,33,000,00,9,0,14,A01
201800000129,2,02,000,03,2,3,01,B01
201800000129,1,07,000,00,2,3,15,A01
201800000130,0,33,000,06,0,1,00,A01
201800000131,1,17,000,00,2,2,02,A01
201800000131,1,21,000,00,0,5,16,B01
201800000132,0,35,000,00,0,0,15,A01
201800000133,1,07,000,00,2,6,20,B01
201800000133,1,33,000,00,2,1,17,A01
201800000134,0,02,000,00,2,3,11,B01
201800000134,0,07,000,00,2,7,12,A01
201800000135,1,02,000,13,0,0,15,A01
201800000136,1,02,000,00,2,8,15,A01
201800000136,2,07,000,00,2,1,01,B01
201800000137,0,07,000,00,1,3,01,A01
201800000138,0,07,000,00,2,8,01,D01
201800000138,0,07,000,07,2,7,01,B01
201800000138,0,07,000,00,9,1,01,E01
201800000138,0,07,000,00,2,1,09,A01
201800000138,0,07,000,00,2,8,01,C01
201800000139,0,07,000,00,2,2,02,A01
201800000139,0,07,000,00,0,6,24,B01
201800000140,0,07,000,00,2,3,15,A01
201800000140,0,33,000,00,2,2,17,B01
201800000141,0,07,000,00,2,8,01,B01
201800000141,0,07,000,00,2,1,19,A01
201800000142,0,07,000,03,2,1,13,A01
201800000142,0,07,000,00,2,6,01,B01
201800000142,0,07,000,00,2,1,01,C01
201800000143,1,07,000,00,2,1,17,A01
201800000143,1,07,000,00,2,3,10,B01
201800000144,1,07,000,00,2,3,09,A01
201800000144,1,33,000,00,2,2,01,B01
201800000145,0,31,000,07,0,1,01,A01
201800000146,1,02,000,01,0,1,01,A01
201800000146,2,21,000,00,0,3,15,B01
201800000147,0,31,000,00,9,1,00,A01
201800000148,0,07,000,00,0,2,00,A01
201800000149,0,31,000,14,0,0,00,A01
201800000150,1,33,000,00,9,1,01,A01
201800000150,0,01,000,00,2,1,19,B01
201800000151,0,07,000,15,2,3,13,A01
201800000151,0,07,000,00,2,3,01,B01
201800000152,0,99,000,00,2,3,00,A01
201800000152,0,02,000,00,2,3,00,B01
201800000153,2,07,000,13,0,0,01,A01
201800000154,0,07,000,00,2,1,01,B01
201800000154,0,07,000,00,2,1,13,A01
201800000155,0,07,000,00,0,2,01,A01
201800000156,0,07,000,13,9,4,10,A01
201800000157,0,07,000,00,2,1,01,B01
201800000157,0,07,000,00,2,1,15,A01
201800000157,0,07,000,00,2,1,23,C01
201800000158,0,33,000,11,0,0,17,A01
201800000159,0,07,000,00,2,2,01,B01
201800000159,0,33,000,01,2,1,01,A01
201800000160,2,33,000,03,0,0,00,A01
201800000161,0,33,000,01,0,8,14,A01
201800000162,1,07,000,07,0,5,19,A01
201800000162,1,07,000,06,0,2,01,B01
201800000163,1,07,000,00,1,2,17,A01
201800000164,2,07,000,01,0,1,01,A01
201800000165,1,07,000,00,1,2,01,A01
201800000166,0,21,000,00,2,6,04,A01
201800000166,0,01,000,00,2,6,05,B01
201800000167,0,31,000,00,2,2,01,B01
201800000167,0,07,000,00,2,3,01,A01
201800000168,2,07,000,00,1,1,01,A01
201800000169,2,15,000,00,2,1,02,B01
201800000169,2,10,000,03,0,4,02,A01
201800000170,1,15,000,00,0,4,01,A01
201800000170,1,07,000,00,2,1,02,B01
201800000171,1,07,000,03,2,1,05,A01
201800000171,1,10,000,03,2,6,01,B01
201800000172,1,33,000,00,0,4,02,A01
201800000173,1,07,000,10,0,3,02,A01
201800000174,2,10,000,00,0,2,02,A01
201800000174,2,15,000,00,0,6,02,B01
201800000175,2,07,000,00,2,1,01,A01
201800000175,1,07,000,08,2,8,01,B01
201800000176,1,33,000,00,0,2,01,A01
201800000177,1,33,000,00,2,1,01,A01
201800000177,2,07,000,00,2,8,15,B01
201800000178,1,07,000,00,0,1,01,A01
201800000179,0,07,000,00,2,1,01,B01
201800000179,0,07,000,03,2,2,01,A01
201800000180,1,07,000,00,2,3,01,B01
201800000180,1,13,000,00,2,3,15,A01
201800000181,0,10,000,00,2,3,01,B01
201800000181,0,31,000,00,2,8,15,A01
201800000182,1,34,000,00,0,7,00,A01
201800000183,0,38,038,00,2,3,01,A01
201800000183,0,07,000,00,2,7,19,B01
201800000184,0,07,000,00,0,1,01,A01
201800000184,0,38,001,00,0,2,01,B01
201800000185,2,02,000,08,0,1,13,A01
201800000186,1,07,000,06,2,1,02,A01
201800000186,1,07,000,00,0,4,02,B01
201800000187,2,07,000,00,2,2,02,A01
201800000187,2,01,000,00,0,4,01,B01
201800000188,0,07,000,00,1,1,15,A01
201800000189,2,21,000,00,2,6,15,A01
201800000189,2,33,000,00,2,1,17,B01
201800000190,0,07,000,13,9,0,00,A01
201800000191,2,07,000,00,2,3,01,A01
201800000191,1,07,000,13,0,8,01,B01
201800000192,1,07,000,00,2,1,01,A01
201800000192,2,07,000,01,0,7,15,B01
201800000193,1,07,000,00,2,8,19,A01
201800000193,2,07,000,00,2,1,01,B01
201800000194,1,33,000,00,6,1,17,A01
201800000195,1,02,000,00,2,1,17,A01
201800000195,2,02,000,00,2,1,21,B01
201800000196,0,07,000,00,1,2,01,A01
201800000197,2,07,000,00,2,3,15,A01
201800000197,2,02,000,00,2,1,17,B01
201800000198,0,07,000,02,0,1,01,A01
201800000199,2,07,000,00,2,1,13,A01
201800000199,1,07,000,00,2,1,01,B01
201800000200,1,07,000,00,1,2,14,A01
201800000201,2,07,000,00,2,1,01,A01
201800000201,2,07,000,00,0,4,01,B01
201800000202,1,07,000,00,2,1,19,A01
201800000202,1,33,000,00,2,8,01,B01
201800000203,1,02,000,00,2,1,01,A01
201800000203,1,07,000,00,2,4,23,B01
201800000204,0,07,000,00,2,3,20,A01
201800000204,0,02,000,00,2,1,01,B01
201800000205,2,02,000,00,0,1,01,A01
201800000206,2,33,000,02,0,2,01,A01
201800000207,0,02,000,00,2,1,17,A01
201800000207,0,07,000,00,0,3,15,B01
201800000208,0,07,000,00,1,0,06,A01
201800000209,1,07,000,00,9,2,14,A01
201800000209,1,01,000,00,2,8,00,B01
201800000210,1,07,000,00,2,1,01,B01
201800000210,1,07,000,00,2,3,15,A01
201800000211,0,02,000,01,0,1,16,A01
201800000211,0,13,000,00,0,5,24,B01
201800000212,2,07,000,00,2,0,00,A01
201800000212,2,03,000,00,2,4,02,B01
201800000212,1,07,000,00,2,3,01,C01
201800000212,2,07,000,00,0,7,24,D01
201800000213,0,07,000,00,9,3,15,A01
201800000213,0,01,000,00,2,4,01,B01
201800000213,0,01,000,00,9,0,01,C01
201800000214,0,07,000,08,0,3,01,A01
201800000215,0,07,000,00,0,1,00,A01
201800000215,0,07,000,00,2,9,01,B01
201800000216,0,01,000,00,2,7,01,A01
201800000216,0,07,000,00,0,1,01,B01
201800000217,0,07,000,00,1,1,01,A01
201800000218,0,07,000,00,0,1,01,A01
201800000219,0,07,000,00,2,1,19,A01
201800000219,0,02,000,15,2,8,01,B01
201800000220,0,07,000,06,0,1,01,A01
201800000221,1,07,000,07,0,9,01,A01
201800000222,2,01,000,00,2,1,01,A01
201800000222,2,01,000,00,0,4,02,B01
201800000223,0,07,000,00,1,3,18,A01
201800000224,0,07,000,01,0,2,02,A01
201800000224,0,07,000,00,0,6,24,B01
201800000225,0,02,000,00,0,0,00,A01
201800000226,0,33,000,00,2,1,10,A01
201800000226,1,07,000,00,2,3,01,B01
201800000227,2,07,000,00,2,2,19,A01
201800000227,1,07,000,00,2,3,01,B01
201800000228,0,10,000,00,2,1,01,A01
201800000228,0,07,000,00,2,3,01,B01
201800000229,2,07,000,00,2,5,15,A01
201800000229,1,33,000,00,2,1,00,B01
201800000229,2,07,000,00,2,8,01,C01
201800000229,2,07,000,00,2,8,01,D01
201800000230,1,35,000,06,0,1,10,A01
201800000231,2,02,000,00,2,1,13,A01
201800000231,1,07,000,00,9,3,01,B01
201800000232,1,07,000,00,2,3,13,A01
201800000232,2,07,000,00,2,3,01,B01
201800000233,1,07,000,00,2,3,16,A01
201800000233,1,07,000,00,2,2,00,B01
201800000233,2,07,000,00,2,3,01,C01
201800000234,0,07,000,00,1,4,04,A01
201800000235,0,03,000,16,0,0,00,A01
201800000236,1,07,000,00,2,1,05,A01
201800000236,2,15,000,00,2,1,01,B01
201800000237,2,17,000,00,2,2,01,B01
201800000237,1,07,000,00,2,2,13,A01
201800000238,2,07,000,00,2,1,01,B01
201800000238,1,07,000,00,2,7,13,A01
201800000239,1,14,000,00,2,1,15,A01
201800000239,2,33,000,00,2,1,01,B01
201800000239,1,07,000,00,2,1,23,C01
201800000240,2,07,000,06,0,1,13,A01
201800000241,2,33,000,00,9,0,01,A01
201800000242,1,21,000,00,0,0,01,A01
201800000243,2,02,000,00,2,1,01,B01
201800000243,1,07,000,00,2,2,09,A01
201800000244,1,07,000,00,2,2,01,B01
201800000244,2,07,000,03,2,2,01,A01
201800000245,2,07,000,13,0,7,01,A01
201800000246,0,02,000,00,0,5,01,A01
201800000247,1,33,000,06,0,3,01,A01
201800000248,1,07,000,00,2,1,01,B01
201800000248,0,10,000,00,2,8,19,A01
201800000249,1,07,000,00,2,1,01,B01
201800000249,2,07,000,00,0,8,09,A01
201800000250,2,07,000,06,0,2,01,A01
201800000251,2,33,000,16,0,0,01,A01
201800000252,1,07,000,13,0,2,01,A01
201800000253,2,07,000,08,0,1,01,A01
201800000254,2,07,000,00,2,2,01,B01
201800000254,1,07,000,00,2,5,13,A01
201800000255,1,07,000,00,2,1,13,A01
201800000255,2,07,000,00,2,1,02,B01
201800000256,2,07,000,00,2,1,02,A01
201800000256,2,02,000,00,0,4,02,B01
201800000257,1,07,000,00,2,2,19,A01
201800000257,2,30,000,00,2,2,02,B01
201800000258,0,07,000,00,2,3,19,A01
201800000258,0,31,000,00,2,3,01,B01
201800000259,0,07,000,00,0,7,16,B01
201800000259,2,07,000,08,2,1,09,A01
201800000260,2,07,000,07,0,6,15,B01
201800000260,2,07,000,03,2,3,17,A01
201800000261,2,07,000,00,1,2,14,A01
201800000262,1,07,000,00,2,2,02,A01
201800000262,1,14,000,00,0,6,02,B01
201800000263,1,33,000,00,2,7,16,B01
201800000263,1,07,000,00,2,3,18,A01
201800000264,2,07,000,00,2,3,01,B01
201800000264,1,07,000,00,2,3,13,A01
201800000265,2,07,000,06,0,1,01,A01
201800000266,1,33,000,00,2,1,01,A01
201800000266,1,07,000,00,2,6,15,B01
201800000267,0,07,000,00,2,3,00,B01
201800000267,0,07,000,00,2,2,00,A01
201800000268,0,07,000,00,2,3,09,A01
201800000268,0,07,000,00,2,1,01,B01
201800000269,0,07,000,02,0,8,17,A01
201800000270,0,10,000,00,2,1,17,A01
201800000270,0,07,000,00,2,1,01,B01
201800000271,0,07,000,00,2,1,01,B01
201800000271,0,07,000,00,2,2,09,A01
201800000272,0,07,000,02,0,2,14,A01
201800000273,0,07,000,16,0,9,13,A01
201800000274,2,07,000,11,0,1,13,A01
201800000275,2,07,000,00,2,1,17,A01
201800000275,1,07,000,00,2,3,21,B01
201800000276,0,07,000,00,2,3,00,B01
201800000276,0,33,000,00,2,2,17,A01
201800000277,2,07,000,00,0,1,21,B01
201800000277,2,07,000,00,0,8,15,A01
201800000278,1,30,000,11,0,1,01,A01
201800000279,1,02,000,00,2,1,01,A01
201800000279,2,07,000,00,2,1,05,B01
201800000280,1,07,000,02,9,0,00,A01
201800000281,1,07,000,00,1,7,01,A01
201800000282,2,07,000,00,1,1,01,A01
201800000283,1,07,000,01,0,1,01,A01
201800000284,2,07,000,00,2,2,01,A01
201800000284,1,01,000,00,2,0,01,B01
201800000285,0,07,000,00,9,3,01,A01
201800000285,0,01,000,00,2,1,01,B01
201800000286,1,07,000,06,0,1,06,A01
201800000287,1,02,000,00,0,8,01,A01
201800000288,0,07,000,00,2,3,15,B01
201800000288,0,33,000,00,2,7,00,A01
201800000289,2,10,000,00,2,2,15,A01
201800000289,1,07,000,00,2,1,01,B01
201800000290,0,07,000,00,1,2,01,A01
201800000291,2,07,000,00,1,3,13,A01
201800000292,1,07,000,00,2,1,01,A01
201800000292,2,07,000,00,2,3,01,B01
201800000292,2,07,000,00,2,1,01,C01
201800000292,2,07,000,00,2,2,01,D01
201800000293,2,07,000,00,1,2,02,A01
201800000294,2,33,000,00,2,7,00,B01
201800000294,1,07,000,01,2,3,17,A01
201800000295,2,13,000,00,0,5,01,C01
201800000295,2,07,000,00,2,1,02,B01
201800000295,2,07,000,00,2,1,17,A01
201800000296,2,10,000,00,1,1,01,A01
201800000297,2,33,000,13,0,7,17,A01
201800000298,1,07,000,00,1,2,00,A01
201800000299,1,31,000,00,0,0,02,A01
201800000300,1,33,000,00,0,2,23,A01
201800000301,0,07,000,01,0,1,01,A01
201800000301,0,07,000,00,0,4,23,B01
201800000302,1,33,000,09,0,1,01,A01
201800000303,1,07,000,00,1,2,01,A01
201800000304,0,07,000,00,1,1,01,A01
201800000305,2,13,000,00,0,8,21,B01
201800000305,1,13,000,00,2,8,13,A01
201800000306,1,07,000,06,0,1,01,A01
201800000307,1,13,000,00,2,3,18,A01
201800000307,1,07,000,00,2,7,18,B01
201800000308,2,07,000,00,2,1,00,A01
201800000308,2,07,000,00,2,4,01,B01
201800000309,0,07,000,07,2,7,02,A01
201800000309,0,07,000,00,2,8,15,B01
201800000310,0,36,000,12,0,7,01,A01
201800000311,0,07,000,00,0,2,01,A01
201800000311,0,01,000,00,2,8,16,B01
201800000312,0,07,000,00,0,6,00,A01
201800000312,0,33,000,00,2,1,01,B01
201800000313,2,10,000,00,2,8,11,A01
201800000313,2,33,000,00,2,1,02,B01
201800000314,2,33,000,00,2,1,01,A01
201800000314,1,07,000,00,2,1,11,B01
201800000315,0,02,000,00,1,1,01,A01
201800000316,2,33,000,14,0,0,01,A01
201800000317,0,01,000,03,0,1,15,A01
201800000318,0,07,000,00,1,1,16,A01
201800000319,2,33,000,00,2,1,02,A01
201800000319,2,07,000,00,0,4,02,B01
201800000319,1,07,000,00,2,8,05,C01
201800000320,2,31,000,00,2,4,01,A01
201800000320,2,07,000,00,2,1,00,B01
201800000321,0,33,000,00,0,7,00,A01
201800000322,0,07,000,00,2,1,01,B01
201800000322,0,07,000,00,2,1,05,A01
201800000323,1,07,000,00,2,2,15,A01
201800000323,2,02,000,00,2,1,01,B01
201800000324,0,07,000,02,0,2,01,B01
201800000324,0,15,000,00,0,6,23,A01
201800000325,0,02,000,00,2,7,01,A01
201800000325,0,07,000,00,2,3,09,B01
201800000326,0,01,000,00,2,6,01,A01
201800000326,0,07,000,00,9,5,12,B01
201800000327,0,07,000,15,0,3,01,A01
201800000328,0,07,000,00,2,7,19,A01
201800000328,0,31,000,00,2,1,01,B01
201800000329,0,07,000,00,2,1,01,B01
201800000329,0,07,000,00,2,1,15,A01
201800000329,0,07,000,00,2,3,23,C01
201800000330,0,07,000,09,0,9,01,A01
201800000331,0,07,000,00,2,3,01,B01
201800000331,0,07,000,00,2,1,01,A01
201800000332,0,31,000,00,0,0,23,A01
201800000333,0,07,000,15,0,1,01,A01
201800000334,0,02,000,00,2,7,15,A01
201800000334,0,21,000,00,2,1,01,B01
201800000335,1,07,000,00,2,1,05,A01
201800000335,2,15,000,00,2,2,01,B01
201800000336,0,07,000,00,2,3,01,B01
201800000336,0,07,000,00,2,3,13,A01
201800000337,2,07,000,00,2,1,15,A01
201800000337,1,07,000,00,2,1,01,B01
201800000338,0,15,000,00,2,3,01,B01
201800000338,0,33,000,00,2,3,13,A01
201800000339,2,33,000,00,2,3,01,B01
201800000339,0,07,000,00,2,1,19,A01
201800000340,1,17,000,00,2,3,01,B01
201800000340,2,17,000,00,2,3,13,A01
201800000341,2,07,000,00,2,1,02,B01
201800000341,2,33,000,00,2,1,02,D01
201800000341,2,07,000,00,2,1,02,C01
201800000341,2,07,000,00,0,4,02,A01
201800000342,0,07,000,00,2,2,01,A01
201800000342,2,07,000,00,2,1,01,B01
201800000343,0,07,000,00,2,3,13,B01
201800000343,0,07,000,00,2,3,01,A01
201800000344,0,07,000,02,0,7,01,A01
201800000345,0,02,000,00,0,0,01,A01
201800000346,2,07,000,00,2,7,13,A01
201800000346,1,07,000,00,2,1,01,B01
201800000347,1,07,000,02,0,3,00,A01
201800000348,1,31,000,00,2,4,02,B01
201800000348,1,07,000,00,2,1,02,A01
201800000349,1,07,000,00,2,3,15,A01
201800000349,2,33,000,00,2,1,17,B01
201800000350,1,07,000,09,0,3,01,A01
201800000351,1,07,000,00,2,3,13,A01
201800000351,2,07,000,00,2,3,01,B01
201800000352,2,07,000,00,2,3,11,A01
201800000352,1,33,000,00,2,1,03,B01
201800000353,2,07,000,07,0,0,00,A01
201800000354,2,07,000,06,0,2,00,A01
201800000355,1,07,000,00,2,3,01,B01
201800000355,2,07,000,00,2,8,01,A01
201800000356,1,01,000,00,2,8,13,B01
201800000356,2,07,000,00,9,3,01,A01
201800000357,1,02,000,00,2,1,01,A01
201800000357,0,03,000,00,2,3,19,B01
201800000358,0,02,000,00,0,0,00,A01
201800000359,2,07,000,00,2,8,01,A01
201800000359,0,15,000,00,2,3,01,B01
201800000360,1,07,000,00,1,2,01,A01
201800000361,2,07,000,00,2,2,16,A01
201800000361,2,01,000,00,0,4,16,B01
201800000362,1,07,000,00,2,1,01,B01
201800000362,2,03,000,00,2,6,01,A01
201800000362,2,07,000,00,2,1,06,C01
201800000363,1,07,000,00,2,9,17,A01
201800000363,2,15,000,00,2,3,01,C01
201800000363,1,07,000,00,2,6,15,B01
201800000364,1,02,000,12,0,2,01,A01
201800000365,2,07,000,13,0,0,01,A01
201800000366,0,07,000,01,0,1,01,A01
201800000367,0,07,000,02,0,1,01,A01
201800000368,1,31,000,00,2,6,15,A01
201800000368,2,10,000,00,2,1,02,B01
201800000369,2,02,000,00,2,3,01,B01
201800000369,1,07,000,00,2,1,15,A01
201800000370,1,07,000,00,2,3,01,A01
201800000370,2,07,000,00,2,1,01,B01
201800000371,1,07,000,00,0,0,01,A01
201800000371,1,07,000,13,0,1,01,B01
201800000372,2,07,000,00,2,3,01,B01
201800000372,0,07,000,00,2,2,19,A01
201800000373,2,15,000,00,1,7,09,A01
201800000374,1,02,000,15,0,1,13,A01
201800000375,1,07,000,13,0,3,01,A01
201800000376,2,07,000,01,2,1,13,A01
201800000376,1,07,000,00,2,2,01,B01
201800000377,1,07,000,00,0,9,01,A01
201800000378,2,15,000,00,2,3,01,B01
201800000378,1,07,000,00,2,3,13,A01
201800000379,1,07,000,00,2,8,19,B01
201800000379,2,07,000,00,2,3,01,A01
201800000380,2,07,000,00,0,4,23,B01
201800000380,2,33,000,00,2,1,01,A01
201800000381,1,07,000,00,2,1,01,B01
201800000381,2,07,000,00,2,1,13,A01
201800000382,2,21,000,00,2,1,01,B01
201800000382,1,07,000,00,2,7,01,A01
201800000383,2,07,000,00,2,8,01,B01
201800000383,1,33,000,00,2,8,13,A01
201800000384,2,31,000,09,0,8,13,A01
201800000385,1,07,000,00,2,6,15,A01
201800000385,1,31,000,00,2,1,00,B01
201800000386,2,38,006,00,2,6,01,B01