Num_Acc,senc,catv,occutc,obs,obsm,choc,manv,num_veh
201800000783,2,33,000,11,0,9,16,A01
201800000784,2,10,000,13,0,2,01,A01
201800000785,1,07,000,00,2,3,09,A01
201800000785,0,02,000,00,0,5,01,B01
201800000786,0,07,000,00,1,3,01,A01
201800000787,2,07,000,00,2,2,17,A01
201800000787,2,07,000,00,0,2,15,B01
201800000788,1,34,000,00,2,3,13,A01
201800000788,2,07,000,00,2,8,01,B01
201800000789,2,07,000,02,0,1,13,A01
201800000790,0,02,000,12,0,1,00,A01
201800000791,0,07,000,00,2,3,09,A01
201800000791,0,31,000,00,2,1,15,B01
201800000792,0,17,000,00,0,7,15,A01
201800000792,0,30,000,00,2,7,01,B01
201800000793,1,07,000,00,0,0,19,A01
201800000793,2,33,000,00,0,8,21,B01
201800000794,1,07,000,08,0,1,13,A01
201800000795,0,31,000,13,0,1,13,A01
201800000796,0,02,000,00,2,1,17,A01
201800000796,0,07,000,00,2,8,15,B01
201800000797,0,02,000,00,2,1,00,A01
201800000797,0,07,000,00,0,6,19,B01
201800000798,2,10,000,00,0,4,01,A01
201800000798,2,07,000,00,2,3,02,B01
201800000798,2,07,000,00,2,1,02,C01
201800000798,1,07,000,00,2,1,02,D01
201800000798,2,07,000,00,2,1,02,E01
201800000799,1,07,000,01,0,0,00,A01
201800000800,2,07,000,00,2,1,13,A01
201800000800,1,38,045,00,2,1,01,B01
201800000801,1,33,000,00,2,1,17,A01
201800000801,1,07,000,00,2,6,02,B01
201800000801,2,07,000,00,2,3,01,C01
201800000801,1,07,000,00,9,1,01,D01
201800000802,2,02,000,00,0,8,01,A01
201800000802,2,02,000,00,0,8,01,B01
201800000803,2,07,000,00,2,1,15,A01
201800000803,1,07,000,00,2,1,01,B01
201800000804,0,33,000,00,0,8,17,A01
201800000805,1,07,000,00,1,2,01,A01
201800000806,1,02,000,13,0,0,13,A01
201800000807,2,33,000,00,0,0,00,A01
201800000808,0,02,000,00,0,1,00,A01
201800000809,2,07,000,06,0,1,14,A01
201800000810,1,07,000,00,2,3,17,A01
201800000810,1,33,000,02,2,0,17,B01
201800000811,1,07,000,13,0,3,00,A01
201800000812,2,01,000,00,2,1,01,A01
201800000812,1,07,000,00,2,7,09,B01
201800000813,1,01,000,00,2,1,09,B01
201800000813,1,07,000,00,2,8,09,A01
201800000813,0,99,000,00,2,0,00,R01
201800000814,1,07,000,00,2,1,01,A01
201800000814,1,07,000,08,0,4,23,B01
201800000814,1,07,000,00,2,6,23,C01
201800000815,2,07,000,00,2,2,01,A01
201800000815,1,10,000,00,2,1,01,B01
201800000816,1,07,000,00,1,1,15,A01
201800000817,1,07,000,00,2,1,01,A01
201800000817,1,31,000,00,2,4,01,B01
201800000818,1,07,000,00,1,3,01,A01
201800000819,2,07,000,00,2,1,15,A01
201800000819,0,33,000,00,2,1,01,B01
201800000819,0,07,000,00,2,6,01,C01
201800000820,2,10,000,00,2,1,13,A01
201800000820,1,07,000,00,2,1,01,B01
201800000820,1,07,000,00,2,1,01,C01
201800000820,2,07,000,00,2,1,01,D01
201800000821,2,07,000,00,1,3,02,A01
201800000822,2,07,000,00,6,2,14,A01
201800000822,2,99,000,00,2,0,02,B01
201800000823,2,02,000,00,2,1,00,A01
201800000823,2,07,000,00,6,6,15,B01
201800000824,1,07,000,00,2,2,13,A01
201800000824,1,07,000,00,2,1,21,B01
201800000825,0,07,000,00,2,1,15,A01
201800000825,0,07,000,00,2,1,01,B01
201800000826,1,07,000,00,2,8,15,A01
201800000826,1,33,000,00,2,1,01,B01
201800000827,0,07,000,00,2,5,16,A01
201800000827,0,01,000,00,2,1,01,B01
201800000828,1,10,000,00,6,7,16,A01
201800000828,1,01,000,00,2,1,16,B01
201800000829,1,02,000,00,2,1,01,B01
201800000829,2,07,000,00,0,5,09,A01
201800000830,1,07,000,12,0,7,01,B01
201800000830,2,07,000,00,2,1,01,A01
201800000831,0,30,000,00,2,1,08,A01
201800000831,0,07,000,00,2,3,15,B01
201800000832,0,07,000,00,2,8,09,A01
201800000832,0,07,000,00,2,1,01,B01
201800000833,0,33,000,12,0,1,16,A01
201800000834,0,07,000,00,1,2,01,A01
201800000835,1,07,000,00,2,3,01,B01
201800000835,0,07,000,13,2,1,19,A01
201800000836,2,07,000,00,2,1,05,A01
201800000836,1,10,000,00,2,1,01,B01
201800000837,1,07,000,00,2,2,11,A01
201800000837,1,07,000,00,2,1,01,B01
201800000838,2,30,000,00,2,1,00,A01
201800000838,1,07,000,00,2,5,15,B01
201800000839,2,07,000,00,2,2,15,A01
201800000839,1,31,000,00,2,3,01,B01
201800000840,2,07,000,06,0,1,14,A01
201800000840,2,07,000,00,2,2,02,B01
201800000841,1,07,000,00,0,8,24,A01
201800000841,1,01,000,01,0,2,01,B01
201800000841,1,07,000,00,2,3,02,C01
201800000842,,07,000,00,1,3,01,A01
201800000843,2,01,000,00,2,1,01,B01
201800000843,2,10,000,00,2,2,17,A01
201800000844,1,07,000,00,1,1,00,A01
201800000845,1,07,000,00,2,8,19,A01
201800000845,2,07,000,00,2,3,01,B01
201800000846,0,07,000,00,2,2,17,A01
201800000846,2,07,000,12,2,6,15,B01
201800000846,2,07,000,00,2,3,02,C01
201800000847,0,10,000,00,2,1,02,A01
201800000847,0,02,000,00,2,7,01,B01
201800000848,0,07,000,00,2,8,15,A01
201800000848,0,32,000,00,2,1,02,B01
201800000849,1,10,000,00,2,1,01,B01
201800000849,2,07,000,07,2,2,01,A01
201800000850,2,07,000,00,1,2,01,A01
201800000851,2,14,000,00,2,1,02,A01
201800000851,1,07,000,00,2,4,01,B01
201800000852,2,03,000,00,1,3,00,A01
201800000853,2,07,000,00,2,3,15,A01
201800000853,1,01,000,00,2,1,01,B01
201800000854,1,07,000,00,2,1,01,B01
201800000854,0,07,000,00,2,8,19,A01
201800000855,0,07,000,00,2,2,13,A01
201800000855,0,02,000,00,2,2,13,B01
201800000856,2,07,000,13,0,9,00,A01
201800000857,2,07,000,13,0,1,15,A01
201800000858,1,07,000,06,0,1,14,A01
201800000859,1,02,000,15,0,7,01,A01
201800000860,1,17,000,06,0,1,14,A01
201800000861,1,33,000,00,2,1,01,A01
201800000861,0,07,000,00,2,1,19,B01
201800000862,1,10,000,00,2,1,17,A01
201800000862,2,10,000,00,2,1,01,B01
201800000863,2,07,000,00,1,1,01,A01
201800000864,0,01,000,00,0,5,01,B01
201800000864,0,07,000,00,2,1,16,A01
201800000865,1,31,000,00,2,7,01,B01
201800000865,0,07,000,00,2,1,01,A01
201800000866,2,33,000,00,2,7,15,B01
201800000866,1,07,000,00,2,3,09,A01
201800000867,0,02,000,06,0,7,01,A01
201800000868,2,30,000,00,0,3,00,A01
201800000869,0,07,000,00,2,2,01,A01
201800000869,0,99,000,00,2,0,00,R01
201800000870,0,10,000,00,0,5,04,A01
201800000870,0,02,000,00,2,1,01,B01
201800000871,2,33,000,00,2,2,17,A01
201800000871,1,07,000,00,2,6,11,B01
201800000872,0,07,000,00,1,1,01,A01
201800000873,0,02,000,09,0,1,01,A01
201800000874,0,07,000,00,2,1,19,A01
201800000874,0,07,000,00,2,8,01,B01
201800000875,1,07,000,13,0,1,01,A01
201800000876,2,33,000,13,0,8,02,A01
201800000877,0,02,000,00,2,5,00,B01
201800000877,1,07,000,00,2,3,09,A01
201800000878,1,07,000,00,1,3,17,A01
201800000879,0,02,000,00,0,1,01,A01
201800000880,1,07,000,13,0,7,01,A01
201800000881,1,33,000,00,2,1,01,A01
201800000881,1,07,000,00,2,3,19,B01
201800000882,2,07,000,00,2,5,01,B01
201800000882,2,07,000,00,2,1,01,C01
201800000882,1,07,000,00,2,1,05,A01
201800000883,0,07,000,00,2,1,01,B01
201800000883,0,10,000,00,0,8,01,A01
201800000884,1,07,000,00,2,2,15,A01
201800000884,1,33,000,00,2,1,01,B01
201800000885,1,33,000,00,2,4,01,B01
201800000885,1,07,000,00,2,1,01,A01
201800000886,1,07,000,00,2,1,13,A01
201800000886,2,10,000,00,2,1,01,B01
201800000887,1,07,000,00,2,2,13,A01
201800000887,2,07,000,00,2,3,01,B01
201800000887,2,07,000,00,2,1,01,C01
201800000888,2,07,000,00,1,1,15,A01
201800000889,2,07,000,06,0,3,01,A01
201800000890,1,31,000,00,0,4,15,B01
201800000890,1,07,000,00,2,1,01,A01
201800000891,1,07,000,04,0,2,01,A01
201800000892,0,07,000,00,2,3,01,A01
201800000892,0,02,000,00,2,5,01,B01
201800000893,2,07,000,00,2,4,09,A01
201800000893,2,07,000,00,2,3,11,B01
201800000894,0,01,000,00,2,2,19,B01
201800000894,0,37,001,00,2,7,01,A01
201800000895,1,07,000,00,1,2,01,A01
201800000896,1,07,000,03,0,9,01,A01
201800000897,1,07,000,00,4,8,01,A01
201800000897,0,39,070,00,2,2,01,B01
201800000898,2,07,000,00,2,2,13,B01
201800000898,2,07,000,00,2,3,01,D01
201800000898,2,07,000,00,2,2,13,A01
201800000898,2,07,000,00,2,1,01,C01
201800000899,0,07,000,00,1,2,01,A01
201800000900,0,07,000,00,1,1,00,A01
201800000901,0,07,000,00,2,2,19,A01
201800000901,0,02,000,00,2,3,01,B01
201800000902,2,33,000,00,2,1,01,A01
201800000902,2,07,000,00,0,6,01,B01
201800000903,2,10,000,00,2,8,21,A01
201800000903,2,32,000,00,2,7,01,B01
201800000903,2,10,000,00,0,0,09,C01
201800000904,0,02,000,00,2,1,01,B01
201800000904,0,07,000,00,2,2,01,A01
201800000905,2,37,003,00,2,3,01,B01
201800000905,1,07,000,00,2,1,13,A01
201800000906,2,07,000,00,2,3,01,B01
201800000906,1,02,000,00,2,3,15,A01
201800000907,0,07,000,00,2,1,01,A01
201800000907,0,07,000,00,2,8,15,B01
201800000908,0,07,000,00,2,1,01,A01
201800000908,0,33,000,00,2,8,01,B01
201800000909,1,10,000,02,6,1,01,A01
201800000910,0,07,000,00,2,3,01,A01
201800000910,0,07,000,00,2,3,01,B01
201800000911,2,07,000,00,2,7,15,B01
201800000911,1,02,000,00,2,1,01,A01
201800000912,0,07,000,00,2,3,01,B01
201800000912,0,10,000,00,2,1,01,A01
201800000913,0,01,000,00,2,1,01,B01
201800000913,0,07,000,00,9,5,15,A01
201800000914,0,07,000,13,9,2,01,A01
201800000914,0,01,000,00,2,4,01,B01
201800000915,0,02,000,07,0,1,01,A01
201800000916,1,07,000,06,0,1,01,A01
201800000917,0,07,000,00,2,1,00,B01
201800000917,0,31,000,00,2,0,01,A01
201800000918,1,07,000,00,2,1,01,B01
201800000918,2,07,000,00,2,1,01,A01
201800000919,1,33,000,03,0,3,11,A01
201800000920,0,01,000,00,2,3,01,B01
201800000920,0,07,000,00,9,7,17,A01
201800000921,0,10,000,00,0,1,02,A01
201800000922,0,07,000,03,2,3,01,B01
201800000922,0,07,000,00,2,3,13,A01
201800000923,0,33,000,00,0,2,02,A01
201800000924,0,07,000,06,0,3,19,A01
201800000925,0,07,000,13,0,1,02,A01
201800000926,1,07,000,00,2,1,19,A01
201800000926,1,07,000,00,2,8,01,B01
201800000927,1,02,000,06,0,7,02,A01
201800000928,0,02,000,00,2,1,01,B01
201800000928,1,07,000,00,2,3,15,A01
201800000929,0,02,000,00,2,3,01,B01
201800000929,0,31,000,00,2,3,01,A01
201800000930,0,07,000,00,9,3,09,A01
201800000930,0,01,000,00,2,7,16,B01
201800000931,0,07,000,00,2,2,09,A01
201800000931,1,31,000,00,2,8,01,B01
201800000932,0,07,000,00,2,3,02,B01
201800000932,0,02,000,00,0,0,02,A01
201800000933,0,03,000,00,2,3,00,B01
201800000933,0,21,000,00,2,3,00,A01
201800000934,0,33,000,06,0,0,01,A01
201800000935,0,02,000,00,2,9,01,B01
201800000935,0,07,000,00,2,2,13,A01
201800000936,0,02,000,00,2,1,17,B01
201800000936,0,07,000,00,2,1,17,A01
201800000937,0,07,000,08,0,9,01,A01
201800000938,1,02,000,00,0,7,02,A01
201800000939,0,99,000,00,1,6,01,A01
201800000940,0,33,000,06,0,1,01,A01
201800000941,0,07,000,00,1,2,01,A01
201800000942,0,07,000,00,1,1,01,A01
201800000943,0,33,000,13,0,9,01,A01
201800000944,0,07,000,00,2,1,01,B01
201800000944,0,07,000,00,2,3,00,A01
201800000945,0,02,000,01,0,7,15,A01
201800000946,1,07,000,00,1,3,01,A01
201800000947,0,33,000,00,0,7,01,A01
201800000948,0,07,000,00,2,1,01,A01
201800000948,0,07,000,00,2,1,13,B01
201800000949,0,02,000,00,0,1,01,A01
201800000950,0,31,000,00,0,7,01,A01
201800000951,0,02,000,00,2,1,01,B01
201800000951,0,07,000,00,2,1,15,A01
201800000952,0,07,000,08,0,9,01,A01
201800000953,0,16,000,00,0,6,15,A01
201800000953,0,01,000,00,2,3,01,B01
201800000954,2,07,000,00,2,2,01,B01
201800000954,0,01,000,00,2,1,19,A01
201800000955,1,02,000,15,0,1,01,A01
201800000956,0,10,000,00,2,1,01,B01
201800000956,0,07,000,00,2,2,15,A01
201800000957,2,07,000,00,0,2,01,A01
201800000958,2,10,000,00,2,3,09,A01
201800000958,1,07,000,00,2,1,01,B01
201800000959,2,07,000,13,0,1,01,A01
201800000960,2,07,000,00,2,3,09,A01
201800000960,1,35,000,00,2,2,09,B01
201800000961,1,07,000,00,2,3,01,B01
201800000961,1,07,000,00,2,2,19,A01
201800000962,2,07,000,01,0,1,19,A01
201800000963,1,07,000,00,1,1,02,A01
201800000964,1,07,000,00,1,1,01,A01
201800000965,1,07,000,11,0,1,01,A01
201800000966,1,07,000,00,2,4,07,A01
201800000966,1,07,000,00,2,1,02,B01
201800000967,1,07,000,00,2,6,01,A01
201800000967,2,07,000,00,2,3,00,B01
201800000968,,07,000,00,2,2,00,A01
201800000968,,07,000,00,2,3,01,B01
201800000969,2,07,000,00,2,1,01,A01
201800000969,2,07,000,00,2,8,01,B01
201800000970,0,07,000,00,1,6,20,A01
201800000971,,34,000,08,0,0,21,A01
201800000972,1,07,000,02,0,1,00,A01
201800000973,1,07,000,15,2,0,21,A01
201800000973,2,07,000,00,2,3,15,B01
201800000974,1,07,000,04,0,7,01,A01
201800000975,1,07,000,00,0,6,16,A01
201800000975,1,16,000,00,2,2,02,B01
201800000976,1,10,000,00,1,1,16,A01
201800000977,1,07,000,00,1,1,09,A01
201800000978,2,07,000,00,2,1,13,A01
201800000978,1,07,000,00,2,3,01,B01
201800000978,1,07,000,00,2,1,00,C01
201800000979,1,07,000,00,2,0,17,A01
201800000979,2,07,000,00,2,5,01,B01
201800000979,2,07,000,00,2,3,02,C01
201800000980,2,07,000,00,2,5,15,A01
201800000980,1,33,000,00,2,2,01,B01
201800000981,,10,000,06,0,1,01,A01
201800000982,,01,000,01,0,7,01,B01
201800000982,,07,000,01,0,3,17,A01
201800000983,2,07,000,00,0,9,01,A01
201800000984,2,01,000,00,2,7,01,B01
201800000984,2,07,000,00,2,3,09,A01
201800000985,0,07,000,00,2,1,15,A01
201800000985,0,07,000,00,2,1,01,B01
201800000986,,07,000,00,1,2,01,A01
201800000987,0,07,000,00,1,4,09,A01
201800000988,2,07,000,00,2,3,09,A01
201800000988,1,01,000,00,2,1,00,B01
201800000989,1,07,000,00,1,2,01,A01
201800000990,0,07,000,00,1,2,15,A01
201800000991,0,07,000,00,2,3,15,A01
201800000991,0,01,000,00,2,4,01,B01
201800000992,0,07,000,00,2,1,02,A01
201800000992,0,07,000,00,0,4,01,B01
201800000993,2,07,000,00,2,8,16,A01
201800000993,1,33,000,00,2,3,17,B01
201800000994,0,07,000,00,1,2,14,A01
201800000995,0,33,000,00,2,1,01,B01
201800000995,0,07,000,00,0,3,19,A01
201800000996,2,33,000,00,6,1,01,A01
201800000997,0,07,000,00,2,3,00,A01
201800000997,0,02,000,00,2,1,00,B01
201800000998,0,07,000,00,0,6,15,A01
201800000998,0,33,000,00,2,1,17,B01
201800000999,1,07,000,00,2,5,16,A01
201800000999,1,02,000,00,2,3,18,B01
201800001000,2,01,000,00,0,0,00,A01
201800001001,1,07,000,00,0,5,15,B01
201800001001,1,02,000,00,2,2,02,A01
201800001002,2,33,000,00,0,0,01,A01
201800001003,0,02,000,00,2,1,01,A01
201800001003,0,07,000,00,2,1,01,B01
201800001004,2,07,000,08,0,2,01,A01
201800001005,1,10,000,00,2,3,09,A01
201800001005,1,07,000,00,2,7,02,B01
201800001006,2,33,000,12,0,1,18,A01
201800001007,1,02,000,00,2,1,01,B01
201800001007,1,07,000,00,2,3,15,A01
201800001008,1,07,000,00,1,3,01,A01
201800001009,0,33,000,00,2,1,01,B01
201800001009,0,07,000,00,2,3,15,A01
201800001010,0,07,000,00,2,1,01,A01
201800001010,0,01,000,00,2,7,01,B01
201800001011,2,07,000,00,2,1,01,B01
201800001011,1,15,000,00,2,0,01,A01
201800001012,2,33,000,00,2,1,02,B01
201800001012,2,07,000,00,0,6,15,A01
201800001013,0,01,000,00,2,3,01,A01
201800001013,0,07,000,00,9,1,00,B01
201800001014,1,07,000,08,0,2,01,A01
201800001015,0,17,000,00,4,5,01,A01
201800001015,1,39,002,06,2,1,01,B01
201800001016,1,02,000,00,2,1,17,B01
201800001016,1,07,000,00,0,6,11,A01
201800001017,2,03,000,00,2,1,15,B01
201800001017,1,07,000,00,2,1,01,A01
201800001018,0,07,000,00,1,1,01,A01
201800001019,0,07,000,00,2,2,15,B01
201800001019,0,33,000,00,2,1,01,A01
201800001020,2,33,000,00,0,1,01,A01
201800001021,1,02,000,00,1,1,02,A01
201800001022,1,07,000,13,,3,,A01
201800001023,1,38,001,00,2,2,01,A01
201800001023,1,01,000,00,0,8,19,B01
201800001024,1,15,000,00,0,6,01,A01
201800001024,2,07,000,00,9,1,01,B01
201800001025,1,02,000,00,0,8,01,A01
201800001026,2,07,000,13,0,2,01,A01
201800001027,2,07,000,00,2,3,01,B01
201800001027,1,07,000,00,2,1,13,A01
201800001028,2,07,000,00,2,1,02,A01
201800001028,2,01,000,00,2,7,02,B01
201800001029,1,07,000,00,2,3,01,A01
201800001029,2,01,000,00,2,7,01,B01
201800001030,0,01,000,00,2,8,01,B01
201800001030,0,01,000,00,2,0,01,A01
201800001031,0,07,000,13,0,1,01,A01
201800001032,1,07,000,02,0,8,13,A01
201800001033,1,10,000,13,0,2,01,A01
201800001034,2,02,000,13,0,2,01,A01
201800001035,1,07,000,00,0,4,15,B01
201800001035,1,02,000,00,2,1,01,A01
201800001036,1,01,000,00,2,0,01,B01
201800001036,2,07,000,00,9,3,01,A01
201800001037,2,07,000,00,2,1,17,A01
201800001037,1,07,000,13,2,1,01,B01
201800001038,1,07,000,06,0,1,02,A01
201800001039,2,07,000,13,0,1,17,A01
201800001039,2,07,000,00,9,1,01,B01
201800001040,1,07,000,14,9,2,01,B01
201800001040,1,01,000,14,2,3,01,A01
201800001041,1,07,000,00,2,1,01,A01
201800001041,2,07,000,00,2,1,01,B01
201800001042,2,02,000,00,2,1,02,A01
201800001042,2,21,000,00,2,4,02,B01
201800001043,2,07,000,03,0,1,01,A01
201800001044,2,07,000,00,2,2,02,A01
201800001044,2,07,000,05,0,4,02,B01
201800001045,1,10,000,00,2,1,01,A01
201800001045,1,07,000,06,2,4,15,B01
201800001046,1,10,000,00,2,2,01,A01
201800001046,2,30,000,00,2,1,05,B01
201800001047,1,02,000,00,2,2,01,A01
201800001047,2,07,000,00,2,3,13,B01
201800001048,1,10,000,00,0,6,15,A01
201800001048,1,02,000,00,2,3,17,B01
201800001049,1,03,000,00,2,4,01,A01
201800001049,1,07,000,00,2,1,01,B01
201800001050,1,07,000,00,2,3,01,B01
201800001050,2,07,000,00,2,3,01,A01
201800001051,0,07,000,13,0,1,01,A01
201800001052,1,02,000,00,2,6,19,B01
201800001052,2,07,000,00,2,2,00,A01
201800001053,2,07,000,00,2,3,17,A01
201800001053,1,07,000,00,2,3,01,B01
201800001053,2,07,000,00,2,3,01,C01
201800001054,1,07,000,00,1,2,01,A01
201800001055,0,02,000,16,0,1,01,A01
201800001056,0,07,000,00,2,3,16,A01
201800001056,0,07,000,00,2,3,01,B01
201800001057,2,10,000,00,0,1,01,C01
201800001057,1,10,000,00,0,4,15,B01
201800001057,1,10,000,00,2,1,01,A01
201800001058,1,07,000,00,0,8,16,B01
201800001058,1,07,000,00,2,1,01,A01
201800001059,2,33,000,02,9,1,13,A01
201800001060,1,07,000,00,2,3,00,A01
201800001060,2,07,000,00,2,3,00,B01
201800001061,0,07,000,00,2,3,01,A01
201800001061,0,07,000,00,2,3,13,B01
201800001062,1,33,000,00,0,0,17,A01
201800001062,1,07,000,00,9,1,01,B01
201800001063,2,07,000,00,2,1,13,A01
201800001063,1,10,000,00,2,3,21,B01
201800001064,1,01,000,00,0,4,02,B01
201800001064,1,13,000,00,9,2,02,A01
201800001065,1,07,000,13,0,3,13,A01
201800001066,1,07,000,00,0,1,14,A01
201800001067,1,07,000,00,2,3,15,B01
201800001067,1,02,000,00,2,1,17,A01
201800001068,1,33,000,00,2,1,01,B01
201800001068,1,07,000,00,2,3,15,A01
201800001069,0,01,000,00,0,0,00,A01
201800001070,2,07,000,00,2,3,01,C01
201800001070,2,07,000,00,2,0,01,D01
201800001070,2,07,000,00,2,1,02,A01
201800001070,2,07,000,00,2,3,01,B01
201800001071,1,33,000,00,2,1,17,B01
201800001071,1,07,000,00,2,6,15,A01
201800001072,0,02,000,00,2,1,13,A01
201800001072,0,21,000,00,2,6,21,B01
201800001073,2,07,000,13,0,3,13,A01
201800001074,2,07,000,00,2,8,13,A01
201800001074,1,07,000,00,2,1,01,B01
201800001075,1,07,000,13,0,1,01,A01
201800001076,2,31,000,05,9,1,17,B01
201800001076,2,07,000,00,2,5,17,A01
201800001077,2,01,000,00,2,4,02,B01
201800001077,2,07,000,00,2,2,02,A01
201800001078,0,07,000,15,0,3,00,A01
201800001079,0,07,000,01,0,3,01,A01
201800001080,1,07,000,13,0,1,01,A01
201800001081,0,01,000,16,0,1,19,A01
201800001082,2,33,000,00,2,1,00,B01
201800001082,1,07,000,00,2,3,10,A01
201800001083,1,07,000,00,2,1,01,C01
201800001083,1,07,000,00,2,1,01,B01
201800001083,2,07,000,00,2,1,13,A01
201800001084,0,33,000,00,2,1,00,B01
201800001084,0,21,000,00,2,0,22,A01
201800001085,1,07,000,02,0,2,01,A01
201800001086,1,07,000,00,2,3,01,B01
201800001086,2,07,000,13,2,3,13,A01
201800001087,0,07,000,00,1,1,01,A01
201800001088,2,07,000,00,2,1,05,A01
201800001088,1,07,000,00,2,1,01,B01
201800001089,0,07,000,00,9,2,01,A01
201800001089,0,01,000,00,0,7,19,B01
201800001090,2,07,000,00,1,2,01,A01
201800001091,0,33,000,00,2,1,01,B01
201800001091,0,10,000,00,2,5,15,A01
201800001092,0,07,000,00,2,1,09,A01
201800001092,0,01,000,00,2,7,01,B01
201800001093,2,07,000,00,2,1,01,B01
201800001093,2,32,000,00,2,8,01,A01
201800001093,1,07,000,00,9,1,01,C01
201800001094,2,10,000,13,0,2,01,A01
201800001095,1,07,000,01,1,2,01,A01
201800001096,0,07,000,00,9,1,01,A01
201800001096,0,01,000,00,2,7,01,B01
201800001097,2,07,000,00,2,1,13,A01
201800001097,1,07,000,00,2,1,01,B01
201800001098,2,07,000,00,2,2,15,B01
201800001098,2,33,000,00,2,3,01,A01
201800001099,2,07,000,08,0,3,06,A01
201800001100,2,07,000,06,0,8,01,A01
201800001101,2,07,000,06,0,1,01,A01
201800001102,1,07,000,13,0,2,02,A01
201800001103,2,07,000,00,1,1,16,A01
201800001104,2,07,000,00,1,3,01,A01
201800001105,2,07,000,00,2,3,15,B01
201800001105,2,33,000,09,2,7,17,A01
201800001106,2,02,000,00,2,3,01,A01
201800001106,2,07,000,00,0,7,16,B01
201800001107,2,01,000,00,2,3,01,A01
201800001107,2,07,000,00,2,7,17,B01
201800001108,2,07,000,08,0,2,01,A01
201800001109,2,01,000,00,2,1,01,B01
201800001109,2,07,000,00,2,5,16,A01
201800001110,1,07,000,00,0,6,15,B01
201800001110,1,34,000,00,2,1,03,A01
201800001111,1,07,000,00,2,1,15,A01
201800001111,1,01,000,00,2,5,01,B01
201800001112,2,07,000,00,2,1,13,A01
201800001112,1,07,000,00,2,8,01,B01
201800001112,1,07,000,00,2,8,01,C01
201800001112,1,07,000,00,2,1,01,D01
201800001113,1,07,000,00,2,1,13,A01
201800001113,2,07,000,00,2,1,01,B01
201800001114,2,07,000,00,2,8,01,B01
201800001114,1,30,000,00,2,3,13,A01
201800001115,2,07,000,08,0,1,01,A01
201800001116,1,33,000,00,2,1,17,B01
201800001116,1,07,000,00,2,3,10,A01
201800001117,1,07,000,00,1,1,15,A01
201800001118,0,02,000,00,2,4,01,A01
201800001118,0,07,000,00,2,1,01,B01
201800001119,2,07,000,02,0,1,00,A01
201800001120,2,31,000,00,2,1,01,A01
201800001120,1,07,000,00,2,2,15,B01
201800001121,2,07,000,00,1,1,01,A01
201800001122,1,07,000,00,2,3,15,A01
201800001122,1,07,000,00,2,3,01,B01
201800001123,1,07,000,00,2,2,13,B01
201800001123,2,07,000,00,2,1,01,A01
201800001123,2,07,000,00,2,1,01,C01
201800001124,2,07,000,00,2,6,01,C01
201800001124,1,07,000,00,2,1,13,A01
201800001124,2,07,000,00,2,1,01,B01
201800001125,1,07,000,00,0,4,23,A01
201800001125,1,07,000,00,2,1,02,B01
201800001126,2,07,000,00,2,8,10,B01
201800001126,2,33,000,00,2,1,02,A01
201800001127,1,33,000,00,2,1,01,A01
201800001127,1,07,000,00,0,4,15,B01
201800001128,0,30,000,00,2,1,01,B01
201800001128,0,13,000,00,2,4,04,A01
201800001129,1,07,000,13,0,1,01,A01
201800001130,1,02,000,00,2,8,13,A01
201800001130,1,07,000,00,2,7,01,B01
201800001131,2,13,000,00,1,3,00,A01
201800001132,2,10,000,00,2,1,09,A01
201800001132,1,02,000,00,2,7,00,B01
201800001133,1,07,000,00,2,3,13,A01
201800001133,2,07,000,00,2,3,21,D01
201800001133,2,07,000,00,2,3,01,C01
201800001133,2,34,000,13,0,0,21,B01
201800001134,0,07,000,00,2,1,09,A01
201800001134,2,01,000,00,2,5,01,B01
201800001135,1,07,000,00,1,1,01,A01
201800001136,1,07,000,13,0,0,01,A01
201800001137,2,07,000,00,2,3,01,B01
201800001137,1,07,000,00,2,3,13,A01
201800001138,1,07,000,00,2,7,01,B01
201800001138,2,07,000,00,2,1,15,A01
201800001139,1,07,000,00,9,1,01,B01
201800001139,1,01,000,00,0,4,00,A01
201800001140,2,21,000,00,0,7,01,A01
201800001140,1,07,000,00,2,1,19,B01
201800001141,1,33,000,00,2,2,01,B01
201800001141,1,07,000,00,2,3,10,A01
201800001142,1,33,000,00,2,1,01,B01
201800001142,1,07,000,00,2,6,10,A01
201800001143,2,07,000,00,2,1,01,A01
201800001143,1,07,000,00,2,1,13,B01
201800001144,1,07,000,02,0,1,01,A01
201800001145,2,07,000,00,9,1,09,A01
201800001145,2,01,000,00,0,7,00,B01
201800001146,1,07,000,00,2,1,01,B01
201800001146,2,07,000,00,2,1,13,A01
201800001147,1,33,000,00,2,1,02,A01
201800001147,1,07,000,00,0,5,16,B01
201800001148,1,33,000,03,2,1,17,B01
201800001148,2,07,000,00,2,2,15,A01
201800001149,2,07,000,08,0,8,00,A01
201800001150,2,07,000,00,2,3,15,B01
201800001150,2,33,000,00,2,1,17,A01
201800001151,1,07,000,00,2,3,01,B01
201800001151,2,07,000,00,2,3,01,A01
201800001152,1,07,000,02,0,1,01,A01
201800001153,1,07,000,00,2,7,15,A01
201800001153,2,33,000,00,2,7,01,B01
201800001154,2,07,000,03,2,2,01,B01
201800001154,1,07,000,12,2,5,15,A01
201800001155,1,07,000,00,2,1,01,B01
201800001155,2,07,000,00,2,1,01,A01
201800001156,0,07,000,00,2,1,11,B01