Num_Acc,senc,catv,occutc,obs,obsm,choc,manv,num_veh
201800001156,0,07,000,00,2,1,02,A01
201800001157,1,07,000,06,0,7,01,A01
201800001158,1,07,000,00,1,2,02,A01
201800001159,0,01,000,00,2,1,01,B01
201800001159,0,07,000,00,2,3,15,A01
201800001160,2,07,000,00,2,2,01,A01
201800001160,2,07,000,03,2,6,01,B01
201800001161,1,07,000,00,1,1,01,A01
201800001162,2,07,000,00,2,2,00,A01
201800001162,2,33,000,00,2,8,03,B01
201800001163,1,07,000,13,0,1,01,A01
201800001164,1,07,000,00,2,1,01,B01
201800001164,1,07,000,00,2,3,23,C01
201800001164,1,07,000,00,2,2,15,A01
201800001165,2,07,000,00,2,3,15,B01
201800001165,1,33,000,00,2,1,01,A01
201800001166,1,07,000,00,2,2,01,A01
201800001166,2,33,000,00,2,3,05,B01
201800001167,2,30,000,15,2,2,17,A01
201800001167,2,03,000,00,2,3,15,B01
201800001168,2,07,000,00,1,3,01,A01
201800001169,0,31,000,00,2,0,00,A01
201800001169,0,10,000,00,2,3,21,B01
201800001170,2,07,000,00,2,3,10,A01
201800001170,2,33,000,00,2,1,17,B01
201800001171,2,07,000,02,0,3,01,A01
201800001172,2,33,000,00,2,1,17,A01
201800001172,2,07,000,00,2,8,19,B01
201800001173,0,33,000,00,6,0,01,A01
201800001174,2,07,000,00,0,4,23,A01
201800001174,2,33,000,00,2,1,02,B01
201800001175,1,30,000,00,0,0,01,A01
201800001176,2,10,000,00,2,1,09,A01
201800001176,2,31,000,00,0,7,01,B01
201800001177,1,07,000,00,2,6,14,B01
201800001177,2,07,000,06,2,3,13,A01
201800001178,2,02,000,00,2,1,01,B01
201800001178,2,07,000,00,2,3,09,A01
201800001179,1,07,000,00,2,1,01,C01
201800001179,2,07,000,00,2,3,13,A01
201800001179,2,07,000,00,2,3,01,B01
201800001180,2,10,000,00,2,1,01,B01
201800001180,2,17,000,00,2,0,17,C01
201800001180,1,07,000,00,2,2,13,A01
201800001181,2,07,000,00,2,3,13,A01
201800001181,1,07,000,00,2,1,01,B01
201800001182,1,07,000,00,2,2,17,B01
201800001182,1,01,000,00,2,6,02,A01
201800001183,1,07,000,00,2,1,01,B01
201800001183,2,02,000,00,2,7,19,A01
201800001184,2,07,000,02,0,3,19,A01
201800001185,2,01,000,00,2,8,02,B01
201800001185,2,07,000,00,2,2,02,A01
201800001186,2,07,000,00,2,8,15,A01
201800001186,1,02,000,00,2,1,01,B01
201800001187,1,33,000,06,0,2,01,A01
201800001188,1,07,000,00,2,3,13,A01
201800001188,2,33,000,00,2,1,01,B01
201800001189,2,10,000,08,2,3,13,A01
201800001189,1,07,000,00,2,1,01,B01
201800001190,1,07,000,01,1,1,01,A01
201800001191,1,07,000,00,2,3,13,A01
201800001191,2,07,000,00,2,1,02,C01
201800001191,2,07,000,00,2,2,01,B01
201800001192,1,02,000,00,2,4,01,B01
201800001192,1,07,000,00,9,2,00,A01
201800001193,2,07,000,01,0,1,02,B01
201800001193,2,10,000,00,0,4,24,A01
201800001194,1,33,000,00,2,1,01,A01
201800001194,1,07,000,00,2,3,09,B01
201800001195,2,07,000,00,2,3,01,B01
201800001195,1,07,000,00,2,3,13,A01
201800001196,2,07,000,00,2,6,10,A01
201800001196,2,33,000,00,2,1,17,B01
201800001197,1,33,000,00,2,1,01,B02
201800001197,1,07,000,00,2,6,19,A01
201800001198,1,07,000,00,2,2,15,A01
201800001198,2,33,000,00,2,3,01,B01
201800001199,2,02,000,13,0,0,01,A01
201800001200,1,02,000,06,0,7,00,A01
201800001201,1,02,000,00,2,1,17,A01
201800001201,0,07,000,00,2,8,15,B01
201800001202,1,14,000,00,2,1,01,B01
201800001202,1,07,000,00,0,3,15,A01
201800001203,2,07,000,00,2,2,01,B01
201800001203,1,07,000,00,2,3,13,A01
201800001204,2,07,000,00,2,1,01,A01
201800001204,2,07,000,00,2,1,15,B01
201800001205,0,07,000,00,1,1,16,A01
201800001206,1,15,000,00,0,4,02,B01
201800001206,1,07,000,00,2,1,02,A01
201800001207,2,02,000,00,0,0,21,A01
201800001208,0,07,000,02,0,7,14,A01
201800001209,2,07,000,00,1,1,01,A01
201800001210,1,02,000,13,0,8,01,A01
201800001210,1,15,000,00,2,5,17,B01
201800001211,1,07,000,00,2,1,01,B01
201800001211,2,07,000,00,2,1,13,A01
201800001212,2,07,000,00,1,1,02,A01
201800001213,1,33,000,00,2,1,17,A01
201800001213,1,07,000,00,2,6,15,B01
201800001214,0,07,000,13,0,2,01,A01
201800001215,1,07,000,00,1,1,01,A01
201800001216,1,07,000,00,4,2,01,A01
201800001216,2,39,021,00,2,1,01,B01
201800001217,1,07,000,06,0,0,00,A01
201800001218,2,02,000,14,2,1,01,B01
201800001218,1,07,000,00,2,1,15,A01
201800001219,1,07,000,00,2,2,01,A01
201800001219,1,30,000,00,2,0,01,B01
201800001220,1,33,000,00,2,1,01,B01
201800001220,2,99,000,00,2,3,01,A01
201800001221,1,33,000,13,0,1,02,A01
201800001222,2,07,000,00,2,1,01,B01
201800001222,1,07,000,00,2,1,13,A01
201800001223,2,07,000,00,1,1,15,A01
201800001224,2,10,000,00,2,3,01,B01
201800001224,1,07,000,00,2,3,13,A01
201800001225,1,07,000,02,0,0,01,A01
201800001226,2,01,000,00,2,1,01,A01
201800001226,2,07,000,00,2,3,01,B01
201800001227,2,07,000,00,2,6,23,A01
201800001227,2,33,000,00,2,5,17,C01
201800001227,2,07,000,00,2,2,02,B01
201800001228,1,07,000,00,0,1,01,B01
201800001228,2,07,000,00,2,3,13,A01
201800001229,2,07,000,00,2,8,17,A01
201800001229,1,31,000,00,2,8,01,B01
201800001230,2,07,000,02,0,1,01,A01
201800001231,2,07,000,00,2,1,01,B01
201800001231,1,07,000,15,2,8,19,A01
201800001232,0,07,000,02,0,3,01,A01
201800001233,2,10,000,02,0,3,01,A01
201800001234,1,33,000,13,0,0,00,A01
201800001235,1,07,000,00,2,3,13,A01
201800001235,2,07,000,00,2,3,01,B01
201800001236,0,33,000,00,0,1,01,A01
201800001237,1,31,000,00,2,3,13,A01
201800001237,1,07,000,00,2,5,17,B01
201800001238,2,07,000,00,2,4,00,B01
201800001238,1,33,000,13,2,8,01,D01
201800001238,1,33,000,13,2,8,01,E01
201800001238,2,07,000,00,2,5,02,C01
201800001238,2,10,000,00,2,1,01,A01
201800001239,2,07,000,00,2,3,17,A01
201800001239,2,10,000,00,2,8,01,C01
201800001239,1,07,000,00,2,3,09,B01
201800001240,2,07,000,00,2,1,01,B01
201800001240,2,31,000,06,2,8,19,A01
201800001241,2,33,000,00,2,1,01,B01
201800001241,0,21,000,00,0,8,10,A01
201800001242,1,33,000,00,0,4,01,B01
201800001242,1,33,000,00,0,4,12,A01
201800001243,1,07,000,00,2,2,00,A01
201800001243,1,34,000,00,2,1,15,B01
201800001244,2,33,000,15,0,1,17,B01
201800001244,2,07,000,00,2,3,11,A01
201800001245,1,07,000,02,0,1,01,A01
201800001246,2,02,000,00,0,0,01,A01
201800001247,1,01,000,00,0,0,02,B01
201800001247,1,01,000,00,0,1,01,A01
201800001248,2,07,000,14,4,3,01,A01
201800001248,2,39,010,00,2,1,01,B01
201800001249,1,07,000,00,2,1,01,A01
201800001249,1,07,000,00,0,4,02,B01
201800001250,1,07,000,00,0,5,01,B01
201800001250,1,07,000,00,2,1,09,A01
201800001251,1,07,000,00,2,3,01,B01
201800001251,2,07,000,00,2,2,13,A01
201800001252,1,10,000,02,0,1,14,A01
201800001253,1,07,000,00,2,3,13,A01
201800001253,2,07,000,03,2,3,01,B01
201800001254,2,33,000,00,1,1,01,A01
201800001254,2,07,000,00,2,5,01,B01
201800001255,2,07,000,00,2,1,01,A01
201800001255,1,07,000,06,2,6,16,B01
201800001256,1,07,000,13,0,1,14,A01
201800001257,1,34,000,00,2,1,01,C01
201800001257,2,07,000,00,2,3,13,A01
201800001257,1,07,000,00,2,3,01,B01
201800001258,2,07,000,00,2,1,01,C01
201800001258,2,07,000,00,2,3,15,B01
201800001258,2,33,000,00,2,1,17,A01
201800001259,2,07,000,00,2,3,00,B01
201800001259,1,07,000,00,2,8,01,C01
201800001259,2,07,000,08,2,2,09,A01
201800001260,2,07,000,13,0,0,01,A01
201800001261,2,07,000,14,0,1,01,A01
201800001262,1,07,000,14,0,1,01,A01
201800001263,2,07,000,06,0,1,00,A01
201800001264,2,01,000,00,2,7,15,B01
201800001264,1,07,000,00,9,1,09,A01
201800001265,2,07,000,00,2,1,02,A01
201800001265,2,01,000,00,2,4,02,B01
201800001266,2,07,000,00,2,3,23,C01
201800001266,1,07,000,00,2,7,19,B01
201800001266,2,10,000,00,2,1,01,A01
201800001267,2,07,000,15,9,3,01,A01
201800001268,2,07,000,01,0,1,14,A01
201800001268,2,21,000,00,2,8,23,B01
201800001269,1,10,000,00,2,3,01,B01
201800001269,2,10,000,00,2,3,13,A01
201800001270,1,07,000,02,0,7,01,A01
201800001271,0,07,000,02,0,8,01,A01
201800001272,1,07,000,00,2,1,01,A01
201800001272,1,07,000,00,2,8,16,B01
201800001273,1,30,000,00,2,1,01,A01
201800001273,1,07,000,00,2,3,01,B01
201800001274,1,07,000,08,0,1,13,A01
201800001275,2,13,000,02,0,6,01,A01
201800001276,1,10,000,00,2,1,01,B01
201800001276,1,31,000,00,2,4,01,A01
201800001277,2,07,000,06,0,2,01,A01
201800001278,2,07,000,00,2,2,01,B01
201800001278,2,07,000,00,2,7,19,A01
201800001279,2,07,000,00,2,7,15,A01
201800001279,1,33,000,00,2,1,01,B01
201800001280,1,07,000,00,1,3,01,A01
201800001281,1,07,000,00,2,3,00,D01
201800001281,2,07,000,00,2,1,05,A01
201800001281,1,07,000,00,2,3,00,C01
201800001281,1,07,000,00,2,1,01,B01
201800001282,1,07,000,00,1,2,01,A01
201800001283,0,36,000,13,0,2,18,A01
201800001284,1,33,000,13,0,1,01,A01
201800001285,1,07,000,08,0,3,01,A01
201800001286,2,14,000,00,2,2,01,B01
201800001286,0,07,000,00,0,8,19,A01
201800001287,2,02,000,00,2,1,13,A01
201800001287,1,07,000,00,2,1,01,B01
201800001288,1,02,000,00,2,3,05,A01
201800001288,2,07,000,00,2,3,23,B01
201800001289,1,07,000,00,0,1,01,A01
201800001290,2,01,000,02,0,1,13,A01
201800001291,1,07,000,00,2,8,19,A01
201800001291,2,07,000,00,2,3,01,B01
201800001292,1,07,000,06,0,2,01,A01
201800001293,2,07,000,02,0,3,13,A01
201800001294,2,07,000,00,2,3,21,B01
201800001294,1,02,000,00,2,1,13,A01
201800001295,1,33,000,02,0,1,01,A01
201800001296,2,07,000,00,2,1,05,A01
201800001296,1,10,000,00,2,1,17,B01
201800001297,1,07,000,00,1,2,01,A01
201800001298,0,07,000,00,1,1,15,A01
201800001299,1,07,000,01,0,1,16,A01
201800001300,1,07,000,02,0,3,13,A01
201800001301,1,01,000,00,1,1,14,A01
201800001302,1,07,000,00,2,2,01,A01
201800001302,1,01,000,00,2,6,01,B01
201800001303,0,01,000,00,2,8,15,A01
201800001303,0,07,000,00,2,3,01,B01
201800001304,1,07,000,00,2,3,15,A01
201800001304,2,02,000,00,2,1,01,B01
201800001305,2,01,000,00,2,1,15,B01
201800001305,1,07,000,00,2,2,17,A01
201800001306,2,33,000,00,2,8,01,B01
201800001306,2,07,000,00,2,6,15,A01
201800001307,0,33,000,00,2,7,14,B01
201800001307,0,32,000,00,2,1,02,A01
201800001308,0,07,000,00,2,2,19,A01
201800001308,0,07,000,00,2,8,01,B01
201800001309,1,07,000,00,0,4,09,A01
201800001309,1,07,000,00,2,3,01,B01
201800001310,1,07,000,08,2,9,01,A01
201800001310,2,07,000,08,2,1,01,C01
201800001310,1,07,000,00,2,1,01,B01
201800001311,1,07,000,00,2,1,13,A01
201800001311,2,07,000,00,2,1,01,B01
201800001312,2,07,000,00,2,1,02,A01
201800001312,2,07,000,00,0,4,02,B01
201800001313,1,07,000,06,0,1,01,A01
201800001314,2,31,000,03,0,1,01,A01
201800001315,2,33,000,03,0,8,01,A01
201800001316,1,01,000,00,1,1,13,A01
201800001317,1,07,000,00,2,3,01,A01
201800001317,2,07,000,00,2,3,01,B01
201800001318,2,33,000,00,2,1,01,A01
201800001318,1,07,000,00,2,1,01,B01
201800001319,1,02,000,00,2,1,02,A01
201800001319,1,07,000,00,0,4,02,B01
201800001320,2,02,000,00,2,1,01,B01
201800001320,2,07,000,00,2,3,01,A01
201800001321,2,02,000,00,2,3,13,A01
201800001321,1,07,000,00,2,3,01,B01
201800001322,1,07,000,00,1,3,16,A01
201800001323,2,07,000,00,1,5,16,A01
201800001324,2,07,000,01,1,2,01,B01
201800001325,0,38,001,00,1,2,01,A01
201800001326,1,10,000,00,2,2,09,A01
201800001326,0,10,000,00,2,3,02,B01
201800001327,2,07,000,00,2,2,01,A01
201800001327,2,07,000,06,0,4,16,B01
201800001328,2,01,000,00,2,8,02,B01
201800001328,2,10,000,00,9,5,02,A01
201800001329,1,33,000,00,0,1,01,A01
201800001330,0,02,000,00,2,3,00,B01
201800001330,0,21,000,00,2,3,00,A01
201800001331,2,33,000,00,2,3,13,A01
201800001331,1,15,000,00,2,7,01,B01
201800001332,0,07,000,01,0,1,13,A01
201800001333,1,07,000,00,1,3,09,A01
201800001334,0,07,000,00,1,2,01,A01
201800001335,2,01,000,00,2,4,18,A01
201800001335,2,15,000,00,2,5,02,B01
201800001336,1,07,000,00,2,1,01,B01
201800001336,2,07,000,08,2,1,13,A01
201800001337,0,02,000,00,0,4,23,B01
201800001337,0,21,000,00,2,1,01,A01
201800001338,1,07,000,00,1,3,00,A01
201800001339,2,07,000,03,2,3,01,C01
201800001339,2,07,000,00,2,8,01,D01
201800001339,1,07,000,00,2,1,13,A01
201800001339,2,07,000,00,2,1,01,B01
201800001340,2,33,000,00,0,9,01,A01
201800001341,1,07,000,00,0,7,13,B01
201800001341,0,07,000,00,2,8,19,A01
201800001342,2,07,000,00,1,1,01,A01
201800001343,2,07,000,00,2,1,01,B01
201800001343,2,07,000,00,0,0,05,D01
201800001343,2,07,000,00,2,1,11,A01
201800001343,0,07,000,00,0,6,23,C01
201800001344,0,07,000,00,1,2,01,A01
201800001345,1,07,000,00,2,1,01,A01
201800001345,0,07,000,00,2,8,16,B01
201800001346,1,07,000,00,2,3,12,A01
201800001346,1,01,000,00,2,4,01,B01
201800001347,1,02,000,00,2,8,01,B01
201800001347,1,07,000,00,2,7,17,A01
201800001348,2,07,000,00,2,3,01,B01
201800001348,1,07,000,00,2,1,19,A01
201800001349,1,33,000,00,2,2,02,A01
201800001349,1,07,000,00,2,6,15,B01
201800001350,1,36,000,07,0,1,01,A01
201800001351,1,07,000,02,0,4,01,A01
201800001352,0,07,000,00,2,7,01,B01
201800001352,0,02,000,00,2,1,01,A01
201800001353,2,33,000,00,2,1,17,A01
201800001353,1,07,000,00,2,3,01,B01
201800001354,2,07,000,07,0,9,01,A01
201800001355,0,33,000,00,0,0,15,A01
201800001356,1,07,000,02,0,1,00,A01
201800001357,0,36,000,00,0,9,16,A01
201800001358,2,21,000,00,2,3,01,B01
201800001358,1,07,000,00,2,3,00,A01
201800001359,1,07,000,09,0,3,00,A01
201800001360,1,07,000,00,1,4,04,A01
201800001361,1,07,000,00,2,1,13,A01
201800001361,2,07,000,00,2,1,01,B01
201800001362,1,07,000,16,0,2,01,A01
201800001363,1,07,000,00,2,1,01,A01
201800001363,1,01,000,00,2,4,01,B01
201800001364,1,07,000,00,2,4,01,A01
201800001364,1,07,000,00,2,1,01,B01
201800001364,1,33,000,00,2,1,01,C01
201800001365,2,15,000,00,2,8,02,C01
201800001365,2,07,000,00,2,8,02,D01
201800001365,2,07,000,00,2,3,02,F01
201800001365,2,07,000,00,2,3,02,A01
201800001365,2,07,000,00,2,2,02,B01
201800001365,2,15,000,00,2,2,02,E01
201800001366,1,07,000,00,2,2,15,A01
201800001366,2,33,000,00,2,1,01,B01
201800001367,1,30,000,00,0,7,01,A01
201800001368,1,02,000,00,2,1,09,A01
201800001368,2,07,000,00,2,1,09,B01
201800001369,2,33,000,16,0,1,15,A01
201800001370,1,02,000,12,0,7,21,A01
201800001371,1,33,000,16,0,0,01,A01
201800001372,2,07,000,06,0,1,16,A01
201800001373,2,07,000,06,0,2,15,A01
201800001374,2,33,000,00,2,9,02,A01
201800001374,2,10,000,00,0,4,15,B01
201800001375,1,07,000,00,2,2,17,A01
201800001375,1,01,000,00,2,8,15,B01
201800001376,2,14,000,00,2,3,01,B01
201800001376,1,07,000,00,2,8,15,A01
201800001377,2,07,000,02,0,3,01,A01
201800001378,2,07,000,00,2,3,13,A01
201800001378,1,10,000,00,2,3,21,B01
201800001379,1,07,000,00,2,2,01,A01
201800001379,1,02,000,00,2,4,01,B01
201800001380,1,07,000,00,1,3,01,A01
201800001381,2,33,000,00,2,1,02,A01
201800001381,1,07,000,00,2,8,15,B01
201800001382,0,31,000,02,0,1,01,A01
201800001383,2,02,000,14,2,1,00,A01
201800001383,2,02,000,00,2,4,00,B01
201800001384,1,07,000,00,2,3,01,A01
201800001384,1,01,000,00,2,4,00,B01
201800001385,1,07,000,06,2,4,10,A01
201800001385,1,33,000,00,2,1,02,B01
201800001386,2,34,000,02,0,7,00,A01
201800001387,2,07,000,00,2,2,02,A01
201800001387,2,02,000,00,0,4,02,B01
201800001388,2,07,000,00,2,3,13,A01
201800001388,1,07,000,00,2,3,01,B01
201800001388,1,07,000,00,2,6,01,C01
201800001389,2,07,000,00,9,3,01,A01
201800001389,0,21,000,00,2,1,01,B01
201800001390,2,01,000,00,0,0,02,A01
201800001391,1,33,000,00,2,1,01,B01
201800001391,1,07,000,00,2,7,19,A01
201800001392,2,07,000,00,2,1,02,A01
201800001392,2,01,000,00,2,3,00,B01
201800001393,1,07,000,00,2,3,01,A01
201800001393,2,07,000,00,9,8,23,B01
201800001393,2,01,000,00,2,2,19,C01
201800001394,2,07,000,01,1,3,13,A01
201800001395,1,07,000,00,2,2,01,A01
201800001395,1,01,000,00,2,4,01,B01
201800001396,1,01,000,00,2,7,01,A01
201800001396,1,01,000,00,2,8,01,B01
201800001397,2,07,000,00,2,1,01,A01
201800001397,1,07,000,00,2,1,01,B01
201800001397,2,99,000,00,2,0,00,C01
201800001398,1,07,000,06,0,2,00,A01
201800001399,2,31,000,00,2,1,01,B01
201800001399,1,07,000,00,2,3,19,A01
201800001400,2,07,000,00,2,2,13,A01
201800001400,1,07,000,00,2,2,01,B01
201800001401,1,07,000,13,0,1,01,A01
201800001402,2,10,000,00,2,2,01,B01
201800001402,0,02,000,00,2,4,01,A01
201800001403,1,10,000,00,2,1,13,A01
201800001403,2,07,000,00,2,1,01,B01
201800001404,2,07,000,08,0,3,01,A01
201800001405,2,02,000,00,2,1,01,A01
201800001405,2,17,000,00,2,2,23,B01
201800001406,2,07,000,02,0,8,13,A01
201800001407,2,07,000,00,0,9,01,A01
201800001408,1,07,000,11,1,1,01,A01
201800001408,2,07,000,01,2,1,01,B01
201800001409,2,07,000,00,2,4,02,B01
201800001409,2,33,000,00,2,1,02,A01
201800001410,1,31,000,00,2,1,17,A01
201800001410,2,07,000,00,0,8,19,B01
201800001411,1,07,000,02,0,3,01,A01
201800001412,1,02,000,00,2,1,02,A01
201800001412,1,07,000,00,2,4,02,B01
201800001413,2,07,000,00,2,8,15,A01
201800001413,1,07,000,00,2,1,01,B01
201800001414,2,07,000,00,2,1,13,A01
201800001414,1,10,000,00,2,1,01,B01
201800001415,1,07,000,00,2,3,01,A01
201800001415,1,07,000,00,2,2,01,B01
201800001416,1,07,000,00,2,3,13,A01
201800001416,2,07,000,00,2,3,01,B01
201800001417,1,07,000,00,2,1,01,B01
201800001417,2,07,000,00,2,3,00,A01
201800001418,2,07,000,00,1,1,16,A01
201800001419,1,07,000,00,2,8,13,A01
201800001419,2,07,000,03,2,3,01,B01
201800001419,2,07,000,03,2,8,01,C01
201800001420,1,02,000,00,2,1,01,A01
201800001420,1,07,000,00,2,4,15,B01
201800001421,1,07,000,13,0,1,13,A01
201800001422,1,07,000,13,0,1,12,A01
201800001423,0,01,000,00,0,8,01,A01
201800001424,2,07,000,00,2,1,01,A01
201800001424,0,10,000,00,2,8,19,B01
201800001425,1,07,000,00,2,2,15,A01
201800001425,2,07,000,00,2,1,01,B01
201800001426,1,07,000,13,0,9,01,A01
201800001427,1,07,000,13,0,2,01,A01
201800001428,1,07,000,06,0,3,01,A01
201800001428,2,07,000,00,2,2,19,B01
201800001429,2,33,000,00,2,1,01,A01
201800001429,1,07,000,00,2,2,01,B01
201800001430,2,07,000,00,2,2,17,A01
201800001430,2,02,000,00,2,8,15,B01
201800001431,1,07,000,00,2,1,19,A01
201800001431,1,07,000,00,2,8,01,B01
201800001432,2,33,000,00,2,1,01,A01
201800001432,2,07,000,00,2,4,15,B01
201800001433,0,03,000,13,0,2,01,A01
201800001434,1,07,000,00,2,3,13,A01
201800001434,2,07,000,00,2,3,01,B01
201800001435,2,07,000,00,2,8,01,A01
201800001435,1,07,000,00,2,3,01,B01
201800001436,1,02,000,13,0,1,15,A01
201800001437,1,07,000,00,2,2,02,A01
201800001437,1,01,000,00,2,4,02,B01
201800001438,1,07,000,00,0,8,15,A01
201800001438,1,10,000,00,0,1,17,B01
201800001439,1,07,000,08,0,2,21,A01
201800001440,2,33,000,00,2,1,00,B01
201800001440,1,07,000,00,2,6,15,A01
201800001441,1,07,000,00,2,3,13,A01
201800001441,2,07,000,00,2,3,01,B01
201800001442,1,07,000,00,2,3,17,A01
201800001442,2,07,000,00,2,3,01,B01
201800001443,1,07,000,00,2,3,01,B01
201800001443,2,07,000,00,2,6,19,C01
201800001444,1,07,000,00,2,3,13,A01
201800001444,2,07,000,00,2,3,01,B01
201800001445,2,33,000,00,2,1,01,B01
201800001445,2,07,000,00,2,7,19,A01
201800001446,2,07,000,08,0,3,01,A01
201800001447,2,07,000,00,0,8,10,A01
201800001447,2,07,000,00,2,3,01,B01
201800001448,2,10,000,02,0,3,01,A01
201800001449,1,07,000,00,2,1,01,B01
201800001449,2,07,000,00,2,8,00,A01
201800001450,1,07,000,00,2,1,01,A01
201800001450,1,07,000,00,2,7,01,B01
201800001451,2,07,000,00,2,7,10,A01
201800001451,1,33,000,00,2,1,01,B01
201800001452,1,31,000,15,0,1,01,A01
201800001453,1,07,000,13,0,1,17,A01
201800001454,1,07,000,00,2,7,01,A01
201800001454,1,07,000,00,2,1,01,B01
201800001455,1,07,000,00,2,8,16,A01
201800001455,2,07,000,00,2,1,01,B01
201800001456,2,07,000,00,2,8,00,A01
201800001456,1,07,000,00,2,3,01,B01
201800001457,1,07,000,00,0,7,01,A01
201800001457,2,07,000,00,2,1,01,B01
201800001458,2,07,000,00,2,3,13,A01
201800001458,1,07,000,00,2,3,01,B01
201800001459,1,07,000,00,1,3,01,A01
201800001460,2,15,000,00,1,3,01,A01
201800001461,1,01,000,00,2,8,01,B01
201800001461,0,07,000,00,9,1,09,A01
201800001462,2,07,000,00,2,1,01,B01
201800001462,0,02,000,00,2,2,19,A01
201800001463,1,02,000,08,0,1,00,A01
201800001464,1,07,000,09,9,9,00,A01
201800001465,1,07,000,02,0,2,01,A01
201800001466,2,07,000,13,0,3,13,A01
201800001467,0,07,000,00,2,2,01,A01
201800001467,0,07,000,13,0,5,01,D01
201800001467,0,07,000,00,2,2,01,C01
201800001467,0,07,000,00,2,7,01,F01
201800001467,0,07,000,00,2,1,01,E01
201800001467,0,07,000,13,2,8,01,B01
201800001468,2,07,000,00,2,6,15,A01
201800001468,2,07,000,00,2,2,17,B01
201800001469,0,07,000,00,0,3,23,C01
201800001469,0,02,000,01,2,8,21,B01
201800001469,0,07,000,00,2,3,23,A01
201800001470,0,02,000,00,2,1,01,A01
201800001470,0,07,000,00,2,3,01,B01
201800001471,2,07,000,00,2,2,10,C01
201800001471,1,33,000,00,2,3,01,A01
201800001471,1,33,000,00,2,3,01,B01
201800001472,2,33,000,00,2,1,02,B01
201800001472,2,07,000,00,0,4,16,A01
201800001473,2,33,000,00,0,7,01,A01
201800001474,1,10,000,00,2,1,01,B01
201800001474,2,07,000,00,2,1,13,A01
201800001475,1,07,000,13,0,1,02,A01
201800001476,0,07,000,00,1,2,01,A01
201800001477,2,07,000,00,2,2,15,A01
201800001477,1,02,000,00,2,1,01,B01
201800001478,2,07,000,00,2,3,13,A01
201800001478,1,15,000,00,2,3,01,B01
201800001479,0,07,000,00,2,3,13,A01
201800001479,0,30,000,00,2,8,21,B01
201800001480,2,07,000,00,2,1,02,A01
201800001480,2,07,000,00,0,5,23,B01
201800001481,1,15,000,00,2,1,01,B01
201800001481,2,07,000,00,2,1,13,A01
201800001482,1,07,000,00,1,2,15,A01
201800001483,1,07,000,00,2,3,09,A01
201800001483,2,33,000,00,2,1,01,B01
201800001484,0,07,000,00,1,2,01,A01
201800001485,0,07,000,00,2,1,01,B01
201800001485,0,07,000,00,2,5,01,A01
201800001486,1,07,000,00,2,7,13,A01
201800001486,2,07,000,00,2,1,01,B01
201800001487,0,07,000,00,2,2,06,A01
201800001487,0,07,000,00,2,1,01,B01
201800001488,1,33,000,15,9,1,00,A01
201800001489,1,07,000,00,1,1,01,A01
201800001490,0,33,000,00,2,1,17,B01
201800001490,0,07,000,00,0,6,23,A01
201800001491,2,07,000,00,2,2,21,A01
201800001491,2,10,000,00,0,6,00,B01
201800001492,2,02,000,00,2,8,16,A01
201800001492,1,07,000,00,2,1,01,B01
201800001493,2,07,000,00,2,3,13,A01
201800001493,1,33,000,00,2,1,01,B01
201800001494,2,33,000,14,0,1,09,A01
201800001495,1,07,000,00,2,2,15,A01
201800001495,1,31,000,00,2,1,21,B01
201800001496,2,07,000,00,9,6,13,B01
201800001496,2,33,000,13,2,7,17,A01
201800001497,2,07,000,03,0,1,00,A01
201800001498,1,07,000,13,0,4,15,B01
201800001498,2,07,000,00,2,1,02,A01
201800001498,1,07,000,13,2,1,01,C01
201800001499,1,07,000,00,2,1,01,B01
201800001499,2,07,000,00,2,1,13,A01
201800001500,2,07,000,04,2,9,02,B01
201800001500,2,07,000,00,2,1,02,C01
201800001500,2,07,000,00,2,4,02,A01
201800001501,0,07,000,00,9,4,00,C01
201800001501,0,31,000,04,2,0,01,A01
201800001501,0,07,000,00,0,0,11,B01
201800001502,1,07,000,00,1,1,01,A01
201800001503,0,33,000,00,2,1,21,B01
201800001503,0,10,000,00,2,3,23,A01
201800001504,2,07,000,00,2,3,15,A01
201800001504,1,02,000,07,2,1,01,B01
201800001505,1,07,000,14,0,2,21,A01
201800001506,0,07,000,00,1,3,01,A01
201800001507,2,33,000,00,2,1,01,A01
201800001507,2,07,000,00,2,5,15,B01
201800001508,0,32,000,00,2,7,17,B01
201800001508,0,07,000,00,2,3,15,A01
201800001509,0,07,000,00,2,1,01,A01
201800001509,0,30,000,00,2,8,09,B01
201800001510,0,31,000,00,0,0,01,A01
201800001511,0,02,000,00,2,1,01,A01
201800001511,0,07,000,00,2,2,15,B01
201800001512,0,07,000,00,2,2,15,A01
201800001512,0,33,000,00,2,8,01,B01
201800001513,0,07,000,00,1,3,15,A01
201800001514,0,02,000,00,2,1,01,A01
201800001514,0,14,000,00,0,4,15,B01
201800001515,0,07,000,00,1,1,01,A01
201800001516,0,33,000,00,2,1,01,A01
201800001516,0,07,000,00,2,3,15,B01
201800001517,1,07,000,00,0,0,01,A01
201800001517,1,30,000,00,0,0,00,B01
201800001518,1,10,000,06,0,2,01,A01
201800001519,0,07,000,00,2,3,01,B01
201800001519,0,07,000,00,2,3,01,A01
201800001520,2,07,000,00,2,3,09,A01
201800001520,1,01,000,00,2,1,15,B01
201800001521,0,07,000,00,2,3,01,A01
201800001521,0,07,000,00,2,3,09,B01
201800001522,1,33,000,00,2,1,17,A01