Num_Acc,senc,catv,occutc,obs,obsm,choc,manv,num_veh
201800002661,1,10,000,13,2,5,19,B01
201800002661,2,07,000,00,2,1,01,A01
201800002662,1,07,000,00,2,1,00,A01
201800002662,2,07,000,00,2,1,00,B01
201800002663,1,10,000,00,2,6,01,A01
201800002663,2,10,000,00,2,3,01,B01
201800002664,1,07,000,00,1,0,00,A01
201800002665,2,07,000,00,2,7,17,A01
201800002665,2,07,000,00,2,8,01,B01
201800002666,1,07,000,00,2,1,01,A01
201800002666,2,07,000,00,2,1,01,B01
201800002667,2,07,000,05,0,1,01,A01
201800002668,2,33,000,00,0,2,01,A01
201800002669,2,33,000,13,0,7,01,A01
201800002670,0,33,000,00,0,0,01,A01
201800002671,2,02,000,12,0,0,00,A01
201800002672,2,01,000,00,0,0,00,A01
201800002673,0,36,000,00,2,3,01,A01
201800002673,0,07,000,00,2,3,01,B01
201800002674,2,07,000,13,0,1,01,A01
201800002675,2,07,000,00,1,2,01,A01
201800002676,2,02,000,00,0,7,01,A01
201800002677,1,07,000,15,9,9,01,A01
201800002678,2,07,000,00,0,3,01,A01
201800002679,1,07,000,02,0,1,01,A01
201800002680,1,01,000,00,0,0,01,B01
201800002680,2,07,000,00,0,0,15,A01
201800002681,0,02,000,12,0,7,01,A01
201800002682,2,10,000,08,2,3,00,B01
201800002682,1,07,000,00,2,1,09,A01
201800002683,1,33,000,00,2,1,01,B01
201800002683,2,07,000,00,0,3,19,A01
201800002684,1,07,000,08,0,5,13,B01
201800002684,0,07,000,00,0,0,19,A01
201800002685,2,07,000,00,2,2,17,A01
201800002685,1,17,000,00,2,2,01,B01
201800002686,2,07,000,07,0,1,01,A01
201800002687,1,07,000,00,2,1,13,A01
201800002687,2,07,000,00,2,1,01,B01
201800002688,1,07,000,00,1,2,15,A01
201800002689,2,07,000,00,2,1,15,B01
201800002689,1,07,000,00,2,2,01,A01
201800002690,2,07,000,00,1,2,01,A01
201800002691,1,07,000,08,0,2,14,A01
201800002692,0,02,000,00,1,2,01,A01
201800002693,2,31,000,00,2,1,01,B01
201800002693,1,07,000,00,2,7,15,A01
201800002694,1,07,000,00,1,3,01,A01
201800002695,2,34,000,11,2,1,17,A01
201800002695,2,07,000,00,2,6,01,B01
201800002696,2,07,000,00,1,3,01,A01
201800002697,1,07,000,08,0,1,01,A01
201800002698,2,07,000,09,2,8,01,A01
201800002698,2,07,000,00,2,1,01,B01
201800002699,2,02,000,01,2,1,02,A01
201800002699,2,07,000,00,2,5,15,B01
201800002700,2,07,000,00,2,1,09,A01
201800002700,1,02,000,00,2,7,00,B01
201800002701,1,02,000,00,2,1,13,A01
201800002701,2,07,000,00,2,1,01,B01
201800002702,0,07,000,00,1,2,16,A01
201800002703,1,33,000,07,0,1,01,A01
201800002704,1,07,000,01,0,1,02,A01
201800002705,2,07,000,00,2,8,19,A01
201800002705,1,33,000,00,2,6,01,B01
201800002706,1,07,000,00,1,1,15,A01
201800002707,1,07,000,00,1,1,01,A01
201800002708,2,30,000,00,2,8,00,A01
201800002708,2,07,000,00,2,2,01,B01
201800002709,0,07,000,00,1,2,01,A01
201800002710,0,07,000,00,1,0,20,A01
201800002711,2,17,000,00,,3,13,A01
201800002712,1,02,000,00,2,3,01,A01
201800002712,1,07,000,00,2,7,01,B01
201800002713,2,07,000,00,2,1,15,A01
201800002713,1,07,000,00,2,1,01,B01
201800002714,0,07,000,00,2,3,01,A01
201800002714,0,30,000,00,2,1,01,B01
201800002715,1,32,000,00,2,1,01,A01
201800002715,2,07,000,00,2,3,15,B01
201800002716,1,07,000,00,1,3,00,A01
201800002717,1,07,000,00,1,3,00,A01
201800002718,2,07,000,00,2,1,01,A01
201800002718,1,07,000,00,2,1,01,B01
201800002719,2,07,000,00,2,3,13,A01
201800002719,1,13,000,00,2,8,01,B01
201800002720,1,07,000,00,2,3,13,A01
201800002720,2,07,000,00,2,3,01,B01
201800002720,1,07,000,00,2,1,01,C01
201800002721,1,07,000,05,9,1,13,A01
201800002722,2,07,000,00,2,1,15,A01
201800002722,1,30,000,00,2,1,01,B01
201800002723,0,07,000,00,2,1,05,A01
201800002723,0,07,000,00,2,1,01,B01
201800002724,2,07,000,00,2,2,01,A01
201800002724,2,07,000,15,0,4,16,B01
201800002725,1,07,000,00,2,1,01,A01
201800002725,2,07,000,00,2,1,01,B01
201800002726,0,10,000,00,1,4,04,A01
201800002727,0,07,000,00,1,2,19,A01
201800002728,2,01,000,00,2,1,01,B01
201800002728,1,10,000,00,2,5,15,A01
201800002729,1,01,000,01,0,2,02,A01
201800002729,1,07,000,00,2,3,23,B01
201800002730,1,31,000,00,0,4,01,A01
201800002730,1,07,000,00,2,1,01,B01
201800002731,1,07,000,03,2,1,00,A01
201800002731,2,07,000,03,2,3,01,B01
201800002731,2,07,000,00,9,1,01,C01
201800002732,1,07,000,00,2,3,09,A01
201800002732,2,31,000,00,2,8,01,B01
201800002733,0,07,000,00,1,4,04,A01
201800002734,1,07,000,00,2,1,02,A01
201800002734,1,07,000,00,0,4,01,B01
201800002735,1,07,000,00,2,1,01,A01
201800002735,2,07,000,00,2,1,01,B01
201800002736,1,02,000,00,2,1,05,A01
201800002736,0,07,000,00,0,7,15,B01
201800002737,0,01,000,00,2,3,13,A01
201800002737,0,07,000,00,2,3,01,B01
201800002737,0,01,000,00,2,1,01,C01
201800002738,0,02,000,00,2,1,01,A01
201800002738,0,07,000,00,2,8,09,B01
201800002739,1,07,000,00,2,3,10,A01
201800002739,1,33,000,00,2,1,01,B01
201800002740,0,14,000,00,0,7,15,A01
201800002741,2,07,000,01,0,3,01,A01
201800002742,0,07,000,00,2,3,09,A01
201800002742,0,02,000,00,2,1,01,B01
201800002743,0,32,000,00,2,1,13,A01
201800002743,0,07,000,00,2,3,01,B01
201800002744,1,31,000,00,2,1,05,A01
201800002744,1,07,000,00,2,2,20,B01
201800002745,1,33,000,00,0,0,00,A01
201800002746,0,07,000,00,1,1,01,A01
201800002747,1,14,000,00,2,6,01,C01
201800002747,2,07,000,04,2,8,01,B01
201800002747,2,07,000,04,2,1,13,A01
201800002748,1,07,000,00,2,4,01,A01
201800002748,1,07,000,00,2,1,01,B01
201800002748,2,07,000,00,2,3,01,C01
201800002749,0,01,000,00,2,1,19,A01
201800002749,1,07,000,00,2,3,01,B01
201800002750,1,07,000,00,2,2,15,A01
201800002750,2,02,000,00,2,1,01,B01
201800002751,1,07,000,02,0,2,14,A01
201800002752,2,07,000,00,2,1,01,B01
201800002752,1,07,000,00,2,1,05,A01
201800002753,2,21,000,00,2,4,02,B01
201800002753,2,07,000,00,2,1,02,A01
201800002754,0,02,000,05,0,2,00,A01
201800002755,1,07,000,00,2,5,01,B01
201800002755,1,07,000,00,2,1,00,A01
201800002756,1,21,000,00,0,4,02,A01
201800002756,1,07,000,00,2,1,02,B01
201800002757,1,33,000,00,2,1,02,A01
201800002757,1,07,000,00,2,6,01,B01
201800002758,0,07,000,09,2,4,15,B01
201800002758,0,07,000,00,2,1,02,A01
201800002759,1,07,000,00,2,1,00,A01
201800002759,2,02,000,00,0,1,23,B01
201800002760,1,07,000,00,2,2,01,B01
201800002760,2,33,000,00,2,1,13,A01
201800002761,1,07,000,02,0,2,00,A01
201800002762,2,07,000,00,2,1,05,A01
201800002762,1,07,000,00,2,1,01,B01
201800002763,1,07,000,00,2,1,02,A01
201800002763,1,07,000,00,0,4,02,B01
201800002764,1,07,000,00,0,3,01,A01
201800002764,1,07,000,00,0,2,01,B01
201800002765,1,33,000,00,2,1,21,A01
201800002765,2,07,000,00,0,8,19,B01
201800002766,1,02,000,00,2,1,01,A01
201800002766,1,10,000,00,2,2,16,B01
201800002767,1,07,000,00,0,9,17,A01
201800002768,0,01,000,04,0,1,00,A01
201800002769,1,07,000,00,2,3,13,A01
201800002769,1,07,000,00,2,3,01,B01
201800002770,2,07,000,00,2,1,05,B01
201800002770,1,07,000,00,2,1,00,A01
201800002771,1,07,000,00,1,3,01,A01
201800002772,1,07,000,00,1,8,00,A01
201800002773,1,07,000,00,2,1,01,A01
201800002773,2,07,000,00,2,3,15,B01
201800002774,2,07,000,00,2,1,13,A01
201800002774,2,07,000,00,2,3,01,B01
201800002775,1,07,000,00,2,1,01,A01
201800002775,1,07,000,00,2,4,23,B01
201800002776,1,07,000,15,0,3,01,A01
201800002777,0,07,000,00,1,2,01,A01
201800002778,1,07,000,02,0,3,01,A01
201800002779,1,02,000,00,1,1,01,A01
201800002780,2,07,000,13,0,1,13,A01
201800002781,1,07,000,00,1,3,02,A01
201800002782,1,33,000,00,6,1,01,A01
201800002783,1,33,000,00,2,8,01,B01
201800002783,1,07,000,00,2,2,19,A01
201800002784,1,02,000,16,2,1,13,A01
201800002784,2,07,000,00,2,2,02,B01
201800002785,1,33,000,07,0,0,02,A01
201800002786,0,07,000,00,1,4,04,A01
201800002787,0,07,000,00,2,1,14,A01
201800002788,0,32,000,08,0,7,16,A01
201800002789,0,07,000,00,1,8,01,A01
201800002790,1,07,000,00,2,4,01,A01
201800002790,1,32,000,00,0,0,00,Z01
201800002791,0,31,000,00,2,2,01,B01
201800002791,0,07,000,00,2,3,09,A01
201800002792,0,07,000,00,2,3,09,A01
201800002792,0,01,000,00,2,1,01,B01
201800002793,0,07,000,00,2,5,15,A01
201800002793,0,01,000,00,2,2,01,B01
201800002793,0,01,000,00,2,2,01,C01
201800002794,0,31,000,00,0,1,21,A01
201800002795,1,07,000,00,1,1,00,A01
201800002796,0,07,000,00,1,6,20,A01
201800002797,0,07,000,00,1,1,15,A01
201800002798,2,33,000,00,2,3,15,B01
201800002798,1,17,000,00,2,3,01,A01
201800002799,0,07,000,00,2,1,01,A01
201800002799,0,07,000,12,2,8,01,B01
201800002800,0,07,000,00,2,8,15,A01
201800002800,0,02,000,00,2,1,01,B01
201800002801,0,07,000,00,2,4,02,A01
201800002801,0,07,000,00,2,1,02,Z01
201800002802,0,01,000,00,2,1,01,B01
201800002802,0,10,000,00,2,1,19,A01
201800002803,0,07,000,00,2,3,01,B01
201800002803,0,31,000,00,2,1,05,A01
201800002804,0,10,000,01,2,1,01,A01
201800002805,0,07,000,00,1,1,20,A01
201800002806,1,33,000,00,2,1,02,A01
201800002806,1,07,000,00,2,4,02,B01
201800002807,0,32,000,00,2,8,15,A01
201800002807,0,33,000,00,2,1,01,C01
201800002807,0,07,000,00,2,8,01,B01
201800002808,0,07,000,00,1,1,01,A01
201800002809,0,07,000,00,1,3,01,A01
201800002810,0,07,000,00,2,3,15,A01
201800002810,0,33,000,00,2,1,01,B01
201800002811,0,07,000,00,2,3,13,A01
201800002811,0,31,000,00,2,2,01,B01
201800002812,0,07,000,00,1,1,01,A01
201800002813,0,07,000,00,2,3,20,A01
201800002813,0,32,000,00,2,2,01,B01
201800002814,0,33,000,00,2,1,03,B01
201800002814,0,07,000,00,2,1,15,A01
201800002815,0,33,000,01,2,1,01,B01
201800002815,0,07,000,00,2,3,15,A01
201800002816,1,07,000,00,2,1,15,A01
201800002816,0,01,000,00,2,1,01,B01
201800002817,0,07,000,00,2,7,16,A01
201800002817,0,01,000,00,2,1,01,B01
201800002818,0,07,000,00,1,2,01,A01
201800002819,0,07,000,00,2,7,15,A01
201800002819,0,33,000,01,2,1,01,B01
201800002820,0,31,000,00,1,1,01,A01
201800002821,0,07,000,00,2,8,19,A01
201800002821,0,10,000,00,2,1,01,B01
201800002822,0,31,000,00,2,1,01,B01
201800002822,0,07,000,00,2,3,15,A01
201800002823,2,07,000,00,0,0,02,A01
201800002824,2,07,000,03,2,8,13,A01
201800002824,2,07,000,03,0,1,17,B01
201800002825,1,33,000,13,0,1,02,A01
201800002826,2,33,000,06,0,1,01,A01
201800002827,2,07,000,06,0,1,14,A01
201800002828,1,07,000,00,1,2,01,A01
201800002829,1,33,000,02,0,0,01,A01
201800002830,2,07,000,14,0,2,19,A01
201800002831,1,33,000,00,0,0,02,A01
201800002832,0,01,000,00,0,0,02,A01
201800002832,0,01,000,00,0,1,02,B01
201800002833,1,07,000,00,2,1,01,B01
201800002833,2,07,000,00,2,1,01,A01
201800002834,2,07,000,00,2,3,01,B01
201800002834,2,07,000,15,2,1,17,A01
201800002835,1,36,000,00,0,0,02,A01
201800002836,0,07,000,00,1,6,04,A01
201800002837,1,01,000,00,0,4,00,B01
201800002837,1,07,000,00,2,2,02,A01
201800002838,2,07,000,00,2,1,01,B01
201800002838,1,07,000,00,2,8,01,A01
201800002839,2,07,000,00,0,8,19,A01
201800002839,2,07,000,00,2,1,01,B01
201800002840,2,02,000,00,1,8,01,A01
201800002841,1,33,000,00,2,8,09,A01
201800002841,1,07,000,00,2,2,01,B01
201800002842,1,07,000,13,0,2,01,A01
201800002843,2,07,000,02,0,2,01,A01
201800002844,1,33,000,13,0,8,01,A01
201800002845,1,30,000,00,0,5,02,B01
201800002845,1,30,000,00,2,3,02,A01
201800002845,1,30,000,00,0,0,00,C01
201800002846,1,33,000,13,0,2,01,A01
201800002847,2,07,000,00,2,1,13,A01
201800002847,1,13,000,00,2,1,01,B01
201800002848,2,33,000,00,2,1,01,A01
201800002848,1,07,000,00,2,2,15,B01
201800002849,1,33,000,04,0,2,00,A01
201800002850,1,07,000,02,0,1,01,A01
201800002851,0,07,000,00,1,8,01,A01
201800002852,2,07,000,00,2,1,01,B01
201800002852,2,07,000,00,2,2,01,C01
201800002852,1,07,000,00,2,1,01,A01
201800002853,2,07,000,00,2,3,13,A01
201800002853,1,07,000,00,2,3,01,B01
201800002854,2,07,000,06,2,3,17,A01
201800002854,1,07,000,00,2,3,01,B01
201800002855,1,07,000,02,0,1,01,A01
201800002856,1,17,000,03,0,3,13,A01
201800002857,2,33,000,00,2,7,01,B01
201800002857,0,07,000,00,2,3,16,A01
201800002858,2,07,000,16,0,9,13,A01
201800002858,1,07,000,16,0,9,14,B01
201800002859,0,07,000,00,1,3,13,A01
201800002860,1,10,000,00,2,8,19,A01
201800002860,2,10,000,00,2,1,01,B01
201800002861,1,10,000,00,1,3,01,A01
201800002862,0,30,000,00,2,1,13,A01
201800002862,0,36,000,00,2,3,01,B01
201800002863,1,33,000,00,2,7,05,A01
201800002863,2,07,000,00,9,2,01,B01
201800002864,2,33,000,00,2,1,01,B01
201800002864,2,31,000,00,2,1,02,C01
201800002864,2,31,000,00,2,8,10,A01
201800002865,2,07,000,00,2,3,13,A01
201800002865,1,07,000,00,2,3,01,B01
201800002866,0,33,000,00,2,1,13,B01
201800002866,0,07,000,00,2,3,01,A01
201800002867,0,02,000,00,2,1,01,B01
201800002867,0,07,000,00,2,3,17,A01
201800002868,2,07,000,13,0,9,13,A01
201800002869,1,07,000,13,0,8,13,A01
201800002870,1,31,000,08,0,1,01,A01
201800002871,0,10,000,00,2,3,13,A01
201800002871,0,07,000,00,2,3,01,B01
201800002872,0,07,000,00,2,7,21,A01
201800002872,2,10,000,00,2,2,13,B01
201800002873,2,17,000,,,4,23,B01
201800002873,2,07,000,,2,1,01,A01
201800002874,2,07,000,00,0,4,23,B01
201800002874,2,02,000,00,0,1,01,A01
201800002875,1,07,000,00,2,1,01,A01
201800002875,2,07,000,00,2,1,01,B01
201800002876,0,01,000,00,9,1,13,B01
201800002876,0,01,000,00,9,1,13,A01
201800002877,2,07,000,00,0,9,01,A01
201800002878,0,07,000,00,2,1,01,B01
201800002878,0,07,000,00,2,1,13,A01
201800002879,0,33,000,06,0,7,01,A01
201800002880,0,07,000,00,2,1,01,B01
201800002880,0,07,000,00,2,1,01,A01
201800002881,0,31,000,00,0,0,00,A01
201800002882,0,07,000,00,2,3,01,B01
201800002882,0,07,000,00,2,3,01,A01
201800002883,2,33,000,00,2,1,01,B01
201800002883,0,10,000,00,2,3,15,A01
201800002884,2,07,000,00,2,1,15,A01
201800002884,2,07,000,00,2,1,01,B01
201800002885,2,07,000,00,1,6,20,A01
201800002886,2,07,000,13,0,1,01,A01
201800002887,1,07,000,00,2,3,17,A01
201800002887,1,17,000,00,2,8,01,C01
201800002887,2,07,000,00,2,3,01,B01
201800002888,1,07,000,00,2,1,15,A01
201800002888,2,02,000,00,2,1,01,B01
201800002889,0,07,000,13,0,2,01,A01
201800002890,2,07,000,00,1,3,01,A01
201800002891,1,07,000,00,2,3,01,B01
201800002891,1,07,000,00,2,3,13,A01
201800002892,1,07,000,13,0,1,01,A01
201800002893,2,07,000,03,0,2,00,A01
201800002894,2,07,000,03,9,1,01,A01
201800002895,1,33,000,08,0,0,01,A01
201800002896,1,07,000,00,0,3,01,A01
201800002897,2,07,000,13,0,3,01,A01
201800002898,2,07,000,06,0,1,21,A01
201800002899,2,35,000,00,1,2,01,A01
201800002900,1,07,000,00,1,2,01,A01
201800002901,1,07,000,00,2,8,17,A01
201800002901,1,33,000,00,2,7,17,B01
201800002902,1,14,000,00,2,3,01,B01
201800002902,2,07,000,00,2,3,00,A01
201800002903,0,02,000,08,0,0,13,A01
201800002903,0,02,000,00,0,0,02,B01
201800002904,1,07,000,00,9,5,01,A01
201800002904,1,07,000,00,2,1,01,B01
201800002905,2,07,000,00,2,1,15,A01
201800002905,1,01,000,00,2,8,01,B01
201800002906,1,33,000,00,2,1,01,C01
201800002906,1,33,000,00,2,1,01,B01
201800002906,2,07,000,00,2,7,15,A01
201800002907,0,07,000,02,0,1,01,A01
201800002908,2,07,000,00,0,9,01,A01
201800002909,0,07,000,00,2,3,00,A01
201800002909,0,01,000,00,2,5,01,B01
201800002910,0,02,000,08,0,2,01,A01
201800002911,0,36,000,00,6,1,01,A01
201800002912,1,33,000,00,6,1,00,A01
201800002913,2,07,000,02,0,1,13,A01
201800002914,0,07,000,00,2,7,01,B01
201800002914,0,33,000,00,2,1,01,A01
201800002915,0,02,000,00,0,4,23,A01
201800002915,0,15,000,00,0,1,01,B01
201800002916,2,07,000,00,2,3,13,A01
201800002916,2,10,000,00,2,3,01,B01
201800002917,2,07,000,02,0,8,01,A01
201800002918,1,13,000,00,2,1,02,A01
201800002918,1,10,000,00,0,4,02,D01
201800002918,1,07,000,00,2,4,02,B01
201800002918,1,07,000,00,2,4,02,C01
201800002919,1,30,000,00,2,1,01,A01
201800002919,2,07,000,00,2,3,01,B01
201800002920,1,07,000,00,2,3,01,A01
201800002920,2,07,000,00,2,1,15,B01
201800002921,1,07,000,00,1,1,01,A01
201800002922,2,10,000,00,0,1,01,B01
201800002922,1,07,000,00,0,1,13,A01
201800002923,0,01,000,00,2,1,15,B01
201800002923,0,07,000,00,2,1,01,A01
201800002924,1,07,000,03,0,1,01,A01
201800002925,2,07,000,00,2,3,13,A01
201800002925,1,07,000,00,2,3,01,B01
201800002926,0,07,000,15,0,1,01,A01
201800002927,2,07,000,06,0,1,01,A01
201800002928,2,33,000,02,6,1,01,A01
201800002929,2,07,000,00,2,3,01,A01
201800002929,1,15,000,00,2,3,01,B01
201800002930,0,02,000,00,0,8,01,B01
201800002930,2,07,000,00,2,3,01,A01
201800002931,0,31,000,06,0,1,00,A01
201800002932,0,01,000,00,2,1,01,B01
201800002932,0,07,000,00,2,3,01,A01
201800002933,0,07,000,00,9,7,16,B01
201800002933,0,01,000,00,2,1,01,A01
201800002934,2,07,000,00,2,1,01,C01
201800002934,1,07,000,00,2,3,13,A01
201800002934,2,10,000,00,2,3,01,B01
201800002935,1,07,000,00,1,3,15,A01
201800002936,0,07,000,00,1,1,01,A01
201800002937,1,07,000,00,2,1,17,A01
201800002937,2,07,000,00,2,1,01,B01
201800002938,0,07,000,00,2,3,01,B01
201800002938,0,01,000,00,2,8,15,A01
201800002939,0,07,000,00,2,1,13,A01
201800002939,0,07,000,00,2,1,01,C01
201800002939,0,07,000,00,2,2,01,B01
201800002940,0,07,000,00,2,1,01,A01
201800002940,0,02,000,00,2,7,01,B01
201800002941,0,01,000,00,0,0,01,A01
201800002942,0,01,000,00,2,1,01,A01
201800002942,0,07,000,00,9,2,19,B01
201800002943,0,33,000,00,2,1,01,B01
201800002943,0,07,000,00,2,2,17,A01
201800002944,0,10,000,00,2,1,13,A01
201800002944,0,07,000,00,2,1,00,B01
201800002945,1,07,000,00,0,3,01,A01
201800002945,1,07,000,00,2,3,13,B01
201800002946,2,31,000,00,2,1,01,B01
201800002946,1,07,000,00,2,3,00,A01
201800002947,0,02,000,15,0,5,01,A01
201800002948,2,07,000,00,2,1,13,A01
201800002948,1,07,000,00,2,1,01,B01
201800002949,2,07,000,00,2,3,01,A01
201800002949,1,02,000,00,2,3,13,B01
201800002950,2,07,000,00,1,0,01,A01
201800002951,0,07,000,00,2,2,15,A01
201800002951,0,02,000,00,2,1,01,B01
201800002952,2,07,000,00,2,1,13,A01
201800002952,2,07,000,00,2,3,01,B01
201800002953,0,07,000,06,0,1,10,A01
201800002954,0,07,000,00,2,2,09,B01
201800002954,0,07,000,00,0,7,01,A01
201800002955,0,10,000,00,1,6,04,A01
201800002956,1,01,000,00,2,4,11,B01
201800002956,1,07,000,00,2,1,13,A01
201800002957,1,10,000,00,2,4,02,C01
201800002957,1,07,000,00,2,4,02,B01
201800002957,1,07,000,00,2,1,02,A01
201800002958,0,01,000,00,9,1,01,A01
201800002958,0,01,000,00,9,1,01,B01
201800002959,0,10,000,00,2,1,13,A01
201800002959,0,15,000,00,2,1,01,B01
201800002960,1,33,000,00,2,1,17,A01
201800002960,1,10,000,00,2,8,15,B01
201800002961,1,07,000,00,2,1,01,B01
201800002961,0,02,000,00,2,1,17,A01
201800002962,0,01,000,00,2,1,01,A01
201800002962,0,01,000,00,2,1,13,B01
201800002963,1,13,000,00,2,1,01,C01
201800002963,0,21,000,00,0,0,01,D01
201800002963,2,33,000,00,2,5,13,B01
201800002963,2,07,000,00,2,3,13,A01
201800002964,0,07,000,00,2,3,09,A01
201800002964,0,02,000,00,2,2,02,B01
201800002965,0,07,000,00,2,3,13,A01
201800002965,0,07,000,00,2,3,13,B01
201800002966,0,01,000,00,0,1,19,B01
201800002966,0,07,000,00,2,1,15,A01
201800002967,0,07,000,00,1,2,17,A01
201800002968,0,07,000,00,1,2,21,A01
201800002969,0,02,000,01,0,1,01,A01
201800002969,0,07,000,00,2,2,24,B01
201800002970,0,07,000,00,1,5,00,A01
201800002971,2,33,000,00,2,1,05,A01
201800002971,1,07,000,00,2,1,01,B01
201800002972,1,03,000,07,0,6,01,A01
201800002972,1,07,000,00,2,2,17,B01
201800002973,1,33,000,15,0,3,15,A01
201800002974,1,33,000,00,2,8,00,A01
201800002974,2,33,000,00,2,1,13,B01
201800002975,1,33,000,00,2,1,21,A01
201800002975,2,07,000,00,2,6,01,B01
201800002976,1,07,000,00,2,1,02,A01
201800002976,1,07,000,00,2,4,02,B01
201800002977,2,33,000,13,0,7,01,A01
201800002978,0,31,000,00,2,8,19,A01
201800002978,1,07,000,00,2,1,01,B01
201800002979,1,07,000,14,0,0,01,A01
201800002980,2,07,000,00,0,0,01,A01
201800002981,1,36,000,00,2,1,02,B01
201800002981,0,07,000,00,0,4,04,A01
201800002982,1,30,000,00,2,1,01,B01
201800002982,1,07,000,00,2,8,16,A01
201800002983,0,07,000,00,1,1,01,A01
201800002984,0,01,000,00,0,0,00,A01
201800002985,0,07,000,02,0,7,13,A01
201800002986,2,01,000,00,0,5,01,A01
201800002986,0,07,000,00,9,3,01,B01
201800002987,1,01,000,00,2,1,01,B01
201800002987,2,07,000,00,2,3,15,A01
201800002988,2,07,000,08,0,2,21,A01
201800002989,1,02,000,00,0,1,21,A01
201800002990,0,07,000,00,2,2,16,A01
201800002990,1,07,000,00,2,3,01,B01
201800002991,1,07,000,06,2,1,17,A01
201800002991,1,07,000,00,2,6,01,B01
201800002992,0,02,000,06,0,1,01,A01
201800002993,1,07,000,06,0,1,15,A01
201800002994,1,21,000,00,0,7,15,A01
201800002995,2,15,000,00,2,3,01,B01
201800002995,1,34,000,00,2,3,01,A01
201800002996,1,07,000,00,2,3,01,B01
201800002996,2,07,000,00,2,2,00,A01
201800002997,0,07,000,00,1,4,04,A01
201800002998,0,07,000,07,0,2,00,A01
201800002999,0,21,000,00,1,0,00,A01
201800003000,1,07,000,00,9,2,01,A01
201800003000,0,01,000,01,2,2,14,B01
201800003001,0,07,000,00,2,1,01,B01
201800003001,0,07,000,14,2,1,01,A01
201800003002,0,33,000,00,0,1,01,A01
201800003003,0,07,000,00,1,3,01,A01
201800003004,0,21,000,06,2,3,01,B01
201800003004,0,07,000,06,2,3,13,A01
201800003005,0,02,000,00,0,6,01,A01
201800003006,0,10,000,02,0,2,01,A01
201800003007,2,07,000,00,2,6,13,A01
201800003007,1,07,000,00,0,3,01,B01
201800003008,2,07,000,00,0,3,13,A01
201800003008,1,07,000,00,0,3,01,B01
201800003008,1,07,000,00,0,9,01,C01
201800003009,1,07,000,08,0,1,01,A01
201800003010,1,02,000,00,2,1,09,A01
201800003010,2,07,000,00,0,2,01,B01
201800003011,0,07,000,00,1,2,01,A01
201800003012,1,10,000,00,2,3,13,B01
201800003012,1,30,000,00,2,1,01,A01
201800003013,2,07,000,00,2,1,15,B01
201800003013,1,07,000,00,2,1,01,A01
201800003014,1,07,000,00,2,3,13,A01
201800003014,2,07,000,00,2,3,00,B01
201800003015,1,33,000,00,2,1,01,B01
201800003015,2,07,000,00,2,3,01,A01
201800003016,1,07,000,00,6,0,01,A01
201800003017,1,07,000,00,0,3,01,A01
201800003017,2,38,016,00,2,3,23,B01
201800003017,2,07,000,00,2,1,04,C01
201800003018,1,07,000,00,1,3,01,A01
201800003019,2,07,000,02,0,1,13,A01
201800003020,0,07,000,00,0,3,15,A01
201800003020,0,01,000,00,2,1,16,B01
201800003021,2,33,000,00,2,1,01,A01
201800003021,1,07,000,00,0,3,01,B01
201800003022,2,33,000,04,0,3,01,A01
201800003023,2,33,000,06,1,9,01,A01
201800003024,2,33,000,13,0,1,01,A01
201800003025,2,07,000,00,0,3,01,B01
201800003025,1,07,000,00,2,1,01,A01
201800003026,1,15,000,00,0,6,01,B01
201800003026,2,07,000,00,2,3,17,A01
201800003027,2,33,000,12,0,7,01,A01
201800003028,1,33,000,00,0,1,01,A01
201800003029,2,01,000,00,6,9,01,A01
201800003030,2,07,000,00,1,8,00,A01
201800003031,2,01,000,00,0,9,01,A01
201800003032,1,33,000,00,0,6,01,C01
201800003032,2,07,000,00,0,3,01,B01
201800003032,1,07,000,00,2,1,17,A01
201800003033,1,07,000,01,0,1,01,A01
201800003034,2,33,000,00,0,9,16,A01
201800003035,1,07,000,00,2,2,02,A01
201800003035,1,01,000,00,2,4,15,B01
201800003036,2,07,000,00,2,1,02,A01
201800003036,2,07,000,00,2,4,02,B01
201800003037,1,30,000,00,0,0,01,A01
201800003038,2,07,000,00,2,1,09,A01
201800003038,1,07,000,00,0,7,16,B01
201800003039,2,07,000,02,0,2,01,A01
201800003040,1,07,000,00,2,8,15,A01
201800003040,2,17,000,00,2,1,01,B01
201800003041,1,07,000,00,0,8,01,A01
201800003041,2,17,000,00,2,8,01,B01
201800003042,2,02,000,00,0,9,01,A01
201800003043,0,07,000,16,0,0,01,A01
201800003044,2,02,000,12,0,1,01,A01
201800003045,1,21,000,00,0,5,24,B01
201800003045,1,10,000,01,0,3,13,A01
201800003046,1,03,000,00,2,1,01,A01
201800003046,2,07,000,00,0,8,15,B01
201800003047,1,07,000,00,2,1,17,A01
201800003047,2,33,000,00,0,1,01,B01
201800003048,2,07,000,02,0,8,01,A01
201800003049,2,33,000,13,0,7,01,A01
201800003050,1,31,000,13,0,7,01,A01
201800003051,2,07,000,00,0,2,09,A01
201800003051,2,07,000,06,2,3,01,B01
201800003052,2,07,000,00,0,8,20,A01
201800003052,2,02,000,00,2,1,01,B01
201800003053,1,33,000,00,2,1,15,A01
201800003053,2,07,000,00,0,1,01,B01
201800003054,1,02,000,01,0,1,01,A01
201800003055,2,33,000,13,0,1,01,A01