Num_Acc,senc,catv,occutc,obs,obsm,choc,manv,num_veh
201800003445,2,33,000,00,2,1,00,B01
201800003445,1,07,000,02,2,2,01,A01
201800003446,1,33,000,00,2,1,13,B01
201800003446,2,07,000,00,2,1,01,D01
201800003446,2,07,000,00,2,3,01,C01
201800003446,2,07,000,00,2,3,01,A01
201800003447,2,33,000,00,2,2,17,B01
201800003447,2,07,000,00,2,8,15,A01
201800003448,0,07,000,00,0,6,02,A01
201800003448,0,10,000,00,2,2,02,B01
201800003449,1,07,000,00,2,1,01,B01
201800003449,2,07,000,00,2,3,17,A01
201800003450,1,07,000,00,2,8,13,A01
201800003450,2,07,000,03,2,8,01,B01
201800003451,1,07,000,00,2,8,17,B01
201800003451,1,07,000,02,2,2,17,A01
201800003452,1,33,000,00,2,1,01,B01
201800003452,2,07,000,00,2,1,15,A01
201800003453,1,07,000,00,1,2,01,A01
201800003454,2,07,000,00,2,1,15,A01
201800003454,1,07,000,00,2,1,15,B01
201800003455,0,07,000,00,2,1,01,B01
201800003455,0,13,000,00,2,4,09,A01
201800003456,0,07,000,00,1,7,01,A01
201800003457,0,02,000,12,0,1,01,A01
201800003458,0,07,000,00,0,4,23,B01
201800003458,0,15,000,00,2,1,01,A01
201800003459,0,02,000,00,2,1,01,A01
201800003459,0,07,000,00,2,3,15,B01
201800003460,1,10,000,00,2,2,02,A01
201800003460,1,01,000,00,0,4,02,B01
201800003461,0,31,000,00,6,1,01,A01
201800003462,2,07,000,00,2,8,15,A01
201800003462,1,31,000,00,2,1,01,B01
201800003463,0,07,000,02,0,7,01,A01
201800003464,0,07,000,00,2,1,19,A01
201800003464,0,07,000,00,2,8,01,B01
201800003465,1,07,000,00,2,2,01,B01
201800003465,0,07,000,00,2,3,19,A01
201800003465,2,07,000,00,2,2,01,C01
201800003466,2,07,000,02,0,2,13,A01
201800003467,2,07,000,00,2,1,13,B01
201800003467,1,07,000,00,2,3,01,C01
201800003467,1,07,000,00,2,1,01,A01
201800003468,2,07,000,00,2,2,14,A01
201800003468,2,01,000,00,0,4,01,B01
201800003469,2,03,000,08,2,3,11,A01
201800003469,2,07,000,00,2,9,01,B01
201800003470,1,07,000,13,0,9,00,A01
201800003471,2,07,000,08,0,1,14,A01
201800003472,0,07,000,00,2,5,15,A01
201800003472,0,33,000,00,2,1,01,B01
201800003473,0,07,000,13,0,1,01,A01
201800003474,0,07,000,00,2,2,15,B01
201800003474,0,33,000,00,2,1,01,A01
201800003475,0,07,000,07,0,1,02,A01
201800003476,1,07,000,01,0,3,01,B01
201800003476,1,10,000,00,2,1,01,C01
201800003476,1,13,000,00,0,4,23,A01
201800003477,0,07,000,00,0,4,02,B01
201800003477,0,07,000,00,0,1,02,A01
201800003478,0,07,000,13,0,9,16,A01
201800003479,0,33,000,07,0,1,01,A01
201800003480,0,07,000,13,9,2,01,A01
201800003481,1,07,000,00,2,1,01,A01
201800003481,0,99,000,00,2,7,01,B01
201800003482,1,33,000,00,2,1,17,B01
201800003482,1,07,000,00,2,3,15,A01
201800003483,0,01,000,00,2,1,09,B01
201800003483,0,07,000,00,2,6,09,A01
201800003484,0,32,000,11,0,3,17,A01
201800003485,1,01,000,00,2,1,01,B01
201800003485,1,07,000,00,9,7,01,A01
201800003486,0,07,000,02,0,1,01,B01
201800003486,0,07,000,00,0,1,15,A01
201800003487,0,07,000,00,2,2,15,A01
201800003487,0,33,000,00,2,1,01,B01
201800003488,1,02,000,00,2,1,01,A01
201800003488,1,07,000,00,0,5,01,B01
201800003489,1,07,000,00,2,8,13,B01
201800003489,1,02,000,00,2,1,17,A01
201800003490,1,07,000,00,2,1,01,B01
201800003490,2,07,000,00,0,8,10,A01
201800003491,2,07,000,00,2,3,01,B01
201800003491,1,07,000,00,2,3,13,A01
201800003492,0,33,000,00,0,7,01,A01
201800003493,1,07,000,05,0,1,01,A01
201800003494,1,07,000,13,0,1,13,A01
201800003495,0,07,000,13,0,1,01,A01
201800003496,0,07,000,00,2,1,01,B01
201800003496,0,07,000,00,0,8,15,A01
201800003497,1,14,000,00,0,4,02,B01
201800003497,1,17,000,00,2,1,02,A01
201800003498,0,10,000,13,0,1,01,A01
201800003499,2,07,000,00,2,8,01,B01
201800003499,1,07,000,00,2,8,01,A01
201800003500,0,07,000,13,0,3,01,A01
201800003501,0,01,000,00,2,1,16,A01
201800003501,0,07,000,00,9,8,15,B01
201800003502,1,07,000,00,2,1,19,A01
201800003502,1,07,000,00,2,7,01,B01
201800003503,1,07,000,00,2,4,02,B01
201800003503,1,16,000,00,2,1,02,A01
201800003504,1,07,000,00,2,2,01,A01
201800003504,2,07,000,00,2,2,01,B01
201800003504,2,07,000,00,2,1,01,C01
201800003505,0,07,000,01,0,1,00,A01
201800003505,0,07,000,00,0,6,24,B01
201800003506,1,07,000,00,2,1,01,B01
201800003506,1,07,000,00,2,8,13,A01
201800003507,1,13,000,00,0,7,01,B01
201800003507,0,07,000,00,2,1,19,A01
201800003508,2,07,000,00,0,1,01,A01
201800003509,0,03,000,08,0,2,01,A01
201800003510,2,07,000,06,0,1,01,A01
201800003511,0,07,000,00,1,1,01,A01
201800003512,2,07,000,02,0,2,01,A01
201800003513,0,07,000,02,0,2,01,A01
201800003514,0,07,000,00,2,3,01,A01
201800003514,0,07,000,00,2,3,13,B01
201800003515,1,07,000,00,0,4,00,B01
201800003515,1,07,000,00,2,1,01,A01
201800003516,2,10,000,00,2,1,01,A01
201800003516,2,31,000,00,2,4,01,B01
201800003517,1,07,000,00,2,2,01,B01
201800003517,0,07,000,00,2,3,19,A01
201800003518,2,07,000,00,2,1,00,A01
201800003518,1,07,000,00,2,1,00,C01
201800003518,1,07,000,00,2,9,01,B01
201800003519,0,33,000,00,2,1,01,B01
201800003519,0,07,000,00,2,2,15,A01
201800003520,0,07,000,00,2,8,13,B01
201800003520,0,07,000,00,2,8,01,A01
201800003521,2,07,000,02,0,3,01,A01
201800003522,0,07,000,00,1,0,20,A01
201800003523,1,07,000,00,2,1,13,A01
201800003523,2,07,000,00,2,1,01,B01
201800003524,2,07,000,00,2,1,13,A01
201800003524,1,07,000,00,2,1,01,B01
201800003525,2,33,000,00,2,1,00,A01
201800003525,2,07,000,00,0,8,15,B01
201800003526,2,33,000,00,2,7,01,A01
201800003526,1,07,000,00,2,1,01,B01
201800003527,2,10,000,00,2,1,01,B01
201800003527,1,10,000,00,2,1,13,A01
201800003528,1,07,000,00,9,3,01,B01
201800003528,2,01,000,00,2,1,05,A01
201800003529,1,07,000,00,9,3,01,A01
201800003529,2,33,000,00,2,1,13,B01
201800003530,1,03,000,02,0,0,02,A01
201800003531,0,07,000,07,0,1,01,A01
201800003532,2,02,000,14,0,1,01,A01
201800003533,1,15,000,00,2,3,01,B01
201800003533,2,01,000,00,2,1,13,A01
201800003534,1,33,000,00,0,0,01,A01
201800003535,1,07,000,00,0,7,14,A01
201800003536,1,33,000,06,0,0,00,A01
201800003537,1,33,000,00,2,1,13,A01
201800003537,2,07,000,00,2,3,15,B01
201800003538,1,99,000,00,2,1,10,A01
201800003538,1,33,000,00,2,1,13,B01
201800003539,1,32,000,00,2,1,01,B01
201800003539,2,32,000,00,2,1,13,A01
201800003540,0,07,000,07,2,2,15,A01
201800003540,0,33,000,00,0,8,16,B01
201800003541,1,33,000,00,0,0,01,A01
201800003542,2,10,000,00,2,3,15,A01
201800003542,2,33,000,00,2,1,01,B01
201800003543,2,33,000,05,0,8,16,A01
201800003544,2,07,000,00,2,1,01,B01
201800003544,1,07,000,00,2,1,17,A01
201800003545,0,10,000,00,1,6,04,A01
201800003546,1,34,000,00,0,7,01,A01
201800003547,2,02,000,00,0,0,01,A01
201800003548,1,33,000,00,2,3,01,B01
201800003548,2,07,000,00,2,3,13,A01
201800003549,0,07,000,00,2,2,01,B01
201800003549,0,33,000,00,2,1,01,A01
201800003550,2,07,000,13,0,1,01,A01
201800003551,0,01,000,00,2,2,01,B01
201800003551,0,07,000,00,9,2,15,A01
201800003552,0,07,000,15,1,7,01,B01
201800003552,0,10,000,00,2,1,15,A01
201800003553,0,07,000,00,1,1,01,A01
201800003554,0,07,000,00,1,2,17,A01
201800003555,0,02,000,00,2,5,16,B01
201800003555,0,07,000,00,2,1,01,A01
201800003556,1,07,000,00,2,1,01,A01
201800003556,2,07,000,00,2,1,13,B01
201800003557,1,10,000,00,1,1,02,A01
201800003558,1,02,000,03,0,0,00,A01
201800003559,1,07,000,02,2,2,17,B01
201800003559,1,07,000,00,0,8,01,A01
201800003560,2,07,000,00,2,1,13,B01
201800003560,1,07,000,00,2,1,01,A01
201800003561,1,33,000,00,0,7,21,A01
201800003562,0,07,000,00,2,2,01,A01
201800003562,0,01,000,00,2,1,19,B01
201800003563,1,34,000,00,2,1,01,B01
201800003563,2,07,000,00,2,2,15,A01
201800003564,1,33,000,00,2,7,02,A01
201800003564,2,07,000,00,2,6,01,B01
201800003565,1,31,000,00,2,1,00,A01
201800003565,2,07,000,00,0,3,23,B01
201800003566,1,33,000,13,0,0,01,A01
201800003567,0,33,000,12,0,1,01,A01
201800003568,1,07,000,00,9,3,15,A01
201800003568,2,01,000,00,2,4,01,B01
201800003569,0,07,000,00,1,6,04,A01
201800003570,0,34,000,00,2,1,00,B01
201800003570,0,07,000,00,2,4,01,A01
201800003571,1,07,000,00,2,1,13,A01
201800003571,2,07,000,00,2,1,01,B01
201800003571,1,07,000,00,2,1,01,C01
201800003572,1,33,000,02,0,1,01,A01
201800003573,1,07,000,00,2,3,01,A01
201800003573,1,33,000,00,2,1,17,B01
201800003574,2,02,000,00,2,1,17,B01
201800003574,2,07,000,00,2,8,17,A01
201800003575,1,07,000,00,0,4,15,B01
201800003575,1,07,000,00,2,1,02,A01
201800003576,2,07,000,00,2,1,01,B01
201800003576,2,07,000,14,2,1,01,C01
201800003576,2,07,000,00,2,8,15,A01
201800003577,1,07,000,00,2,1,00,A01
201800003577,2,07,000,00,2,1,01,B01
201800003578,1,07,000,00,2,3,19,B01
201800003578,2,33,000,00,2,1,01,A01
201800003579,2,07,000,00,2,3,01,B01
201800003579,1,07,000,00,2,3,00,A01
201800003580,0,07,000,02,0,1,00,A01
201800003581,0,07,000,00,2,1,01,B01
201800003581,0,07,000,00,2,1,13,A01
201800003582,0,33,000,00,2,1,01,A01
201800003582,0,07,000,00,2,3,09,B01
201800003583,0,07,000,00,2,1,01,A01
201800003583,0,07,000,00,2,6,19,B01
201800003584,0,07,000,00,2,3,01,B01
201800003584,0,07,000,00,2,1,01,A01
201800003585,1,33,000,00,2,3,01,A01
201800003585,2,07,000,00,2,2,00,B01
201800003586,0,36,000,02,0,1,21,A01
201800003587,1,07,000,00,2,3,15,B01
201800003587,1,07,000,13,2,2,17,A01
201800003588,2,35,000,00,0,9,21,A01
201800003589,0,07,000,01,0,1,00,A01
201800003589,0,07,000,00,2,4,23,B01
201800003590,2,36,000,15,0,1,01,A01
201800003591,0,02,000,00,1,0,01,A01
201800003592,2,10,000,00,2,2,15,A01
201800003592,1,33,000,00,2,1,01,B01
201800003593,0,39,001,00,2,3,01,B01
201800003593,0,07,000,00,4,6,01,A01
201800003594,0,07,000,00,2,2,01,C01
201800003594,0,10,000,00,2,5,01,B01
201800003594,0,14,000,00,0,5,15,D01
201800003594,0,10,000,00,2,1,02,A01
201800003595,1,07,000,06,2,3,23,C01
201800003595,1,07,000,06,2,1,01,B01
201800003595,0,07,000,00,2,1,01,A01
201800003596,2,07,000,00,1,1,01,A01
201800003597,0,07,000,00,2,3,15,A01
201800003597,0,07,000,00,2,1,01,B01
201800003598,1,07,000,13,0,2,01,A01
201800003599,2,07,000,00,2,2,15,A01
201800003599,1,07,000,00,2,3,01,B01
201800003600,0,07,000,08,0,1,06,A01
201800003601,2,07,000,00,2,7,01,B01
201800003601,1,07,000,00,2,1,09,A01
201800003602,2,07,000,00,2,3,09,A01
201800003602,2,33,000,00,2,1,01,B01
201800003603,0,07,000,00,2,1,17,A01
201800003603,0,07,000,09,0,8,15,B01
201800003604,1,07,000,00,0,4,23,B01
201800003604,1,07,000,00,0,4,23,C01
201800003604,1,07,000,00,0,1,02,A01
201800003605,1,01,000,00,2,4,01,B01
201800003605,1,07,000,00,9,3,09,A01
201800003606,0,33,000,08,0,1,13,A01
201800003607,1,07,000,00,0,0,01,A01
201800003608,2,07,000,00,2,8,15,A01
201800003608,2,33,000,00,2,1,17,C01
201800003608,2,33,000,00,2,2,17,B01
201800003609,2,07,000,00,9,5,15,A01
201800003609,2,01,000,00,2,1,01,B01
201800003610,2,07,000,00,2,1,00,A01
201800003610,1,13,000,00,2,3,00,B01
201800003611,0,01,000,00,0,0,01,A01
201800003612,0,07,000,06,0,7,01,A01
201800003613,1,07,000,00,0,6,24,B01
201800003613,0,07,000,01,1,2,14,A01
201800003614,2,07,000,00,2,8,21,B01
201800003614,2,07,000,00,2,1,00,C01
201800003614,1,07,000,00,2,1,19,A01
201800003615,1,02,000,00,0,7,01,A01
201800003616,1,07,000,00,2,1,01,B01
201800003616,2,36,000,00,2,7,06,A01
201800003617,0,07,000,00,1,8,20,A01
201800003618,1,07,000,00,2,9,13,A01
201800003618,2,10,000,00,2,1,01,B01
201800003619,1,10,000,13,0,9,00,A01
201800003620,2,07,000,00,1,3,01,A01
201800003621,1,07,000,00,2,1,01,A01
201800003621,2,07,000,00,2,1,01,B01
201800003622,1,07,000,00,1,2,01,A01
201800003623,1,07,000,13,0,1,01,A01
201800003624,2,33,000,00,0,6,23,B01
201800003624,2,33,000,01,0,1,02,A01
201800003624,2,33,000,00,0,6,23,C01
201800003624,2,33,000,00,0,4,23,D01
201800003625,1,07,000,02,0,3,01,A01
201800003626,2,33,000,00,0,3,01,A01
201800003627,2,33,000,05,2,1,01,A01
201800003627,1,33,000,00,2,3,01,B01
201800003628,1,33,000,00,0,3,01,A01
201800003629,1,33,000,00,2,1,01,A01
201800003629,1,07,000,00,2,4,16,B01
201800003630,1,33,000,00,0,7,01,A01
201800003631,1,34,000,03,0,1,01,A01
201800003632,2,33,000,03,0,2,01,A01
201800003633,2,33,000,13,0,3,01,A01
201800003634,1,33,000,00,0,0,00,A01
201800003635,1,33,000,13,0,1,01,A01
201800003636,1,33,000,13,0,2,01,A01
201800003637,1,33,000,03,0,2,01,A01
201800003638,1,33,000,03,0,1,17,A01
201800003639,1,33,000,16,0,7,01,A01
201800003640,0,10,000,00,1,4,20,A01
201800003641,1,33,000,00,2,3,01,B01
201800003641,2,38,001,00,2,3,13,A01
201800003642,2,07,000,02,0,3,21,A01
201800003643,1,33,000,00,0,8,01,A01
201800003644,2,33,000,00,2,3,13,A01
201800003644,1,07,000,00,2,3,13,B01
201800003645,1,07,000,02,0,1,01,A01
201800003646,2,07,000,00,2,1,01,A01
201800003646,2,07,000,00,2,2,01,B01
201800003647,1,33,000,03,0,1,01,A01
201800003648,1,07,000,04,0,2,01,A01
201800003649,1,34,000,02,0,1,01,A01
201800003650,2,33,000,13,0,1,01,A01
201800003651,2,33,000,13,0,2,17,B01
201800003651,2,07,000,00,0,0,17,A01
201800003652,0,07,000,02,0,2,01,A01
201800003653,0,07,000,10,0,1,01,A01
201800003654,1,10,000,00,2,3,13,A01
201800003654,2,07,000,00,2,6,01,B01
201800003655,2,07,000,07,0,2,01,A01
201800003656,2,02,000,00,2,1,01,B01
201800003656,0,07,000,00,2,3,16,A01
201800003657,1,38,010,00,2,1,19,B01
201800003657,0,10,000,00,2,3,01,A01
201800003658,1,10,000,00,2,2,13,A01
201800003658,2,07,000,00,2,2,01,B01
201800003659,1,07,000,03,0,1,00,A01
201800003660,2,33,000,00,2,5,01,B01
201800003660,0,07,000,00,2,3,19,A01
201800003661,2,33,000,04,2,7,00,A01
201800003661,1,07,000,00,2,2,02,B01
201800003662,1,07,000,08,0,1,01,A01
201800003663,2,07,000,00,1,1,01,A01
201800003664,1,07,000,07,0,8,01,A01
201800003665,2,07,000,00,1,7,01,A01
201800003666,1,33,000,00,0,2,23,A01
201800003667,1,07,000,00,2,7,17,A01
201800003667,1,07,000,00,2,8,15,B01
201800003668,1,33,000,03,0,1,16,A01
201800003669,2,33,000,13,0,8,01,A01
201800003670,1,33,000,00,1,7,00,A01
201800003671,1,07,000,13,0,3,13,A01
201800003672,1,07,000,00,2,3,01,A01
201800003672,2,38,004,00,2,3,01,B01
201800003673,1,07,000,00,9,1,13,A01
201800003673,2,01,000,00,2,1,00,B01
201800003674,2,07,000,00,2,3,09,A01
201800003674,2,07,000,00,2,3,01,B01
201800003675,2,07,000,03,0,8,13,A01
201800003675,1,07,000,00,0,3,01,B01
201800003676,1,07,000,00,0,0,09,A01
201800003676,1,02,000,00,0,0,13,B01
201800003677,1,07,000,00,2,2,09,A01
201800003677,1,33,000,03,2,3,01,B01
201800003678,1,07,000,00,2,3,17,A01
201800003678,2,33,000,07,2,3,01,B01
201800003679,1,34,000,00,2,1,13,A01
201800003679,2,07,000,00,2,3,01,B01
201800003680,1,33,000,00,2,3,13,A01
201800003680,2,07,000,00,2,3,01,B01
201800003681,1,33,000,00,0,0,01,A01
201800003682,2,01,000,00,2,1,01,A01
201800003682,1,07,000,00,9,3,15,B01
201800003683,1,07,000,00,2,3,01,A01
201800003683,2,07,000,00,2,1,13,B01
201800003684,2,07,000,00,2,1,01,A01
201800003684,1,10,000,00,2,3,01,B01
201800003685,2,33,000,00,2,1,13,A01
201800003685,1,10,000,00,2,2,01,B01
201800003686,1,33,000,00,0,5,01,A01
201800003686,1,33,000,13,2,3,21,B01
201800003687,2,07,000,00,2,7,19,A01
201800003687,1,01,000,00,2,1,01,B01
201800003688,2,01,000,00,2,1,16,A01
201800003688,1,07,000,00,9,8,01,B01
201800003689,1,07,000,00,2,3,01,A01
201800003689,2,07,000,00,2,1,01,B01
201800003690,1,33,000,00,2,1,01,A01
201800003690,1,07,000,00,0,3,13,B01
201800003691,1,07,000,04,2,3,01,A01
201800003691,2,07,000,02,2,1,13,B01
201800003692,2,07,000,00,2,2,01,A01
201800003692,1,33,000,00,2,1,13,B01
201800003693,1,07,000,13,0,3,01,A01
201800003694,2,07,000,04,0,1,14,A01
201800003695,2,07,000,00,2,1,01,A01
201800003695,1,07,000,04,2,6,01,B01
201800003696,1,33,000,13,0,3,01,A01
201800003697,1,07,000,08,0,1,01,A01
201800003698,1,33,000,00,2,0,05,A01
201800003698,2,13,000,00,2,8,01,B01
201800003699,2,07,000,06,0,2,01,A01
201800003700,1,07,000,00,1,1,01,A01
201800003701,2,07,000,01,1,2,01,A01
201800003702,1,07,000,02,0,1,01,A01
201800003703,2,33,000,12,0,7,01,A01
201800003704,1,07,000,15,0,2,01,A01
201800003705,2,07,000,13,0,9,01,A01
201800003706,0,01,000,00,0,0,00,A01
201800003707,1,07,000,00,2,1,13,A01
201800003707,2,07,000,00,2,1,01,B01
201800003708,1,02,000,01,0,2,01,A01
201800003709,0,02,000,01,0,0,00,A01
201800003710,0,07,000,00,2,3,01,A01
201800003710,0,02,000,00,2,1,13,B01
201800003711,2,07,000,13,0,0,01,A01
201800003712,1,33,000,02,0,1,17,A01
201800003713,1,07,000,00,0,0,01,A01
201800003714,0,33,000,10,0,9,01,A01
201800003715,2,33,000,00,2,1,01,A01
201800003715,1,07,000,00,2,8,15,B01
201800003716,2,07,000,00,0,5,23,A01
201800003716,2,33,000,00,0,3,02,B01
201800003717,2,07,000,13,0,1,01,A01
201800003718,0,33,000,00,0,0,00,A01
201800003719,0,33,000,00,2,3,21,A01
201800003719,0,33,000,00,0,5,01,B01
201800003720,0,07,000,00,9,3,22,A01
201800003720,2,01,000,01,0,1,02,B01
201800003721,0,07,000,00,2,3,09,A01
201800003721,0,33,000,00,2,2,01,B01
201800003722,1,07,000,00,0,6,17,A01
201800003722,1,33,000,00,2,2,17,B01
201800003723,0,10,000,00,2,3,04,A01
201800003723,1,02,000,00,2,1,01,B01
201800003724,0,07,000,02,0,3,13,A01
201800003725,2,07,000,00,2,3,15,A01
201800003725,1,01,000,00,2,8,01,B01
201800003726,0,34,000,00,0,5,01,A01
201800003726,1,07,000,00,0,5,15,B01
201800003727,2,01,000,00,0,1,02,A01
201800003727,2,01,000,00,0,1,02,B01
201800003727,2,01,000,00,0,0,02,C01
201800003728,2,33,000,13,2,0,17,A01
201800003728,1,07,000,13,2,1,21,B01
201800003729,0,01,000,13,0,0,01,A01
201800003730,0,07,000,00,1,2,02,A01
201800003731,1,33,000,00,2,1,05,A01
201800003731,2,07,000,00,2,1,01,B01
201800003732,2,01,000,13,0,7,01,A01
201800003733,0,10,000,00,9,1,06,A01
201800003733,0,01,000,00,2,1,01,B01
201800003734,2,33,000,00,0,7,01,A01
201800003735,2,01,000,04,0,1,16,A01
201800003736,1,07,000,00,2,3,01,A01
201800003736,2,07,000,00,2,3,13,B01
201800003737,1,33,000,03,9,7,01,A01
201800003738,0,10,000,04,0,2,01,A01
201800003739,1,07,000,00,2,8,01,A01
201800003739,1,33,000,00,2,2,01,B01
201800003740,1,10,000,00,2,3,01,A01
201800003740,1,07,000,03,0,5,16,B01
201800003741,0,01,000,00,0,0,00,A01
201800003742,2,07,000,02,0,1,01,A01
201800003743,2,07,000,00,2,1,17,A01
201800003743,1,07,000,00,2,1,01,B01
201800003743,1,07,000,00,2,1,01,C01
201800003744,2,33,000,00,2,1,02,B01
201800003744,2,07,000,00,0,5,16,A01
201800003745,1,10,000,00,0,4,02,B01
201800003745,1,02,000,00,2,1,02,A01
201800003746,2,07,000,00,2,1,09,A01
201800003746,2,30,000,00,0,7,01,B01
201800003747,2,07,000,00,0,5,02,B01
201800003747,2,02,000,06,2,1,02,A01
201800003748,2,02,000,00,2,1,17,B01
201800003748,2,07,000,00,2,3,01,A01
201800003749,2,07,000,04,0,1,01,A01
201800003750,1,34,000,08,0,1,13,A01
201800003751,1,07,000,03,0,1,00,A01
201800003752,2,07,000,00,2,3,01,B01
201800003752,1,31,000,00,2,1,05,A01
201800003753,2,07,000,03,0,7,01,A01
201800003754,1,33,000,05,0,3,01,A01
201800003755,1,33,000,00,0,8,14,A01
201800003756,1,33,000,00,0,1,14,A01
201800003757,1,07,000,00,0,0,00,A01
201800003758,1,07,000,02,0,1,13,A01
201800003759,2,33,000,00,2,1,17,A01
201800003759,2,07,000,00,0,8,15,B01
201800003760,2,07,000,00,2,3,13,A01
201800003760,1,33,000,00,2,1,01,B01
201800003761,2,33,000,00,0,2,01,A01
201800003762,1,07,000,00,2,3,01,B01
201800003762,2,07,000,00,2,3,13,A01
201800003763,2,01,000,14,0,1,02,A01
201800003763,2,07,000,00,0,4,23,B01
201800003764,2,07,000,00,2,3,01,B01
201800003764,1,33,000,00,2,1,13,A01
201800003765,0,07,000,00,1,1,19,A01
201800003766,1,07,000,07,2,1,13,A01
201800003766,2,07,000,00,2,1,13,B01
201800003767,1,07,000,00,1,1,01,A01
201800003768,1,07,000,00,2,3,13,A01
201800003768,2,13,000,00,2,6,01,B01
201800003769,1,07,000,00,0,0,00,A01
201800003770,1,07,000,02,0,1,01,A01
201800003771,1,07,000,00,2,3,15,B01
201800003771,2,02,000,00,2,1,01,A01
201800003772,2,07,000,01,1,1,00,A01
201800003773,2,07,000,00,2,1,01,B01
201800003773,1,33,000,00,2,7,15,A01
201800003774,0,01,000,00,2,3,09,B01
201800003774,1,07,000,00,9,7,01,A01
201800003775,1,01,000,00,2,8,19,B01
201800003775,2,07,000,00,9,1,02,A01
201800003776,1,34,000,00,2,1,17,A01
201800003776,2,07,000,00,2,3,23,B01
201800003777,1,07,000,00,2,8,05,B01
201800003777,1,07,000,00,2,3,05,A01
201800003778,1,07,000,00,2,8,10,A01
201800003778,1,33,000,00,2,7,17,B01
201800003779,1,07,000,00,1,3,01,A01
201800003780,1,07,000,00,2,3,13,A01
201800003780,2,07,000,00,2,6,01,B01
201800003781,0,07,000,00,1,2,01,A01
201800003782,1,07,000,06,0,2,01,A01
201800003783,2,07,000,00,0,1,01,B01
201800003783,1,07,000,00,2,1,13,A01
201800003784,1,07,000,00,2,1,05,A01
201800003784,2,07,000,00,0,1,00,B01
201800003785,1,21,000,00,2,8,01,B01
201800003785,2,33,000,00,2,8,01,A01
201800003786,1,07,000,02,0,1,01,A01
201800003787,1,33,000,00,2,1,01,B01
201800003787,2,07,000,00,2,1,15,A01
201800003788,2,07,000,00,0,5,11,B01
201800003788,2,07,000,00,2,3,02,A01
201800003789,2,01,000,00,0,4,02,B01
201800003789,2,07,000,00,2,2,14,A01
201800003790,1,14,000,00,9,2,15,C01
201800003790,1,07,000,00,2,8,01,D01
201800003790,2,33,000,00,2,7,01,A01
201800003790,1,07,000,00,2,5,15,B01
201800003791,1,02,000,00,2,1,15,A01
201800003791,2,07,000,00,2,1,01,B01
201800003792,0,07,000,00,2,3,19,A01
201800003792,1,02,000,00,2,7,01,B01
201800003793,2,07,000,00,2,4,01,A01
201800003793,2,07,000,00,2,1,02,B01
201800003794,2,07,000,03,0,7,14,A01
201800003795,1,07,000,03,2,3,13,B01
201800003795,2,33,000,00,2,1,13,A01
201800003796,2,07,000,00,2,1,13,A01
201800003796,1,07,000,00,2,3,01,B01
201800003797,1,33,000,13,0,1,13,A01
201800003798,2,07,000,08,0,1,14,A01
201800003799,1,07,000,06,0,1,01,A01
201800003800,2,15,000,00,2,3,01,B01
201800003800,1,07,000,00,2,1,13,A01
201800003801,2,07,000,02,0,1,14,A01
201800003802,2,33,000,00,2,1,13,A01
201800003802,1,38,012,00,2,1,01,B01
201800003803,2,07,000,04,0,2,01,A01
201800003804,0,10,000,00,1,3,01,A01
201800003805,2,34,000,00,2,1,01,B01
201800003805,2,07,000,00,2,2,15,A01
201800003806,2,10,000,00,2,1,01,B01
201800003806,1,10,000,00,2,1,05,A01
201800003807,1,34,000,05,0,9,01,A01
201800003808,1,07,000,00,2,1,09,A01
201800003808,1,02,000,00,0,5,19,B01
201800003809,1,07,000,00,2,1,15,A01
201800003809,2,33,000,00,2,1,01,B01
201800003810,2,33,000,00,2,1,02,B01
201800003810,2,07,000,00,0,4,02,A01
201800003811,0,33,000,00,2,9,01,A01
201800003811,2,07,000,00,2,3,15,B01
201800003812,1,02,000,00,2,1,02,A01
201800003812,1,07,000,00,0,4,02,B01
201800003813,1,07,000,00,2,4,01,B01
201800003813,1,07,000,00,2,1,01,A01
201800003814,0,07,000,13,0,0,00,A01
201800003815,1,07,000,02,0,1,01,A01
201800003816,0,07,000,00,2,1,17,B01
201800003816,0,07,000,00,2,3,01,A01
201800003817,0,01,000,00,2,4,02,B01
201800003817,0,07,000,00,2,2,02,A01
201800003818,2,33,000,00,2,1,17,A01
201800003818,2,07,000,00,0,8,15,B01
201800003819,0,32,000,13,0,1,01,A01
201800003820,0,34,000,00,2,8,01,B01
201800003820,0,07,000,00,2,1,15,A01
201800003821,0,07,000,02,0,3,01,A01
201800003822,2,07,000,00,2,1,01,A01
201800003822,1,07,000,00,2,1,01,B01
201800003823,1,07,000,00,0,6,09,A01
201800003823,2,01,000,00,2,7,01,B01
201800003824,2,02,000,00,2,1,01,A01
201800003824,2,07,000,00,2,5,01,B01
201800003825,1,07,000,00,2,5,01,B01
201800003825,1,02,000,12,2,1,01,A01
201800003826,1,07,000,00,2,1,01,B01
201800003826,0,07,000,00,2,9,19,A01
201800003826,0,07,000,00,2,1,23,C01
201800003827,0,07,000,00,1,1,00,A01
201800003828,0,07,000,00,1,3,05,A01
201800003829,1,02,000,00,2,1,01,B01
201800003829,0,07,000,00,2,3,09,A01
201800003830,1,02,000,00,2,1,01,B01
201800003830,0,07,000,00,2,2,19,A01
201800003831,2,30,000,04,0,1,13,A01
201800003832,1,07,000,02,0,1,14,A01
201800003833,2,01,000,00,2,4,02,B01
201800003833,2,07,000,00,9,2,02,A01
201800003834,1,10,000,00,2,1,13,A01