Num_Acc,senc,catv,occutc,obs,obsm,choc,manv,num_veh
201800004595,1,07,000,00,2,3,01,B01
201800004596,0,33,000,16,0,0,00,A01
201800004597,1,07,000,12,0,7,01,A01
201800004597,2,07,000,00,0,1,01,B01
201800004598,0,33,000,00,0,0,01,A01
201800004599,2,07,000,00,1,4,20,A01
201800004600,0,07,000,15,9,2,01,B01
201800004600,0,33,000,00,2,3,19,A01
201800004601,0,33,000,03,0,1,01,A01
201800004602,2,01,000,12,0,1,01,A01
201800004603,0,34,000,00,2,2,17,B01
201800004603,0,07,000,00,2,3,13,A01
201800004604,2,07,000,00,2,3,13,A01
201800004604,1,07,000,00,2,3,01,B01
201800004605,1,30,000,00,2,7,01,B01
201800004605,2,07,000,00,2,2,19,A01
201800004606,1,07,000,00,1,3,01,A01
201800004607,1,07,000,00,2,1,00,A01
201800004607,2,07,000,00,2,1,00,B01
201800004608,0,07,000,00,1,4,20,A01
201800004609,2,33,000,00,0,9,00,A01
201800004610,1,30,000,00,2,1,23,B01
201800004610,1,14,000,00,0,6,23,A01
201800004611,0,07,000,00,1,7,01,A01
201800004612,1,02,000,01,0,1,01,A01
201800004613,1,07,000,00,2,1,01,B01
201800004613,2,07,000,00,2,2,13,A01
201800004614,1,01,000,00,2,4,02,B01
201800004614,1,10,000,00,2,2,09,A01
201800004615,0,07,000,00,2,3,01,B01
201800004615,0,33,000,00,2,1,01,A01
201800004616,1,33,000,00,6,1,01,A01
201800004617,1,07,000,00,2,2,15,A01
201800004617,2,07,000,00,2,1,01,B01
201800004618,2,07,000,00,6,2,01,A01
201800004619,2,38,046,13,0,1,14,A01
201800004620,1,33,000,00,6,1,00,A01
201800004621,1,07,000,11,9,1,21,A01
201800004622,0,07,000,00,1,3,01,A01
201800004623,0,07,000,00,9,1,09,A01
201800004623,0,01,000,00,2,7,01,B01
201800004624,1,31,000,00,2,1,01,B01
201800004624,0,07,000,00,2,3,09,A01
201800004625,0,07,000,00,1,4,04,A01
201800004626,2,07,000,09,0,9,01,A01
201800004627,1,07,000,00,1,2,01,A01
201800004628,0,07,000,00,2,3,13,B01
201800004628,2,07,000,00,2,3,01,A01
201800004629,1,33,000,00,0,8,01,A01
201800004630,0,02,000,12,0,9,00,A01
201800004631,1,07,000,00,2,3,05,A01
201800004631,2,10,000,00,2,3,01,B01
201800004632,1,02,000,06,0,1,01,A01
201800004633,0,01,000,00,2,1,01,B01
201800004633,0,07,000,00,2,5,01,A01
201800004634,0,07,000,00,2,1,01,A01
201800004634,0,07,000,00,2,1,01,B01
201800004634,0,07,000,00,2,3,01,C01
201800004635,2,07,000,00,2,4,01,A01
201800004635,2,07,000,00,2,1,02,B01
201800004636,1,07,000,00,1,2,01,A01
201800004637,0,02,000,00,0,0,01,A01
201800004638,0,07,000,00,2,3,15,B01
201800004638,0,03,000,00,2,8,15,A01
201800004639,0,33,000,14,0,1,01,A01
201800004640,2,07,000,00,2,3,01,B01
201800004640,1,07,000,00,2,3,13,A01
201800004641,1,07,000,00,2,1,17,B01
201800004641,2,07,000,00,2,1,09,A01
201800004641,2,07,000,00,0,6,01,C01
201800004642,0,07,000,15,0,1,01,A01
201800004643,1,07,000,08,2,3,01,B01
201800004643,2,07,000,00,2,3,13,A01
201800004644,0,01,000,00,2,1,02,B01
201800004644,0,07,000,00,2,3,01,A01
201800004645,0,07,000,16,0,9,01,A01
201800004646,0,07,000,16,0,3,01,A01
201800004647,1,07,000,00,2,1,19,A01
201800004647,1,07,000,00,2,3,01,B01
201800004648,0,07,000,00,2,6,02,B01
201800004648,1,07,000,04,2,1,01,A01
201800004649,1,17,000,00,2,2,12,A01
201800004649,1,07,000,04,2,6,01,B01
201800004650,0,33,000,12,0,7,14,A01
201800004651,0,07,000,00,2,1,01,B01
201800004651,0,07,000,00,2,3,11,A01
201800004652,0,02,000,00,2,3,01,B01
201800004652,0,07,000,00,2,6,15,A01
201800004653,1,14,000,13,0,1,01,A01
201800004654,0,07,000,00,2,1,01,B01
201800004654,0,07,000,09,2,8,01,A01
201800004655,0,07,000,02,0,1,21,A01
201800004656,0,02,000,00,2,2,02,B01
201800004656,0,13,000,00,2,6,23,A01
201800004657,0,07,000,13,0,3,01,A01
201800004658,0,07,000,03,0,4,01,A01
201800004659,0,07,000,00,2,1,02,B01
201800004659,0,07,000,00,2,3,15,A01
201800004660,0,07,000,00,1,3,01,A01
201800004661,2,33,000,00,2,3,01,B01
201800004661,1,07,000,00,2,3,15,A01
201800004662,0,07,000,00,0,9,01,A01
201800004663,1,07,000,00,2,3,01,B01
201800004663,2,07,000,00,2,3,13,A01
201800004664,2,33,000,00,2,1,01,B01
201800004664,1,07,000,00,2,3,01,A01
201800004665,0,07,000,00,2,3,01,B01
201800004665,0,02,000,00,2,1,11,A01
201800004665,0,07,000,00,9,6,01,D01
201800004665,0,07,000,00,2,3,01,C01
201800004666,2,01,000,01,0,1,01,A01
201800004667,0,07,000,00,2,6,01,A01
201800004667,0,07,000,00,2,3,13,B01
201800004668,2,33,000,04,9,1,01,A01
201800004669,0,07,000,00,2,3,01,A01
201800004669,0,07,000,00,2,3,01,B01
201800004670,2,33,000,00,2,1,18,A01
201800004670,1,07,000,00,2,6,15,B01
201800004671,2,07,000,00,2,5,23,B01
201800004671,2,07,000,00,2,2,01,A01
201800004672,1,07,000,00,1,2,01,A01
201800004673,0,07,000,00,2,1,01,B01
201800004673,0,02,000,00,2,1,01,A01
201800004674,0,33,000,00,2,9,18,A01
201800004674,0,15,000,00,2,7,12,B01
201800004675,0,07,000,00,1,2,01,A01
201800004676,0,07,000,00,1,1,15,A01
201800004677,0,33,000,00,2,7,01,B01
201800004677,0,13,000,00,2,8,21,A01
201800004678,0,13,000,00,1,4,04,A01
201800004679,2,32,000,00,1,7,01,A01
201800004680,0,07,000,00,1,1,01,A01
201800004681,1,38,001,15,1,7,01,A01
201800004682,1,07,000,00,2,2,15,B01
201800004682,0,33,000,01,2,2,17,A01
201800004683,2,01,000,00,2,1,01,A01
201800004683,1,07,000,00,2,5,15,B01
201800004684,1,34,000,00,2,1,17,B01
201800004684,2,07,000,00,2,1,01,A01
201800004685,0,33,000,00,2,1,01,A01
201800004685,0,07,000,00,2,2,10,B01
201800004686,1,33,000,00,2,1,05,B01
201800004686,0,07,000,00,2,3,15,A01
201800004687,0,07,000,00,9,0,01,A01
201800004688,0,07,000,00,2,1,15,A01
201800004688,0,34,000,00,2,7,17,B01
201800004689,0,07,000,13,0,1,01,A01
201800004690,2,33,000,12,0,9,01,A01
201800004691,1,33,000,05,0,1,01,A01
201800004692,1,31,000,08,0,7,05,A01
201800004693,2,07,000,02,0,2,14,A01
201800004694,0,07,000,00,1,3,01,A01
201800004695,2,07,000,00,2,4,02,B01
201800004695,2,07,000,00,2,1,01,A01
201800004696,2,07,000,00,2,7,13,A01
201800004696,1,07,000,00,2,1,01,B01
201800004697,2,07,000,00,2,1,01,B01
201800004697,1,07,000,00,2,2,13,A01
201800004698,1,10,000,01,0,1,01,C01
201800004698,1,07,000,12,2,6,01,B01
201800004698,1,07,000,12,0,7,19,A01
201800004699,1,10,000,00,2,2,17,A01
201800004699,1,01,000,00,2,3,13,B01
201800004700,2,10,000,00,2,1,13,A01
201800004700,1,07,000,00,2,1,01,B01
201800004701,1,07,000,16,0,9,01,A01
201800004702,1,02,000,02,0,1,14,A01
201800004703,1,33,000,00,6,1,01,A01
201800004704,1,07,000,00,2,3,01,B01
201800004704,2,07,000,00,2,3,05,A01
201800004705,1,07,000,00,2,2,15,A01
201800004705,2,33,000,00,2,1,01,B01
201800004706,1,07,000,02,0,1,14,A01
201800004707,2,36,000,00,2,3,19,A01
201800004707,2,10,000,00,2,3,01,B01
201800004708,1,07,000,00,2,2,10,A01
201800004708,1,07,000,00,2,2,13,B01
201800004709,1,07,000,06,0,2,14,A01
201800004710,1,07,000,05,0,1,01,B01
201800004710,2,07,000,00,2,1,13,A01
201800004711,2,33,000,00,2,1,01,A01
201800004711,1,07,000,00,2,3,09,B01
201800004712,1,33,000,00,2,7,18,A01
201800004712,1,33,000,00,0,8,01,B01
201800004713,1,07,000,00,2,3,01,A01
201800004713,2,07,000,00,2,1,01,B01
201800004714,1,37,042,00,1,5,02,A01
201800004715,1,07,000,02,0,1,14,A01
201800004716,1,07,000,01,2,1,01,C01
201800004716,0,07,000,00,2,3,23,A01
201800004717,1,07,000,02,0,1,01,A01
201800004718,2,07,000,02,0,1,14,A01
201800004719,1,07,000,00,1,3,01,A01
201800004720,1,07,000,00,2,2,12,A01
201800004720,1,33,000,00,2,3,01,B01
201800004721,1,07,000,13,2,3,13,A01
201800004721,2,07,000,00,2,1,01,B01
201800004721,2,07,000,00,2,6,02,C01
201800004722,2,01,000,16,0,9,01,A01
201800004723,1,02,000,16,0,8,15,A01
201800004724,2,07,000,00,2,9,01,B01
201800004724,2,07,000,00,2,8,01,C01
201800004724,2,33,000,00,2,4,01,A01
201800004725,2,07,000,02,0,7,14,A01
201800004726,1,02,000,06,0,1,01,A01
201800004727,1,33,000,01,0,1,01,A01
201800004727,1,07,000,,2,4,24,B02
201800004728,0,07,000,00,1,7,01,A01
201800004729,2,33,000,14,0,1,01,A01
201800004730,2,07,000,00,2,1,01,A01
201800004730,2,30,000,00,2,4,02,B01
201800004731,1,10,000,00,2,8,11,A01
201800004731,1,33,000,04,2,1,17,B01
201800004732,1,07,000,00,2,3,15,A01
201800004732,2,07,000,00,2,3,01,B01
201800004733,2,07,000,00,2,2,09,B01
201800004733,1,01,000,00,2,2,01,A01
201800004734,0,33,000,02,0,7,14,A01
201800004735,1,07,000,00,1,2,01,A01
201800004736,1,07,000,00,2,1,01,A01
201800004736,1,07,000,00,2,4,23,B01
201800004737,2,07,000,00,2,3,21,B01
201800004737,1,07,000,00,2,3,13,A01
201800004738,1,10,000,00,2,1,02,A01
201800004738,1,07,000,00,0,4,23,C01
201800004738,1,10,000,01,0,4,23,B01
201800004739,2,37,001,00,0,1,01,B01
201800004739,1,07,000,00,0,7,19,A01
201800004740,1,01,000,00,2,7,01,B01
201800004740,1,07,000,00,2,3,19,A01
201800004741,2,07,000,00,0,8,10,A01
201800004741,2,07,000,00,0,1,00,B01
201800004742,2,07,000,00,2,1,05,A01
201800004742,1,07,000,00,2,1,01,B01
201800004743,2,07,000,02,0,3,17,A01
201800004744,2,07,000,00,2,1,05,A01
201800004744,1,15,000,00,2,8,01,B01
201800004745,1,07,000,00,2,8,00,B01
201800004745,2,07,000,00,2,3,00,A01
201800004746,1,07,000,00,2,3,01,A01
201800004746,2,14,000,00,2,3,15,B01
201800004747,1,07,000,00,2,3,17,A01
201800004747,2,30,000,00,2,1,01,B01
201800004748,2,07,000,06,0,0,01,A01
201800004748,1,07,000,00,0,3,01,B01
201800004749,0,07,000,02,0,3,01,A01
201800004750,2,07,000,00,2,1,01,A01
201800004750,2,33,000,00,0,4,16,B01
201800004751,1,07,000,00,2,8,09,C01
201800004751,1,07,000,00,2,3,09,A01
201800004751,2,17,000,00,2,1,01,B01
201800004752,1,02,000,01,0,1,01,A01
201800004753,1,07,000,00,2,8,01,A01
201800004753,2,10,000,00,2,8,01,B01
201800004753,2,07,000,00,2,1,21,C01
201800004754,1,07,000,00,0,9,00,A01
201800004755,1,07,000,00,1,1,01,A01
201800004756,1,07,000,00,2,1,13,A01
201800004756,2,07,000,00,2,1,01,B01
201800004757,2,07,000,00,1,2,09,A01
201800004758,0,07,000,00,2,7,15,A01
201800004758,0,01,000,00,2,1,01,B01
201800004759,1,07,000,00,1,3,01,A01
201800004760,1,33,000,13,0,1,14,A01
201800004761,2,01,000,00,0,1,15,A01
201800004762,0,07,000,00,1,2,01,A01
201800004763,1,07,000,00,2,3,13,A01
201800004763,1,07,000,04,2,2,17,B01
201800004764,1,07,000,00,2,3,01,A01
201800004764,2,07,000,00,2,3,13,B01
201800004765,2,07,000,00,2,1,01,B01
201800004765,1,07,000,00,2,3,01,C01
201800004765,2,07,000,00,2,3,19,A01
201800004766,1,07,000,00,2,8,01,B01
201800004766,0,33,000,00,2,1,09,A01
201800004767,2,07,000,00,2,8,23,C01
201800004767,1,07,000,00,2,7,16,A01
201800004767,1,33,000,00,2,1,01,B01
201800004768,1,07,000,00,2,6,00,A01
201800004768,2,10,000,00,2,3,00,B01
201800004769,1,07,000,00,2,1,19,A01
201800004769,2,07,000,12,0,8,01,B01
201800004770,0,10,000,00,1,5,04,A01
201800004771,0,07,000,00,2,1,02,A01
201800004771,1,07,000,00,0,4,02,B01
201800004772,2,07,000,00,1,2,01,A01
201800004773,1,07,000,00,1,3,01,A01
201800004774,2,07,000,00,2,3,01,A01
201800004774,1,07,000,00,2,1,15,B01
201800004775,2,07,000,00,2,1,01,A01
201800004775,2,07,000,13,2,3,01,B01
201800004775,1,07,000,13,2,1,06,C01
201800004775,2,07,000,13,2,6,01,D01
201800004776,1,01,000,00,2,1,01,B01
201800004776,1,07,000,00,2,6,16,A01
201800004777,1,10,000,00,2,2,15,A01
201800004777,2,33,000,00,2,1,01,B01
201800004778,2,10,000,00,2,6,10,A01
201800004778,2,33,000,00,2,1,01,B01
201800004779,1,07,000,00,0,0,00,A01
201800004780,2,33,000,00,0,1,01,B01
201800004780,1,07,000,00,0,8,19,A01
201800004781,1,07,000,13,2,1,17,A01
201800004781,2,07,000,13,2,1,01,B01
201800004781,1,07,000,00,9,1,01,C01
201800004782,2,33,000,03,0,7,00,A01
201800004783,1,07,000,00,2,1,21,B01
201800004783,2,07,000,00,2,1,21,C01
201800004783,0,07,000,00,2,3,00,A01
201800004784,1,31,000,00,1,0,17,A01
201800004785,2,10,000,00,2,1,02,A01
201800004785,2,10,000,00,0,4,02,B01
201800004786,2,33,000,00,2,7,01,B01
201800004786,1,07,000,00,2,5,15,A01
201800004787,1,02,000,07,0,0,01,A01
201800004788,1,07,000,13,0,1,14,A01
201800004789,1,07,000,13,0,9,01,A01
201800004790,1,07,000,00,2,1,17,A01
201800004790,2,07,000,00,2,1,01,B01
201800004791,2,07,000,00,2,7,01,A01
201800004791,1,07,000,00,2,1,01,B01
201800004792,2,07,000,00,2,3,15,A01
201800004792,1,02,000,00,2,1,01,B01
201800004793,2,07,000,07,2,2,15,A01
201800004793,2,07,000,07,2,8,01,B01
201800004794,1,07,000,14,0,3,01,A01
201800004795,1,30,000,00,0,7,01,B01
201800004795,1,07,000,00,0,1,19,A01
201800004796,1,07,000,00,2,1,13,A01
201800004796,2,17,000,13,2,1,01,B01
201800004797,1,07,000,02,0,1,13,A01
201800004798,1,33,000,00,0,4,23,A01
201800004798,1,07,000,00,2,1,02,B01
201800004799,1,34,000,00,0,0,00,A01
201800004800,2,07,000,00,0,2,02,A01
201800004800,2,07,000,00,0,4,23,B01
201800004800,2,07,000,01,0,4,23,C01
201800004800,2,10,000,00,0,4,23,D01
201800004801,2,07,000,00,0,0,17,A01
201800004801,1,07,000,13,0,1,21,B01
201800004802,1,07,000,00,0,0,00,A01
201800004802,1,07,000,00,2,0,01,B01
201800004802,2,07,000,00,2,0,01,C01
201800004803,2,07,000,08,0,4,14,A01
201800004804,2,07,000,00,0,1,01,A01
201800004805,2,07,000,01,0,1,14,A01
201800004805,2,15,000,00,0,4,24,B01
201800004806,1,33,000,06,0,1,00,A01
201800004807,1,10,000,00,2,4,15,A01
201800004807,1,10,000,00,0,1,01,B01
201800004807,1,10,000,00,0,1,01,C01
201800004807,2,15,000,03,2,1,01,D01
201800004808,1,33,000,00,2,1,02,A01
201800004808,1,21,000,00,2,4,02,B01
201800004809,1,14,000,00,2,3,01,B01
201800004809,2,07,000,00,2,3,13,A01
201800004810,0,07,000,00,1,2,01,A01
201800004811,2,07,000,02,0,2,14,A01
201800004812,1,33,000,02,0,0,00,A01
201800004813,1,07,000,00,2,3,01,B01
201800004813,0,07,000,00,2,6,20,A01
201800004814,1,01,000,00,2,3,13,B01
201800004814,0,07,000,00,9,3,00,A01
201800004815,2,07,000,02,0,8,14,A01
201800004816,0,07,000,00,1,0,24,A01
201800004817,2,07,000,00,2,1,17,A01
201800004817,2,07,000,00,2,8,15,B01
201800004818,1,10,000,02,0,1,01,A01
201800004819,2,07,000,13,0,1,19,A01
201800004820,2,07,000,00,2,7,15,B01
201800004820,1,33,000,00,2,1,01,A01
201800004821,1,33,000,00,0,9,13,A01
201800004822,0,07,000,02,0,1,00,A01
201800004823,2,07,000,00,9,1,01,A01
201800004823,1,01,000,00,2,1,05,B01
201800004824,2,07,000,00,2,3,13,A01
201800004824,1,03,000,00,2,3,01,B01
201800004825,0,07,000,00,2,1,01,A01
201800004825,0,07,000,02,2,3,01,B01
201800004826,2,07,000,00,2,1,09,A01
201800004826,2,07,000,00,2,2,02,B01
201800004827,2,07,000,00,0,7,15,A01
201800004827,1,30,000,00,2,1,01,B01
201800004828,2,07,000,00,2,6,11,A01
201800004828,2,33,000,00,2,2,01,B01
201800004829,1,10,000,00,2,1,00,A01
201800004829,1,07,000,00,2,4,01,B01
201800004830,2,07,000,00,2,3,10,A01
201800004830,2,33,000,00,2,1,05,B01
201800004831,1,07,000,00,2,1,01,B01
201800004831,0,07,000,00,2,1,01,A01
201800004832,1,07,000,00,2,1,05,A01
201800004832,2,07,000,00,2,1,01,B01
201800004832,2,07,000,12,0,2,01,C01
201800004833,2,36,000,07,0,3,01,A01
201800004834,1,07,000,03,0,3,01,A01
201800004835,0,33,000,02,0,1,01,A01
201800004836,2,01,000,00,2,1,01,A01
201800004836,2,10,000,00,9,8,15,B01
201800004837,1,07,000,00,2,1,02,A01
201800004837,1,07,000,00,2,4,02,B01
201800004838,1,33,000,00,0,9,15,A01
201800004839,1,34,000,00,2,1,13,A01
201800004839,2,17,000,00,2,3,01,B01
201800004840,1,07,000,00,1,1,01,A01
201800004841,1,07,000,00,2,3,01,B01
201800004841,1,07,000,00,9,3,01,D01
201800004841,2,07,000,00,2,3,01,A01
201800004841,1,07,000,00,2,2,02,C01
201800004842,1,07,000,00,9,9,01,A01
201800004843,1,07,000,00,1,1,01,A01
201800004844,1,07,000,00,2,3,15,A01
201800004844,2,07,000,00,2,3,01,B01
201800004845,1,07,000,06,0,1,13,A01
201800004846,2,07,000,02,0,7,13,A01
201800004847,2,33,000,13,0,1,01,A01
201800004847,1,21,000,00,0,0,01,B01
201800004848,2,07,000,00,0,0,01,A01
201800004849,2,14,000,00,2,3,05,A01
201800004849,1,15,000,00,2,3,01,B01
201800004850,1,07,000,00,2,2,17,A01
201800004850,2,31,000,00,2,1,01,B01
201800004851,2,33,000,00,0,0,01,A01
201800004852,1,07,000,02,0,3,01,A01
201800004853,2,07,000,00,2,1,15,A01
201800004853,1,07,000,00,2,1,01,B01
201800004853,2,37,020,00,2,8,23,C01
201800004854,2,07,000,00,2,7,02,A01
201800004854,2,07,000,00,2,1,02,B01
201800004855,2,15,000,00,2,1,01,B01
201800004855,2,33,000,00,2,4,09,A01
201800004856,2,07,000,00,0,9,01,A01
201800004857,1,07,000,02,0,1,16,A01
201800004858,1,07,000,00,2,7,01,B01
201800004858,1,02,000,00,2,1,19,A01
201800004859,2,07,000,08,0,1,14,A01
201800004860,1,07,000,00,2,3,17,A01
201800004860,1,33,000,00,2,8,21,B01
201800004861,1,02,000,09,0,1,01,A01
201800004862,2,07,000,13,0,1,00,A01
201800004863,2,35,000,00,0,4,00,A01
201800004864,1,02,000,00,2,2,01,A01
201800004864,1,07,000,00,2,1,15,B01
201800004865,1,07,000,08,0,5,01,A01
201800004866,1,07,000,00,2,1,15,A01
201800004866,2,07,000,00,2,3,01,B01
201800004867,2,07,000,00,1,2,01,A01
201800004868,1,07,000,00,2,3,13,A01
201800004868,1,17,000,00,2,3,01,B01
201800004869,1,07,000,01,0,1,01,A01
201800004869,1,15,000,00,0,6,23,B01
201800004869,1,07,000,00,2,1,01,C01
201800004870,1,07,000,00,2,8,09,A01
201800004870,2,33,000,00,2,1,21,B01
201800004871,1,07,000,00,2,3,13,A01
201800004871,2,07,000,01,1,8,01,B01
201800004871,2,07,000,00,2,1,01,D01
201800004872,1,07,000,00,2,3,01,A01
201800004872,1,01,000,00,2,1,05,B01
201800004873,1,07,000,00,2,7,01,A01
201800004873,2,15,000,00,2,1,01,B01
201800004874,2,07,000,00,2,3,13,A01
201800004874,1,07,000,00,2,3,01,B01
201800004875,2,07,000,13,0,1,01,A01
201800004876,2,07,000,00,1,1,01,A01
201800004877,2,07,000,13,0,9,00,A01
201800004878,0,07,000,00,1,3,01,A01
201800004879,1,02,000,00,0,7,01,A01
201800004880,0,01,000,00,0,7,01,A01
201800004881,1,07,000,01,1,2,14,A01
201800004882,2,01,000,00,2,1,02,A01
201800004882,2,07,000,00,0,4,02,B01
201800004883,2,10,000,02,0,9,01,A01
201800004884,1,07,000,00,2,1,01,B01
201800004884,0,07,000,07,0,7,01,A01
201800004885,1,07,000,00,2,1,01,B01
201800004885,0,07,000,07,0,2,09,A01
201800004886,1,07,000,13,0,9,13,A01
201800004887,1,07,000,00,0,4,15,B01
201800004887,1,07,000,00,2,1,01,A01
201800004888,1,14,000,00,2,1,01,B01
201800004888,1,07,000,00,2,8,09,A01
201800004889,2,07,000,00,1,1,01,A01
201800004890,1,10,000,00,1,2,21,A01
201800004891,2,07,000,13,0,9,21,A01
201800004892,2,10,000,00,1,3,01,A01
201800004893,1,07,000,00,0,6,01,B01
201800004893,1,33,000,00,2,1,17,A01
201800004894,0,07,000,00,2,3,23,C01
201800004894,0,07,000,00,2,3,15,A01
201800004894,0,34,000,00,2,8,01,B01
201800004895,1,07,000,03,2,2,13,A01
201800004895,2,13,000,00,2,2,21,B01
201800004896,1,33,000,00,2,3,16,A01
201800004896,2,07,000,00,2,8,01,B01
201800004896,2,07,000,00,2,1,01,C01
201800004897,1,33,000,00,2,2,00,A01
201800004897,1,07,000,00,2,8,01,B01
201800004898,0,07,000,02,0,3,21,A01
201800004899,2,07,000,00,2,3,13,A01
201800004899,1,31,000,00,2,1,01,B01
201800004900,2,07,000,00,2,3,19,A01
201800004900,0,07,000,00,2,3,01,B01
201800004901,2,02,000,00,0,8,15,A01
201800004902,1,07,000,00,2,7,00,A01
201800004902,2,07,000,00,2,1,00,B01
201800004903,2,07,000,00,2,2,02,A01
201800004903,1,33,000,00,2,1,00,B01
201800004904,1,07,000,00,2,3,00,B01
201800004904,2,07,000,00,2,3,05,A01
201800004905,0,33,000,00,0,0,01,A01
201800004906,0,07,000,02,0,3,01,A01
201800004907,1,07,000,00,2,2,01,A01
201800004907,1,01,000,00,2,4,01,B01
201800004908,2,07,000,00,2,3,01,A01
201800004908,1,07,000,00,2,3,01,B01
201800004909,1,07,000,13,0,1,17,A01
201800004910,1,13,000,00,0,3,23,C01
201800004910,2,07,000,00,0,2,19,A01
201800004910,2,07,000,00,2,1,01,B01
201800004911,1,07,000,14,2,2,01,B01
201800004911,0,07,000,00,2,1,19,A01
201800004912,1,07,000,00,2,1,19,A01
201800004912,2,07,000,00,2,1,23,C01
201800004912,2,07,000,00,2,6,01,B01
201800004913,2,07,000,16,0,1,13,A01
201800004914,2,07,000,08,2,6,01,B01
201800004914,0,07,000,00,2,3,19,A01
201800004915,2,07,000,00,2,8,19,A01
201800004915,2,07,000,00,2,1,01,B01
201800004916,2,07,000,02,0,0,01,A01
201800004917,1,13,000,00,2,1,01,B01
201800004917,2,07,000,00,2,8,19,A01
201800004918,2,07,000,08,0,3,01,A01
201800004919,2,07,000,00,2,3,11,A01
201800004919,1,07,000,00,2,3,01,B01
201800004920,0,07,000,00,1,1,01,A01
201800004921,1,07,000,08,2,1,01,A01
201800004922,2,07,000,02,0,7,01,A01
201800004923,0,07,000,00,1,3,01,A01
201800004924,1,02,000,00,0,7,01,A01
201800004925,1,33,000,00,2,1,01,A01
201800004925,1,07,000,00,2,2,15,B01
201800004926,1,15,000,00,0,8,01,A01
201800004927,1,07,000,07,0,3,00,B01
201800004927,0,07,000,00,2,1,19,A01
201800004928,1,07,000,00,2,1,01,B01
201800004928,1,01,000,00,9,2,19,A01
201800004929,0,02,000,01,0,1,00,A01
201800004930,2,07,000,00,0,0,01,A01
201800004931,0,07,000,06,0,1,01,A01
201800004932,1,07,000,00,1,2,01,A01
201800004933,0,03,000,01,0,7,01,A01
201800004934,1,30,000,00,0,7,01,A01
201800004935,2,33,000,00,0,0,00,A01
201800004936,2,07,000,00,1,2,01,A01
201800004937,1,07,000,00,1,2,01,A01
201800004938,1,01,000,00,0,1,01,A01
201800004939,1,33,000,00,0,7,00,A01
201800004940,2,10,000,07,2,1,01,A01
201800004940,2,07,000,00,2,7,01,B01
201800004941,1,07,000,13,0,3,13,A01
201800004942,2,07,000,13,0,1,21,A01
201800004942,2,07,000,00,0,0,09,B01
201800004943,0,07,000,00,0,4,23,B01
201800004943,2,07,000,00,2,1,02,A01
201800004944,1,07,000,13,0,2,01,A01
201800004945,2,07,000,02,0,1,01,A01
201800004946,1,07,000,00,2,1,13,A01
201800004946,2,10,000,00,2,1,01,B01
201800004947,0,07,000,00,2,3,01,B01
201800004947,0,07,000,00,2,3,01,A01
201800004948,1,07,000,00,2,4,02,B01
201800004948,1,15,000,00,2,1,02,A01
201800004949,2,33,000,00,2,8,01,B01
201800004949,2,07,000,00,2,1,15,A01
201800004950,2,07,000,02,0,0,01,A01
201800004951,2,07,000,00,2,2,21,C01
201800004951,2,07,000,00,2,1,02,B01
201800004951,2,07,000,13,0,4,06,A01
201800004952,1,02,000,08,0,1,14,A01
201800004953,1,15,000,00,1,3,15,A01
201800004954,2,07,000,00,0,3,20,B01
201800004954,2,31,000,01,2,5,17,A01
201800004955,1,07,000,13,0,3,13,A01
201800004956,1,07,000,13,0,2,01,A01
201800004957,2,07,000,00,2,1,15,A01
201800004957,1,33,000,00,2,1,01,B01
201800004958,1,07,000,09,0,1,06,A01
201800004959,1,07,000,00,2,3,13,A01
201800004959,2,07,000,00,2,3,01,B01
201800004960,1,07,000,00,2,2,15,A01
201800004960,2,31,000,00,2,1,01,B01
201800004961,1,07,000,00,0,6,15,A01
201800004961,1,31,000,00,2,1,17,B01
201800004962,2,07,000,02,0,2,14,A01
201800004963,2,07,000,00,1,2,01,A01
201800004964,2,33,000,00,0,0,00,A01
201800004965,1,07,000,00,0,3,00,A01
201800004966,2,07,000,02,0,0,01,A01
201800004967,2,02,000,14,0,1,01,A01
201800004967,2,07,000,00,0,6,23,B01
201800004968,0,07,000,09,1,1,01,A01
201800004969,1,07,000,00,0,5,06,A01
201800004969,1,02,000,00,2,1,09,B01
201800004970,1,33,000,00,2,2,21,A01
201800004970,2,07,000,00,2,5,15,B01
201800004971,2,07,000,00,2,3,13,A01
201800004971,1,07,000,00,2,3,01,B01
201800004971,1,07,000,00,2,1,01,C01
201800004972,1,07,000,00,2,3,09,B01
201800004972,1,07,000,00,2,7,01,A01
201800004973,1,07,000,00,2,1,00,A01
201800004973,2,07,000,00,2,8,00,B01
201800004974,1,01,000,00,2,0,00,A01
201800004974,1,07,000,00,9,2,00,B01
201800004975,0,02,000,00,2,1,01,A01
201800004975,0,02,000,00,2,4,01,B01
201800004976,1,33,000,15,0,1,21,A01
201800004977,2,02,000,00,2,3,02,A01
201800004977,2,07,000,00,0,4,23,B01
201800004978,0,01,000,00,0,1,00,A01
201800004979,1,07,000,03,0,3,01,A01
201800004980,2,07,000,00,0,3,09,A01
201800004980,1,02,000,00,2,1,01,B01
201800004981,1,15,000,00,2,3,02,A01
201800004981,1,07,000,08,2,6,02,B01
201800004982,2,07,000,00,9,2,17,A01
201800004982,1,01,000,00,0,4,02,B01
201800004983,2,07,000,00,0,3,01,A01
201800004984,1,07,000,00,2,1,13,A01
201800004984,2,07,000,00,2,1,17,B01
201800004985,2,07,000,00,1,2,01,A01
201800004986,1,33,000,11,0,8,01,A01