Num_Acc,senc,catv,occutc,obs,obsm,choc,manv,num_veh
201800004987,0,07,000,06,0,8,01,A01
201800004988,1,07,000,00,2,8,01,A01
201800004988,1,07,000,00,2,7,17,B01
201800004989,2,07,000,00,2,3,13,A01
201800004989,2,07,000,00,0,3,01,B01
201800004990,2,07,000,06,0,8,01,A01
201800004991,1,07,000,02,0,1,01,A01
201800004992,2,34,000,00,0,0,01,A01
201800004993,0,01,000,00,2,7,01,A01
201800004993,0,01,000,00,2,1,01,B01
201800004993,0,01,000,00,2,8,18,C01
201800004994,2,07,000,13,0,9,01,A01
201800004995,0,07,000,00,1,1,01,A01
201800004996,0,07,000,00,9,3,09,A01
201800004996,0,01,000,00,2,5,15,B01
201800004997,2,07,000,00,2,3,01,A01
201800004997,1,07,000,00,2,3,13,B01
201800004998,0,07,000,02,0,1,19,A01
201800004999,2,07,000,02,0,2,01,A01
201800005000,2,07,000,00,2,1,01,B01
201800005000,1,07,000,00,2,2,13,A01
201800005001,0,33,000,16,0,0,00,A01
201800005002,1,07,000,02,0,1,16,A01
201800005003,2,07,000,13,0,3,01,A01
201800005004,1,07,000,02,0,2,01,A01
201800005005,2,07,000,00,2,1,15,B01
201800005005,0,07,000,00,0,5,15,A01
201800005006,0,07,000,00,2,3,01,C01
201800005006,0,07,000,00,2,0,00,B01
201800005006,0,07,000,00,0,0,00,A01
201800005007,2,07,000,13,0,2,01,A01
201800005008,2,07,000,00,1,2,01,A01
201800005009,2,07,000,08,0,1,13,A01
201800005010,1,02,000,08,0,1,00,A01
201800005011,2,17,000,00,0,7,01,A01
201800005012,2,07,000,13,0,1,14,A01
201800005013,1,07,000,06,0,1,17,A01
201800005014,1,07,000,13,0,1,01,A01
201800005015,2,07,000,00,0,1,13,A01
201800005015,1,07,000,00,0,1,01,B01
201800005016,2,07,000,00,2,1,02,A01
201800005016,2,07,000,00,2,4,02,B01
201800005017,1,07,000,02,0,1,14,A01
201800005018,2,10,000,07,2,8,01,A01
201800005018,1,07,000,07,2,1,01,B01
201800005019,1,33,000,00,0,0,01,A01
201800005020,1,07,000,06,0,1,01,A01
201800005021,0,01,000,00,2,1,01,B01
201800005021,0,07,000,00,9,4,04,A01
201800005022,0,33,000,00,0,7,01,A01
201800005023,1,07,000,00,2,3,09,A01
201800005023,2,33,000,00,2,7,15,B01
201800005024,0,02,000,00,2,1,13,A01
201800005024,0,07,000,00,2,1,16,B01
201800005025,1,02,000,00,2,7,01,A01
201800005025,0,07,000,00,2,1,15,B01
201800005026,1,02,000,13,0,1,13,A01
201800005027,2,07,000,00,1,3,01,A01
201800005028,0,07,000,00,2,2,09,A01
201800005028,0,01,000,00,2,8,00,B01
201800005029,0,07,000,02,0,1,21,A01
201800005030,2,07,000,00,0,4,23,A01
201800005030,2,07,000,00,2,1,02,B01
201800005031,1,33,000,00,0,0,10,A01
201800005032,1,07,000,01,0,1,01,A01
201800005032,1,10,000,00,0,4,23,B01
201800005033,2,33,000,15,0,1,16,A01
201800005034,0,07,000,00,2,8,10,A01
201800005034,0,33,000,00,2,1,02,B01
201800005035,0,01,000,00,2,4,02,B01
201800005035,0,07,000,00,9,2,01,A01
201800005036,0,33,000,00,2,1,01,B01
201800005036,0,07,000,00,0,2,15,A01
201800005037,0,33,000,05,0,1,01,A01
201800005038,2,07,000,00,1,2,01,A01
201800005039,0,33,000,00,1,2,01,A01
201800005040,1,07,000,00,2,1,01,B01
201800005040,1,07,000,00,2,2,01,A01
201800005041,0,07,000,00,1,2,01,A01
201800005042,0,07,000,00,2,3,20,A01
201800005042,0,31,000,00,2,1,01,B01
201800005043,1,07,000,00,2,2,10,B01
201800005043,2,34,000,00,2,1,01,A01
201800005044,2,07,000,00,2,8,01,B01
201800005044,1,30,000,00,2,1,15,A01
201800005045,0,07,000,01,0,2,01,A01
201800005046,0,07,000,00,9,8,24,A01
201800005046,0,01,000,01,0,7,01,B01
201800005047,0,07,000,01,0,3,13,A01
201800005048,2,30,000,00,2,4,02,B01
201800005048,2,07,000,00,2,3,02,A01
201800005049,2,02,000,00,2,5,01,A01
201800005049,1,02,000,00,2,2,05,B01
201800005050,1,02,000,00,2,1,17,B01
201800005050,1,07,000,00,0,3,15,A01
201800005051,1,07,000,00,2,1,01,B01
201800005051,2,07,000,00,2,1,15,A01
201800005052,1,07,000,00,1,2,12,A01
201800005053,2,10,000,13,0,1,01,A01
201800005054,2,01,000,00,0,4,02,B01
201800005054,2,07,000,00,2,2,02,A01
201800005055,2,07,000,00,1,2,01,A01
201800005056,2,07,000,06,0,1,01,A01
201800005057,1,10,000,02,0,1,06,A01
201800005058,1,31,000,08,0,1,01,A01
201800005059,2,07,000,00,2,3,09,B01
201800005059,1,33,000,00,2,1,21,A01
201800005060,1,07,000,15,1,1,01,A01
201800005061,1,07,000,06,1,2,14,A01
201800005062,2,07,000,00,2,1,15,A01
201800005062,1,31,000,00,2,1,01,B01
201800005063,2,33,000,14,1,1,01,A01
201800005064,1,33,000,00,2,1,23,C01
201800005064,1,07,000,00,2,4,23,A01
201800005064,1,07,000,00,2,1,23,B01
201800005065,0,37,001,00,1,0,15,A01
201800005066,2,07,000,00,1,1,00,A01
201800005067,2,07,000,00,1,1,00,A01
201800005068,2,07,000,02,0,1,13,A01
201800005069,1,20,000,04,2,1,00,A01
201800005069,1,33,000,04,2,1,13,B01
201800005070,2,10,000,08,2,1,21,A01
201800005070,2,07,000,00,2,4,23,B01
201800005070,2,07,000,00,2,6,02,C01
201800005070,2,07,000,00,2,5,02,D01
201800005071,1,32,000,00,2,1,17,A01
201800005071,1,07,000,00,2,4,02,B01
201800005072,1,07,000,00,2,3,15,A01
201800005072,2,32,000,00,2,1,17,B01
201800005073,1,20,000,00,0,4,01,B01
201800005073,1,33,000,00,2,1,00,A01
201800005074,2,07,000,00,2,8,15,A01
201800005074,2,34,000,00,2,8,01,B01
201800005075,0,34,000,00,2,1,17,A01
201800005075,0,07,000,00,2,8,15,B01
201800005076,2,30,000,00,0,0,00,A01
201800005077,2,01,000,00,1,1,14,A01
201800005078,1,33,000,00,2,1,01,A01
201800005078,2,07,000,00,2,2,15,B01
201800005079,1,33,000,00,0,1,00,A01
201800005080,2,33,000,08,0,1,13,A01
201800005081,2,07,000,02,0,1,00,A01
201800005082,1,07,000,00,2,5,15,A01
201800005082,2,02,000,00,2,1,01,B01
201800005083,2,07,000,00,2,2,01,A01
201800005083,1,01,000,00,2,6,01,B01
201800005084,1,30,000,00,2,8,19,A01
201800005084,2,34,000,00,2,1,00,B01
201800005085,1,30,000,01,0,1,14,A01
201800005086,1,07,000,00,1,8,00,A01
201800005087,2,07,000,00,2,4,01,A01
201800005087,2,30,000,00,2,1,11,B01
201800005088,1,07,000,00,2,8,15,A01
201800005088,1,30,000,00,2,1,02,B01
201800005089,1,07,000,00,2,3,15,A01
201800005089,2,33,000,00,2,1,00,B01
201800005090,2,31,000,00,2,1,01,B01
201800005090,2,07,000,00,2,3,16,A01
201800005091,0,10,000,00,1,7,20,A01
201800005092,0,30,000,00,2,1,13,A01
201800005092,0,07,000,00,2,1,01,B01
201800005093,0,07,000,14,2,8,01,A01
201800005093,0,34,000,14,2,7,17,B01
201800005093,0,07,000,00,2,3,01,C01
201800005094,0,07,000,00,2,1,09,A01
201800005094,0,33,000,00,2,8,01,B01
201800005095,2,07,000,00,2,8,13,A01
201800005095,2,32,000,00,2,7,17,B01
201800005096,1,07,000,00,1,2,01,A01
201800005097,2,30,000,15,0,1,14,A01
201800005098,2,32,000,00,2,2,15,A01
201800005098,1,07,000,00,2,3,12,B01
201800005099,1,07,000,00,2,2,15,A01
201800005099,2,30,000,00,2,1,01,B01
201800005100,1,07,000,00,2,2,15,Z01
201800005100,2,34,000,00,2,3,01,A01
201800005101,1,07,000,00,2,3,09,A01
201800005101,2,33,000,00,2,1,17,B01
201800005102,1,07,000,00,2,1,05,A01
201800005102,2,07,000,00,2,1,01,B01
201800005103,2,10,000,00,2,2,17,A01
201800005103,2,07,000,00,2,3,09,B01
201800005104,1,07,000,00,2,7,00,B01
201800005104,2,07,000,00,2,3,00,A01
201800005105,2,31,000,00,2,1,17,A01
201800005105,1,07,000,00,2,3,09,B01
201800005106,1,07,000,00,1,1,01,A01
201800005107,2,30,000,00,2,1,02,A01
201800005107,2,07,000,00,2,4,01,B01
201800005108,1,07,000,00,2,3,11,A01
201800005108,1,33,000,00,2,7,02,B01
201800005109,1,07,000,00,2,6,15,A01
201800005109,1,33,000,00,2,6,17,B01
201800005110,1,07,000,00,2,3,15,B01
201800005110,1,07,000,00,2,2,01,A01
201800005111,1,10,000,00,2,3,10,A01
201800005111,1,32,000,00,2,1,02,B01
201800005112,1,07,000,00,2,2,17,A01
201800005112,1,07,000,00,2,6,01,B01
201800005113,1,07,000,00,1,2,01,A01
201800005114,2,07,000,00,2,5,17,A01
201800005114,2,14,000,00,2,2,11,B01
201800005115,1,31,000,00,2,1,01,B01
201800005115,1,07,000,00,9,8,10,A01
201800005116,1,07,000,00,2,2,09,A01
201800005116,1,01,000,00,2,1,01,B01
201800005117,2,31,000,00,2,1,18,A01
201800005117,2,07,000,00,2,5,01,B01
201800005118,1,07,000,00,2,3,15,B01
201800005118,2,31,000,00,2,1,03,A01
201800005119,1,07,000,00,1,3,15,A01
201800005120,1,30,000,00,1,1,16,A01
201800005121,0,34,000,00,2,1,01,A01
201800005121,2,99,000,00,2,0,00,B01
201800005121,1,07,000,00,2,1,23,C01
201800005122,1,30,000,00,1,1,17,A01
201800005123,1,07,000,00,2,7,15,A01
201800005123,1,33,000,00,2,1,01,B01
201800005124,2,32,000,00,2,1,17,A01
201800005124,2,07,000,00,2,3,11,B01
201800005124,1,07,000,00,2,3,01,C01
201800005125,1,07,000,00,2,7,15,B01
201800005125,2,07,000,00,2,1,01,A01
201800005126,0,07,000,00,2,8,15,B01
201800005126,0,07,000,00,2,1,01,A01
201800005127,2,30,000,00,2,2,17,A01
201800005127,2,07,000,00,2,3,15,B01
201800005128,0,07,000,00,2,1,02,A01
201800005128,0,07,000,00,2,4,02,B01
201800005129,0,07,000,00,2,2,13,A01
201800005129,0,07,000,00,2,3,01,B01
201800005129,0,10,000,00,2,1,16,C01
201800005130,1,30,000,00,2,8,00,A01
201800005130,1,07,000,00,2,5,00,B01
201800005131,1,07,000,00,2,2,15,A01
201800005131,2,33,000,00,2,1,01,B01
201800005132,1,30,000,00,1,1,00,A01
201800005133,1,07,000,00,2,3,02,A01
201800005133,1,02,000,00,2,4,23,B01
201800005134,1,30,000,00,2,7,14,A01
201800005134,1,07,000,00,2,8,01,B01
201800005135,1,07,000,00,2,3,15,A01
201800005135,2,33,000,00,2,1,01,B01
201800005136,1,07,000,00,2,1,09,A01
201800005136,1,33,000,00,2,7,01,B01
201800005137,2,33,000,00,2,9,00,A01
201800005137,1,07,000,00,2,3,19,B01
201800005138,1,31,000,00,1,1,01,A01
201800005139,1,07,000,00,2,3,14,A01
201800005139,2,07,000,00,2,3,01,B01
201800005140,1,30,000,00,2,1,15,A01
201800005140,2,07,000,00,2,3,16,B01
201800005141,1,10,000,00,2,1,02,A01
201800005141,1,07,000,00,2,4,00,B01
201800005142,2,10,000,00,2,1,01,A01
201800005142,2,07,000,00,2,4,23,B01
201800005143,0,33,000,00,2,1,01,A01
201800005143,0,10,000,00,2,4,02,B01
201800005144,2,07,000,00,2,1,02,A01
201800005144,2,07,000,00,2,4,00,B01
201800005144,2,07,000,00,2,4,02,C01
201800005145,2,30,000,00,2,1,01,A01
201800005145,2,07,000,00,2,6,15,B01
201800005146,1,07,000,00,2,2,15,A01
201800005146,2,07,000,00,2,1,01,B01
201800005147,1,07,000,00,2,0,00,A01
201800005147,1,33,000,00,2,7,01,B01
201800005148,1,33,000,15,0,1,19,A01
201800005149,1,33,000,00,6,2,09,A01
201800005149,2,01,000,00,2,1,01,B01
201800005150,0,33,000,08,0,1,13,A01
201800005151,2,07,000,00,2,7,01,B01
201800005151,2,34,000,00,2,1,01,A01
201800005152,0,07,000,00,6,5,12,A01
201800005152,0,34,000,00,2,1,01,B01
201800005153,0,07,000,00,2,3,13,A01
201800005153,0,02,000,00,2,1,01,B01
201800005154,2,07,000,00,2,3,03,A01
201800005154,1,07,000,00,2,3,01,B01
201800005155,1,07,000,05,2,8,00,A01
201800005155,2,32,000,00,2,1,01,B01
201800005156,1,02,000,00,2,1,11,A01
201800005156,1,07,000,00,2,7,00,B01
201800005157,2,07,000,00,6,3,24,A01
201800005157,2,01,000,01,0,1,01,B01
201800005158,1,02,000,00,2,1,13,A01
201800005158,1,07,000,00,2,3,00,B01
201800005159,1,33,000,00,1,1,01,A01
201800005160,2,33,000,00,2,1,02,A01
201800005160,2,07,000,00,2,4,02,B01
201800005161,1,07,000,00,2,2,09,A01
201800005161,2,32,000,00,2,1,17,B01
201800005162,2,07,000,00,1,2,01,A01
201800005163,1,10,000,00,2,3,16,A01
201800005163,1,33,000,00,2,2,01,B01
201800005164,1,07,000,00,2,3,15,A01
201800005164,1,32,000,00,2,2,00,B01
201800005165,1,07,000,00,1,2,01,A01
201800005166,2,07,000,01,0,2,01,A01
201800005166,2,07,000,01,0,0,00,B01
201800005166,2,07,000,01,0,0,00,C01
201800005167,1,37,050,00,1,7,01,A01
201800005168,2,07,000,00,1,2,01,A01
201800005169,2,07,000,00,2,1,00,A01
201800005169,2,07,000,00,2,4,23,B01
201800005170,1,07,000,00,2,1,00,A01
201800005170,1,30,000,00,2,4,00,B01
201800005171,1,07,000,00,2,1,01,B01
201800005171,2,07,000,00,2,2,00,A01
201800005172,1,37,001,00,2,1,02,A01
201800005172,1,07,000,00,2,4,02,B01
201800005172,1,07,000,00,2,4,02,C01
201800005173,1,07,000,00,6,3,13,A01
201800005173,1,02,000,00,2,9,02,B01
201800005174,1,37,006,01,0,7,00,A01
201800005174,1,30,000,00,2,8,16,B01
201800005175,1,07,000,00,2,1,15,A01
201800005175,1,07,000,00,2,3,01,B01
201800005176,2,33,000,00,2,3,18,A01
201800005176,2,07,000,00,2,2,20,B01
201800005177,1,10,000,00,2,2,15,A01
201800005177,2,34,000,00,2,1,01,B01
201800005178,1,07,000,00,2,3,15,A01
201800005178,1,32,000,00,2,1,17,B01
201800005179,2,07,000,00,2,1,21,A01
201800005179,1,07,000,00,2,3,01,B01
201800005180,1,07,000,00,1,3,00,A01
201800005181,1,07,000,00,2,1,02,A01
201800005181,1,07,000,00,2,4,23,B01
201800005182,2,07,000,08,0,1,13,A01
201800005182,1,10,000,00,2,7,00,B01
201800005182,1,07,000,08,0,8,00,C01
201800005183,2,07,000,00,1,8,15,A01
201800005184,1,07,000,00,2,1,15,A01
201800005184,2,33,000,00,2,1,01,B01
201800005185,1,30,000,00,2,1,02,A01
201800005185,1,07,000,00,2,8,15,B01
201800005186,2,07,000,00,2,1,15,A01
201800005186,1,34,000,00,2,3,01,B01
201800005187,2,37,012,00,1,0,01,A01
201800005188,1,07,000,00,1,2,16,A01
201800005189,2,07,000,08,0,3,21,A01
201800005189,1,07,000,00,2,3,13,B01
201800005190,1,30,000,00,0,0,01,A01
201800005191,1,30,000,00,2,1,01,A01
201800005191,1,07,000,00,2,4,01,B01
201800005192,1,33,000,00,0,1,14,A01
201800005193,1,07,000,00,2,3,15,A01
201800005194,1,07,000,00,2,1,01,A01
201800005194,1,07,000,00,2,1,01,B01
201800005194,1,07,000,01,2,4,24,C01
201800005194,1,07,000,01,2,4,24,D01
201800005195,1,07,000,00,2,2,02,A01
201800005195,1,07,000,00,2,1,09,B01
201800005196,1,30,000,00,0,1,09,A01
201800005197,1,07,000,00,1,1,01,A01
201800005198,2,30,000,00,2,7,09,A01
201800005198,1,07,000,00,2,1,09,B01
201800005199,1,07,000,00,2,1,09,A01
201800005199,1,32,000,00,2,7,01,B01
201800005200,1,07,000,00,1,1,09,A01
201800005201,1,07,000,00,2,5,00,A01
201800005201,1,30,000,00,2,1,01,B01
201800005202,1,07,000,00,1,1,01,A01
201800005203,1,07,000,00,1,1,01,A01
201800005204,1,07,000,06,0,1,02,A01
201800005205,1,07,000,00,1,1,01,A01
201800005206,1,10,000,00,2,3,10,A01
201800005206,1,33,000,00,2,1,01,B01
201800005207,1,31,000,14,0,1,01,A01
201800005208,1,07,000,00,2,5,15,A01
201800005208,1,02,000,00,2,1,01,B01
201800005209,1,33,000,00,2,1,01,A01
201800005209,1,07,000,00,2,1,01,B01
201800005210,1,07,000,00,1,0,01,A01
201800005211,1,07,000,00,2,2,01,B01
201800005211,1,07,000,00,2,1,19,A01
201800005212,1,32,000,00,2,1,01,A01
201800005212,1,07,000,00,2,4,01,B01
201800005213,1,07,000,00,1,3,01,A01
201800005214,1,07,000,00,2,3,15,A01
201800005214,1,30,000,00,2,1,01,B01
201800005215,0,10,000,00,2,1,02,A01
201800005215,0,38,001,00,2,4,01,B01
201800005216,1,07,000,00,1,3,01,A01
201800005217,1,33,000,00,1,1,02,A01
201800005218,1,32,000,00,2,1,17,A01
201800005218,2,10,000,00,2,2,00,B01
201800005219,0,10,000,00,1,1,01,A01
201800005220,0,07,000,00,2,2,05,A01
201800005220,1,37,010,00,2,1,01,B01
201800005221,0,10,000,00,2,4,01,A01
201800005221,0,01,000,00,2,1,01,B01
201800005222,0,07,000,00,2,1,15,A01
201800005222,0,33,000,00,2,1,01,B01
201800005223,0,10,000,00,2,0,01,A01
201800005223,1,10,000,00,2,4,02,B01
201800005223,1,07,000,00,2,4,00,C01
201800005224,0,07,000,00,2,3,09,A01
201800005224,0,07,000,00,2,1,01,B01
201800005225,0,07,000,00,2,1,09,A01
201800005225,0,32,000,00,2,5,01,B01
201800005226,0,10,000,00,2,1,01,A01
201800005226,0,10,000,00,2,5,23,B01
201800005226,0,02,000,00,2,0,00,C01
201800005227,0,07,000,00,2,5,01,A01
201800005227,0,33,000,00,2,1,01,B01
201800005228,0,33,000,00,2,8,17,A01
201800005228,0,10,000,00,2,1,01,B01
201800005228,1,10,000,00,2,4,01,C01
201800005229,0,20,000,00,2,0,00,A01
201800005229,0,33,000,00,2,0,00,B01
201800005230,0,31,000,00,2,3,00,A01
201800005231,0,07,000,00,2,1,05,A01
201800005231,0,07,000,00,2,1,01,B01
201800005232,0,33,000,00,0,0,00,A01
201800005232,0,07,000,00,2,0,00,B01
201800005233,1,32,000,00,2,1,02,A01
201800005233,1,10,000,00,2,0,00,B01
201800005234,0,10,000,00,1,1,16,A01
201800005235,1,10,000,00,2,1,17,A01
201800005235,1,30,000,00,2,1,01,B01
201800005236,1,07,000,,,,,B01
201800005236,1,30,000,,,,,A01
201800005237,2,34,000,00,2,3,15,A01
201800005237,1,34,000,00,2,1,01,B01
201800005238,0,07,000,00,2,1,00,A01
201800005238,0,34,000,00,2,0,00,B01
201800005239,1,07,000,00,1,4,04,A01
201800005240,2,07,000,00,2,3,15,A01
201800005240,1,33,000,00,2,1,01,B01
201800005241,0,10,000,00,1,7,16,A01
201800005242,1,33,000,00,2,1,17,A01
201800005242,1,07,000,00,2,3,09,B01
201800005243,0,32,000,00,2,1,01,A01
201800005243,0,10,000,00,2,3,02,B01
201800005244,0,34,000,00,2,7,17,A01
201800005244,1,07,000,00,2,3,01,B01
201800005245,1,30,000,00,2,0,11,A01
201800005245,2,07,000,00,2,0,00,B01
201800005246,0,02,000,00,2,1,00,A01
201800005246,0,07,000,00,2,8,00,B01
201800005247,0,07,000,00,2,6,15,A01
201800005247,0,33,000,00,2,1,01,B01
201800005248,1,07,000,,,,,A01
201800005248,1,02,000,00,0,0,00,B01
201800005249,0,30,000,00,2,1,01,A01
201800005249,0,07,000,00,2,4,01,B01
201800005250,1,07,000,00,2,3,00,A01
201800005250,1,37,002,00,2,5,00,B01
201800005251,0,07,000,00,2,7,17,A01
201800005251,0,30,000,00,2,7,01,B01
201800005252,1,07,000,00,2,0,11,A01
201800005252,1,34,000,00,2,0,00,B01
201800005253,1,33,000,00,0,0,00,A01
201800005253,1,10,000,00,2,0,00,Z01
201800005254,1,30,000,14,0,1,02,A01
201800005255,1,37,004,,1,,,A01
201800005256,1,07,000,00,1,1,02,A01
201800005256,1,07,000,00,2,1,02,B01
201800005257,0,07,000,00,2,7,15,A01
201800005257,0,33,000,00,2,1,01,B01
201800005258,1,07,000,,1,,,A01
201800005259,0,31,000,00,1,1,21,A01
201800005260,0,32,000,00,2,0,00,A01
201800005260,0,07,000,00,2,0,11,B01
201800005261,2,07,000,00,1,2,00,A01
201800005262,0,07,000,00,1,0,01,A01
201800005263,1,07,000,00,2,3,15,A01
201800005263,1,34,000,00,2,1,01,B01
201800005264,1,07,000,00,2,3,09,A01
201800005264,1,34,000,00,2,1,01,B01
201800005265,1,01,000,00,2,3,21,A01
201800005265,1,07,000,00,2,5,01,B01
201800005266,1,07,000,00,2,1,15,A01
201800005266,1,07,000,00,2,1,01,B01
201800005267,0,10,000,00,2,0,00,A01
201800005267,0,07,000,00,2,0,00,B01
201800005267,0,07,000,00,2,0,00,C01
201800005268,1,07,000,00,2,3,10,A01
201800005268,1,37,020,00,2,7,01,B01
201800005269,2,07,000,00,2,1,13,A01
201800005269,1,07,000,00,2,1,01,B01
201800005270,0,07,000,00,2,1,13,A01
201800005270,2,32,000,00,2,2,14,B01
201800005271,1,10,000,00,1,1,09,A01
201800005272,1,07,000,00,2,1,10,A01
201800005272,1,33,000,00,2,1,01,B01
201800005273,1,10,000,00,2,2,15,A01
201800005273,2,33,000,00,2,1,01,B01
201800005274,2,07,000,00,2,2,17,A01
201800005274,2,07,000,00,2,6,15,B01
201800005275,1,07,000,00,1,1,09,A01
201800005276,1,10,000,00,2,1,09,A01
201800005276,1,32,000,00,2,1,09,B01
201800005277,1,10,000,00,2,1,00,A01
201800005277,1,33,000,00,2,1,01,B01
201800005278,0,07,000,00,2,0,00,A01
201800005278,0,07,000,00,2,0,00,B01
201800005279,1,07,000,00,1,1,01,A01
201800005280,1,33,000,00,2,1,02,A01
201800005280,1,07,000,00,2,4,09,B01
201800005281,0,07,000,00,1,2,01,A01
201800005282,1,07,000,00,1,1,00,A01
201800005283,0,07,000,00,1,1,00,A01
201800005284,0,07,000,00,2,1,00,A01
201800005284,2,33,000,00,2,1,01,B01
201800005285,2,30,000,01,0,1,01,A01
201800005286,2,07,000,00,2,4,04,A01
201800005286,2,02,000,00,2,1,01,B01
201800005287,1,32,000,00,1,1,01,A01
201800005288,1,32,000,00,1,1,17,A01
201800005289,2,07,000,00,2,1,01,A01
201800005289,2,07,000,00,2,4,23,B01
201800005290,1,07,000,00,2,3,13,A01
201800005290,2,34,000,01,2,1,01,B01
201800005291,1,34,000,00,2,4,02,A01
201800005291,1,07,000,00,2,4,00,B01
201800005292,1,10,000,00,2,7,17,A01
201800005292,1,34,000,00,2,2,17,B01
201800005293,1,10,000,00,1,1,15,A01
201800005294,1,07,000,00,2,2,15,B01
201800005294,1,34,000,00,2,1,00,A01
201800005295,0,07,000,01,1,7,00,A01
201800005296,1,07,000,00,2,3,13,A01
201800005296,2,07,000,00,2,3,01,B01
201800005297,1,10,000,00,2,1,00,A01
201800005297,1,33,000,00,2,4,23,B01
201800005298,1,10,000,01,0,1,14,A01
201800005299,2,07,000,00,2,3,15,A01
201800005299,1,32,000,00,2,1,01,B01
201800005300,1,07,000,,1,0,00,A01
201800005301,1,34,000,00,2,1,16,A01
201800005301,2,07,000,00,2,7,15,B01
201800005302,1,07,000,00,2,1,10,A01
201800005302,2,34,000,01,2,3,01,B01
201800005303,1,33,000,00,2,1,00,A01
201800005303,1,10,000,00,2,4,23,B01
201800005303,1,30,000,00,2,0,05,C01
201800005304,1,32,000,00,1,1,01,A01
201800005305,1,10,000,00,1,2,01,Z01
201800005306,0,01,000,00,2,0,01,A01
201800005306,0,07,000,00,2,0,02,Z01
201800005307,1,07,000,00,1,1,01,A01
201800005308,0,07,000,00,2,3,15,A01
201800005308,0,32,000,00,2,1,01,B01
201800005309,1,07,000,00,2,1,01,A01
201800005309,1,07,000,00,2,1,01,B01
201800005310,1,10,000,00,1,1,01,A01
201800005311,1,14,000,00,2,7,02,A01
201800005311,1,31,000,00,2,8,02,B01
201800005312,1,10,000,00,1,1,01,A01
201800005313,0,32,000,00,2,7,09,A01
201800005313,1,10,000,00,2,1,02,B01
201800005314,1,32,000,00,1,1,01,A01
201800005315,1,07,000,00,1,1,01,A01
201800005316,1,07,000,00,1,7,01,A01
201800005317,1,15,000,14,0,3,00,A01
201800005318,1,10,000,00,2,1,02,A01
201800005318,1,10,000,00,2,4,02,B01
201800005318,1,10,000,00,2,4,02,C01
201800005319,1,30,000,12,0,7,14,A01
201800005320,1,07,000,08,0,7,14,A01
201800005321,1,02,000,00,0,3,01,A01
201800005322,1,07,000,00,2,1,15,A01
201800005322,2,07,000,00,2,1,01,B01
201800005322,1,07,000,00,2,6,15,C01
201800005323,2,07,000,06,0,2,01,A01
201800005324,2,02,000,00,0,7,01,A01
201800005325,1,07,000,00,0,7,13,A01
201800005326,1,07,000,00,1,2,01,A01
201800005327,2,07,000,00,2,1,09,A01
201800005327,1,07,000,00,2,7,01,B01
201800005328,1,07,000,00,1,2,17,A01
201800005329,1,07,000,00,0,9,01,A01
201800005330,2,33,000,00,1,1,01,A01
201800005331,1,07,000,00,9,2,15,A01
201800005331,2,01,000,00,2,3,01,B01
201800005332,1,07,000,00,2,1,00,A01
201800005332,1,07,000,00,2,4,23,B01
201800005333,1,10,000,00,1,4,24,A01
201800005334,2,07,000,00,0,8,01,A01
201800005335,1,07,000,00,2,3,01,A01
201800005335,2,07,000,00,2,3,01,B01
201800005336,1,07,000,00,1,1,01,A01
201800005337,2,07,000,16,0,1,01,A01
201800005338,2,07,000,06,0,1,00,A01
201800005339,1,34,000,00,2,3,00,A01
201800005339,2,07,000,00,2,5,00,B01
201800005340,2,07,000,00,9,4,02,A01
201800005340,2,07,000,00,2,1,02,B01
201800005341,2,07,000,03,0,3,13,A01
201800005342,1,33,000,00,2,1,02,A01
201800005342,1,07,000,00,2,6,10,B01
201800005343,1,31,000,00,0,0,01,A01
201800005344,2,07,000,00,1,2,01,A01
201800005345,1,07,000,06,0,1,01,A01
201800005346,1,07,000,00,2,1,01,A01
201800005346,1,07,000,00,2,4,01,B01
201800005347,1,07,000,06,0,0,14,A01
201800005348,2,07,000,00,2,1,02,A01
201800005348,2,10,000,00,2,4,02,B01
201800005349,2,07,000,12,1,9,17,A01
201800005350,2,33,000,06,0,2,02,A01
201800005351,1,30,000,00,2,1,02,A01
201800005351,1,07,000,00,2,6,01,B01
201800005352,1,07,000,00,2,5,16,B01
201800005352,1,02,000,00,2,1,02,A01
201800005353,2,33,000,00,2,3,13,A01
201800005353,1,31,000,00,2,3,15,B01
201800005354,2,07,000,00,2,3,15,A01
201800005354,1,30,000,00,2,1,01,B01
201800005355,1,07,000,00,2,1,02,A01
201800005356,2,32,000,00,2,2,01,B01
201800005356,2,07,000,12,2,8,09,A01
201800005357,2,07,000,01,0,2,01,A01
201800005358,2,07,000,00,2,2,17,A01
201800005358,2,31,000,00,2,4,02,B01
201800005359,2,07,000,00,2,1,02,A01
201800005359,2,07,000,00,2,4,02,B01
201800005360,1,07,000,00,2,1,00,A01
201800005361,0,07,000,03,0,2,14,A01
201800005362,0,07,000,00,2,2,09,A01
201800005362,0,33,000,00,2,5,01,B01
201800005363,2,07,000,06,2,3,15,A01
201800005363,1,07,000,06,2,1,01,B01
201800005364,1,10,000,00,2,1,00,A01
201800005364,1,07,000,00,0,4,00,B01
201800005365,2,07,000,14,0,2,00,A01
201800005365,0,07,000,01,2,6,24,B01
201800005366,0,07,000,08,0,2,21,A01
201800005367,2,30,000,14,0,0,01,A01
201800005368,0,07,000,00,0,9,02,A01
201800005369,2,30,000,00,2,1,01,A01