Num_Acc,senc,catv,occutc,obs,obsm,choc,manv,num_veh
201800005369,0,07,000,00,2,4,01,B01
201800005370,1,01,000,00,2,2,15,A01
201800005370,2,07,000,00,2,3,09,B01
201800005371,2,07,000,00,2,1,02,A01
201800005371,2,32,000,00,2,4,16,B01
201800005372,1,07,000,00,2,3,13,A01
201800005372,2,07,000,00,2,3,01,B01
201800005373,1,07,000,00,2,2,01,B01
201800005373,0,30,000,00,2,1,19,A01
201800005374,0,33,000,00,0,0,01,A01
201800005375,2,07,000,00,2,2,01,B01
201800005375,2,07,000,00,2,1,15,A01
201800005376,1,32,000,00,0,3,01,A01
201800005377,1,10,000,00,1,2,19,A01
201800005378,1,30,000,00,2,0,00,A01
201800005378,1,07,000,00,2,3,15,B01
201800005379,2,30,000,00,2,1,01,A01
201800005379,2,07,000,00,2,4,01,B01
201800005380,2,07,000,00,2,3,01,C01
201800005380,1,07,000,00,2,6,01,B01
201800005380,1,34,000,00,2,1,02,A01
201800005381,0,07,000,00,2,1,09,A01
201800005381,0,33,000,00,2,4,00,B01
201800005382,2,30,000,00,2,1,01,A01
201800005382,1,07,000,00,2,3,01,B01
201800005383,2,07,000,00,1,2,00,A01
201800005384,2,07,000,15,0,9,02,A01
201800005385,2,07,000,13,0,2,01,A01
201800005386,2,02,000,00,2,4,01,A01
201800005386,2,07,000,00,6,1,03,B01
201800005386,2,07,000,00,2,8,01,C01
201800005386,2,07,000,00,6,0,01,D01
201800005387,2,07,000,00,2,1,02,A01
201800005387,2,10,000,00,2,4,02,B01
201800005388,2,10,000,00,1,7,01,A01
201800005389,1,30,000,00,2,7,17,A01
201800005389,2,07,000,00,2,3,15,B01
201800005390,1,30,000,00,2,1,01,A01
201800005390,1,07,000,00,2,3,15,B01
201800005391,2,30,000,13,0,1,02,A01
201800005392,2,07,000,00,2,1,02,A01
201800005392,2,07,000,00,2,4,02,B01
201800005393,2,07,000,00,2,1,02,A01
201800005393,2,07,000,00,2,4,02,B01
201800005394,1,07,000,00,0,0,00,A01
201800005394,2,07,000,00,2,3,01,B01
201800005395,2,30,000,00,2,7,17,A01
201800005395,2,07,000,00,2,8,02,B01
201800005396,0,07,000,00,1,4,20,A01
201800005397,1,07,000,00,2,1,01,A01
201800005397,2,07,000,00,2,4,01,B01
201800005398,2,32,000,00,6,1,02,A01
201800005398,2,07,000,00,6,4,02,B01
201800005399,1,30,000,00,0,7,01,A01
201800005400,2,07,000,00,2,1,02,A01
201800005400,2,07,000,00,0,0,00,B01
201800005401,1,07,000,00,2,1,02,A01
201800005401,1,07,000,00,2,4,02,C01
201800005401,1,07,000,00,2,4,02,B01
201800005402,2,07,000,03,0,1,14,A01
201800005403,1,30,000,00,2,2,17,A01
201800005403,1,07,000,00,2,2,09,B01
201800005404,0,07,000,00,1,7,16,A01
201800005405,0,31,000,00,0,7,16,A01
201800005406,2,07,000,00,2,3,02,A01
201800005406,2,02,000,00,2,4,02,B01
201800005407,1,07,000,00,2,6,15,B01
201800005407,1,34,000,00,2,1,02,A01
201800005408,0,07,000,06,0,1,01,A01
201800005409,2,07,000,00,2,1,02,A01
201800005409,2,07,000,00,2,4,02,B01
201800005410,1,30,000,00,2,1,17,A01
201800005410,1,10,000,00,2,8,15,B01
201800005411,0,07,000,00,2,1,13,A01
201800005411,0,07,000,00,2,1,01,B01
201800005412,1,32,000,00,2,1,01,A01
201800005412,2,07,000,00,2,2,19,B01
201800005413,2,07,000,01,0,2,01,A01
201800005414,1,30,000,15,0,1,14,A01
201800005415,1,07,000,00,1,1,15,A01
201800005416,0,07,000,00,2,3,15,B01
201800005416,0,33,000,00,2,7,17,A01
201800005417,1,30,000,00,2,2,01,A01
201800005417,0,07,000,00,2,4,02,B01
201800005418,0,07,000,13,0,2,14,A01
201800005419,2,07,000,01,0,1,13,A01
201800005420,1,07,000,00,1,0,00,A01
201800005421,2,07,000,00,2,6,13,A01
201800005421,1,07,000,00,2,6,00,B01
201800005422,2,07,000,00,1,4,00,A01
201800005423,2,07,000,08,0,5,14,A01
201800005424,2,07,000,00,2,3,01,A01
201800005424,2,07,000,00,0,5,16,B01
201800005425,2,02,000,00,0,0,01,A01
201800005426,1,31,000,00,2,1,17,A01
201800005426,1,10,000,14,0,6,15,B01
201800005427,1,30,000,00,2,1,01,A01
201800005427,1,07,000,00,2,4,15,B01
201800005428,2,07,000,06,0,3,00,A01
201800005429,2,31,000,00,2,1,00,A01
201800005429,1,07,000,00,2,7,00,B01
201800005430,2,33,000,00,2,1,00,A01
201800005430,2,07,000,00,2,5,00,B01
201800005431,0,02,000,00,2,1,00,A01
201800005431,0,07,000,00,2,5,00,B01
201800005432,1,07,000,08,0,1,00,A01
201800005433,2,07,000,00,2,1,13,A01
201800005433,1,07,000,00,2,8,01,B01
201800005434,2,07,000,08,0,1,00,A01
201800005435,2,07,000,00,0,9,13,A01
201800005436,1,07,000,00,1,1,01,A01
201800005437,2,33,000,14,2,9,17,A01
201800005437,2,07,000,00,2,6,23,B01
201800005437,1,07,000,00,2,1,01,C01
201800005438,1,07,000,13,0,8,16,A01
201800005439,2,07,000,09,0,1,00,A01
201800005440,1,07,000,00,2,2,02,A01
201800005440,1,07,000,00,2,6,02,B01
201800005441,1,33,000,00,2,1,17,A01
201800005441,2,07,000,00,2,3,01,B01
201800005442,1,07,000,06,0,1,13,A01
201800005443,1,07,000,00,2,4,00,A01
201800005443,1,07,000,00,0,4,00,B01
201800005444,2,01,000,00,2,1,13,A01
201800005444,1,07,000,00,2,1,01,B01
201800005445,1,07,000,00,2,1,01,B01
201800005445,2,07,000,00,2,1,13,A01
201800005446,1,31,000,04,0,0,14,A01
201800005447,1,07,000,06,0,1,14,A01
201800005448,2,33,000,00,0,8,00,A01
201800005449,1,10,000,00,1,1,01,A01
201800005450,2,33,000,00,2,1,01,B01
201800005450,2,07,000,00,2,7,13,A01
201800005451,1,07,000,00,2,3,09,A01
201800005451,1,34,000,00,2,1,09,B01
201800005452,0,10,000,00,1,4,00,A01
201800005453,2,33,000,00,2,9,01,A01
201800005453,2,07,000,00,0,8,16,B01
201800005454,2,10,000,00,2,1,15,A01
201800005454,1,10,000,00,2,3,01,B01
201800005455,1,10,000,03,0,1,01,A01
201800005456,0,33,000,14,0,8,13,A01
201800005457,1,10,000,00,2,3,16,A01
201800005457,1,31,000,00,2,1,01,B01
201800005458,1,07,000,06,1,2,01,A01
201800005458,1,33,000,06,2,7,01,B01
201800005459,2,07,000,00,2,2,02,A01
201800005459,2,07,000,00,2,6,02,B01
201800005460,2,10,000,00,2,1,02,A01
201800005460,2,07,000,00,2,4,02,B01
201800005461,2,10,000,00,2,3,15,A01
201800005461,2,32,000,00,2,7,17,B01
201800005462,1,07,000,00,1,7,01,A01
201800005463,1,30,000,00,0,7,01,A01
201800005464,2,07,000,01,2,3,09,A01
201800005464,2,07,000,00,2,2,01,B01
201800005465,0,07,000,00,1,1,00,Z01
201800005466,2,07,000,00,1,3,01,A01
201800005467,2,32,000,00,2,1,17,A01
201800005467,0,07,000,00,2,3,15,B01
201800005468,2,33,000,00,0,7,14,A01
201800005469,1,30,000,00,0,1,01,A01
201800005470,1,07,000,15,0,2,01,A01
201800005471,1,30,000,00,0,0,01,A01
201800005472,0,07,000,00,2,3,09,A01
201800005472,1,32,000,00,2,7,01,B01
201800005473,1,32,000,00,2,2,17,A01
201800005473,0,07,000,00,2,3,15,B01
201800005474,2,33,000,00,2,1,01,A01
201800005474,2,07,000,00,2,8,11,B01
201800005475,1,07,000,00,0,3,00,A01
201800005476,1,07,000,00,2,1,02,A01
201800005476,1,07,000,00,2,4,02,B01
201800005477,0,07,000,00,6,3,09,A01
201800005477,2,01,000,00,2,1,01,B01
201800005478,2,07,000,06,0,0,00,A01
201800005479,0,10,000,00,6,3,01,A01
201800005479,0,01,000,00,2,3,01,B01
201800005480,1,07,000,00,2,3,01,A01
201800005480,2,10,000,06,2,8,01,B01
201800005481,1,07,000,10,0,3,13,A01
201800005482,2,07,000,08,0,3,13,A01
201800005483,1,07,000,00,2,1,02,A01
201800005483,1,07,000,00,2,4,02,B01
201800005484,1,07,000,00,2,3,13,A01
201800005484,2,07,000,00,2,8,01,B01
201800005485,1,07,000,00,2,1,15,A01
201800005485,2,10,000,00,2,3,01,B01
201800005486,2,33,000,00,0,2,01,A01
201800005487,1,07,000,00,2,1,00,A01
201800005487,1,07,000,00,2,0,00,B01
201800005488,1,33,000,00,2,3,17,A01
201800005488,2,07,000,00,2,3,01,B01
201800005489,2,02,000,00,0,0,00,B01
201800005489,2,07,000,00,2,3,10,A01
201800005490,2,34,000,00,1,2,01,A01
201800005491,2,31,000,00,2,1,17,A01
201800005491,2,07,000,00,2,3,15,B01
201800005492,1,07,000,00,2,1,09,A01
201800005492,2,07,000,00,2,3,01,B01
201800005493,1,07,000,00,2,3,01,A01
201800005493,1,07,000,00,2,5,01,B01
201800005494,1,30,000,15,0,1,14,A01
201800005495,1,02,000,00,1,1,01,A01
201800005496,0,10,000,00,2,1,16,A01
201800005496,1,07,000,00,2,8,01,B01
201800005497,2,30,000,00,0,8,01,A01
201800005498,0,07,000,04,0,2,01,A01
201800005499,0,07,000,01,1,1,01,A01
201800005500,1,34,000,00,2,1,02,A01
201800005500,1,07,000,00,2,6,02,B01
201800005501,2,30,000,00,0,8,02,A01
201800005502,2,02,000,00,2,1,01,B01
201800005502,1,07,000,00,2,1,09,A01
201800005503,2,30,000,00,2,5,01,B01
201800005503,2,07,000,00,2,0,09,A01
201800005504,0,07,000,00,2,1,00,A01
201800005504,0,33,000,00,2,1,02,B01
201800005505,0,07,000,02,0,3,13,A01
201800005506,0,07,000,00,1,1,00,A01
201800005507,2,02,000,00,2,1,17,A01
201800005507,1,07,000,00,2,2,15,B01
201800005508,0,07,000,00,2,1,01,A01
201800005508,0,07,000,00,2,4,01,B01
201800005508,0,07,000,00,0,4,01,C01
201800005509,1,07,000,15,0,2,01,A01
201800005510,2,07,000,00,2,2,19,A01
201800005510,2,33,000,00,2,1,01,B01
201800005511,1,32,000,00,2,1,21,A01
201800005511,2,07,000,00,2,3,10,B01
201800005512,2,34,000,00,0,1,19,A01
201800005513,1,07,000,00,1,1,01,A01
201800005514,2,30,000,16,0,8,00,A01
201800005515,1,30,000,00,1,1,00,A01
201800005516,0,07,000,00,2,1,02,A01
201800005516,0,10,000,00,1,1,00,B01
201800005517,2,10,000,00,2,1,21,A01
201800005517,1,32,000,00,2,1,13,B01
201800005518,0,07,000,00,2,8,17,A01
201800005518,0,34,000,00,2,1,01,B01
201800005519,0,07,000,00,2,7,15,A01
201800005519,0,33,000,00,2,1,01,B01
201800005520,0,07,000,00,2,2,02,A01
201800005520,0,01,000,00,2,0,00,B01
201800005521,1,32,000,00,1,3,21,A01
201800005522,1,07,000,00,2,3,15,A01
201800005522,2,33,000,00,2,7,01,B01
201800005522,1,07,000,00,2,1,01,C01
201800005523,2,07,000,00,2,3,15,A01
201800005523,2,30,000,00,2,1,17,B01
201800005524,1,32,000,00,2,0,01,B01
201800005524,1,07,000,00,2,0,15,Z01
201800005525,2,33,000,15,2,1,02,B01
201800005525,2,07,000,00,2,2,15,A01
201800005526,1,07,000,00,2,2,15,A01
201800005526,2,34,000,00,2,1,01,B01
201800005527,2,07,000,00,2,1,13,A01
201800005527,1,10,000,00,2,8,01,B01
201800005527,1,32,000,00,2,8,01,C01
201800005528,1,34,000,06,0,2,00,A01
201800005529,1,30,000,00,1,1,15,A01
201800005530,2,32,000,00,1,1,01,A01
201800005531,1,30,000,00,2,1,17,A01
201800005531,1,34,000,00,2,8,13,B01
201800005532,1,07,000,00,2,3,15,A01
201800005532,2,32,000,00,2,2,01,B01
201800005533,1,30,000,00,2,0,00,A01
201800005533,1,33,000,00,2,7,17,B01
201800005534,1,34,000,06,2,1,01,A01
201800005534,2,20,000,00,2,6,01,B01
201800005535,2,07,000,00,2,5,15,A01
201800005535,1,33,000,00,2,1,01,B01
201800005536,1,33,000,00,1,1,01,A01
201800005537,1,32,000,11,0,1,00,A01
201800005538,0,07,000,00,2,8,14,A01
201800005539,2,07,000,00,1,1,01,A01
201800005540,1,07,000,00,2,2,12,A01
201800005540,1,32,000,00,0,3,01,B01
201800005541,1,07,000,00,2,3,09,A01
201800005541,1,07,000,00,2,7,01,B01
201800005542,0,07,000,00,1,2,01,A01
201800005543,0,07,000,00,2,2,15,A01
201800005543,2,33,000,00,2,8,01,B01
201800005544,1,07,000,00,1,1,02,A01
201800005545,2,07,000,00,2,7,15,A01
201800005545,1,02,000,00,2,1,01,B01
201800005546,1,07,000,00,1,1,17,A01
201800005547,2,07,000,00,2,3,13,A01
201800005547,1,07,000,00,2,3,01,B01
201800005548,1,07,000,00,1,1,01,A01
201800005549,2,34,000,00,2,1,17,A01
201800005549,1,07,000,00,2,3,01,B01
201800005550,2,07,000,01,1,6,04,A01
201800005551,2,02,000,00,2,1,02,A01
201800005551,2,10,000,00,9,6,15,B01
201800005552,1,07,000,00,2,1,10,A01
201800005552,2,34,000,00,2,9,01,B01
201800005553,2,33,000,08,0,1,01,A01
201800005554,1,07,000,00,2,1,15,A01
201800005554,1,02,000,00,2,3,01,B01
201800005555,1,07,000,00,1,1,16,A01
201800005556,1,07,000,00,2,6,15,A01
201800005556,1,34,000,00,2,1,02,B01
201800005557,2,33,000,00,2,1,01,A01
201800005557,2,07,000,00,2,4,20,B01
201800005558,1,07,000,00,1,1,15,Z01
201800005559,2,33,000,00,2,2,02,A01
201800005559,2,07,000,00,2,4,23,B01
201800005560,2,33,000,08,2,1,17,A01
201800005560,2,07,000,08,2,8,15,B01
201800005561,1,10,000,00,2,2,01,A01
201800005561,1,07,000,00,2,4,01,B01
201800005561,1,07,000,00,2,4,01,C01
201800005561,1,10,000,00,2,7,01,D01
201800005562,1,07,000,00,2,3,01,A01
201800005562,2,07,000,00,2,3,13,B01
201800005563,2,07,000,00,2,1,15,A01
201800005563,1,31,000,00,2,1,01,B01
201800005564,1,07,000,00,2,3,15,A01
201800005564,2,34,000,00,2,0,00,B01
201800005565,2,31,000,00,1,1,21,A01
201800005566,2,31,000,00,2,1,02,A01
201800005566,2,14,000,00,2,6,24,B01
201800005567,1,07,000,00,2,1,02,A01
201800005567,1,01,000,00,2,9,23,B01
201800005567,1,10,000,00,2,4,23,C01
201800005568,1,07,000,00,2,8,01,B01
201800005568,1,31,000,00,2,1,05,A01
201800005569,2,31,000,00,2,8,13,A01
201800005569,2,32,000,00,2,1,08,B01
201800005569,1,07,000,00,2,3,01,C01
201800005570,1,07,000,00,2,1,02,A01
201800005570,1,33,000,00,2,4,23,B01
201800005571,1,33,000,00,2,1,17,A01
201800005571,1,07,000,00,2,6,15,B01
201800005572,2,07,000,00,9,3,10,A01
201800005572,2,32,000,00,2,1,17,B01
201800005573,1,07,000,03,2,3,13,A01
201800005573,1,31,000,00,2,2,01,B01
201800005574,1,10,000,00,2,7,14,A01
201800005574,1,02,000,00,2,8,01,B01
201800005575,2,07,000,00,2,6,10,A01
201800005575,1,33,000,00,2,1,01,B01
201800005576,1,14,000,00,1,1,11,A01
201800005577,1,33,000,00,2,1,00,A01
201800005577,1,07,000,00,0,5,01,B01
201800005578,1,07,000,08,2,1,15,A01
201800005578,1,07,000,01,2,8,15,B01
201800005579,1,31,000,02,0,1,13,A01
201800005580,0,07,000,00,2,8,01,A01
201800005580,0,01,000,00,2,1,05,B01
201800005581,1,07,000,00,2,6,10,A01
201800005581,1,33,000,00,2,1,21,B01
201800005582,0,07,000,00,1,1,17,A01
201800005583,1,07,000,00,1,3,01,A01
201800005584,2,31,000,00,2,6,18,A01
201800005584,2,07,000,00,2,2,01,B01
201800005585,1,07,000,00,0,4,01,A01
201800005585,1,07,000,00,2,1,02,B01
201800005586,1,07,000,00,1,1,01,A01
201800005587,2,07,000,03,0,9,15,A01
201800005588,2,32,000,08,0,1,00,A01
201800005589,2,07,000,00,2,2,15,A01
201800005589,1,33,000,00,2,1,01,B01
201800005590,1,07,000,00,2,2,19,A01
201800005590,0,07,000,00,2,3,09,B01
201800005591,1,07,000,00,1,3,15,A01
201800005592,2,01,000,00,2,4,23,B01
201800005592,2,07,000,00,2,1,02,A01
201800005593,1,37,003,00,2,6,01,B01
201800005593,2,37,003,00,2,2,01,A01
201800005594,2,07,000,06,0,1,01,A01
201800005595,2,33,000,06,0,1,00,A01
201800005596,1,31,000,00,2,1,11,A01
201800005596,1,07,000,00,2,4,01,B01
201800005596,1,07,000,00,2,7,11,C01
201800005597,1,02,000,00,2,0,00,A01
201800005597,1,07,000,00,2,1,01,B01
201800005598,0,10,000,00,2,6,09,A01
201800005598,1,33,000,01,2,1,00,B01
201800005599,1,07,000,00,2,3,01,C01
201800005599,1,33,000,00,2,3,01,B01
201800005599,1,07,000,00,2,7,16,A01
201800005600,2,07,000,00,1,1,01,A01
201800005601,2,07,000,00,1,3,01,A01
201800005602,1,07,000,00,2,3,19,B01
201800005602,2,10,000,00,2,1,01,A01
201800005603,1,31,000,00,2,2,01,A01
201800005603,1,07,000,00,2,3,15,B01
201800005604,1,07,000,14,0,4,01,B01
201800005604,1,07,000,00,2,1,02,A01
201800005605,2,02,000,00,2,7,01,A01
201800005605,2,07,000,00,2,3,15,B01
201800005606,1,33,000,12,0,1,15,A01
201800005607,0,07,000,00,1,2,01,A01
201800005608,0,07,000,00,1,1,16,A01
201800005609,1,07,000,00,1,3,02,A01
201800005610,1,07,000,00,2,7,01,B01
201800005610,0,10,000,00,2,1,19,A01
201800005611,2,07,000,00,2,4,23,A01
201800005611,2,07,000,00,2,1,09,B01
201800005612,1,33,000,00,2,7,01,B01
201800005612,2,07,000,00,2,1,19,A01
201800005613,2,07,000,00,2,4,23,C01
201800005613,2,07,000,00,2,1,02,A01
201800005613,2,07,000,00,2,4,23,B01
201800005614,2,07,000,09,2,1,01,B01
201800005614,1,07,000,09,2,9,16,A01
201800005615,0,07,000,00,1,1,00,A01
201800005616,2,07,000,00,2,1,01,B01
201800005616,1,31,000,00,2,1,19,A01
201800005617,2,02,000,00,2,1,01,A01
201800005617,2,10,000,00,9,7,19,B01
201800005618,0,10,000,01,0,4,02,A01
201800005618,0,07,000,01,0,4,23,B01
201800005618,0,07,000,01,0,4,23,C01
201800005618,0,07,000,01,2,4,23,D01
201800005618,0,07,000,01,2,4,23,E01
201800005619,2,07,000,00,2,8,01,A01
201800005619,0,07,000,00,2,2,12,B01
201800005620,1,07,000,00,2,2,01,B01
201800005620,1,31,000,00,2,1,01,A01
201800005621,1,07,000,00,2,2,01,B01
201800005621,1,07,000,08,2,1,14,A01
201800005622,0,40,003,00,1,7,01,A01
201800005623,1,34,000,00,2,1,17,A01
201800005623,2,34,000,00,2,1,01,B01
201800005624,1,07,000,00,1,1,01,A01
201800005625,2,33,000,00,2,1,02,A01
201800005625,2,07,000,00,2,4,23,B01
201800005626,1,07,000,00,2,1,02,A01
201800005626,1,07,000,00,2,5,02,B01
201800005627,1,07,000,00,1,1,01,A01
201800005628,1,10,000,01,0,1,16,A01
201800005629,0,07,000,00,2,2,09,A01
201800005629,0,07,000,00,2,1,01,B01
201800005630,1,07,000,00,2,0,01,A01
201800005630,1,34,000,00,2,6,01,B01
201800005631,2,30,000,00,2,7,17,A01
201800005631,2,02,000,00,2,8,14,B01
201800005632,0,07,000,14,0,4,00,C01
201800005632,0,07,000,00,2,1,02,A01
201800005632,0,07,000,00,2,0,02,B01
201800005633,0,30,000,00,2,1,01,A01
201800005633,0,34,000,00,2,2,01,B01
201800005633,0,07,000,00,2,3,01,C01
201800005634,0,10,000,00,2,1,01,A01
201800005634,0,10,000,00,2,1,13,B01
201800005635,2,10,000,00,1,2,01,A01
201800005636,2,07,000,13,2,3,13,A01
201800005636,1,07,000,03,2,3,01,B01
201800005637,2,40,003,00,1,5,01,A01
201800005638,0,07,000,00,2,1,02,A01
201800005638,0,07,000,00,2,4,01,B01
201800005639,2,07,000,00,1,1,15,A01
201800005640,1,07,000,01,2,1,01,B01
201800005640,2,07,000,01,2,7,01,A01
201800005641,1,07,000,00,1,1,15,A01
201800005642,2,30,000,01,0,2,01,A01
201800005642,0,07,000,00,2,6,24,B01
201800005643,2,34,000,00,2,1,21,A01
201800005643,1,37,003,00,2,3,01,B01
201800005643,0,07,000,00,6,0,15,Z01
201800005644,1,07,000,00,1,1,01,A01
201800005645,0,07,000,00,2,6,16,B01
201800005645,0,99,000,00,2,3,01,A01
201800005646,1,07,000,00,2,3,13,A01
201800005646,2,02,000,00,2,8,01,B01
201800005647,1,33,000,01,0,2,01,A01
201800005648,1,07,000,00,2,2,01,A01
201800005648,2,02,000,00,2,1,00,B01
201800005649,1,07,000,00,1,1,15,A01
201800005650,1,34,000,00,1,2,17,A01
201800005651,0,07,000,00,2,1,00,A01
201800005651,2,01,000,00,2,1,01,B01
201800005652,1,10,000,01,2,3,15,A01
201800005652,1,34,000,00,2,1,01,B01
201800005653,1,30,000,00,2,1,02,A01
201800005653,1,07,000,00,2,6,02,B01
201800005653,2,07,000,00,2,3,00,C01
201800005654,1,30,000,01,2,8,02,A01
201800005654,1,07,000,00,2,2,02,B01
201800005654,1,02,000,00,2,1,01,C01
201800005655,1,07,000,00,1,2,01,A01
201800005656,0,02,000,00,2,1,01,B01
201800005656,0,07,000,00,2,3,15,A01
201800005657,2,07,000,01,2,7,01,A01
201800005657,2,32,000,01,2,1,01,B01
201800005658,1,34,000,00,2,3,13,A01
201800005658,2,07,000,00,2,8,01,B01
201800005659,0,32,000,00,2,9,01,B01
201800005659,0,07,000,00,2,1,15,A01
201800005660,1,07,000,00,2,7,01,B01
201800005660,1,10,000,00,2,1,01,A01
201800005661,1,07,000,00,1,1,00,A01
201800005662,1,07,000,00,2,2,15,A01
201800005662,2,33,000,00,2,1,01,B01
201800005662,1,07,000,00,2,1,01,C01
201800005663,1,10,000,00,2,6,15,A01
201800005663,1,30,000,00,2,1,17,B01
201800005663,1,30,000,00,2,1,17,C01
201800005664,0,07,000,00,2,3,15,A01
201800005664,0,33,000,00,2,1,02,B01
201800005665,1,07,000,00,1,1,01,A01
201800005666,0,07,000,00,2,3,15,A01
201800005666,0,30,000,00,2,1,01,B01
201800005667,0,30,000,00,2,5,15,A01
201800005667,0,32,000,00,2,3,01,B01
201800005668,0,07,000,00,4,6,00,A01
201800005668,1,40,050,00,2,3,01,B01
201800005669,0,07,000,00,1,4,04,A01
201800005670,0,33,000,00,2,1,01,B01
201800005670,0,07,000,00,2,8,15,A01
201800005671,0,07,000,00,2,7,01,A01
201800005671,0,02,000,00,2,1,01,B01
201800005672,1,10,000,00,0,6,01,B01
201800005672,1,31,000,00,2,2,11,A01
201800005673,1,07,000,00,1,3,01,A01
201800005674,0,10,000,00,1,0,00,A01
201800005675,1,07,000,00,1,2,15,A01
201800005676,1,07,000,00,2,7,15,A01
201800005676,2,33,000,00,2,1,01,B01
201800005677,0,30,000,00,2,1,01,A01
201800005677,0,07,000,00,2,3,15,B01
201800005678,0,99,000,01,1,2,00,A01
201800005679,1,34,000,00,1,1,01,A01
201800005680,1,07,000,00,2,1,01,A01
201800005680,2,01,000,00,2,0,01,B01
201800005681,0,07,000,00,2,2,19,A01
201800005681,0,34,000,00,2,1,19,B01
201800005682,0,07,000,00,2,1,01,A01
201800005682,0,07,000,00,2,2,01,B01
201800005683,1,30,000,00,2,1,02,A01
201800005683,1,07,000,00,2,4,02,B01
201800005684,0,07,000,00,2,4,09,A01
201800005684,1,33,000,00,2,1,01,B01
201800005685,2,07,000,00,2,2,15,A01
201800005685,1,31,000,00,2,1,00,B01
201800005686,1,99,000,09,0,1,00,A01
201800005687,2,07,000,00,1,1,01,A01
201800005688,2,17,000,00,2,2,15,A01
201800005688,1,07,000,00,2,3,01,B01
201800005689,0,32,000,00,2,4,00,A01
201800005689,0,33,000,00,2,1,00,B01
201800005690,0,30,000,00,2,7,00,A01
201800005690,1,07,000,00,2,1,01,B01
201800005691,1,07,000,00,2,5,01,A01
201800005691,1,02,000,00,2,3,02,B01
201800005692,0,34,000,00,2,2,18,A01
201800005692,0,10,000,00,2,6,23,B01
201800005692,0,07,000,00,2,7,01,C01
201800005693,1,20,000,00,2,5,12,A01
201800005693,1,34,000,00,2,8,02,B01
201800005694,2,99,000,00,2,1,00,A01
201800005694,2,13,000,00,2,1,21,B01
201800005695,2,07,000,00,0,0,15,A01
201800005695,1,30,000,00,0,0,01,B01
201800005696,2,10,000,15,2,1,01,A01
201800005696,2,10,000,00,2,4,00,B01
201800005697,1,10,000,00,2,3,23,A01
201800005697,1,02,000,01,0,1,13,B01
201800005698,1,30,000,00,1,8,15,A01
201800005699,0,30,000,01,0,3,00,A01
201800005699,0,10,000,00,2,0,00,B01
201800005700,1,10,000,00,2,6,09,A01
201800005700,1,33,000,00,2,1,01,B01
201800005701,2,07,000,00,1,1,01,Z01
201800005702,1,07,000,00,2,3,15,A01
201800005702,1,32,000,00,2,3,01,B01
201800005703,2,33,000,00,2,3,01,B01
201800005703,1,07,000,00,2,3,17,A01
201800005704,1,07,000,00,2,3,16,A01
201800005704,1,33,000,00,2,7,00,B01
201800005705,0,07,000,00,2,2,10,A01
201800005705,2,10,000,00,2,3,01,B01
201800005706,1,07,000,00,2,3,00,B01
201800005706,0,07,000,00,2,2,00,A01
201800005707,2,07,000,00,1,1,01,A01
201800005708,1,40,002,00,2,2,02,A01
201800005708,0,01,000,00,4,8,19,B01
201800005709,1,30,000,00,2,2,17,A01
201800005709,1,10,000,00,2,3,01,B01
201800005710,2,10,000,00,1,2,10,A01
201800005711,1,30,000,00,1,0,01,A01
201800005712,0,07,000,00,2,0,00,B01
201800005712,0,07,000,00,2,0,00,C01
201800005712,0,07,000,00,6,3,09,A01
201800005713,1,07,000,00,2,7,15,A01
201800005713,2,30,000,00,2,0,01,B01
201800005714,1,07,000,00,2,3,10,A01
201800005714,1,07,000,00,2,7,01,B01
201800005715,0,32,000,00,1,3,01,A01
201800005716,1,34,000,00,1,1,00,A01
201800005717,1,07,000,00,2,3,13,A01
201800005717,2,07,000,00,2,1,01,B01
201800005718,1,33,000,00,2,1,17,A01
201800005718,1,07,000,00,2,3,15,B01
201800005719,2,07,000,02,2,1,01,A01
201800005719,0,07,000,00,2,3,09,B01
201800005720,0,30,000,04,0,1,01,A01
201800005721,0,01,000,00,2,1,00,B01
201800005721,0,07,000,00,2,0,00,Z01
201800005722,1,10,000,09,6,2,08,A01
201800005723,1,31,000,00,2,1,01,A01
201800005723,1,07,000,00,2,5,00,B01
201800005724,1,07,000,00,2,3,15,A01
201800005724,2,33,000,15,2,1,01,B01
201800005725,1,07,000,00,1,1,01,A01
201800005726,1,30,000,00,1,7,00,A01
201800005727,0,01,000,00,1,8,00,A01
201800005728,0,07,000,00,2,3,09,A01
201800005728,1,07,000,00,2,2,01,B01
201800005729,1,07,000,00,2,3,20,A01
201800005729,1,02,000,00,2,1,01,B01
201800005730,1,14,000,00,1,3,01,A01
201800005731,1,37,004,04,2,1,02,A01
201800005731,1,10,000,00,2,0,00,B01
201800005731,1,10,000,00,2,0,00,C01
201800005731,1,10,000,00,2,5,23,D01
201800005731,1,10,000,00,2,4,00,E01
201800005731,1,10,000,00,2,4,23,F01
201800005731,1,10,000,00,2,4,23,G01
201800005731,1,10,000,00,2,4,23,H01
201800005731,1,10,000,00,2,5,23,I01
201800005731,1,10,000,00,2,0,00,J01
201800005731,2,10,000,00,2,0,00,K01
201800005731,1,10,000,00,2,7,00,L01
201800005731,1,01,000,00,2,4,01,M01
201800005732,0,10,000,00,2,3,15,A01
201800005732,0,02,000,00,2,2,15,B01
201800005733,1,07,000,00,2,3,01,B01
201800005733,1,32,000,00,2,1,01,A01
201800005734,1,07,000,00,2,8,01,B01
201800005734,1,07,000,00,2,1,00,A01