Num_Acc,senc,catv,occutc,obs,obsm,choc,manv,num_veh
201800005735,1,02,000,00,2,8,01,B01
201800005735,1,10,000,00,2,1,15,A01
201800005736,1,30,000,00,2,1,01,A01
201800005736,1,10,000,14,0,8,01,B01
201800005737,1,32,000,01,0,1,02,A01
201800005738,1,33,000,00,1,1,00,A01
201800005738,2,07,000,00,2,3,00,B01
201800005739,2,33,000,03,0,7,01,A01
201800005740,0,02,000,00,2,8,00,A01
201800005740,1,07,000,00,2,2,00,B01
201800005741,1,07,000,00,2,1,01,A01
201800005741,1,33,000,00,2,4,01,B01
201800005742,1,33,000,00,2,1,13,A01
201800005742,2,07,000,00,2,1,01,B01
201800005743,2,33,000,00,0,0,11,A01
201800005744,2,33,000,00,2,2,17,A01
201800005744,2,07,000,00,2,8,00,B01
201800005745,0,30,000,14,0,1,21,A01
201800005745,0,33,000,00,0,4,01,B01
201800005746,0,07,000,00,2,3,15,A01
201800005746,2,33,000,00,2,1,13,B01
201800005746,2,33,000,00,0,0,00,C01
201800005747,0,20,000,00,0,7,15,A01
201800005748,0,07,000,00,2,6,00,A01
201800005748,1,32,000,00,2,3,01,B01
201800005749,2,07,000,00,2,8,15,A01
201800005749,1,34,000,00,2,1,01,B01
201800005750,1,34,000,15,2,6,18,A01
201800005750,1,10,000,00,2,7,12,B01
201800005751,1,07,000,00,2,5,12,A01
201800005751,1,33,000,00,2,8,01,B01
201800005752,2,30,000,00,2,1,00,A01
201800005752,2,07,000,00,2,4,00,B01
201800005753,1,01,000,00,2,1,01,B01
201800005753,1,07,000,00,6,6,15,A01
201800005754,1,33,000,00,1,1,00,A01
201800005755,1,10,000,00,2,2,02,A01
201800005755,1,34,000,00,2,4,02,B01
201800005756,2,07,000,00,2,3,19,A01
201800005756,1,33,000,00,2,1,01,B01
201800005757,1,40,050,00,1,7,01,A01
201800005758,2,31,000,00,2,1,01,B01
201800005758,1,07,000,00,2,2,15,A01
201800005759,0,33,000,00,2,3,00,B01
201800005759,0,07,000,00,2,0,00,Z01
201800005760,1,07,000,00,6,2,19,A01
201800005760,1,30,000,00,2,1,19,B01
201800005761,1,07,000,00,1,1,01,A01
201800005762,1,10,000,00,2,1,15,A01
201800005762,2,02,000,00,2,1,01,B01
201800005763,0,07,000,00,2,1,13,A01
201800005763,0,33,000,00,2,4,01,B01
201800005764,1,07,000,00,2,1,01,A01
201800005764,1,02,000,00,2,4,02,B01
201800005764,1,07,000,00,2,4,02,C01
201800005765,0,10,000,00,1,1,15,A01
201800005766,0,30,000,00,1,1,01,A01
201800005767,2,30,000,00,1,1,01,A01
201800005768,0,30,000,00,2,1,13,A01
201800005768,0,07,000,00,2,0,00,B01
201800005769,1,07,000,01,2,1,02,A01
201800005769,1,07,000,00,2,4,02,B01
201800005769,2,33,000,00,2,3,00,C01
201800005769,1,07,000,01,2,8,24,W01
201800005770,1,02,000,00,2,8,15,A01
201800005770,1,07,000,00,2,2,01,B01
201800005771,1,14,000,00,2,5,12,A01
201800005771,1,01,000,00,2,8,01,B01
201800005772,1,10,000,00,1,3,01,A01
201800005773,1,32,000,00,2,7,15,A01
201800005773,1,07,000,00,2,8,15,B01
201800005774,1,07,000,00,2,1,00,A01
201800005774,1,07,000,00,2,4,01,B01
201800005774,1,07,000,00,2,2,00,C01
201800005775,1,34,000,00,1,1,18,A01
201800005776,2,34,000,00,1,3,07,A01
201800005777,1,07,000,00,2,6,15,A01
201800005777,1,33,000,00,2,1,17,B01
201800005778,1,07,000,00,2,7,16,A01
201800005778,1,33,000,00,2,1,01,B01
201800005779,1,40,004,00,2,3,01,B01
201800005779,1,10,000,00,4,3,16,A01
201800005780,2,10,000,00,2,2,01,B01
201800005780,1,30,000,00,2,1,01,A01
201800005781,0,07,000,00,2,1,02,A01
201800005781,0,33,000,00,2,9,02,B01
201800005781,0,07,000,01,2,0,02,Z01
201800005782,2,33,000,00,2,1,01,A01
201800005782,1,07,000,00,2,6,01,B01
201800005783,1,10,000,00,1,3,15,A01
201800005784,0,07,000,00,2,3,00,A01
201800005784,0,07,000,00,2,2,15,B01
201800005785,1,07,000,00,1,1,01,A01
201800005786,0,07,000,00,1,3,21,A01
201800005787,1,07,000,00,2,4,02,B01
201800005787,1,07,000,00,2,1,02,A01
201800005788,0,07,000,00,1,3,00,A01
201800005789,1,07,000,00,2,4,23,D01
201800005789,1,07,000,00,2,1,01,A01
201800005789,1,07,000,00,2,4,01,C01
201800005789,1,07,000,00,2,4,01,B01
201800005790,1,07,000,01,0,2,01,A01
201800005791,0,31,000,00,2,1,18,A01
201800005791,0,07,000,00,2,5,12,B01
201800005792,1,30,000,00,2,1,09,A01
201800005792,1,14,000,00,2,5,01,B01
201800005793,0,10,000,00,1,1,01,A01
201800005794,0,07,000,00,1,1,15,A01
201800005795,0,07,000,00,1,1,00,A01
201800005796,0,31,000,00,2,1,00,A01
201800005796,0,07,000,00,2,1,00,B01
201800005797,2,32,000,00,2,1,18,A01
201800005797,2,07,000,00,2,5,01,B01
201800005798,2,07,000,00,2,2,01,A01
201800005798,1,02,000,00,2,1,01,B01
201800005799,2,07,000,02,2,1,18,A01
201800005799,2,07,000,00,2,1,00,B01
201800005800,0,07,000,00,2,4,00,A01
201800005800,1,07,000,00,2,1,00,B01
201800005801,2,07,000,00,2,8,15,B01
201800005801,1,33,000,00,2,1,21,A01
201800005802,0,32,000,00,2,2,00,A01
201800005802,0,07,000,00,2,2,00,B01
201800005803,1,32,000,00,1,6,13,A01
201800005803,1,10,000,00,2,3,01,B01
201800005804,0,32,000,00,1,1,13,A01
201800005805,2,07,000,00,1,2,01,A01
201800005806,2,01,000,00,4,8,15,A01
201800005806,2,40,001,00,2,1,01,B01
201800005807,1,10,000,00,2,2,00,A01
201800005807,1,33,000,01,2,9,02,B01
201800005808,0,07,000,00,2,4,02,B01
201800005808,0,07,000,00,2,1,02,A01
201800005809,1,07,000,00,2,7,01,A01
201800005809,2,07,000,00,2,1,01,B01
201800005810,0,01,000,00,2,7,23,A01
201800005810,1,01,000,00,2,1,21,B01
201800005811,1,07,000,09,2,9,15,A01
201800005811,1,07,000,00,2,1,01,B01
201800005811,1,02,000,00,2,8,01,C01
201800005812,0,07,000,00,2,1,15,A01
201800005812,0,33,000,00,2,1,00,B01
201800005813,0,07,000,00,2,1,15,A01
201800005813,0,33,000,00,2,3,01,B01
201800005814,1,31,000,01,0,2,01,A01
201800005815,1,33,000,00,2,8,01,B01
201800005815,1,10,000,00,2,2,01,A01
201800005816,1,30,000,00,2,1,02,A01
201800005816,1,32,000,00,2,4,02,B01
201800005817,1,07,000,00,2,1,02,A01
201800005817,1,07,000,00,2,4,23,B01
201800005818,2,01,000,00,1,1,01,A01
201800005819,2,07,000,00,2,1,00,A01
201800005819,2,33,000,00,2,4,00,B01
201800005820,2,07,000,16,0,1,02,A01
201800005820,1,02,000,00,2,3,02,B01
201800005821,2,07,000,00,1,2,00,A01
201800005822,2,01,000,00,2,1,00,A01
201800005822,1,07,000,00,6,7,15,B01
201800005823,1,33,000,00,2,3,13,A01
201800005823,2,31,000,00,2,3,01,B01
201800005824,1,01,000,00,2,4,12,A01
201800005824,1,07,000,00,6,3,01,B01
201800005825,1,10,000,00,2,7,20,A01
201800005825,1,02,000,00,2,1,01,B01
201800005826,2,30,000,00,2,1,01,A01
201800005826,2,33,000,00,2,4,23,B01
201800005827,1,33,000,00,2,1,09,A01
201800005827,1,07,000,00,2,6,09,B01
201800005828,0,07,000,00,2,0,00,A01
201800005828,2,33,000,00,2,6,21,B01
201800005829,0,10,000,00,1,0,00,A01
201800005830,1,10,000,00,1,1,15,A01
201800005831,2,07,000,00,2,4,00,A01
201800005831,2,33,000,00,2,1,02,B01
201800005832,1,10,000,00,1,0,00,Z01
201800005833,1,20,000,00,2,3,01,A01
201800005833,2,30,000,00,2,1,01,B01
201800005834,1,33,000,00,2,1,01,A01
201800005834,1,10,000,00,2,4,15,B01
201800005834,1,20,000,00,2,6,01,C01
201800005835,1,07,000,00,2,3,10,A01
201800005835,1,33,000,00,2,2,00,B01
201800005836,2,31,000,00,2,1,13,A01
201800005836,1,37,002,00,2,3,01,B01
201800005837,2,10,000,00,1,1,00,A01
201800005838,2,14,000,00,1,3,01,A01
201800005839,1,31,000,00,2,1,01,B01
201800005839,2,07,000,00,2,2,01,A01
201800005840,2,30,000,00,1,1,00,A01
201800005841,0,32,000,00,1,1,19,A01
201800005842,1,10,000,00,1,1,01,A01
201800005843,0,07,000,00,2,1,01,B01
201800005843,0,07,000,00,0,1,13,A01
201800005843,0,32,000,00,2,1,01,C01
201800005844,0,33,000,00,1,1,21,A01
201800005845,0,10,000,00,2,8,15,A01
201800005845,0,31,000,00,2,2,01,B01
201800005846,2,01,000,00,1,1,01,A01
201800005847,1,30,000,00,2,1,01,A01
201800005847,1,07,000,00,0,0,00,Z01
201800005848,2,07,000,00,2,1,15,A01
201800005848,1,30,000,00,2,1,01,B01
201800005849,2,07,000,00,2,2,15,A01
201800005849,1,30,000,00,2,1,01,B01
201800005850,2,33,000,00,1,2,03,A01
201800005851,2,33,000,00,2,1,01,A01
201800005851,2,07,000,00,2,8,01,B01
201800005852,1,07,000,00,2,5,10,A01
201800005852,1,34,000,00,2,1,01,B01
201800005853,1,07,000,00,1,3,01,A01
201800005854,0,07,000,00,1,1,01,A01
201800005855,2,07,000,00,1,1,01,A01
201800005856,2,07,000,01,0,0,00,A01
201800005857,2,33,000,00,1,4,18,A01
201800005857,2,07,000,00,2,2,16,B01
201800005858,0,99,000,00,0,2,19,A01
201800005858,0,07,000,00,0,2,01,B01
201800005859,0,32,000,00,2,1,17,A01
201800005859,0,30,000,00,2,6,02,B01
201800005860,2,07,000,00,2,7,01,B01
201800005860,0,10,000,00,2,1,00,A01
201800005861,0,01,000,00,0,0,00,A01
201800005861,0,02,000,00,0,0,01,B01
201800005862,1,02,000,00,1,1,17,A01
201800005863,1,07,000,00,2,1,00,A01
201800005863,1,07,000,00,2,4,23,B01
201800005864,0,32,000,00,2,1,21,B01
201800005864,0,07,000,00,2,5,00,A01
201800005865,1,20,000,00,2,3,01,A01
201800005865,1,07,000,00,2,7,01,B01
201800005866,2,30,000,02,0,1,14,A01
201800005867,2,07,000,00,0,0,11,A01
201800005867,2,02,000,00,0,0,00,B01
201800005868,0,10,000,00,1,5,09,A01
201800005869,1,32,000,00,2,4,00,B01
201800005869,1,07,000,00,2,1,01,Z01
201800005870,0,30,000,00,2,1,03,A01
201800005870,0,07,000,00,2,5,01,B01
201800005871,1,15,000,00,1,5,16,A01
201800005872,0,07,000,00,2,7,09,A01
201800005872,1,37,045,00,2,1,01,B01
201800005873,2,07,000,01,0,4,13,A01
201800005873,1,37,015,00,2,3,24,B01
201800005874,1,07,000,07,0,0,12,A01
201800005874,1,07,000,07,0,0,01,B01
201800005875,1,07,000,08,0,1,13,A01
201800005876,2,07,000,00,1,1,01,A01
201800005877,0,07,000,00,2,3,09,A01
201800005877,1,30,000,00,2,1,01,B01
201800005878,2,07,000,09,0,2,14,A01
201800005879,0,37,005,00,1,7,15,A01
201800005880,1,07,000,00,2,2,01,A01
201800005880,1,02,000,00,2,1,01,B01
201800005881,0,07,000,06,0,1,14,A01
201800005882,0,07,000,00,2,1,13,A01
201800005882,0,07,000,00,2,1,01,B01
201800005883,1,30,000,00,2,3,09,A01
201800005883,2,07,000,00,2,1,01,B01
201800005884,1,07,000,00,2,3,20,A01
201800005884,2,02,000,00,2,1,01,B01
201800005885,0,34,000,08,0,6,18,B02
201800005885,0,07,000,00,2,7,12,A01
201800005886,2,21,000,00,0,0,01,A01
201800005887,1,33,000,00,2,1,21,A01
201800005887,2,07,000,00,2,5,15,B01
201800005888,0,01,000,00,2,4,02,B01
201800005888,0,07,000,00,2,2,02,A01
201800005889,0,01,000,00,2,4,02,A01
201800005889,0,07,000,00,2,2,02,B01
201800005890,1,07,000,00,2,3,19,A01
201800005890,1,07,000,13,2,1,01,B01
201800005891,1,07,000,00,0,1,01,B01
201800005891,1,07,000,00,0,4,01,A01
201800005892,1,07,000,02,0,2,01,A01
201800005893,1,15,000,00,2,1,02,A01
201800005893,1,07,000,00,2,1,02,B01
201800005893,1,07,000,00,2,1,02,C01
201800005894,0,33,000,00,2,1,01,A01
201800005894,0,37,001,00,2,7,15,B01
201800005895,0,07,000,02,0,8,01,A01
201800005896,2,07,000,00,1,1,01,A01
201800005897,0,10,000,15,0,1,13,A01
201800005898,2,31,000,00,2,1,01,B01
201800005898,1,07,000,00,2,7,15,A01
201800005899,2,07,000,00,0,4,20,A01
201800005899,2,01,000,01,0,1,01,B01
201800005900,0,07,000,00,1,2,01,A01
201800005901,1,07,000,00,2,6,02,A01
201800005901,1,33,000,00,2,7,02,B01
201800005902,1,07,000,13,0,1,01,A01
201800005903,1,07,000,00,2,1,02,B01
201800005903,2,31,000,00,2,1,05,A01
201800005904,1,07,000,15,0,9,14,A01
201800005905,0,01,000,00,2,1,15,B01
201800005905,0,07,000,00,9,3,16,A01
201800005906,1,07,000,08,0,6,14,A01
201800005907,2,07,000,06,0,1,00,A01
201800005908,2,15,000,00,2,3,13,A01
201800005908,1,07,000,13,2,3,00,B01
201800005909,1,02,000,00,2,1,21,B01
201800005909,2,07,000,00,2,3,19,A01
201800005910,1,07,000,08,1,1,01,A01
201800005911,1,07,000,00,2,3,13,A01
201800005911,2,07,000,00,2,3,21,B01
201800005912,2,07,000,06,0,1,01,A01
201800005913,1,07,000,00,2,2,01,B01
201800005913,2,07,000,00,2,3,01,C01
201800005913,1,07,000,00,2,8,09,A01
201800005914,0,07,000,00,1,2,01,A01
201800005915,2,07,000,00,1,4,00,B01
201800005915,2,10,000,00,2,1,00,A01
201800005916,1,07,000,00,2,1,01,B01
201800005916,2,07,000,00,2,1,13,A01
201800005917,2,07,000,00,2,7,13,A01
201800005917,1,07,000,00,2,8,01,B01
201800005918,0,07,000,00,2,1,16,A01
201800005918,1,07,000,06,2,7,01,B01
201800005919,0,14,000,00,1,7,01,A01
201800005920,0,07,000,01,1,4,00,A01
201800005921,0,33,000,11,0,1,06,A01
201800005922,1,07,000,00,2,3,01,B01
201800005922,0,07,000,00,2,1,00,A01
201800005923,0,10,000,00,1,1,01,A01
201800005924,2,07,000,00,1,2,01,A01
201800005925,2,31,000,00,2,1,01,B01
201800005925,1,07,000,00,2,2,15,A01
201800005926,2,07,000,00,1,1,16,A01
201800005927,1,10,000,00,2,1,13,A01
201800005927,2,07,000,00,2,1,01,B01
201800005928,2,10,000,00,2,0,01,A01
201800005928,1,01,000,00,2,0,00,B01
201800005929,2,07,000,00,2,3,01,B01
201800005929,1,07,000,00,2,3,05,A01
201800005930,1,07,000,02,0,1,14,A01
201800005931,0,07,000,00,2,8,15,B01
201800005931,2,33,000,00,2,1,02,A01
201800005932,2,01,000,00,2,4,02,A01
201800005932,2,01,000,00,2,1,02,B01
201800005933,1,32,000,00,2,2,01,B01
201800005933,2,07,000,00,2,3,19,A01
201800005934,1,14,000,00,2,1,02,A01
201800005934,1,15,000,00,2,4,16,B01
201800005935,0,07,000,13,0,1,06,A01
201800005936,0,07,000,00,2,1,15,A01
201800005936,0,31,000,00,2,1,17,B01
201800005937,1,07,000,00,2,4,02,A01
201800005937,1,07,000,00,2,1,02,B01
201800005938,2,10,000,00,2,7,21,B01
201800005938,1,07,000,00,2,1,13,A01
201800005939,2,07,000,06,0,3,00,A01
201800005940,0,30,000,06,0,2,14,A01
201800005941,2,07,000,00,1,2,01,A01
201800005942,0,30,000,00,0,7,16,A01
201800005943,1,07,000,08,0,1,01,A01
201800005944,2,07,000,00,1,1,01,A01
201800005945,2,01,000,00,2,1,02,B01
201800005945,2,33,000,00,2,1,00,A01
201800005946,2,07,000,00,2,1,00,A01
201800005946,2,33,000,00,6,4,23,B01
201800005947,0,10,000,00,2,3,01,B01
201800005947,0,07,000,00,2,3,13,A01
201800005948,1,07,000,15,0,1,05,A01
201800005949,2,02,000,00,2,1,02,B01
201800005949,1,07,000,00,2,7,09,A01
201800005950,0,07,000,00,2,3,01,B01
201800005950,0,10,000,00,2,3,13,A01
201800005951,0,07,000,00,2,3,15,A01
201800005951,0,31,000,00,2,1,17,B01
201800005952,0,07,000,00,2,7,01,A01
201800005952,0,31,000,00,2,1,01,B01
201800005953,0,07,000,00,2,4,01,A01
201800005953,0,07,000,00,2,2,01,B01
201800005953,0,07,000,00,2,1,01,C01
201800005954,1,33,000,13,0,1,02,A01
201800005955,0,07,000,13,0,0,01,A01
201800005956,2,10,000,00,2,7,15,A01
201800005956,1,30,000,00,2,1,01,B01
201800005957,2,02,000,00,0,7,01,A01
201800005958,0,07,000,00,2,1,02,A01
201800005958,0,07,000,00,2,4,02,B01
201800005959,2,15,000,00,1,1,01,B01
201800005960,2,17,000,00,2,4,02,B01
201800005960,2,07,000,00,2,1,02,A01
201800005961,2,07,000,03,0,9,00,A01
201800005962,1,07,000,04,0,1,00,A01
201800005963,2,07,000,03,0,3,14,A01
201800005964,1,07,000,13,0,3,12,A01
201800005965,1,10,000,00,0,4,23,B01
201800005965,1,17,000,00,2,1,01,A01
201800005966,2,07,000,00,2,1,18,A01
201800005966,2,07,000,00,0,4,01,B01
201800005967,1,07,000,07,0,1,01,A01
201800005968,2,07,000,13,0,2,01,A01
201800005969,2,33,000,03,0,3,16,A01
201800005970,2,07,000,13,2,5,01,B01
201800005970,2,07,000,13,2,3,21,A01
201800005971,1,07,000,13,0,2,14,A01
201800005972,2,10,000,00,2,4,01,A01
201800005972,2,17,000,00,2,1,02,B01
201800005973,2,07,000,01,0,1,14,A01
201800005973,2,17,000,00,0,6,24,B01
201800005974,1,07,000,03,0,1,14,A01
201800005975,1,07,000,13,0,2,14,A01
201800005976,2,07,000,00,0,9,01,A01
201800005977,2,07,000,13,0,2,00,A01
201800005978,2,07,000,00,2,5,01,G01
201800005978,2,07,000,13,2,4,23,F01
201800005978,2,07,000,00,2,4,02,C01
201800005978,2,15,000,00,2,1,01,A01
201800005978,2,07,000,00,2,7,12,E01
201800005978,2,07,000,00,2,4,14,D01
201800005979,1,07,000,00,2,3,01,B01
201800005979,2,07,000,00,2,3,05,A01
201800005979,1,10,000,00,2,3,01,C01
201800005980,2,07,000,13,0,2,21,A01
201800005981,1,07,000,15,2,2,00,A01
201800005981,1,07,000,00,2,6,00,B01
201800005982,0,33,000,00,0,7,01,A01
201800005983,2,01,000,00,2,7,01,A01
201800005983,1,07,000,00,2,1,01,B01
201800005984,1,07,000,00,2,3,05,A01
201800005984,2,33,000,00,2,8,01,B01
201800005985,0,07,000,00,2,1,01,A01
201800005985,0,10,000,00,0,4,15,B01
201800005986,2,07,000,07,2,3,01,B01
201800005986,1,10,000,00,2,7,01,A01
201800005987,2,33,000,00,2,3,00,A01
201800005987,1,07,000,00,2,1,15,B01
201800005988,0,07,000,00,1,1,01,A01
201800005989,0,07,000,00,2,3,09,A01
201800005989,0,02,000,00,2,1,01,B01
201800005990,0,07,000,00,1,0,17,A01
201800005991,1,30,000,00,0,9,01,A01
201800005992,0,01,000,00,2,4,05,B01
201800005992,0,10,000,00,2,4,04,A01
201800005993,2,31,000,00,2,1,01,B01
201800005993,1,07,000,00,2,1,01,A01
201800005994,1,33,000,00,0,4,01,A01
201800005995,2,07,000,00,1,2,15,A01
201800005996,1,07,000,00,2,3,11,A01
201800005996,2,33,000,00,2,8,01,B01
201800005997,1,07,000,00,1,1,01,A01
201800005998,1,33,000,00,2,1,01,A01
201800005998,1,07,000,00,2,4,02,B01
201800005999,2,33,000,00,2,2,17,A01
201800005999,2,07,000,00,2,3,15,B01
201800006000,1,07,000,06,2,1,01,A01
201800006000,2,07,000,00,2,1,01,C01
201800006000,1,07,000,00,2,4,23,B01
201800006001,2,07,000,01,1,7,01,A01
201800006002,1,07,000,10,0,3,01,B01
201800006002,2,07,000,00,0,3,13,A01
201800006003,2,33,000,03,0,8,02,A01
201800006004,1,07,000,02,0,1,13,A01
201800006005,1,07,000,00,2,2,17,A01
201800006005,1,15,000,00,2,6,01,B01
201800006006,2,17,000,00,0,3,01,B01
201800006006,2,07,000,00,2,3,11,A01
201800006007,1,07,000,13,0,1,01,A01
201800006008,1,15,000,04,0,3,13,A01
201800006009,2,07,000,00,2,4,02,C01
201800006009,2,07,000,00,2,4,02,B01
201800006009,2,07,000,00,2,4,02,D01
201800006009,2,07,000,00,0,1,02,A01
201800006010,2,38,030,13,0,2,01,A01
201800006011,2,07,000,04,2,3,17,A01
201800006011,2,07,000,00,2,7,01,B01
201800006011,2,07,000,00,2,8,01,C01
201800006011,2,07,000,04,2,8,01,D01
201800006012,1,07,000,04,0,6,01,A01
201800006012,1,07,000,00,9,1,01,B01
201800006012,1,07,000,00,9,1,01,C01
201800006013,1,07,000,00,2,2,19,A01
201800006013,1,07,000,00,2,3,01,B01
201800006014,1,07,000,03,2,2,01,A01
201800006014,1,07,000,00,0,6,01,B01
201800006015,1,07,000,04,0,1,02,A01
201800006015,1,07,000,01,0,1,02,B01
201800006016,1,07,000,00,2,2,00,A01
201800006016,1,33,000,00,2,4,00,B01
201800006017,2,07,000,15,0,1,01,A01
201800006018,1,07,000,00,0,9,14,A01
201800006019,1,16,000,00,2,2,02,A01
201800006019,1,10,000,00,0,4,02,C01
201800006020,2,07,000,04,0,1,13,A01
201800006021,1,07,000,00,2,1,02,A01
201800006021,1,17,000,00,0,4,02,B01
201800006022,1,07,000,00,2,2,15,A01
201800006022,2,07,000,00,2,1,01,B01
201800006023,2,07,000,00,2,2,02,A01
201800006023,2,07,000,14,0,0,01,C01
201800006023,2,07,000,13,0,1,01,B01
201800006024,2,07,000,00,2,1,01,A01
201800006024,2,07,000,00,0,4,23,B01
201800006025,2,07,000,00,0,4,01,A01
201800006025,2,07,000,00,2,1,01,B01
201800006025,2,07,000,00,2,1,01,C01
201800006025,2,07,000,00,2,1,01,D01
201800006025,2,07,000,00,2,1,01,E01
201800006026,2,07,000,01,0,1,02,A01
201800006026,2,15,000,00,2,4,24,B01
201800006027,1,07,000,00,2,1,02,A01
201800006027,1,07,000,00,0,4,02,B01
201800006028,2,14,000,00,2,8,13,A01
201800006028,2,10,000,00,2,7,17,B01
201800006029,1,07,000,00,0,0,01,A01
201800006030,2,07,000,05,0,2,09,A01
201800006031,1,07,000,02,0,3,00,A01
201800006032,2,07,000,13,0,1,01,A01
201800006033,2,07,000,03,0,3,01,A01
201800006034,2,15,000,00,0,7,14,A01
201800006035,1,07,000,04,0,8,13,A01
201800006036,0,07,000,02,0,9,14,A01
201800006037,1,07,000,03,0,1,14,A01
201800006038,1,07,000,00,9,0,00,F01
201800006038,1,07,000,00,2,1,01,A01
201800006038,1,07,000,00,2,1,01,H01
201800006038,1,07,000,00,9,0,00,G01
201800006038,1,07,000,00,2,3,00,B01
201800006038,1,07,000,00,2,4,01,E01
201800006038,1,07,000,00,2,1,01,D01
201800006038,1,07,000,00,9,0,00,I01
201800006038,1,07,000,00,2,1,01,C01
201800006039,2,07,000,13,0,1,01,A01
201800006040,2,07,000,00,0,9,02,A01
201800006041,1,07,000,00,0,0,14,A01
201800006042,1,07,000,00,2,5,21,D01
201800006042,1,07,000,00,2,3,21,C01
201800006042,1,07,000,00,2,2,14,A01
201800006043,1,17,000,00,0,6,02,A01
201800006043,1,07,000,00,2,1,14,B01
201800006044,1,33,000,00,2,8,01,A01
201800006044,1,07,000,00,2,2,12,B01
201800006045,1,15,000,03,0,1,00,A01
201800006046,2,07,000,00,2,1,02,C01
201800006046,2,07,000,00,2,2,17,A01
201800006046,2,17,000,00,2,3,01,B01
201800006047,2,07,000,04,2,1,00,A01
201800006047,2,07,000,00,2,1,01,B01
201800006047,2,07,000,00,2,1,01,C01
201800006048,1,33,000,00,0,0,01,A01
201800006049,1,07,000,00,2,1,01,A01
201800006049,1,15,000,00,2,6,01,B01
201800006050,1,07,000,00,9,1,01,C01
201800006050,2,17,000,04,0,8,01,A01
201800006050,2,07,000,04,2,2,17,B01
201800006051,2,17,000,00,0,4,02,A01
201800006051,2,10,000,00,2,1,02,B01
201800006052,1,07,000,04,0,1,01,A01
201800006052,1,07,000,14,2,1,01,B01
201800006052,1,17,000,00,0,4,23,C01
201800006052,1,10,000,01,0,1,01,D01
201800006053,2,07,000,04,0,4,02,A01
201800006053,2,07,000,00,2,1,02,B01
201800006054,2,17,000,00,0,4,11,A01
201800006054,2,17,000,00,2,1,01,B01
201800006055,2,07,000,03,0,2,01,A01
201800006056,2,15,000,00,0,4,01,B01
201800006056,2,07,000,00,2,1,01,A01
201800006057,1,15,000,00,2,8,02,A01
201800006057,1,07,000,00,2,9,02,B01
201800006058,2,07,000,00,2,1,02,A01
201800006058,2,10,000,00,2,4,01,B01
201800006058,2,07,000,00,2,4,01,C01
201800006059,1,07,000,00,2,1,00,A01
201800006059,1,07,000,03,0,4,00,B01
201800006060,1,07,000,03,0,5,02,B01
201800006060,1,07,000,00,2,3,02,A01
201800006061,2,07,000,00,2,2,01,A01
201800006061,2,07,000,00,2,3,01,B01
201800006062,1,07,000,04,0,3,01,A01
201800006063,1,07,000,04,0,2,01,A01
201800006064,1,17,000,00,0,4,00,B01
201800006064,1,07,000,00,2,1,00,A01
201800006065,1,33,000,00,2,1,17,A01
201800006065,1,07,000,00,0,5,12,B01
201800006066,1,07,000,00,2,1,02,B01
201800006066,1,07,000,00,2,9,02,A01
201800006067,2,07,000,03,0,2,01,A01
201800006067,2,07,000,00,2,8,01,B01
201800006068,2,07,000,03,2,2,02,A01
201800006068,2,07,000,00,2,0,02,B01
201800006069,1,17,000,07,0,8,01,A01
201800006070,2,07,000,14,0,1,01,I01
201800006070,2,07,000,14,0,1,01,G01
201800006070,2,07,000,14,0,1,01,D01
201800006070,2,07,000,14,0,1,01,F01
201800006070,2,07,000,14,0,1,01,J01
201800006070,2,07,000,14,0,1,01,B01
201800006070,2,15,000,00,2,0,01,A01
201800006070,2,07,000,14,0,1,01,C01
201800006070,2,07,000,14,0,1,01,E01
201800006070,2,07,000,14,0,1,01,H01
201800006071,1,10,000,00,2,1,00,A01
201800006071,1,13,000,00,0,4,00,B01
201800006072,1,07,000,00,2,2,01,C01
201800006072,1,07,000,00,0,0,09,A01
201800006072,1,07,000,00,2,3,01,B01
201800006073,2,10,000,03,0,1,01,A01
201800006074,1,07,000,07,0,2,01,A01
201800006075,2,07,000,00,2,4,01,B01
201800006075,2,07,000,00,2,4,11,A01
201800006075,2,07,000,00,2,1,02,C01
201800006076,1,07,000,04,0,1,01,A01
201800006077,1,07,000,00,2,2,17,A01
201800006077,1,15,000,00,0,6,01,B01
201800006078,2,07,000,03,2,8,01,B01
201800006078,2,07,000,00,0,4,01,D01
201800006078,2,07,000,00,2,4,01,C01
201800006078,2,07,000,03,2,3,01,A01
201800006079,2,07,000,00,2,4,01,E01
201800006079,2,07,000,00,2,4,01,B01
201800006079,2,07,000,00,2,1,01,A01
201800006079,2,07,000,00,2,4,01,D01
201800006079,2,07,000,00,2,4,01,C01
201800006080,1,10,000,00,2,4,02,B01
201800006080,1,14,000,00,2,1,02,A01
201800006081,2,31,000,00,2,1,02,A01
201800006081,2,07,000,00,0,6,23,B01
201800006082,2,07,000,01,0,1,02,C01
201800006082,2,07,000,01,0,4,02,B01
201800006082,2,07,000,00,0,4,02,A01
201800006082,2,07,000,00,2,1,02,D01
201800006083,2,07,000,03,0,2,01,A01
201800006084,2,07,000,03,0,4,02,B01
201800006084,2,07,000,03,2,1,02,A01
201800006085,2,07,000,00,2,5,02,B01
201800006085,1,07,000,00,2,4,02,C01
201800006085,1,10,000,00,2,1,02,A01
201800006085,1,07,000,00,0,4,01,D01
201800006086,1,07,000,03,0,1,01,A01
201800006087,1,07,000,00,2,4,23,B01
201800006087,1,10,000,00,0,5,23,A01