Num_Acc,senc,catv,occutc,obs,obsm,choc,manv,num_veh
201800006425,2,33,000,00,0,1,01,A01
201800006426,1,07,000,00,2,1,01,A01
201800006426,2,07,000,00,2,3,19,B01
201800006427,1,15,000,08,2,1,01,B01
201800006427,1,07,000,00,2,2,01,A01
201800006428,2,17,000,00,2,3,01,B01
201800006428,1,03,000,00,2,3,13,A01
201800006429,2,14,000,00,9,7,17,A01
201800006429,2,01,000,00,2,8,13,B01
201800006430,0,99,000,00,2,0,00,R01
201800006430,1,17,000,00,2,6,15,A01
201800006431,2,07,000,00,2,1,13,A01
201800006431,1,15,000,00,2,2,13,C01
201800006431,2,10,000,00,2,3,01,B01
201800006432,2,15,000,00,2,1,02,A01
201800006432,2,07,000,00,2,4,02,B01
201800006432,2,10,000,00,2,4,23,C01
201800006432,2,07,000,00,2,4,02,D01
201800006432,2,10,000,00,2,4,23,E01
201800006432,2,38,001,00,0,4,23,F01
201800006432,2,10,000,00,2,4,23,G01
201800006433,2,15,000,00,2,2,01,A01
201800006433,2,10,000,00,2,3,01,B01
201800006434,2,07,000,00,2,1,13,A01
201800006434,1,17,000,00,2,1,01,B01
201800006435,1,17,000,13,0,0,01,A01
201800006436,2,15,000,00,2,1,02,A01
201800006436,2,07,000,00,0,4,02,B01
201800006436,2,07,000,00,0,4,02,C01
201800006437,2,17,000,00,2,1,02,A01
201800006437,2,07,000,00,2,4,02,B01
201800006437,2,17,000,00,0,4,02,C01
201800006438,2,07,000,00,2,2,13,A01
201800006438,1,10,000,00,2,1,01,B01
201800006439,2,07,000,00,1,0,01,A01
201800006440,0,07,000,00,2,6,01,A01
201800006440,0,10,000,00,2,1,10,B01
201800006441,2,07,000,00,2,3,15,A01
201800006441,1,33,000,00,2,1,01,B01
201800006442,0,07,000,00,1,1,01,A01
201800006443,0,07,000,00,2,1,13,A01
201800006443,0,07,000,00,2,1,01,B01
201800006444,0,33,000,00,2,1,16,B01
201800006444,0,07,000,00,2,8,05,A01
201800006445,0,34,000,00,2,2,17,A01
201800006445,0,07,000,00,2,8,15,B01
201800006446,0,07,000,00,2,8,15,A01
201800006446,0,33,000,00,2,7,02,B01
201800006446,0,07,000,00,2,1,14,C01
201800006447,0,33,000,16,0,8,01,A01
201800006448,0,32,000,00,0,0,15,A01
201800006449,2,07,000,00,0,3,01,A01
201800006449,1,07,000,00,2,3,17,B01
201800006450,0,31,000,00,2,1,13,B01
201800006450,1,07,000,00,2,1,05,A01
201800006451,2,33,000,03,0,1,01,A01
201800006452,2,20,000,06,0,7,21,A01
201800006453,2,14,000,00,2,3,09,A01
201800006453,0,17,000,00,2,7,01,B01
201800006454,1,14,000,00,1,2,01,A01
201800006455,0,16,000,00,1,4,19,A01
201800006456,2,07,000,00,2,1,01,A01
201800006456,1,17,000,00,2,3,01,B01
201800006456,2,07,000,00,2,1,01,C01
201800006457,1,33,000,00,2,6,03,A01
201800006457,1,15,000,00,2,2,01,B01
201800006458,2,07,000,00,2,1,02,B01
201800006458,2,07,000,00,2,4,02,A01
201800006458,2,07,000,00,2,5,02,C01
201800006459,1,07,000,00,2,1,01,C01
201800006459,1,07,000,00,2,1,01,A01
201800006459,1,07,000,00,2,4,01,B01
201800006460,2,99,000,10,0,1,00,A01
201800006461,2,10,000,00,2,1,01,A01
201800006461,2,07,000,00,0,8,01,B01
201800006462,2,07,000,00,2,1,00,A01
201800006462,2,17,000,00,0,6,01,B01
201800006463,1,07,000,00,2,9,02,A01
201800006463,1,07,000,00,0,9,02,B01
201800006464,1,33,000,04,0,8,15,A01
201800006465,1,07,000,14,0,4,23,B01
201800006465,1,10,000,00,0,4,23,C01
201800006465,1,07,000,14,0,1,12,A01
201800006466,1,07,000,00,2,1,02,A01
201800006466,1,07,000,00,2,4,02,B01
201800006466,1,07,000,00,0,6,02,C01
201800006467,2,07,000,03,0,4,23,A01
201800006467,2,07,000,00,2,1,01,B01
201800006468,2,10,000,00,2,3,21,B01
201800006468,2,07,000,04,2,7,12,A01
201800006469,1,07,000,00,1,1,21,D01
201800006469,1,10,000,03,2,2,21,C01
201800006469,1,15,000,00,2,8,01,B01
201800006470,1,15,000,01,1,2,01,B01
201800006471,1,07,000,00,2,1,01,A01
201800006471,2,07,000,00,0,2,01,B01
201800006472,2,17,000,03,2,2,19,A01
201800006472,1,07,000,00,2,2,01,B01
201800006473,1,07,000,00,1,2,01,A01
201800006474,2,07,000,03,0,9,02,A01
201800006475,1,07,000,04,0,4,02,B01
201800006475,1,07,000,00,2,4,02,A01
201800006476,1,07,000,03,2,1,14,A01
201800006476,1,10,000,00,2,1,01,B01
201800006477,2,07,000,14,0,1,01,F01
201800006477,2,07,000,14,0,2,01,B01
201800006477,2,07,000,14,0,1,01,D01
201800006477,1,17,000,03,0,1,06,A01
201800006477,2,07,000,14,0,1,01,E01
201800006477,2,07,000,14,0,1,01,C01
201800006478,1,07,000,00,1,1,01,A01
201800006479,2,07,000,00,2,1,00,G01
201800006479,2,07,000,00,2,8,00,F01
201800006479,2,07,000,00,2,8,21,B01
201800006479,2,07,000,00,9,6,23,E01
201800006479,2,10,000,00,0,0,24,A01
201800006479,2,07,000,03,2,5,23,C01
201800006479,2,07,000,00,2,8,23,D01
201800006480,2,34,000,00,2,1,01,A01
201800006480,2,07,000,00,2,5,23,B01
201800006480,2,07,000,00,2,4,23,C01
201800006480,2,07,000,00,2,4,23,D01
201800006481,2,07,000,04,0,1,00,A01
201800006482,1,07,000,00,0,6,14,A01
201800006482,1,07,000,00,2,2,21,C01
201800006482,1,33,000,00,2,1,21,B01
201800006483,2,33,000,00,0,8,11,A01
201800006484,1,07,000,00,2,1,02,A01
201800006484,1,17,000,00,0,5,02,B01
201800006485,2,07,000,14,0,2,21,E01
201800006485,2,10,000,00,0,4,01,A01
201800006485,2,10,000,00,2,3,01,B01
201800006485,2,07,000,14,0,1,01,C01
201800006486,2,10,000,00,0,6,01,A01
201800006486,2,10,000,00,2,1,01,D01
201800006486,2,10,000,00,2,2,02,C01
201800006487,0,07,000,00,1,2,05,A01
201800006488,0,07,000,00,1,1,01,A01
201800006489,2,33,000,00,2,1,02,B01
201800006489,2,07,000,00,0,4,15,A01
201800006490,1,07,000,06,0,1,01,A01
201800006491,2,07,000,03,2,8,10,B01
201800006491,2,33,000,00,2,2,17,A01
201800006492,1,07,000,00,2,1,15,A01
201800006492,2,32,000,00,2,1,01,B01
201800006493,2,07,000,00,2,3,01,B01
201800006493,1,31,000,00,2,1,17,A01
201800006494,0,07,000,00,0,0,00,C01
201800006494,0,33,000,00,2,7,01,B01
201800006494,0,07,000,00,2,2,21,A01
201800006495,0,07,000,13,0,2,01,A01
201800006496,1,07,000,00,1,2,01,A01
201800006497,2,07,000,00,2,1,05,A01
201800006497,1,17,000,00,0,2,01,B01
201800006498,1,15,000,00,2,1,01,B01
201800006498,2,07,000,00,2,1,13,A01
201800006499,1,07,000,13,0,2,01,A01
201800006500,1,07,000,00,0,8,01,A01
201800006501,2,07,000,00,2,1,02,A01
201800006501,2,07,000,00,2,6,23,B01
201800006501,2,07,000,00,2,5,23,C01
201800006502,1,07,000,00,1,2,01,A01
201800006503,2,07,000,03,0,3,01,A01
201800006504,2,10,000,00,2,4,23,B01
201800006504,2,07,000,00,2,1,01,A01
201800006505,1,15,000,00,2,4,02,B01
201800006505,1,15,000,00,2,4,02,C01
201800006505,1,15,000,00,0,4,02,A01
201800006505,1,15,000,00,2,1,02,D01
201800006506,1,07,000,00,1,1,19,A01
201800006507,1,07,000,00,2,3,17,B01
201800006507,2,07,000,00,9,1,02,C01
201800006507,2,07,000,03,2,3,05,A01
201800006508,1,07,000,00,2,1,13,A01
201800006508,2,07,000,00,2,1,01,B01
201800006509,2,33,000,00,2,1,01,B01
201800006509,1,07,000,00,2,7,19,A01
201800006510,0,07,000,00,2,1,01,B01
201800006510,0,99,000,00,2,7,19,A01
201800006511,1,07,000,00,1,2,00,A01
201800006512,0,07,000,00,2,3,15,A01
201800006512,0,07,000,00,2,2,01,B01
201800006513,2,10,000,00,2,1,02,A01
201800006513,2,15,000,00,0,4,02,B01
201800006514,2,07,000,03,0,3,00,A01
201800006515,1,07,000,00,2,9,21,D01
201800006515,1,07,000,00,2,1,21,E01
201800006515,1,07,000,05,0,1,00,A01
201800006515,1,17,000,00,0,0,23,B01
201800006516,2,07,000,00,2,2,11,A01
201800006516,2,15,000,00,0,6,01,B01
201800006517,1,33,000,00,0,0,17,A01
201800006518,2,07,000,12,0,1,00,A01
201800006519,2,07,000,00,2,1,02,A01
201800006519,2,07,000,04,0,4,02,B01
201800006520,1,15,000,00,9,4,02,A01
201800006521,2,07,000,00,0,0,01,A01
201800006522,1,07,000,00,2,4,02,B01
201800006522,1,07,000,00,2,1,02,A01
201800006522,1,07,000,00,0,4,02,C01
201800006523,2,07,000,03,0,1,01,A01
201800006524,2,07,000,00,1,2,01,A01
201800006525,0,33,000,00,0,2,01,A01
201800006526,2,17,000,00,2,3,01,A01
201800006526,1,17,000,02,2,3,01,B01
201800006527,1,15,000,03,2,3,15,A01
201800006527,1,07,000,05,2,2,17,B01
201800006528,1,17,000,00,2,1,01,B01
201800006528,2,07,000,00,2,1,17,A01
201800006529,1,14,000,00,2,8,01,B01
201800006529,2,31,000,00,2,8,01,A01
201800006529,1,10,000,00,2,8,01,C01
201800006530,1,10,000,06,2,3,13,A01
201800006530,2,14,000,06,2,3,01,B01
201800006531,2,14,000,13,0,8,01,A01
201800006532,2,07,000,00,1,2,18,A01
201800006533,1,33,000,00,2,1,15,A01
201800006533,2,01,000,00,2,1,01,B01
201800006534,2,07,000,00,2,2,01,A01
201800006534,1,01,000,00,2,3,19,B01
201800006535,0,32,000,00,2,2,17,A01
201800006535,0,10,000,00,2,3,15,B01
201800006536,0,07,000,00,1,6,04,A01
201800006537,1,07,000,00,1,3,01,A01
201800006538,2,07,000,00,2,2,10,A01
201800006538,1,33,000,00,2,1,01,B01
201800006539,2,07,000,09,0,2,00,A01
201800006540,1,07,000,00,9,2,01,A01
201800006540,1,01,000,00,0,4,01,B01
201800006541,2,07,000,00,2,3,01,A01
201800006541,1,07,000,00,2,3,01,B01
201800006541,1,07,000,00,2,3,01,C01
201800006541,1,07,000,00,2,6,01,D01
201800006542,2,07,000,00,2,3,01,A01
201800006542,1,07,000,00,2,3,13,B01
201800006543,2,33,000,00,0,7,01,A01
201800006544,2,33,000,13,0,7,01,A01
201800006545,0,07,000,00,1,1,01,A01
201800006546,1,07,000,00,2,1,11,A01
201800006546,2,07,000,00,2,1,01,B01
201800006547,2,07,000,10,0,1,01,A01
201800006548,1,07,000,00,2,1,13,A01
201800006548,1,07,000,00,2,1,01,B01
201800006549,2,07,000,00,2,3,13,A01
201800006549,1,07,000,00,2,6,01,B01
201800006550,1,07,000,00,0,4,00,A01
201800006550,1,07,000,00,2,1,02,B01
201800006550,1,14,000,00,2,1,02,C01
201800006551,1,33,000,13,0,0,14,A01
201800006552,2,07,000,02,0,9,02,A01
201800006553,1,07,000,13,0,2,14,A01
201800006554,1,10,000,00,0,1,00,A01
201800006554,1,15,000,01,0,5,02,B01
201800006555,1,07,000,07,0,9,21,A01
201800006556,1,07,000,03,0,1,01,A01
201800006557,1,16,000,00,2,6,02,B01
201800006557,1,07,000,00,2,2,02,A01
201800006558,2,07,000,00,2,6,00,A01
201800006558,2,07,000,00,2,1,01,B01
201800006558,2,07,000,00,2,1,02,C01
201800006559,1,07,000,00,2,8,22,A01
201800006559,1,07,000,01,0,2,01,B01
201800006560,2,07,000,03,0,3,01,A01
201800006560,1,38,044,03,0,1,01,B01
201800006561,2,07,000,13,0,1,01,A01
201800006562,1,07,000,04,0,8,01,A01
201800006562,1,07,000,00,2,7,17,B01
201800006563,2,10,000,03,0,1,17,A01
201800006564,1,33,000,00,0,8,01,A01
201800006565,2,10,000,00,2,1,02,A01
201800006565,2,07,000,00,2,4,02,B01
201800006565,2,07,000,03,0,4,02,C01
201800006566,2,07,000,00,2,1,02,A01
201800006566,2,15,000,00,0,4,02,B01
201800006567,1,17,000,00,1,0,15,A01
201800006568,1,07,000,00,0,4,01,A01
201800006568,1,07,000,00,2,4,02,B01
201800006568,1,07,000,00,2,3,02,C01
201800006568,1,07,000,00,2,2,02,D01
201800006569,2,15,000,00,2,4,02,B01
201800006569,2,07,000,00,2,1,02,A01
201800006570,1,07,000,03,0,1,01,A01
201800006571,1,07,000,00,2,1,02,A01
201800006571,1,07,000,00,2,4,01,B01
201800006571,1,07,000,00,2,1,01,C01
201800006571,1,07,000,00,0,4,01,D01
201800006572,1,10,000,00,2,2,00,A01
201800006572,1,17,000,00,2,6,00,B01
201800006573,1,14,000,12,0,2,01,A01
201800006574,2,10,000,00,2,2,02,A01
201800006574,2,17,000,00,0,6,01,B01
201800006575,2,34,000,00,2,1,17,A01
201800006575,0,15,000,00,0,8,15,B01
201800006576,1,07,000,04,0,1,13,A01
201800006576,1,07,000,14,2,8,14,B01
201800006577,1,10,000,04,0,8,17,A01
201800006578,2,10,000,00,2,3,13,A01
201800006578,1,15,000,00,2,3,01,B01
201800006578,1,07,000,00,2,1,01,C01
201800006579,1,07,000,03,2,3,17,A01
201800006579,1,14,000,00,2,6,01,B01
201800006580,1,07,000,00,2,3,17,A01
201800006580,1,33,000,00,0,4,02,B01
201800006581,2,10,000,05,0,1,13,A01
201800006582,2,07,000,13,0,9,00,A01
201800006583,1,10,000,07,2,2,17,A01
201800006583,1,07,000,07,2,6,01,B01
201800006584,2,10,000,13,0,9,21,A01
201800006585,1,07,000,15,2,7,12,A01
201800006585,1,07,000,02,2,3,01,B01
201800006586,1,07,000,00,2,3,13,A01
201800006586,1,14,000,00,2,3,01,B01
201800006587,1,17,000,00,0,8,10,A01
201800006587,1,07,000,00,2,1,01,B01
201800006588,1,02,000,00,2,8,16,A01
201800006588,2,15,000,00,2,5,01,B01
201800006589,1,38,041,00,0,7,14,A01
201800006590,1,07,000,00,2,5,15,A01
201800006590,2,17,000,00,2,2,01,B01
201800006591,1,14,000,06,0,1,13,A01
201800006592,1,07,000,00,0,9,01,A01
201800006593,1,07,000,00,2,2,01,A01
201800006593,1,17,000,00,2,6,01,B01
201800006594,2,07,000,05,0,1,01,A01
201800006595,1,10,000,00,2,2,13,A01
201800006595,1,13,000,00,2,4,01,B01
201800006596,1,07,000,00,2,2,02,B01
201800006596,1,07,000,00,2,3,02,A01
201800006597,1,07,000,00,0,0,01,A01
201800006598,0,14,000,00,0,8,01,B01
201800006598,0,33,000,00,2,0,05,A01
201800006599,1,10,000,13,0,1,01,A01
201800006600,1,07,000,13,0,1,01,A01
201800006601,1,07,000,00,0,9,01,A01
201800006602,1,07,000,12,0,2,01,A01
201800006603,1,07,000,01,0,2,21,B01
201800006603,1,07,000,00,0,4,23,A01
201800006604,1,15,000,01,0,2,14,A01
201800006604,1,38,042,00,0,6,24,B01
201800006605,2,07,000,03,0,1,17,A01
201800006606,2,07,000,00,0,4,02,B01
201800006606,2,07,000,00,2,1,02,A01
201800006607,1,07,000,13,0,1,01,A01
201800006608,1,07,000,14,2,3,06,A01
201800006608,2,07,000,00,2,3,01,B01
201800006609,1,13,000,04,0,2,01,A01
201800006610,2,07,000,01,0,2,02,A01
201800006610,2,07,000,00,0,6,23,B01
201800006611,1,34,000,00,2,1,02,A01
201800006611,1,10,000,00,0,6,02,B01
201800006612,1,10,000,01,0,4,04,A01
201800006612,1,33,000,00,2,1,02,B01
201800006613,1,07,000,12,0,3,00,A01
201800006614,1,07,000,04,0,7,00,A01
201800006615,2,33,000,00,2,1,01,A01
201800006615,2,07,000,00,2,5,01,B01
201800006616,1,33,000,00,2,1,01,B01
201800006616,1,07,000,04,2,8,13,A01
201800006617,2,32,000,00,0,8,01,A01
201800006618,2,07,000,03,0,1,00,A01
201800006619,1,07,000,00,2,1,02,A01
201800006619,1,07,000,00,2,4,02,B01
201800006619,1,07,000,00,2,7,01,C01
201800006620,1,07,000,04,0,8,01,A01
201800006621,2,07,000,00,2,3,13,A01
201800006621,2,07,000,00,2,2,01,B01
201800006621,2,13,000,00,0,8,01,C01
201800006622,2,07,000,00,2,5,12,A01
201800006622,2,32,000,00,2,3,01,B01
201800006623,2,33,000,00,2,1,02,A01
201800006623,2,07,000,00,0,4,02,B01
201800006624,1,33,000,00,2,0,01,A01
201800006624,1,07,000,04,2,3,01,B01
201800006625,2,07,000,00,0,4,02,A01
201800006625,2,07,000,00,2,1,02,B01
201800006626,2,14,000,00,2,1,02,A01
201800006626,2,10,000,03,0,4,14,B01
201800006627,2,33,000,06,0,0,01,A01
201800006628,1,07,000,03,0,1,01,A01
201800006629,2,10,000,04,2,1,02,A01
201800006629,2,07,000,04,0,6,02,B01
201800006630,1,07,000,04,0,3,21,A01
201800006631,1,07,000,00,2,4,01,A01
201800006631,1,33,000,00,2,1,01,B01
201800006632,2,07,000,00,1,2,01,A01
201800006633,2,33,000,00,0,7,09,A01
201800006634,2,07,000,07,0,2,14,A01
201800006635,1,07,000,00,2,3,13,A01
201800006635,1,17,000,00,2,3,01,B01
201800006635,1,15,000,00,2,1,01,C01
201800006636,2,07,000,13,0,1,14,A01
201800006637,1,07,000,01,1,2,14,B01
201800006638,2,07,000,03,0,8,13,A01
201800006639,2,17,000,01,2,2,01,A01
201800006639,2,07,000,00,0,6,23,B01
201800006640,2,07,000,00,2,1,11,B01
201800006640,2,07,000,00,2,2,11,C01
201800006640,2,31,000,03,0,3,13,A01
201800006641,1,07,000,02,0,2,00,A01
201800006642,1,07,000,03,0,1,01,A01
201800006642,1,07,000,14,0,1,02,B01
201800006643,2,07,000,15,0,1,01,A01
201800006644,1,07,000,04,0,1,00,A01
201800006645,2,17,000,00,0,5,01,A01
201800006645,2,17,000,00,2,1,02,B01
201800006646,2,15,000,00,2,1,02,C01
201800006646,2,17,000,00,0,4,23,A01
201800006646,2,07,000,00,2,4,02,B01
201800006647,1,07,000,04,0,3,02,A01
201800006647,1,07,000,02,0,6,02,B01
201800006648,1,07,000,04,0,3,03,A01
201800006649,2,33,000,00,2,0,09,A01
201800006649,2,17,000,00,2,3,01,B01
201800006650,1,15,000,00,1,2,01,A01
201800006651,1,07,000,15,0,2,21,A01
201800006652,2,17,000,00,0,4,02,B01
201800006652,2,07,000,00,2,1,02,A01
201800006653,2,15,000,00,1,1,01,A01
201800006654,2,07,000,03,0,2,15,A01
201800006655,1,38,013,02,0,7,01,A01
201800006656,1,38,039,00,2,3,01,B01
201800006656,2,07,000,00,2,3,13,A01
201800006657,2,14,000,02,0,0,14,A01
201800006658,1,07,000,00,2,5,13,A01
201800006658,2,37,001,00,2,1,01,B01
201800006659,1,13,000,16,0,7,14,A01
201800006660,0,37,004,00,1,8,01,A01
201800006661,2,37,001,00,1,2,01,A01
201800006662,0,15,000,00,2,6,01,B01
201800006662,0,07,000,00,2,1,16,A01
201800006663,1,14,000,00,2,3,01,B01
201800006663,2,07,000,00,2,3,13,A01
201800006664,1,17,000,10,0,2,01,A01
201800006665,2,14,000,00,2,1,01,A01
201800006665,1,07,000,00,2,1,13,B01
201800006666,2,17,000,13,0,1,21,A01
201800006667,1,07,000,00,2,2,15,A01
201800006667,2,14,000,00,2,1,01,B01
201800006668,1,07,000,00,1,2,19,A01
201800006669,2,17,000,00,0,4,02,B01
201800006669,2,07,000,00,2,1,02,A01
201800006670,2,07,000,04,0,1,14,A01
201800006671,2,07,000,08,0,1,01,A01
201800006672,2,10,000,00,0,4,01,B01
201800006672,2,10,000,00,2,1,02,A01
201800006673,0,14,000,00,2,2,01,A01
201800006673,0,37,005,00,2,2,01,B01
201800006674,2,07,000,00,2,3,13,A01
201800006674,1,38,005,00,2,3,01,B01
201800006675,0,38,044,06,1,2,00,A01
201800006676,0,07,000,00,2,3,01,A01
201800006676,0,14,000,00,2,2,01,B01
201800006676,0,07,000,00,2,1,05,C01
201800006677,1,17,000,00,0,7,01,A01
201800006678,1,37,038,00,2,1,02,B01
201800006678,2,07,000,00,2,1,13,A01
201800006679,2,14,000,00,0,9,19,A01
201800006680,2,14,000,00,2,3,01,B01
201800006680,1,07,000,00,2,3,05,A01
201800006681,2,07,000,00,2,3,13,A01
201800006681,1,17,000,00,2,3,01,B01
201800006682,2,38,006,00,2,1,02,A01
201800006682,2,17,000,00,2,4,23,B01
201800006682,2,07,000,00,2,1,02,C01
201800006683,2,17,000,03,0,2,01,A01
201800006684,1,07,000,13,0,6,01,C01
201800006684,1,07,000,00,2,3,17,A01
201800006684,1,07,000,13,2,4,17,B01
201800006685,1,07,000,03,0,7,14,A01
201800006686,2,07,000,00,2,3,01,B01
201800006686,2,07,000,00,2,0,12,A01
201800006687,2,07,000,00,2,3,13,A01
201800006687,1,15,000,00,2,3,01,B01
201800006688,1,07,000,00,2,1,13,A01
201800006688,2,17,000,00,2,3,01,B01
201800006688,1,07,000,00,2,1,01,C01
201800006689,2,07,000,00,2,3,10,A01
201800006689,2,14,000,00,2,1,21,B01
201800006690,1,07,000,00,2,2,02,B01
201800006690,1,15,000,00,0,6,01,A01
201800006691,2,10,000,00,2,3,13,A01
201800006691,1,14,000,00,2,3,01,B01
201800006692,1,13,000,00,2,5,17,A01
201800006692,1,01,000,00,2,3,01,B01
201800006693,1,07,000,00,2,1,01,C01
201800006693,1,07,000,00,2,4,01,B01
201800006693,1,07,000,00,0,4,01,A01
201800006694,2,14,000,00,2,0,01,A01
201800006694,2,01,000,00,2,0,00,B01
201800006695,2,07,000,15,0,2,02,A01
201800006696,2,07,000,00,2,4,02,B01
201800006696,2,07,000,00,2,1,02,A01
201800006696,2,07,000,00,2,4,02,C01
201800006697,1,34,000,03,0,1,02,A01
201800006698,1,07,000,03,0,1,16,A01
201800006699,1,07,000,00,2,4,01,D01
201800006699,1,07,000,00,0,5,01,E01
201800006699,1,13,000,00,2,4,01,B01
201800006699,1,07,000,00,2,1,02,A01
201800006699,1,07,000,00,2,6,01,C01
201800006700,2,07,000,00,0,1,02,A01
201800006700,2,07,000,00,0,4,01,B01
201800006701,1,07,000,00,1,3,05,A01
201800006702,2,10,000,03,0,1,14,A01
201800006703,1,07,000,00,2,4,02,C01
201800006703,1,07,000,00,2,1,02,B01
201800006703,1,07,000,00,0,4,02,A01
201800006703,1,07,000,00,2,4,02,E01
201800006703,1,07,000,00,2,4,02,D01
201800006703,1,07,000,00,2,1,02,F01
201800006704,2,07,000,00,0,4,02,B01
201800006704,2,07,000,14,2,3,02,A01
201800006705,1,07,000,04,2,4,14,A01
201800006705,1,15,000,00,2,2,01,B01
201800006706,2,07,000,00,2,1,00,C01
201800006706,2,07,000,00,2,1,00,B01
201800006706,2,07,000,00,2,4,23,A01
201800006707,2,07,000,03,0,1,01,A01
201800006708,1,07,000,00,2,2,12,B01
201800006708,1,07,000,00,2,6,01,A01
201800006709,1,07,000,04,0,0,00,A01
201800006710,1,15,000,00,2,2,00,B01
201800006710,1,07,000,04,2,6,00,A01
201800006711,2,33,000,00,2,4,09,A01
201800006711,2,07,000,00,2,2,01,B01
201800006712,1,07,000,00,0,5,02,A01
201800006712,1,07,000,00,2,1,02,B01
201800006713,1,07,000,00,2,8,01,A01
201800006713,1,17,000,00,2,2,01,B01
201800006714,2,10,000,00,2,1,02,A01
201800006714,2,37,064,00,0,4,02,B01
201800006715,2,34,000,00,2,1,01,A01
201800006716,1,07,000,03,2,1,01,A01
201800006716,1,07,000,00,0,4,14,B01
201800006717,2,07,000,00,0,6,01,A01
201800006717,2,07,000,00,2,3,13,B01
201800006718,2,07,000,00,0,4,02,A01
201800006718,2,07,000,00,0,1,02,B01
201800006719,1,07,000,00,0,4,02,B01
201800006719,1,07,000,00,2,1,02,A01
201800006720,2,07,000,00,2,1,01,A01
201800006720,2,07,000,00,2,4,02,B01
201800006721,1,33,000,00,0,0,01,A01
201800006722,2,07,000,03,0,4,20,A01
201800006722,2,10,000,01,0,1,02,B01
201800006723,2,07,000,00,2,1,02,B01
201800006723,2,07,000,00,0,4,02,A01
201800006724,2,07,000,14,0,5,23,E01
201800006724,2,07,000,00,2,4,23,F01
201800006724,2,07,000,00,2,1,02,A01
201800006724,2,07,000,14,2,1,02,C01
201800006724,2,07,000,00,2,4,02,B01
201800006724,2,07,000,14,2,3,23,D01
201800006725,2,33,000,04,0,2,01,B01
201800006725,2,07,000,00,0,6,17,A01
201800006726,2,07,000,00,2,6,01,A01
201800006726,2,15,000,00,2,2,12,B01
201800006727,1,07,000,04,0,3,01,A01
201800006727,1,15,000,00,0,2,12,B01
201800006728,2,07,000,00,0,4,02,B01
201800006728,2,07,000,00,2,1,02,A01
201800006729,2,07,000,00,2,4,04,A01
201800006729,2,07,000,00,2,1,01,B01
201800006730,1,07,000,00,2,8,02,A01
201800006731,2,07,000,00,2,1,02,A01
201800006731,2,07,000,00,2,4,02,B01
201800006732,1,07,000,06,9,1,00,A01
201800006733,2,07,000,00,2,4,02,B01
201800006733,2,07,000,00,2,1,02,A01
201800006734,1,07,000,00,2,8,01,A01
201800006734,1,16,000,00,2,2,12,B01
201800006734,1,07,000,04,2,1,00,C01
201800006735,2,07,000,00,9,1,01,B01
201800006735,2,07,000,00,9,6,02,C01
201800006735,2,33,000,00,2,1,02,A01
201800006736,2,07,000,04,0,1,00,A01
201800006737,2,07,000,00,0,6,02,B01
201800006737,2,34,000,00,2,1,02,A01
201800006738,2,07,000,00,2,2,02,B01
201800006738,2,07,000,00,2,8,11,A01
201800006739,1,07,000,00,0,1,02,C01
201800006739,1,07,000,00,0,4,23,B01
201800006739,1,07,000,00,0,4,01,A01
201800006740,2,07,000,05,0,1,01,A01
201800006741,1,07,000,03,2,6,01,B01
201800006741,1,07,000,00,2,2,00,A01
201800006742,1,07,000,04,0,1,13,A01
201800006743,1,07,000,00,2,6,11,A01
201800006743,1,15,000,00,2,2,01,B01
201800006744,2,07,000,00,2,2,03,B01
201800006744,2,07,000,03,0,6,01,A01
201800006745,1,17,000,00,2,2,12,B01
201800006745,1,07,000,04,2,3,01,A01
201800006746,2,07,000,00,0,4,01,B01
201800006746,2,10,000,00,2,1,01,A01
201800006747,2,07,000,00,0,6,23,A01
201800006747,2,33,000,01,0,1,00,B01
201800006748,2,10,000,00,2,7,01,C01
201800006748,2,07,000,00,2,6,01,B01
201800006748,2,13,000,00,2,2,12,A01
201800006749,1,13,000,00,2,4,01,B01
201800006749,1,07,000,00,2,1,01,A01
201800006750,1,07,000,04,0,6,23,B01
201800006750,1,13,000,01,0,2,13,A01
201800006751,1,07,000,04,0,9,06,A01
201800006752,2,33,000,00,2,0,03,A01
201800006752,2,15,000,00,9,0,01,B01
201800006753,1,07,000,04,2,1,17,A01
201800006753,1,07,000,00,2,5,03,B01
201800006754,2,07,000,05,0,1,01,A01
201800006755,2,10,000,00,2,7,01,B01
201800006755,2,07,000,04,2,3,09,A01
201800006756,2,17,000,14,0,2,02,B01
201800006756,2,07,000,04,0,2,02,A01
201800006757,1,32,000,03,0,0,01,A01
201800006758,1,07,000,00,0,6,01,A01
201800006758,1,07,000,00,2,2,14,B01
201800006759,1,07,000,00,0,0,01,A01
201800006760,1,33,000,00,0,0,16,A01
201800006761,1,07,000,00,2,1,00,A01
201800006761,1,07,000,00,0,4,02,B01
201800006762,2,07,000,00,2,3,00,A01
201800006762,2,07,000,00,2,5,00,B01
201800006763,2,07,000,04,0,3,00,A01
201800006764,2,14,000,01,0,4,04,A01
201800006764,2,33,000,00,2,1,23,B01
201800006765,2,13,000,04,0,2,01,A01
201800006766,1,07,000,00,0,6,01,B01
201800006766,1,15,000,00,2,2,14,A01
201800006767,2,07,000,00,2,2,01,A01
201800006767,2,07,000,00,0,6,01,B01
201800006768,2,07,000,07,0,9,01,A01
201800006769,1,17,000,00,2,1,01,A01