Num_Acc,senc,catv,occutc,obs,obsm,choc,manv,num_veh
201800007117,1,07,000,00,2,1,01,B01
201800007117,1,07,000,00,0,1,01,C01
201800007117,1,07,000,00,2,1,01,D01
201800007118,1,07,000,00,2,2,01,A01
201800007118,1,07,000,00,0,6,01,B01
201800007119,1,33,000,00,2,1,02,A01
201800007119,1,37,001,00,0,4,01,B01
201800007120,0,07,000,00,1,0,01,A01
201800007121,2,17,000,03,0,3,01,A01
201800007122,1,07,000,03,0,1,14,A01
201800007123,1,07,000,00,2,2,03,A01
201800007123,1,15,000,00,0,6,01,B01
201800007124,2,07,000,03,0,1,01,A01
201800007125,1,07,000,14,0,1,01,A01
201800007126,2,17,000,00,0,6,01,A01
201800007126,2,07,000,00,2,1,01,B01
201800007127,1,07,000,00,0,5,02,B01
201800007127,1,07,000,00,2,3,02,A01
201800007128,0,07,000,00,2,2,02,A01
201800007128,0,37,008,00,2,6,02,B01
201800007129,0,17,000,00,2,8,15,A01
201800007129,1,07,000,00,2,1,01,B01
201800007130,1,10,000,00,2,2,13,A01
201800007130,1,17,000,00,0,6,01,B01
201800007130,1,07,000,00,2,1,02,C01
201800007131,2,07,000,00,2,1,01,B01
201800007131,2,07,000,00,2,4,06,A01
201800007132,2,07,000,00,2,1,01,A01
201800007132,0,01,000,00,2,7,19,B01
201800007133,1,07,000,00,2,1,15,A01
201800007133,2,01,000,00,2,1,01,B01
201800007134,1,33,000,00,0,7,02,A01
201800007135,1,07,000,00,2,1,13,A01
201800007135,2,07,000,00,2,8,01,D01
201800007135,2,07,000,00,2,8,01,C01
201800007135,2,07,000,00,2,8,02,B01
201800007136,2,07,000,00,2,1,13,A01
201800007136,1,10,000,00,2,3,01,B01
201800007137,1,07,000,00,2,1,01,B01
201800007137,1,07,000,00,0,4,01,A01
201800007138,2,07,000,02,0,1,01,A01
201800007139,1,07,000,08,0,1,13,A01
201800007140,0,33,000,00,2,7,01,A01
201800007140,0,07,000,00,2,1,15,B01
201800007141,2,33,000,00,2,1,02,B01
201800007141,2,07,000,00,2,4,02,A01
201800007142,2,33,000,00,2,4,02,B01
201800007142,2,07,000,00,2,2,02,A01
201800007143,2,20,000,00,2,3,01,B01
201800007143,1,07,000,00,2,3,13,A01
201800007144,1,07,000,00,1,3,01,A01
201800007145,1,02,000,03,0,0,14,A01
201800007146,1,07,000,00,2,2,01,A01
201800007146,1,07,000,00,2,3,15,B01
201800007147,0,07,000,01,0,2,01,A01
201800007147,0,33,000,00,2,4,23,B01
201800007148,1,07,000,00,2,1,19,C01
201800007148,2,10,000,00,2,5,01,B01
201800007148,2,07,000,00,2,1,01,A01
201800007149,0,33,000,03,0,1,01,A01
201800007150,1,07,000,13,0,1,13,A01
201800007151,0,10,000,00,1,3,01,A01
201800007152,2,07,000,00,2,1,02,A01
201800007152,2,07,000,00,2,4,02,B01
201800007153,1,07,000,00,2,3,01,B01
201800007153,1,07,000,00,2,2,01,A01
201800007154,1,31,000,00,2,4,02,B01
201800007154,1,07,000,00,2,3,01,A01
201800007155,2,33,000,07,0,1,01,A01
201800007156,0,01,000,00,2,4,15,B01
201800007156,0,07,000,00,2,1,02,A01
201800007157,2,10,000,00,2,1,02,A01
201800007157,2,10,000,00,0,6,15,B01
201800007158,0,33,000,00,2,3,01,A01
201800007158,0,07,000,00,2,3,01,B01
201800007159,1,33,000,07,0,1,01,A01
201800007160,2,07,000,00,2,4,01,A01
201800007160,2,07,000,00,2,3,02,B01
201800007161,1,01,000,00,2,1,05,B01
201800007161,0,07,000,00,2,1,16,A01
201800007162,2,33,000,00,2,1,01,B01
201800007162,1,07,000,00,2,6,15,A01
201800007163,0,33,000,13,0,1,01,B01
201800007163,0,07,000,13,0,3,01,A01
201800007164,1,01,000,00,2,3,01,B01
201800007164,1,07,000,00,2,3,19,A01
201800007165,1,17,000,03,0,2,01,A01
201800007166,1,07,000,00,0,5,02,B01
201800007166,1,07,000,03,0,2,02,D01
201800007166,1,07,000,05,0,3,02,C01
201800007166,1,07,000,00,0,1,02,A01
201800007167,2,07,000,00,0,4,01,C01
201800007167,2,07,000,01,0,7,00,B01
201800007167,2,07,000,03,0,1,01,A01
201800007168,2,07,000,01,0,2,01,E01
201800007168,2,07,000,03,0,6,02,B01
201800007168,2,17,000,01,0,3,01,C01
201800007168,2,07,000,01,0,3,01,D01
201800007168,2,07,000,03,0,4,02,A01
201800007169,2,07,000,03,0,1,01,A01
201800007170,1,07,000,01,0,1,01,A01
201800007170,1,17,000,00,0,5,24,B01
201800007171,2,38,002,00,2,1,01,B01
201800007171,1,07,000,00,2,8,17,A01
201800007172,0,07,000,00,1,2,01,A01
201800007173,1,30,000,00,2,4,01,A01
201800007173,2,07,000,00,2,1,01,B01
201800007174,1,07,000,00,2,1,15,A01
201800007174,2,33,000,00,2,8,01,B01
201800007175,2,07,000,00,2,8,10,B01
201800007175,2,07,000,00,2,1,13,A01
201800007176,1,07,000,00,2,4,23,A01
201800007176,1,07,000,01,1,1,02,C01
201800007177,1,15,000,04,2,1,00,A01
201800007177,1,07,000,00,0,5,17,B01
201800007178,1,07,000,00,2,1,01,A01
201800007178,1,07,000,00,0,4,01,B01
201800007179,2,07,000,00,0,6,02,B01
201800007179,2,07,000,03,2,2,14,A01
201800007180,2,07,000,03,2,7,00,A01
201800007180,2,07,000,03,2,8,01,B01
201800007181,2,07,000,07,0,2,14,A01
201800007182,2,07,000,00,0,4,02,B01
201800007182,2,07,000,00,0,1,02,D01
201800007182,2,07,000,00,0,2,00,A01
201800007182,2,07,000,00,0,4,02,C01
201800007183,2,34,000,04,0,8,01,A01
201800007184,1,07,000,00,0,1,09,A01
201800007185,0,31,000,00,2,7,01,B01
201800007185,0,07,000,00,2,2,19,A01
201800007186,1,07,000,00,2,1,01,B01
201800007186,2,07,000,00,2,1,19,A01
201800007187,2,07,000,13,0,9,12,A01
201800007188,2,07,000,13,0,2,01,A01
201800007189,1,07,000,13,0,3,01,A01
201800007190,2,07,000,03,0,2,01,A01
201800007191,1,07,000,13,0,2,01,A01
201800007192,2,07,000,13,0,9,02,A01
201800007193,1,07,000,00,2,1,02,A01
201800007193,1,07,000,00,0,4,02,B01
201800007194,1,10,000,13,0,1,00,A01
201800007195,1,07,000,00,0,1,00,A01
201800007196,1,07,000,00,2,1,02,A01
201800007196,2,07,000,00,2,4,23,B01
201800007196,2,07,000,00,2,1,01,C01
201800007197,2,10,000,00,2,2,17,A01
201800007197,2,07,000,00,2,8,01,B01
201800007198,0,34,000,00,2,1,01,A01
201800007198,0,07,000,00,0,4,01,B01
201800007199,1,10,000,05,2,1,13,A01
201800007199,2,07,000,00,2,1,01,B01
201800007199,2,07,000,00,2,1,01,C01
201800007200,1,07,000,00,2,3,01,A01
201800007200,2,20,000,00,2,3,01,B01
201800007201,0,07,000,00,0,3,15,A01
201800007201,0,07,000,00,0,2,01,B01
201800007202,0,07,000,03,0,3,01,A01
201800007203,1,07,000,13,0,1,01,A01
201800007204,0,07,000,00,2,2,01,A01
201800007204,0,01,000,00,0,4,01,B01
201800007205,1,32,000,00,2,3,13,A01
201800007205,2,03,000,00,2,2,15,B01
201800007206,0,07,000,00,2,1,02,A01
201800007206,0,02,000,00,0,0,02,B01
201800007207,1,34,000,00,2,1,13,B01
201800007207,2,07,000,00,2,2,13,A01
201800007208,1,32,000,00,2,1,17,A01
201800007208,1,07,000,00,2,6,23,B01
201800007208,2,07,000,00,2,1,01,C01
201800007209,1,07,000,00,2,3,10,A01
201800007209,1,33,000,00,2,2,17,B01
201800007210,0,07,000,00,2,3,00,A01
201800007210,0,02,000,00,2,2,01,B01
201800007211,2,17,000,03,0,4,00,A01
201800007212,1,07,000,04,0,1,02,A01
201800007213,1,07,000,03,0,1,11,A01
201800007214,2,34,000,03,0,7,01,A01
201800007215,2,07,000,00,0,1,02,A01
201800007216,1,15,000,00,0,6,23,A01
201800007216,1,07,000,01,2,6,01,B01
201800007216,1,07,000,14,2,4,01,C01
201800007216,1,07,000,01,2,1,01,D01
201800007216,1,07,000,00,0,8,01,E01
201800007217,1,07,000,04,0,1,11,A01
201800007218,2,17,000,00,0,4,01,A01
201800007218,2,07,000,01,0,1,01,B01
201800007219,1,07,000,03,0,1,00,A01
201800007220,1,07,000,13,0,2,01,A01
201800007221,1,07,000,13,0,3,00,A01
201800007222,0,10,000,00,1,2,01,A01
201800007223,0,07,000,08,0,3,13,A01
201800007224,0,07,000,06,2,3,01,A01
201800007224,0,07,000,00,2,1,01,B01
201800007225,0,07,000,02,0,2,14,A01
201800007226,0,07,000,00,1,2,01,A01
201800007227,0,07,000,00,1,3,01,A01
201800007228,1,33,000,00,2,1,01,A01
201800007228,0,07,000,00,2,3,06,B01
201800007229,0,07,000,00,2,2,19,B01
201800007229,0,07,000,00,2,1,00,A01
201800007230,0,07,000,00,1,2,01,A01
201800007231,0,07,000,00,2,1,01,B01
201800007231,0,07,000,00,2,1,05,A01
201800007232,0,07,000,00,2,3,01,A01
201800007232,0,31,000,00,2,3,05,B01
201800007233,1,30,000,00,2,1,00,A01
201800007233,1,07,000,00,2,6,17,B01
201800007234,0,07,000,01,2,1,00,A01
201800007234,0,20,000,00,2,2,24,B01
201800007235,1,33,000,00,2,8,00,A01
201800007235,2,07,000,00,2,1,01,B01
201800007236,0,07,000,00,2,3,05,A01
201800007236,0,07,000,00,2,3,01,B01
201800007237,2,07,000,00,0,6,15,B01
201800007237,2,33,000,00,2,2,17,A01
201800007238,0,02,000,15,0,1,01,A01
201800007239,0,07,000,00,2,2,05,A01
201800007239,0,07,000,00,2,2,05,B01
201800007240,0,01,000,00,2,5,02,B01
201800007240,0,07,000,00,9,2,02,A01
201800007241,2,07,000,02,0,1,14,A01
201800007242,0,10,000,06,2,1,00,A01
201800007242,0,07,000,16,2,7,00,B01
201800007243,0,07,000,13,0,1,19,B01
201800007243,2,07,000,13,0,1,01,A01
201800007244,1,07,000,00,0,6,01,A01
201800007244,1,07,000,00,2,2,01,B01
201800007245,1,07,000,13,0,8,02,A01
201800007246,1,10,000,00,2,3,13,A01
201800007246,2,07,000,00,2,3,01,B01
201800007247,1,15,000,00,1,1,01,A01
201800007248,2,15,000,00,0,6,15,B01
201800007248,1,07,000,00,2,1,01,A01
201800007249,1,33,000,00,2,1,01,A01
201800007249,0,07,000,00,2,8,15,B01
201800007250,1,07,000,00,0,4,01,B01
201800007250,1,07,000,00,2,1,01,A01
201800007251,2,33,000,00,2,1,01,B01
201800007251,2,07,000,00,0,2,15,A01
201800007252,0,07,000,00,2,7,15,A01
201800007252,2,07,000,00,2,1,01,B01
201800007253,2,07,000,00,0,0,17,C01
201800007253,2,07,000,16,2,1,01,B01
201800007253,1,07,000,00,2,3,01,A01
201800007254,2,07,000,03,0,3,17,A01
201800007255,2,07,000,04,0,0,12,A01
201800007256,2,07,000,00,2,2,17,A01
201800007256,2,17,000,00,0,6,02,B01
201800007257,1,07,000,00,0,4,02,C01
201800007257,1,07,000,01,0,1,02,A01
201800007257,1,07,000,01,0,4,02,B01
201800007258,1,07,000,00,0,4,01,B01
201800007258,1,10,000,00,2,2,17,A01
201800007259,1,07,000,03,0,1,01,A01
201800007260,1,17,000,00,2,2,02,A01
201800007260,1,17,000,00,0,6,02,B01
201800007261,2,10,000,01,0,1,01,A01
201800007261,2,15,000,00,0,4,02,B01
201800007262,2,10,000,04,0,3,01,A01
201800007263,1,07,000,01,0,1,02,A01
201800007263,1,07,000,00,2,4,02,B01
201800007263,1,07,000,00,2,4,02,C01
201800007264,1,33,000,03,0,6,11,A01
201800007265,0,10,000,00,1,1,15,A01
201800007266,1,07,000,13,0,9,12,A01
201800007267,1,37,010,07,0,0,16,A01
201800007268,1,07,000,00,2,1,02,A01
201800007268,1,17,000,00,0,4,02,B01
201800007269,1,07,000,00,2,4,02,B01
201800007269,1,07,000,00,2,1,02,A01
201800007269,1,07,000,00,0,4,02,D01
201800007269,1,07,000,00,2,4,02,C01
201800007270,2,17,000,00,2,3,01,B01
201800007270,1,07,000,00,2,1,13,A01
201800007271,2,17,000,00,2,3,02,A01
201800007271,2,17,000,00,2,5,02,B01
201800007272,1,10,000,01,0,1,14,A01
201800007272,1,17,000,00,0,6,23,B01
201800007273,1,07,000,00,2,8,21,A01
201800007273,1,33,000,00,2,7,17,B01
201800007274,2,15,000,03,0,3,01,A01
201800007275,1,17,000,03,2,4,09,A01
201800007275,1,15,000,03,2,2,01,B01
201800007276,2,10,000,00,2,8,22,A01
201800007276,2,17,000,01,0,7,01,B01
201800007277,1,07,000,00,2,5,23,B01
201800007277,1,07,000,00,2,1,12,A01
201800007277,1,07,000,00,2,3,23,C01
201800007278,2,07,000,00,2,3,21,B01
201800007278,2,10,000,00,2,5,12,A01
201800007279,2,07,000,00,2,2,21,A01
201800007279,2,17,000,00,2,6,01,B01
201800007280,2,30,000,00,6,7,01,B01
201800007280,0,07,000,00,2,1,19,A01
201800007281,2,07,000,00,2,4,04,A01
201800007281,2,01,000,00,2,1,09,B01
201800007282,1,07,000,00,1,1,01,A01
201800007283,1,07,000,00,2,1,01,B01
201800007283,2,07,000,00,2,7,19,A01
201800007284,1,07,000,00,2,1,00,A01
201800007284,2,01,000,00,2,8,00,B01
201800007285,1,07,000,05,0,1,01,A01
201800007286,1,07,000,00,2,1,17,A01
201800007286,2,07,000,00,2,1,01,B01
201800007287,1,07,000,00,1,2,01,A01
201800007288,1,07,000,00,9,7,02,A01
201800007288,1,01,000,00,2,8,02,B01
201800007289,1,07,000,00,2,1,02,A01
201800007289,1,07,000,00,2,4,02,B01
201800007290,1,31,000,00,2,1,02,A01
201800007290,1,07,000,00,9,4,02,B01
201800007291,2,07,000,02,0,9,01,A01
201800007292,2,30,000,14,0,1,17,A01
201800007293,2,07,000,09,2,5,01,B01
201800007293,2,07,000,00,2,2,02,A01
201800007294,1,07,000,00,2,2,15,A01
201800007294,2,07,000,00,2,5,01,B01
201800007295,1,07,000,00,1,1,02,A01
201800007296,2,01,000,00,0,0,01,A01
201800007297,1,07,000,03,0,2,01,A01
201800007298,2,07,000,01,1,2,01,A01
201800007299,1,30,000,00,0,1,00,A01
201800007300,1,32,000,00,1,1,00,A01
201800007301,1,14,000,00,2,5,17,A01
201800007301,1,01,000,00,2,8,01,B01
201800007302,2,07,000,00,1,1,01,A01
201800007303,1,07,000,00,1,1,09,A01
201800007304,2,07,000,08,0,3,21,A01
201800007305,2,30,000,14,0,8,00,A01
201800007306,2,07,000,00,2,1,01,A01
201800007306,2,07,000,00,2,4,15,B01
201800007307,0,07,000,00,2,7,09,B01
201800007307,1,07,000,00,2,2,09,A01
201800007308,2,07,000,00,1,1,01,A01
201800007309,2,07,000,00,2,3,16,A01
201800007309,2,07,000,00,2,1,01,B01
201800007310,0,07,000,00,2,8,09,A01
201800007310,1,02,000,00,2,2,01,B01
201800007311,0,07,000,00,2,2,09,A01
201800007311,0,07,000,00,2,6,09,B01
201800007312,2,07,000,01,2,1,19,A01
201800007312,1,02,000,00,2,1,01,B01
201800007312,1,07,000,00,2,7,00,C01
201800007313,1,07,000,00,2,2,01,C01
201800007313,0,07,000,00,2,2,15,A01
201800007313,0,07,000,00,2,8,01,B01
201800007314,1,07,000,04,0,1,01,A01
201800007315,1,32,000,00,1,6,17,A01
201800007316,2,07,000,00,2,1,01,A01
201800007316,2,01,000,00,2,1,09,B01
201800007317,2,30,000,00,2,1,01,B01
201800007317,1,07,000,00,2,1,15,A01
201800007318,1,07,000,00,2,4,23,A01
201800007318,1,07,000,00,2,1,01,B01
201800007319,1,07,000,00,2,4,02,A01
201800007319,1,07,000,00,2,1,02,B01
201800007320,0,07,000,00,2,8,24,B01
201800007320,2,07,000,01,0,7,01,A01
201800007321,2,01,000,06,0,1,13,A01
201800007322,1,07,000,00,2,1,01,A01
201800007322,2,07,000,00,2,1,13,B01
201800007323,0,14,000,15,0,3,13,A01
201800007324,2,01,000,00,2,4,02,A01
201800007324,1,07,000,00,2,2,02,B01
201800007325,0,07,000,00,2,2,01,A01
201800007325,0,07,000,00,2,2,01,B01
201800007326,2,10,000,00,1,1,11,A01
201800007327,0,01,000,00,2,1,19,A01
201800007327,2,07,000,00,6,3,00,B01
201800007328,1,37,000,00,2,7,15,B01
201800007328,2,07,000,00,2,1,01,A01
201800007329,1,07,000,00,2,2,20,A01
201800007329,1,33,000,00,2,3,21,B01
201800007330,0,07,000,00,2,7,16,A01
201800007330,0,01,000,00,2,6,01,B01
201800007331,2,07,000,00,2,1,05,A01
201800007331,1,07,000,00,2,1,01,B01
201800007332,1,07,000,00,2,1,13,A01
201800007332,1,07,000,00,2,2,02,C01
201800007332,1,07,000,00,2,6,15,B01
201800007332,1,10,000,00,2,5,02,D01
201800007333,0,02,000,00,2,1,01,A01
201800007333,0,07,000,00,2,1,19,B01
201800007334,2,07,000,00,1,3,01,A01
201800007335,1,07,000,06,0,1,14,A01
201800007336,2,32,000,00,0,0,00,A01
201800007337,2,07,000,00,1,3,01,A01
201800007338,1,07,000,00,2,7,16,A01
201800007338,1,01,000,00,2,8,02,B01
201800007339,2,07,000,00,2,2,01,A01
201800007339,0,01,000,00,2,8,09,B01
201800007340,0,99,000,00,2,0,19,A01
201800007340,2,07,000,00,2,7,01,B01
201800007341,1,07,000,00,2,1,00,A01
201800007341,1,07,000,00,2,4,23,B01
201800007342,0,07,000,00,1,3,15,A01
201800007343,2,07,000,00,0,0,21,A01
201800007343,2,33,000,00,2,0,21,B01
201800007344,1,10,000,00,1,4,04,A01
201800007345,1,01,000,00,2,8,01,B01
201800007345,2,07,000,00,2,2,01,A01
201800007346,1,07,000,00,1,2,16,A01
201800007347,0,07,000,00,1,3,23,A01
201800007348,2,07,000,00,1,2,00,A01
201800007349,2,07,000,00,6,1,01,A01
201800007349,0,99,000,00,2,7,19,B01
201800007350,0,99,000,00,1,0,00,A01
201800007351,2,07,000,00,1,2,21,A01
201800007352,0,01,000,00,2,7,01,B01
201800007352,0,07,000,00,2,1,01,A01
201800007353,2,07,000,00,2,3,13,B01
201800007353,2,07,000,02,1,0,13,A01
201800007354,1,31,000,00,0,7,21,A01
201800007355,1,07,000,00,2,4,15,B01
201800007355,1,07,000,00,2,1,01,A01
201800007356,1,07,000,00,2,8,23,B01
201800007356,1,07,000,01,0,2,01,A01
201800007357,0,32,000,08,0,2,14,A01
201800007358,1,07,000,00,2,1,15,A01
201800007358,1,07,000,00,2,7,01,B01
201800007359,0,07,000,00,2,5,00,A01
201800007359,0,07,000,00,2,2,01,B01
201800007360,1,99,000,00,2,2,13,A01
201800007360,1,07,000,00,2,8,21,B01
201800007360,0,07,000,01,2,3,00,C01
201800007361,2,07,000,00,2,2,00,A01
201800007361,0,01,000,00,2,4,00,B01
201800007362,1,07,000,00,2,3,01,B01
201800007362,0,07,000,00,2,2,01,A01
201800007363,1,07,000,00,2,6,23,B01
201800007363,0,07,000,00,2,8,16,A01
201800007364,1,07,000,00,2,1,09,A01
201800007364,2,01,000,00,2,1,00,B01
201800007365,1,30,000,00,2,3,11,A01
201800007365,1,07,000,00,2,2,01,B01
201800007366,2,99,000,01,0,1,00,A01
201800007366,2,99,000,01,0,6,00,B01
201800007367,0,07,000,04,0,3,17,A01
201800007368,2,07,000,00,1,1,15,A01
201800007369,0,07,000,00,2,8,00,A01
201800007369,2,01,000,00,2,1,19,B01
201800007370,1,07,000,00,2,3,16,B01
201800007370,1,01,000,00,2,1,19,A01
201800007371,1,07,000,00,2,7,01,B01
201800007371,1,07,000,00,1,8,00,A01
201800007372,2,07,000,00,2,7,20,A01
201800007372,2,01,000,00,2,1,21,B01
201800007373,1,07,000,00,2,2,13,A01
201800007373,2,01,000,00,2,1,01,B01
201800007374,0,01,000,00,2,0,00,B01
201800007374,1,07,000,00,2,3,22,A01
201800007375,0,07,000,00,1,2,00,A01
201800007376,1,30,000,06,0,1,13,A01
201800007377,1,07,000,00,2,1,01,A01
201800007377,1,07,000,15,2,2,01,B01
201800007378,2,07,000,00,2,2,02,B01
201800007378,1,30,000,00,2,1,08,A01
201800007379,0,07,000,00,2,0,15,A01
201800007379,0,07,000,00,2,6,01,B01
201800007380,2,07,000,06,0,2,09,A01
201800007381,2,02,000,00,2,1,01,B01
201800007381,1,07,000,00,2,8,00,A01
201800007382,1,07,000,00,2,8,16,A01
201800007382,2,01,000,00,2,1,01,B01
201800007383,0,10,000,00,2,6,01,A01
201800007383,0,14,000,15,2,3,01,B01
201800007384,0,07,000,00,2,6,09,A01
201800007384,0,07,000,00,2,1,01,B01
201800007385,1,07,000,00,2,1,01,A01
201800007385,1,07,000,00,2,4,01,B01
201800007386,1,07,000,00,1,1,15,A01
201800007387,2,07,000,00,2,3,15,A01
201800007387,1,02,000,00,2,1,01,B01
201800007388,0,07,000,00,2,4,01,B01
201800007388,0,32,000,00,2,1,02,A01
201800007389,2,07,000,00,2,1,01,A01
201800007389,2,07,000,00,2,1,01,B01
201800007389,2,07,000,00,2,1,01,C01
201800007389,2,07,000,00,2,1,00,D01
201800007389,2,07,000,00,2,4,01,E01
201800007389,2,07,000,00,2,4,01,F01
201800007390,2,07,000,00,2,1,23,A01
201800007390,2,01,000,00,6,4,01,B01
201800007391,1,07,000,00,2,1,02,A01
201800007391,1,33,000,00,2,4,02,B01
201800007392,1,30,000,12,0,1,01,A01
201800007393,1,07,000,00,2,7,16,A01
201800007393,1,01,000,00,2,1,01,B01
201800007394,0,07,000,00,2,3,09,A01
201800007394,0,01,000,00,2,1,01,B01
201800007395,0,07,000,00,2,0,13,A01
201800007395,0,33,000,00,2,0,01,B01
201800007396,0,07,000,00,2,3,00,A01
201800007396,0,02,000,00,2,2,01,B01
201800007397,1,07,000,00,2,1,02,A01
201800007397,1,07,000,00,6,4,02,B01
201800007398,0,07,000,00,2,3,15,A01
201800007398,0,07,000,00,2,2,01,B01
201800007399,0,07,000,00,2,5,16,A01
201800007399,0,01,000,00,2,5,16,B01
201800007400,0,07,000,00,2,3,15,A01
201800007400,0,07,000,00,2,1,01,B01
201800007401,0,07,000,00,1,1,01,Z01
201800007402,0,07,000,00,2,4,04,A01
201800007402,0,07,000,00,2,2,01,B01
201800007403,1,01,000,00,0,0,00,A01
201800007404,2,07,000,00,2,1,02,A01
201800007404,2,07,000,00,2,1,02,B01
201800007404,2,07,000,00,2,4,02,C01
201800007405,2,14,000,00,1,7,16,A01
201800007406,1,07,000,00,2,2,02,A01
201800007406,1,07,000,00,2,3,02,B01
201800007407,2,30,000,00,6,2,02,A01
201800007407,2,07,000,00,2,6,02,B01
201800007408,2,07,000,00,2,8,24,B01
201800007408,2,01,000,01,0,1,02,A01
201800007409,0,01,000,00,2,7,01,B01
201800007409,0,07,000,00,2,1,09,A01
201800007410,1,30,000,00,1,1,02,A01
201800007411,0,07,000,03,0,1,13,A01
201800007412,1,33,000,00,2,8,01,B01
201800007412,2,07,000,00,2,2,15,A01
201800007413,2,07,000,00,2,4,02,B01
201800007413,2,07,000,00,2,1,02,A01
201800007414,1,30,000,00,0,7,01,A01
201800007415,0,07,000,08,0,3,01,A01
201800007416,1,01,000,00,2,8,01,B01
201800007416,1,10,000,00,2,1,19,A01
201800007417,0,10,000,00,2,2,01,A01
201800007417,0,02,000,00,2,1,19,B01
201800007418,1,07,000,00,2,4,02,B01
201800007418,1,07,000,00,6,4,02,C01
201800007418,1,07,000,00,2,1,02,A01
201800007419,0,07,000,00,1,2,15,A01
201800007420,1,01,000,00,2,1,00,A01
201800007420,1,07,000,00,2,4,00,B01
201800007421,2,07,000,00,2,6,02,C01
201800007421,2,07,000,00,2,1,02,A01
201800007421,2,07,000,00,2,4,02,B01
201800007422,0,02,000,00,1,1,01,A01
201800007423,1,07,000,00,2,8,15,A01
201800007423,1,07,000,00,2,1,23,B01
201800007424,2,07,000,00,2,3,09,B01
201800007424,2,30,000,00,2,7,01,A01
201800007425,2,07,000,02,0,3,01,A01
201800007426,2,34,000,00,2,1,01,B01
201800007426,1,07,000,00,2,1,09,A01
201800007427,0,07,000,00,2,0,09,Z01
201800007427,0,30,000,00,2,0,21,A01
201800007428,0,07,000,06,0,8,16,A01
201800007429,1,07,000,00,2,3,02,B01
201800007429,2,02,000,00,2,2,02,A01
201800007430,1,07,000,00,2,2,02,B01
201800007430,1,07,000,00,2,5,02,C01
201800007430,1,07,000,00,2,1,00,A01
201800007431,1,07,000,00,2,2,15,A01
201800007431,2,01,000,00,2,1,01,B01
201800007432,2,10,000,07,2,2,15,B01
201800007432,1,07,000,00,2,3,19,A01
201800007433,0,07,000,00,2,3,00,B01
201800007433,0,02,000,00,2,1,00,A01
201800007434,0,30,000,00,0,0,01,A01
201800007435,2,01,000,00,2,0,21,A01
201800007436,0,02,000,00,2,1,16,B01
201800007436,0,07,000,00,2,4,16,A01
201800007437,0,30,000,00,2,1,09,A01
201800007437,0,01,000,00,2,8,01,B01
201800007438,0,01,000,00,2,1,00,B01
201800007438,0,01,000,00,2,1,00,A01
201800007439,2,10,000,00,1,2,01,A01
201800007440,1,07,000,00,1,2,09,A01
201800007441,2,10,000,00,2,1,00,A01
201800007441,2,10,000,00,2,4,01,B01
201800007442,2,01,000,00,2,2,05,A01
201800007442,1,07,000,00,2,2,01,B01
201800007443,1,07,000,00,1,2,19,A01
201800007444,0,07,000,00,2,7,01,B01
201800007444,0,17,000,00,2,2,01,C01
201800007444,0,07,000,00,2,8,09,A01
201800007445,1,07,000,00,1,1,15,A01
201800007446,2,07,000,00,1,1,00,A01
201800007447,1,07,000,00,2,1,15,A01
201800007447,2,07,000,00,2,3,01,B01
201800007448,0,34,000,00,0,1,00,A01
201800007449,1,07,000,00,1,7,01,A01
201800007450,1,07,000,00,1,3,15,A01
201800007451,0,30,000,00,0,0,16,A01
201800007452,1,02,000,00,0,8,15,B01
201800007452,0,07,000,00,2,2,19,A01
201800007453,2,07,000,00,6,2,01,B01
201800007453,2,01,000,00,2,6,15,A01
201800007454,2,07,000,00,2,1,02,A01
201800007454,1,02,000,00,2,4,02,B01
201800007455,2,07,000,00,2,1,15,A01
201800007455,2,02,000,00,2,1,01,B01
201800007456,0,07,000,00,2,1,13,A01
201800007456,0,07,000,00,2,1,01,C01
201800007456,0,07,000,00,2,1,01,B01
201800007457,1,01,000,00,2,7,09,B01
201800007457,2,10,000,00,2,3,09,A01
201800007458,1,07,000,00,2,3,15,A01
201800007458,2,34,000,00,2,1,01,B01
201800007459,1,07,000,00,2,6,15,A01
201800007459,1,01,000,00,2,1,01,B01
201800007460,1,33,000,00,2,1,00,B01
201800007460,1,07,000,00,2,6,09,A01
201800007461,1,07,000,00,1,7,00,A01
201800007462,1,07,000,00,2,1,02,A01
201800007462,1,07,000,00,1,4,01,B01
201800007462,1,07,000,00,2,1,02,C01
201800007463,0,07,000,00,1,1,15,A01
201800007464,1,01,000,00,2,8,01,B01
201800007464,2,02,000,00,2,1,01,A01
201800007465,1,07,000,00,2,2,14,A01
201800007466,0,07,000,00,2,0,21,A01
201800007467,2,01,000,00,2,8,01,A01
201800007467,1,07,000,00,2,1,01,B01
201800007468,1,07,000,00,2,5,09,A01
201800007468,1,30,000,00,2,4,12,B01
201800007469,1,07,000,00,2,6,02,C01
201800007469,1,07,000,00,2,1,02,A01
201800007469,1,07,000,00,2,4,02,B01
201800007470,1,33,000,00,0,0,01,A01
201800007471,2,07,000,02,0,2,02,A01
201800007472,2,33,000,00,2,1,02,B01
201800007472,2,07,000,00,2,8,15,A01
201800007473,0,99,000,00,0,1,00,A01
201800007474,2,07,000,00,2,3,09,A01
201800007474,2,02,000,00,2,1,01,B01
201800007475,1,30,000,00,0,7,21,A01
201800007476,1,02,000,00,2,1,13,A01
201800007476,1,07,000,00,2,6,15,B01
201800007477,1,07,000,00,1,3,01,A01