Num_Acc,senc,catv,occutc,obs,obsm,choc,manv,num_veh
201800008592,2,07,000,00,1,1,01,A01
201800008593,2,07,000,00,2,3,19,B01
201800008593,1,07,000,00,2,7,02,A01
201800008594,2,07,000,09,0,1,01,A01
201800008595,1,07,000,03,0,2,02,A01
201800008596,2,07,000,14,0,1,01,A01
201800008596,2,07,000,00,2,4,23,B01
201800008597,2,07,000,00,2,3,01,Z01
201800008597,1,07,000,00,2,2,15,A01
201800008598,1,07,000,00,2,3,21,A01
201800008598,1,07,000,00,2,5,15,B01
201800008599,1,40,000,00,1,7,01,A01
201800008600,2,07,000,00,2,1,02,Z01
201800008600,2,07,000,00,2,4,23,B01
201800008601,2,07,000,00,2,4,15,B01
201800008601,2,07,000,00,2,8,24,C01
201800008601,2,33,000,00,2,1,01,A01
201800008602,1,07,000,00,2,0,15,Z01
201800008602,1,01,000,00,2,8,01,B01
201800008603,1,07,000,00,2,1,15,A01
201800008603,2,01,000,00,2,1,00,B01
201800008604,1,07,000,00,1,1,21,A01
201800008605,1,07,000,00,2,3,15,A01
201800008605,2,33,000,00,2,1,01,B01
201800008606,1,07,000,00,2,4,23,B01
201800008606,1,07,000,00,2,1,02,A01
201800008607,2,31,000,00,2,8,01,A01
201800008608,1,07,000,00,2,3,09,A01
201800008608,1,02,000,00,2,1,16,B01
201800008609,1,10,000,00,2,2,01,B01
201800008609,1,33,000,00,2,1,01,A01
201800008610,1,07,000,00,2,2,01,A01
201800008610,1,31,000,00,2,7,16,B01
201800008611,2,07,000,00,2,4,02,B01
201800008611,2,07,000,00,2,9,02,C01
201800008611,2,07,000,00,2,1,02,A01
201800008612,1,07,000,00,1,1,16,A01
201800008613,2,01,000,01,0,1,02,A01
201800008614,1,32,000,00,2,3,02,A01
201800008614,1,07,000,00,2,7,12,B01
201800008615,1,07,000,00,2,5,16,B01
201800008615,1,33,000,00,2,1,07,A01
201800008616,1,01,000,00,2,7,00,A01
201800008616,1,07,000,00,9,1,01,B01
201800008617,2,31,000,00,2,1,01,B01
201800008617,2,07,000,00,2,3,15,A01
201800008618,2,07,000,00,2,2,02,A01
201800008618,2,07,000,00,2,3,02,B01
201800008619,1,10,000,00,1,2,02,A01
201800008620,1,15,000,03,0,1,11,A01
201800008621,1,07,000,00,1,1,02,Z01
201800008622,1,31,000,00,2,1,01,A01
201800008622,2,07,000,00,2,3,15,B01
201800008623,2,07,000,00,2,6,01,B01
201800008623,2,34,000,00,2,1,01,A01
201800008624,1,07,000,00,1,1,01,A01
201800008625,1,34,000,00,2,1,01,B01
201800008625,1,07,000,00,2,8,09,A01
201800008626,1,07,000,00,2,1,01,A01
201800008626,1,07,000,00,2,4,23,B01
201800008626,1,07,000,00,2,4,23,C01
201800008627,1,07,000,00,1,1,01,A01
201800008628,2,31,000,00,0,8,01,A01
201800008629,1,07,000,00,2,3,01,B01
201800008629,2,07,000,00,2,5,01,A01
201800008630,1,07,000,00,1,1,00,A01
201800008631,1,34,000,00,2,4,01,A01
201800008631,1,07,000,00,2,1,09,B01
201800008632,2,07,000,00,2,0,00,Z01
201800008632,1,10,000,08,2,8,01,A01
201800008633,1,07,000,00,2,1,11,A01
201800008633,1,07,000,00,2,4,10,B01
201800008634,1,33,000,07,0,1,01,A01
201800008635,1,07,000,13,0,7,01,A01
201800008636,2,07,000,00,1,2,01,Z01
201800008637,2,31,000,00,0,0,01,A01
201800008638,2,34,000,00,0,0,01,B01
201800008638,1,07,000,00,0,0,03,Z01
201800008639,1,07,000,06,0,2,02,A01
201800008640,1,33,000,00,2,2,13,A01
201800008640,1,07,000,00,2,3,19,B01
201800008641,2,07,000,00,2,4,23,B01
201800008641,2,07,000,00,2,1,01,A01
201800008641,2,07,000,00,2,4,23,C01
201800008642,1,33,000,00,2,1,02,Z01
201800008642,1,07,000,00,2,4,15,A01
201800008643,2,37,000,00,1,2,21,A01
201800008644,1,02,000,00,2,1,05,A01
201800008644,2,07,000,00,2,2,01,B01
201800008645,1,99,000,01,0,0,17,A01
201800008645,1,37,000,01,0,3,24,B01
201800008646,1,33,000,00,2,8,18,A01
201800008646,1,15,000,00,2,7,16,B01
201800008647,1,07,000,00,1,4,04,A01
201800008648,2,30,000,00,2,2,07,A01
201800008648,2,07,000,00,2,3,02,B01
201800008649,1,07,000,00,2,7,19,B01
201800008649,1,07,000,00,2,1,19,A01
201800008650,2,07,000,00,2,1,15,B01
201800008650,2,31,000,00,2,1,02,A01
201800008651,2,07,000,00,1,4,04,A01
201800008652,1,07,000,00,0,9,15,A01
201800008653,1,30,000,00,2,1,02,A01
201800008653,1,07,000,00,2,6,02,B01
201800008654,2,07,000,00,2,6,15,B01
201800008654,2,07,000,00,2,1,01,A01
201800008655,2,07,000,08,0,1,00,A01
201800008656,1,33,000,00,1,1,01,A01
201800008657,2,33,000,00,2,1,01,B01
201800008657,2,07,000,00,2,6,15,A01
201800008658,1,10,000,00,1,2,21,A01
201800008659,1,07,000,00,1,2,15,A01
201800008660,2,07,000,00,2,7,15,A01
201800008660,1,07,000,00,2,2,01,B01
201800008661,2,07,000,00,2,7,09,A01
201800008661,1,07,000,00,2,1,09,B01
201800008661,1,07,000,00,2,9,09,C01
201800008662,2,34,000,00,2,7,17,A01
201800008662,2,07,000,00,2,3,15,B01
201800008663,1,07,000,00,1,3,09,A01
201800008663,1,14,000,01,2,2,23,B01
201800008664,1,31,000,00,2,1,19,A01
201800008664,1,07,000,01,0,8,20,Z01
201800008665,1,07,000,00,2,8,13,A01
201800008665,1,07,000,00,2,1,23,B01
201800008666,1,01,000,00,2,8,15,A01
201800008666,2,32,000,00,2,1,01,B01
201800008667,1,07,000,00,2,0,16,A01
201800008667,1,33,000,00,2,0,01,B01
201800008668,1,07,000,00,2,7,02,Z01
201800008668,1,30,000,00,2,8,01,B01
201800008669,1,14,000,06,0,9,01,A01
201800008670,1,07,000,00,1,1,18,A01
201800008671,1,07,000,08,2,2,19,B01
201800008671,1,07,000,00,2,1,23,A01
201800008672,1,07,000,00,9,5,20,B01
201800008672,1,31,000,00,2,1,02,A01
201800008673,1,07,000,08,0,7,15,A01
201800008674,1,07,000,00,1,2,15,A01
201800008675,2,07,000,00,2,4,02,B01
201800008675,2,07,000,00,2,4,01,A01
201800008676,2,07,000,01,0,2,02,A01
201800008677,1,07,000,00,2,1,09,A01
201800008677,1,33,000,00,2,4,02,B01
201800008678,1,07,000,00,1,1,02,A01
201800008679,1,07,000,00,1,8,01,A01
201800008680,1,07,000,00,1,6,01,A01
201800008681,1,31,000,00,2,1,01,A01
201800008681,1,07,000,00,2,4,01,B01
201800008682,1,37,000,00,1,2,16,A01
201800008683,1,31,000,00,2,4,09,B01
201800008683,1,99,000,00,2,0,00,Z01
201800008684,1,07,000,00,2,1,09,A01
201800008684,1,07,000,00,1,6,02,B01
201800008685,2,03,000,00,2,2,01,A01
201800008685,2,99,000,00,2,0,00,R01
201800008686,2,34,000,00,2,1,16,B01
201800008686,1,07,000,00,2,3,15,A01
201800008687,2,07,000,00,2,4,01,B01
201800008687,2,33,000,00,2,1,01,A01
201800008688,1,07,000,00,2,1,01,B01
201800008688,1,31,000,00,2,4,19,A01
201800008689,2,07,000,00,2,3,20,A01
201800008689,1,31,000,00,2,8,01,B01
201800008690,2,34,000,00,2,8,00,B01
201800008690,1,07,000,00,2,2,19,A01
201800008691,1,07,000,08,0,2,01,A01
201800008692,1,07,000,00,2,8,13,A01
201800008692,1,07,000,00,2,3,01,B01
201800008693,2,07,000,00,2,2,01,A01
201800008693,1,02,000,00,2,1,01,B01
201800008694,1,07,000,00,2,2,02,A01
201800008694,2,07,000,00,2,3,19,B01
201800008695,1,30,000,00,2,4,00,B01
201800008695,1,30,000,00,2,1,01,A01
201800008696,1,07,000,00,1,2,01,Z01
201800008697,2,33,000,00,2,8,01,A01
201800008697,2,07,000,00,2,1,16,B01
201800008698,1,07,000,08,2,3,01,B01
201800008698,1,07,000,00,2,3,09,A01
201800008699,2,07,000,00,2,4,01,B01
201800008699,1,03,000,00,2,1,02,A01
201800008700,1,34,000,00,2,1,17,B01
201800008700,1,07,000,00,2,8,15,A01
201800008701,2,07,000,00,2,3,01,B01
201800008701,2,30,000,00,2,1,01,A01
201800008702,2,33,000,00,2,1,00,B01
201800008702,2,07,000,00,2,2,10,A01
201800008703,1,07,000,00,2,1,01,A01
201800008703,2,07,000,00,2,4,02,C01
201800008703,2,07,000,00,2,4,02,B01
201800008704,1,33,000,00,2,8,01,B01
201800008704,1,07,000,00,2,1,01,A01
201800008705,1,33,000,00,0,2,00,A01
201800008706,1,07,000,00,1,1,01,Z01
201800008707,1,03,000,00,2,1,01,B01
201800008707,2,07,000,00,2,2,09,A01
201800008708,1,07,000,00,2,7,01,A01
201800008708,1,07,000,00,2,1,18,Z01
201800008708,1,07,000,00,2,6,01,B01
201800008709,1,07,000,00,2,8,15,A01
201800008709,1,07,000,00,2,1,01,B01
201800008710,1,07,000,00,2,3,02,B01
201800008710,2,37,000,00,2,3,17,A01
201800008711,2,07,000,00,2,1,05,A01
201800008711,1,33,000,00,2,1,01,B01
201800008712,1,07,000,00,2,1,15,A01
201800008712,1,33,000,00,2,1,01,B01
201800008713,1,07,000,00,2,2,10,A01
201800008713,1,07,000,00,2,1,08,B01
201800008714,1,07,000,00,2,3,15,B01
201800008714,1,31,000,00,2,7,00,A01
201800008715,2,33,000,00,0,0,21,A01
201800008715,1,07,000,00,0,0,10,B01
201800008716,1,10,000,00,2,1,02,A01
201800008716,1,07,000,00,2,4,02,B01
201800008717,2,10,000,00,2,3,22,A01
201800008717,2,33,000,00,2,1,17,B01
201800008718,1,07,000,00,2,7,15,B01
201800008718,2,31,000,00,2,1,08,A01
201800008719,1,34,000,00,2,1,11,B01
201800008719,1,07,000,00,2,3,09,A01
201800008720,1,07,000,00,2,2,15,A01
201800008720,2,30,000,00,2,1,01,B01
201800008721,1,07,000,00,2,1,01,Z01
201800008721,1,33,000,00,2,1,00,A01
201800008722,1,30,000,00,2,1,01,A01
201800008722,2,07,000,00,2,3,01,B01
201800008722,2,07,000,00,2,0,15,Z01
201800008723,1,07,000,00,2,4,01,B01
201800008723,2,07,000,00,2,1,01,A01
201800008724,1,07,000,00,2,1,02,A01
201800008724,1,32,000,00,2,4,02,B01
201800008725,2,07,000,00,2,3,01,B01
201800008725,1,07,000,00,2,5,09,A01
201800008726,1,07,000,00,2,3,01,B01
201800008726,2,07,000,00,2,3,13,A01
201800008727,2,07,000,00,1,2,16,A01
201800008728,2,07,000,00,2,3,15,A01
201800008728,2,02,000,00,2,2,17,B01
201800008729,1,31,000,00,2,1,01,B01
201800008729,2,07,000,00,2,8,15,A01
201800008730,2,07,000,00,2,3,02,B01
201800008730,1,07,000,00,2,2,01,A01
201800008731,1,07,000,00,2,3,16,A01
201800008731,1,07,000,00,2,3,00,B01
201800008732,1,07,000,00,2,8,02,C01
201800008732,1,07,000,00,2,6,02,B01
201800008732,1,30,000,00,2,1,02,A01
201800008733,1,02,000,00,2,2,09,A01
201800008733,2,30,000,00,2,3,01,B01
201800008734,2,10,000,00,2,1,01,A01
201800008734,2,07,000,00,2,4,01,B01
201800008735,2,07,000,00,2,4,23,B01
201800008735,2,03,000,00,2,1,02,A01
201800008736,1,07,000,00,2,2,15,A01
201800008736,1,33,000,00,2,7,00,B01
201800008737,2,07,000,00,2,1,15,B01
201800008737,1,34,000,00,2,1,03,A01
201800008738,1,07,000,00,2,4,23,C01
201800008738,1,07,000,00,2,1,23,B01
201800008738,1,07,000,00,2,1,02,A01
201800008739,1,07,000,00,2,1,07,Z01
201800008739,1,01,000,00,2,1,19,B01
201800008740,1,33,000,00,2,1,02,A01
201800008740,1,07,000,00,2,6,02,B01
201800008741,2,07,000,00,1,2,17,A01
201800008742,1,07,000,00,2,1,24,A01
201800008742,2,30,000,00,2,1,02,B01
201800008743,1,30,000,00,2,8,02,A01
201800008743,1,07,000,00,2,2,01,B01
201800008744,1,07,000,00,2,1,19,B01
201800008744,2,07,000,00,2,1,19,A01
201800008745,2,07,000,00,1,1,01,A01
201800008746,2,07,000,00,2,3,15,A01
201800008746,1,10,000,00,2,2,12,Z01
201800008747,1,07,000,00,2,3,13,A01
201800008747,1,07,000,00,2,6,01,B01
201800008748,1,30,000,12,0,0,15,A01
201800008749,2,07,000,00,2,8,01,A01
201800008749,1,10,000,00,2,8,00,Z01
201800008750,1,33,000,00,1,1,00,A01
201800008751,2,34,000,00,2,1,21,B01
201800008751,2,07,000,00,2,4,02,A01
201800008752,1,07,000,00,1,1,09,A01
201800008753,1,07,000,00,2,2,15,Z01
201800008753,2,33,000,00,2,1,01,A01
201800008754,1,34,000,00,2,4,02,B01
201800008754,1,10,000,00,2,4,02,Z01
201800008755,1,32,000,00,2,1,21,B01
201800008755,2,07,000,00,2,1,15,A01
201800008756,2,07,000,00,0,7,01,A01
201800008757,2,07,000,00,2,7,15,Z01
201800008757,1,33,000,00,2,1,01,B01
201800008758,1,07,000,00,2,2,02,A01
201800008758,1,07,000,00,2,6,24,B01
201800008759,1,07,000,00,2,1,02,A01
201800008759,1,07,000,00,2,4,23,B01
201800008760,2,07,000,00,2,4,01,B01
201800008760,2,33,000,00,2,1,02,A01
201800008761,2,07,000,13,0,7,01,A01
201800008762,1,01,000,00,2,2,01,B01
201800008762,2,07,000,00,9,3,09,A01
201800008763,1,07,000,00,2,6,13,A01
201800008763,1,33,000,00,2,1,17,B01
201800008764,1,30,000,00,2,7,01,B01
201800008764,1,07,000,00,2,1,19,A01
201800008765,2,30,000,00,2,6,00,B01
201800008765,1,07,000,00,2,3,00,A01
201800008766,1,07,000,00,2,4,02,B01
201800008766,1,07,000,00,2,1,02,A01
201800008767,1,07,000,00,2,2,15,A01
201800008767,1,33,000,00,2,1,17,B01
201800008768,2,33,000,01,0,1,12,A01
201800008769,2,07,000,00,2,4,02,B01
201800008769,2,07,000,00,2,1,02,A01
201800008769,2,07,000,00,2,4,02,C01
201800008770,1,07,000,00,2,3,15,A01
201800008770,0,37,059,00,2,3,16,B01
201800008771,0,30,000,00,2,1,12,A01
201800008771,2,07,000,00,2,7,12,B01
201800008772,2,07,000,01,0,2,01,A01
201800008773,1,30,000,08,0,8,01,A01
201800008774,1,07,000,00,2,3,00,B01
201800008774,1,07,000,00,2,1,00,A01
201800008775,2,32,000,00,2,5,15,B01
201800008775,2,07,000,00,2,8,15,Z01
201800008776,2,07,000,01,0,2,01,A01
201800008777,2,07,000,00,2,3,10,B01
201800008777,2,02,000,00,2,1,17,A01
201800008778,2,10,000,00,2,1,13,B01
201800008778,1,37,000,00,2,3,01,A01
201800008779,2,07,000,00,6,3,02,A01
201800008779,2,01,000,00,2,4,02,B01
201800008780,1,37,015,00,2,3,01,A01
201800008780,1,14,000,00,2,2,14,Z01
201800008781,2,07,000,00,2,3,19,A01
201800008781,2,37,044,00,2,1,01,B01
201800008782,1,07,000,00,1,2,02,A01
201800008783,1,07,000,00,2,1,15,A01
201800008783,2,02,000,00,2,8,01,B01
201800008784,1,07,000,00,2,4,02,A01
201800008784,1,07,000,00,2,1,02,Z01
201800008785,1,34,000,00,0,8,23,A01
201800008786,1,07,000,00,2,3,09,Z01
201800008786,1,34,000,00,2,3,01,B01
201800008787,1,07,000,00,2,7,01,Z01
201800008787,1,31,000,00,2,1,01,B01
201800008788,1,07,000,00,2,1,02,Z01
201800008788,1,07,000,00,2,4,23,B01
201800008789,2,10,000,00,2,4,04,Z01
201800008789,2,34,000,00,2,1,23,B01
201800008790,1,01,000,00,2,8,21,A01
201800008790,2,07,000,00,2,6,01,B01
201800008791,1,07,000,00,1,2,01,A01
201800008792,1,07,000,00,2,7,23,B01
201800008792,1,02,000,00,2,7,21,A01
201800008793,0,01,000,00,2,8,02,B01
201800008793,0,15,000,00,2,7,09,A01
201800008794,1,07,000,00,1,3,01,A01
201800008795,2,07,000,00,2,6,01,B01
201800008795,2,07,000,00,2,1,01,A01
201800008796,1,02,000,00,2,1,01,B01
201800008796,2,07,000,00,2,2,15,Z01
201800008797,2,99,000,00,2,0,00,Z01
201800008797,1,32,000,00,2,0,00,A01
201800008798,1,07,000,00,1,2,00,A01
201800008798,1,99,000,00,0,0,00,Z01
201800008799,1,07,000,00,2,6,02,A01
201800008799,2,07,000,00,2,0,02,Z01
201800008800,1,07,000,00,2,8,15,B01
201800008800,1,07,000,08,2,1,17,A01
201800008801,2,10,000,00,2,3,02,B01
201800008801,1,07,000,00,2,3,02,A01
201800008802,2,33,000,01,0,3,01,A01
201800008803,2,07,000,00,2,3,10,A01
201800008803,2,32,000,00,2,1,02,B01
201800008804,1,02,000,01,2,3,18,A01
201800008804,1,10,000,00,2,5,01,B01
201800008805,1,01,000,00,2,7,02,A01
201800008805,1,07,000,00,2,8,00,Z01
201800008806,1,07,000,00,2,6,01,A01
201800008806,1,07,000,00,2,1,01,B01
201800008807,1,07,000,00,2,0,21,C01
201800008807,2,34,000,00,2,1,03,A01
201800008807,2,07,000,00,2,6,02,B01
201800008808,2,01,000,00,1,1,03,A01
201800008809,1,07,000,00,2,2,02,B01
201800008809,2,07,000,01,0,3,09,A01
201800008810,2,07,000,00,1,3,01,A01
201800008811,2,07,000,00,2,4,02,B01
201800008811,2,30,000,00,2,1,02,A01
201800008812,2,33,000,00,1,1,02,A01
201800008813,1,07,000,00,2,3,15,B01
201800008813,1,32,000,00,2,1,01,A01
201800008814,1,07,000,01,1,3,14,A01
201800008815,2,07,000,00,2,1,00,A01
201800008815,1,13,000,00,2,4,23,B01
201800008816,1,07,000,01,2,8,09,A01
201800008816,1,07,000,01,2,1,01,B01
201800008817,2,07,000,00,2,1,01,A01
201800008817,2,07,000,00,2,4,23,B01
201800008818,2,07,000,00,2,5,02,B01
201800008818,2,07,000,00,2,1,02,A01
201800008819,1,07,000,00,2,4,23,B01
201800008819,1,10,000,00,2,6,16,C01
201800008819,1,07,000,00,2,1,02,A01
201800008820,0,10,000,06,0,2,01,A01
201800008821,2,07,000,01,0,1,19,A01
201800008821,0,07,000,00,2,1,19,B01
201800008822,1,07,000,06,0,1,01,A01
201800008823,1,07,000,00,1,3,21,A01
201800008824,2,37,045,00,2,2,07,B01
201800008824,2,07,000,00,2,3,15,A01
201800008825,2,07,000,00,2,8,10,Z01
201800008825,2,32,000,00,2,1,17,B01
201800008826,0,07,000,00,2,8,02,B01
201800008826,0,07,000,00,2,1,13,A01
201800008827,1,07,000,00,1,5,01,A01
201800008828,2,07,000,00,2,6,15,B01
201800008828,2,30,000,00,2,1,17,A01
201800008829,2,03,000,00,2,3,15,A01
201800008829,2,02,000,00,2,1,01,B01
201800008830,1,10,000,02,0,1,01,A01
201800008831,2,10,000,00,2,5,01,A01
201800008831,2,32,000,00,2,1,01,B01
201800008832,1,07,000,00,2,1,00,A01
201800008832,1,33,000,00,2,4,00,B01
201800008833,2,02,000,00,2,1,01,B01
201800008833,2,07,000,00,2,8,19,A01
201800008834,1,07,000,00,2,0,15,Z01
201800008834,2,02,000,00,2,1,01,B01
201800008835,2,37,020,00,2,3,01,B01
201800008835,2,07,000,00,2,2,15,A01
201800008835,2,07,000,00,2,5,01,C01
201800008836,1,13,000,00,2,1,00,A01
201800008836,1,07,000,00,2,6,19,B01
201800008837,1,02,000,00,2,1,01,B01
201800008837,1,07,000,00,2,2,01,A01
201800008838,1,10,000,00,2,1,15,A01
201800008838,2,30,000,00,2,1,01,B01
201800008839,1,07,000,00,2,1,02,Z01
201800008839,2,07,000,00,2,4,02,B01
201800008840,1,07,000,00,2,1,19,A01
201800008840,1,30,000,00,2,1,19,B01
201800008841,2,07,000,00,1,1,01,A01
201800008842,1,07,000,08,0,8,02,B01
201800008842,1,07,000,00,2,8,15,A01
201800008843,0,07,000,00,2,4,15,B01
201800008843,0,02,000,00,2,1,02,A01
201800008844,2,07,000,00,2,4,02,B01
201800008844,1,07,000,00,2,1,02,A01
201800008845,1,07,000,00,1,3,15,A01
201800008846,2,07,000,00,2,6,02,B01
201800008846,2,30,000,00,2,1,02,A01
201800008847,1,15,000,00,2,6,01,B01
201800008847,1,15,000,00,2,1,13,A01
201800008847,2,37,044,00,2,3,01,C01
201800008848,2,07,000,00,2,8,01,B01
201800008848,1,30,000,00,2,1,19,A01
201800008849,2,07,000,00,2,1,05,Z01
201800008849,1,32,000,00,2,1,01,A01
201800008850,2,07,000,00,2,2,15,A01
201800008850,1,34,000,00,2,1,01,B01
201800008851,0,07,000,00,2,8,15,B01
201800008851,0,02,000,00,2,1,17,A01
201800008852,2,34,000,12,0,1,00,A01
201800008853,2,07,000,00,2,0,00,Z01
201800008853,2,07,000,00,2,3,24,A01
201800008854,2,07,000,00,2,2,17,B01
201800008854,2,10,000,00,2,3,15,A01
201800008855,0,07,000,00,2,7,11,A01
201800008855,2,02,000,00,2,1,01,B01
201800008856,2,07,000,00,2,0,09,Z01
201800008856,1,30,000,00,2,1,00,B01
201800008857,2,07,000,00,2,1,01,Z01
201800008857,1,07,000,00,2,7,15,B01
201800008858,1,07,000,01,2,1,01,A01
201800008858,1,07,000,00,2,4,01,B01
201800008859,1,07,000,00,1,1,01,A01
201800008860,1,30,000,00,2,3,02,B01
201800008860,1,07,000,00,2,2,02,A01
201800008861,1,31,000,00,2,1,09,Z01
201800008861,1,10,000,11,2,0,16,A01
201800008862,1,07,000,00,2,1,01,A01
201800008862,2,07,000,00,2,5,01,B01
201800008863,1,07,000,00,2,8,00,B01
201800008863,2,07,000,00,2,2,00,A01
201800008864,0,33,000,00,2,5,00,B01
201800008864,2,07,000,00,2,1,00,A01
201800008865,2,07,000,00,2,1,02,A01
201800008865,2,10,000,08,2,4,02,B01
201800008866,2,33,000,00,2,1,01,B01
201800008866,1,07,000,00,2,1,09,A01
201800008867,0,07,000,00,2,5,09,B01
201800008867,0,07,000,00,2,3,01,A01
201800008868,1,33,000,00,1,1,01,A01
201800008869,1,07,000,00,2,2,16,B01
201800008869,1,34,000,01,2,1,07,A01
201800008870,2,07,000,00,2,3,13,A01
201800008870,1,07,000,08,2,8,01,B01
201800008871,1,33,000,00,1,1,01,A01
201800008872,2,07,000,02,0,0,00,A01
201800008873,2,07,000,00,2,0,00,B01
201800008873,2,07,000,00,2,2,08,A01
201800008874,0,32,000,00,0,0,00,B01
201800008874,1,10,000,00,2,1,15,A01
201800008875,2,07,000,12,0,7,01,A01
201800008876,1,07,000,00,2,3,00,B01
201800008876,1,15,000,00,2,1,10,A01
201800008877,2,07,000,00,2,3,15,A01
201800008877,2,33,000,01,2,1,17,B01
201800008878,1,07,000,00,1,4,02,A01
201800008879,2,07,000,00,2,3,09,B01
201800008879,1,30,000,00,2,1,03,A01
201800008880,2,07,000,00,2,3,02,A01
201800008880,2,07,000,00,2,6,02,B01
201800008881,1,33,000,00,2,1,01,B01
201800008881,1,07,000,00,2,8,13,A01
201800008882,2,13,000,00,2,3,20,B01
201800008882,2,07,000,00,2,2,02,A01
201800008883,2,07,000,00,2,7,12,A01
201800008883,2,32,000,00,2,8,18,B01
201800008884,0,07,000,00,2,0,00,Z01
201800008884,0,30,000,00,2,5,02,A01
201800008885,2,07,000,06,0,1,13,A01
201800008886,2,30,000,00,2,1,01,B01
201800008886,0,07,000,00,2,3,15,A01
201800008887,2,01,000,00,2,1,05,A01
201800008887,1,32,000,00,2,1,02,B01
201800008888,1,07,000,00,1,2,01,A01
201800008889,2,33,000,00,2,1,01,B01
201800008889,1,07,000,00,2,7,15,A01
201800008890,0,33,000,00,2,0,00,B01
201800008890,1,07,000,00,2,0,00,A01
201800008891,1,07,000,00,2,2,02,A01
201800008891,1,07,000,00,2,8,15,B01
201800008892,1,07,000,00,2,1,02,A01
201800008892,1,07,000,00,2,4,02,B01
201800008893,1,33,000,00,2,0,13,A01
201800008893,1,07,000,00,2,3,15,B01
201800008894,1,30,000,01,0,1,02,A01
201800008894,1,07,000,00,2,0,23,B01
201800008895,2,07,000,00,2,3,01,B01
201800008895,2,14,000,00,2,2,14,A01
201800008896,1,07,000,00,2,0,00,Z01
201800008896,1,34,000,00,2,3,01,B01
201800008897,1,07,000,00,1,0,01,Z01
201800008898,1,07,000,00,2,8,01,B01
201800008898,2,07,000,00,2,8,01,A01
201800008899,0,34,000,00,2,1,01,B01
201800008899,0,07,000,00,2,1,15,A01
201800008900,0,07,000,00,2,1,09,A01
201800008900,0,01,000,00,2,4,01,B01
201800008901,1,07,000,00,2,1,02,A01
201800008901,1,07,000,00,2,4,02,B01
201800008902,1,07,000,00,1,2,01,A01
201800008903,1,01,000,04,0,0,21,A01
201800008904,2,10,000,00,2,6,02,B01
201800008904,2,30,000,00,2,1,01,A01
201800008905,1,07,000,00,2,2,01,B01
201800008905,1,07,000,00,2,1,15,A01
201800008906,1,07,000,00,1,6,20,Z01
201800008907,1,01,000,00,2,1,09,B01
201800008907,1,07,000,00,6,7,09,A01
201800008908,1,07,000,00,2,5,12,Z01
201800008908,1,33,000,00,2,1,14,B01
201800008909,2,34,000,00,2,4,02,B01
201800008909,2,07,000,00,2,6,02,C01
201800008909,2,07,000,00,2,1,02,A01
201800008910,1,32,000,00,2,2,17,A01
201800008910,2,07,000,00,2,3,09,B01
201800008911,2,33,000,00,2,3,00,B01
201800008911,2,07,000,00,2,7,11,A01
201800008912,0,07,000,00,1,1,00,A01
201800008913,1,07,000,00,1,1,07,A01
201800008914,1,30,000,00,2,1,01,A01
201800008914,2,07,000,00,2,3,01,B01
201800008915,2,07,000,00,2,7,01,A01
201800008915,2,07,000,00,2,1,16,Z01
201800008916,2,34,000,00,2,1,05,B01
201800008916,1,07,000,00,2,2,05,A01
201800008917,2,07,000,04,0,1,01,A01
201800008918,2,07,000,00,2,2,09,A01
201800008918,1,07,000,00,2,6,01,B01
201800008919,1,07,000,00,2,4,23,B01
201800008919,1,07,000,00,2,1,23,A01
201800008920,0,30,000,15,0,2,01,A01
201800008921,1,07,000,00,2,8,15,A01
201800008921,1,32,000,00,2,1,17,B01
201800008922,1,07,000,00,2,4,01,A01
201800008922,1,33,000,00,2,4,02,B01
201800008923,1,10,000,00,1,1,01,Z01
201800008924,0,02,000,00,1,0,00,Z01
201800008925,1,02,000,00,2,1,01,B01
201800008925,1,07,000,00,2,1,15,A01
201800008926,0,07,000,00,2,1,09,Z01
201800008926,0,07,000,00,2,3,01,B01
201800008927,2,07,000,00,2,1,01,B01
201800008927,2,07,000,00,2,8,01,A01
201800008928,2,33,000,00,1,1,01,A01
201800008929,1,07,000,01,0,3,01,A01
201800008930,1,07,000,00,2,2,14,A01
201800008930,2,02,000,00,2,3,01,B01
201800008931,1,34,000,00,2,0,00,B01
201800008931,1,32,000,00,2,1,01,A01
201800008932,1,02,000,00,2,3,16,B01
201800008932,1,07,000,00,2,2,16,Z01
201800008933,2,07,000,00,2,3,10,A01
201800008933,2,32,000,00,2,1,01,B01
201800008934,1,07,000,00,2,8,15,A01
201800008934,1,33,000,00,2,1,01,B01
201800008935,1,07,000,00,2,1,01,B01
201800008935,1,07,000,00,2,8,13,A01
201800008936,2,33,000,03,0,0,01,A01
201800008937,2,30,000,00,2,1,02,B01
201800008937,2,07,000,00,2,3,15,A01
201800008938,2,13,000,01,2,4,02,A01
201800008938,2,07,000,01,2,4,02,B01
201800008939,2,10,000,00,2,1,15,A01
201800008939,2,10,000,00,2,3,01,B01
201800008940,1,07,000,00,1,1,01,Z01
201800008941,1,30,000,00,0,0,16,A01
201800008942,1,07,000,00,2,1,19,Z01
201800008942,1,33,000,00,2,8,00,B01
201800008943,1,07,000,15,0,2,00,A01
201800008944,1,07,000,00,2,3,01,B01
201800008944,2,07,000,01,2,3,00,A01
201800008945,1,10,000,00,2,8,01,C01
201800008945,2,07,000,00,2,1,01,A01
201800008945,1,01,000,00,2,1,01,B01
201800008946,1,07,000,00,2,2,01,B01
201800008946,0,07,000,00,2,3,09,A01
201800008947,1,07,000,01,0,1,01,A01