Num_Acc,senc,catv,occutc,obs,obsm,choc,manv,num_veh
201800008948,2,07,000,00,2,2,02,A01
201800008948,2,07,000,00,2,3,01,B01
201800008949,1,32,000,00,1,1,11,A01
201800008950,2,33,000,00,2,1,01,A01
201800008951,0,10,000,00,2,5,15,A01
201800008951,0,30,000,00,2,1,01,B01
201800008952,0,07,000,00,1,1,01,A01
201800008953,1,32,000,00,2,1,01,B01
201800008953,2,10,000,00,2,1,15,A01
201800008954,1,32,000,00,0,0,00,A01
201800008955,1,32,000,00,0,8,21,A01
201800008956,2,07,000,00,1,3,15,A01
201800008957,0,07,000,00,2,1,01,B01
201800008957,0,07,000,00,2,1,01,A01
201800008958,0,07,000,00,6,1,19,A01
201800008958,0,34,000,00,2,1,19,B01
201800008959,2,07,000,01,0,7,14,B01
201800008959,0,07,000,01,2,6,23,C01
201800008959,1,07,000,00,2,0,00,Z01
201800008960,1,07,000,00,0,0,24,C01
201800008960,1,30,000,01,2,3,11,A01
201800008960,1,07,000,00,2,2,01,B01
201800008961,1,07,000,00,1,1,01,A01
201800008962,0,10,000,11,0,1,01,A01
201800008963,1,07,000,00,2,3,02,B01
201800008963,2,07,000,00,2,1,23,C01
201800008963,1,02,000,00,2,1,02,A01
201800008964,0,07,000,00,2,0,00,B01
201800008964,0,07,000,00,2,3,13,Z01
201800008965,1,07,000,00,2,2,02,A01
201800008965,2,33,000,00,2,3,02,B01
201800008966,2,07,000,00,2,2,01,Z01
201800008966,2,07,000,01,2,3,01,B01
201800008967,1,07,000,00,2,2,15,Z01
201800008967,0,07,000,00,2,1,02,B01
201800008968,1,13,000,00,1,1,01,A01
201800008969,2,33,000,00,2,1,01,B01
201800008969,1,07,000,00,2,2,15,A01
201800008970,1,07,000,00,2,6,01,B01
201800008970,2,07,000,00,2,1,13,A01
201800008971,0,10,000,01,1,4,04,A01
201800008972,2,07,000,00,2,8,15,B01
201800008972,2,30,000,00,2,1,17,A01
201800008973,0,07,000,00,2,3,15,A01
201800008973,0,02,000,00,2,1,17,B01
201800008974,0,30,000,00,1,1,01,Z01
201800008975,1,32,000,00,1,1,01,A01
201800008976,1,07,000,00,2,2,01,B01
201800008976,1,30,000,00,2,1,16,A01
201800008977,2,07,000,00,2,1,02,A01
201800008977,2,02,000,00,2,4,03,B01
201800008978,2,07,000,00,2,5,23,B01
201800008978,2,32,000,00,2,1,02,A01
201800008979,2,07,000,00,2,2,19,A01
201800008979,2,07,000,00,2,3,01,B01
201800008980,0,07,000,00,2,7,01,B01
201800008980,0,07,000,00,2,3,00,A01
201800008981,0,02,000,00,2,4,02,B01
201800008981,2,07,000,00,2,1,02,A01
201800008982,1,01,000,00,2,1,00,A01
201800008982,1,07,000,00,2,2,16,B01
201800008983,1,40,003,00,2,8,01,B01
201800008983,1,07,000,00,4,1,01,A01
201800008984,1,30,000,00,0,6,01,A01
201800008985,1,31,000,01,2,8,01,B01
201800008985,2,07,000,00,2,1,10,A01
201800008986,1,07,000,00,2,1,13,A01
201800008986,2,32,000,00,2,1,01,B01
201800008987,1,32,000,00,2,1,00,B01
201800008987,2,07,000,00,2,2,15,A01
201800008988,1,30,000,00,2,1,00,A01
201800008988,1,07,000,00,2,6,20,B01
201800008989,2,07,000,00,2,3,01,A01
201800008989,2,02,000,00,2,6,15,B01
201800008990,1,31,000,00,2,7,15,B01
201800008990,1,07,000,00,2,3,15,A01
201800008991,1,07,000,00,2,1,00,A01
201800008991,1,07,000,00,2,4,23,C01
201800008991,1,07,000,00,2,4,23,B01
201800008992,1,07,000,00,2,1,02,A01
201800008992,1,07,000,01,0,4,02,B01
201800008993,1,07,000,00,2,2,00,A01
201800008993,1,31,000,00,2,0,00,B01
201800008994,1,10,000,00,2,6,01,B01
201800008994,1,07,000,00,2,1,02,A01
201800008995,2,10,000,00,2,5,15,A01
201800008995,1,33,000,00,2,7,01,B01
201800008995,2,10,000,00,2,1,01,C01
201800008996,1,07,000,01,2,2,01,A01
201800008996,2,07,000,00,2,3,01,B01
201800008997,2,07,000,00,2,1,01,B01
201800008997,1,13,000,00,2,1,15,A01
201800008998,2,34,000,00,2,7,00,B01
201800008998,1,07,000,01,2,3,17,A01
201800008999,0,31,000,00,1,1,01,B01
201800009000,1,31,000,00,1,1,00,Z01
201800009001,1,07,000,00,2,1,01,B01
201800009001,2,07,000,00,2,1,05,A01
201800009002,2,07,000,00,2,2,14,A01
201800009002,2,07,000,00,2,3,01,B01
201800009003,2,20,000,00,1,0,00,Z01
201800009004,1,07,000,00,2,3,15,A01
201800009004,1,31,000,00,2,1,01,B01
201800009005,1,32,000,00,2,7,02,B01
201800009005,1,07,000,00,2,8,15,A01
201800009006,1,30,000,00,2,7,16,A01
201800009006,1,30,000,00,2,1,18,Z01
201800009007,1,07,000,00,2,6,20,B01
201800009007,1,07,000,00,2,2,02,A01
201800009008,0,07,000,00,2,1,13,A01
201800009008,0,07,000,00,2,1,01,B01
201800009009,2,30,000,00,0,1,01,A01
201800009010,2,34,000,00,2,4,15,B01
201800009010,2,34,000,00,2,7,01,A01
201800009011,0,07,000,00,2,3,15,A01
201800009011,2,32,000,00,2,1,21,B01
201800009012,1,07,000,00,1,3,15,A01
201800009013,2,10,000,00,2,3,09,A01
201800009013,1,32,000,00,2,1,00,B01
201800009014,1,10,000,00,2,3,15,A01
201800009014,2,07,000,00,2,1,01,B01
201800009015,2,07,000,01,1,1,20,A01
201800009016,0,07,000,00,2,8,01,B01
201800009016,0,07,000,00,2,1,01,A01
201800009017,1,07,000,00,1,0,01,A01
201800009018,1,07,000,00,2,1,02,A01
201800009018,1,07,000,14,2,0,02,B01
201800009019,1,07,000,00,1,4,20,A01
201800009020,2,07,000,00,2,1,01,B01
201800009020,1,07,000,00,2,7,15,A01
201800009021,0,07,000,00,2,4,01,D01
201800009021,0,07,000,00,2,4,11,B01
201800009021,0,07,000,00,2,4,01,C01
201800009021,0,13,000,00,2,1,01,A01
201800009022,2,32,000,00,2,1,01,A01
201800009022,2,07,000,00,2,4,01,B01
201800009023,0,07,000,01,0,3,02,A01
201800009023,0,07,000,00,2,5,02,B01
201800009024,0,20,000,00,1,5,01,A01
201800009025,0,34,000,00,0,0,00,A01
201800009026,1,33,000,00,2,1,00,B01
201800009026,2,07,000,00,2,3,15,A01
201800009027,1,07,000,01,0,1,14,A01
201800009028,2,07,000,08,2,2,15,A01
201800009028,1,33,000,00,2,1,10,B01
201800009029,1,30,000,10,0,7,01,B01
201800009029,1,07,000,00,0,0,19,A01
201800009030,1,07,000,00,1,0,01,Z01
201800009031,2,07,000,00,2,2,20,B01
201800009031,2,34,000,00,2,1,02,A01
201800009032,,07,000,,,,,A01
201800009032,,34,000,,,,,B01
201800009033,0,03,000,00,2,1,02,A01
201800009033,0,07,000,00,2,4,02,B01
201800009034,1,07,000,00,2,2,01,B01
201800009034,2,07,000,00,2,3,15,A01
201800009035,2,07,000,00,2,3,20,A01
201800009035,2,07,000,00,2,2,01,B01
201800009036,0,30,000,00,0,0,00,A01
201800009037,1,07,000,00,2,4,02,B01
201800009037,1,07,000,00,2,1,02,A01
201800009038,2,07,000,00,1,1,01,A01
201800009039,1,07,000,00,2,1,02,A01
201800009039,1,07,000,00,2,4,02,C01
201800009039,1,07,000,00,2,4,02,B01
201800009040,1,10,000,13,0,1,13,A01
201800009041,1,07,000,00,2,8,15,A01
201800009041,1,31,000,00,2,1,01,B01
201800009042,0,07,000,00,1,0,00,A01
201800009043,2,10,000,00,2,2,02,A01
201800009043,2,07,000,00,2,6,01,B01
201800009044,1,34,000,14,0,0,00,A01
201800009044,1,07,000,00,2,0,00,B01
201800009045,1,02,000,00,2,1,17,B01
201800009045,1,07,000,00,2,7,00,A01
201800009046,1,33,000,00,2,1,01,B01
201800009046,2,07,000,00,2,3,15,A01
201800009047,0,02,000,00,2,3,01,B01
201800009047,0,07,000,00,2,0,14,A01
201800009048,1,31,000,00,0,0,02,A01
201800009049,0,33,000,00,0,0,00,A01
201800009050,1,07,000,00,0,1,21,A01
201800009051,0,33,000,04,0,1,21,A01
201800009052,0,33,000,00,2,1,01,B01
201800009052,0,30,000,00,2,1,11,A01
201800009053,1,32,000,00,2,4,23,B01
201800009053,1,03,000,00,2,1,02,A01
201800009054,0,07,000,00,2,1,01,A01
201800009054,0,07,000,00,2,7,15,B01
201800009055,1,07,000,00,2,2,15,A01
201800009055,1,37,016,00,2,3,01,B01
201800009056,1,07,000,01,1,1,00,Z01
201800009057,0,35,000,01,2,1,00,A01
201800009058,2,10,000,00,1,0,00,A01
201800009059,0,34,000,00,0,0,00,B01
201800009060,1,07,000,00,2,1,01,B01
201800009060,1,30,000,00,2,7,19,A01
201800009061,1,07,000,00,1,2,15,A01
201800009062,2,07,000,00,2,3,01,B01
201800009062,1,07,000,00,2,3,13,A01
201800009063,1,07,000,08,0,1,19,A01
201800009064,0,10,000,00,2,3,13,Z01
201800009064,1,10,000,00,2,3,01,A01
201800009065,2,32,000,00,2,2,01,A01
201800009065,2,10,000,00,2,5,01,B01
201800009066,2,10,000,00,2,0,00,Z01
201800009066,1,07,000,00,0,0,24,B01
201800009067,1,07,000,00,2,0,00,A01
201800009067,1,07,000,00,2,0,00,B01
201800009068,2,10,000,00,2,1,02,Z01
201800009068,2,07,000,00,2,4,23,B01
201800009069,2,07,000,00,1,1,02,A01
201800009070,2,07,000,00,1,1,01,A01
201800009071,1,07,000,00,2,4,02,Z01
201800009071,1,07,000,00,2,1,02,A01
201800009072,1,10,000,00,1,1,15,Z01
201800009073,2,07,000,00,2,3,01,A01
201800009073,2,07,000,00,2,7,16,B01
201800009074,1,02,000,00,2,4,02,B01
201800009074,0,99,000,00,2,1,02,Z01
201800009075,2,30,000,00,0,0,21,A01
201800009076,2,32,000,00,0,0,21,A01
201800009077,0,07,000,00,2,1,01,B01
201800009077,0,07,000,00,2,1,13,A01
201800009078,2,07,000,00,2,7,15,A01
201800009078,1,32,000,00,2,1,01,B01
201800009079,2,33,000,00,2,0,01,B01
201800009079,1,07,000,00,2,0,00,Z01
201800009080,0,07,000,00,1,3,00,A01
201800009081,1,30,000,00,2,7,01,A01
201800009081,2,99,000,00,2,1,15,Z01
201800009082,1,10,000,00,2,3,15,A01
201800009082,2,02,000,00,2,3,00,B01
201800009083,1,10,000,00,2,6,15,C01
201800009083,1,07,000,00,2,1,01,A01
201800009083,1,07,000,00,2,4,15,B01
201800009084,0,07,000,00,1,0,00,A01
201800009085,1,07,000,00,2,4,09,C01
201800009085,1,07,000,00,2,9,02,B01
201800009085,1,07,000,00,2,1,02,A01
201800009086,0,07,000,00,1,2,09,A01
201800009087,2,33,000,01,2,1,02,B01
201800009087,1,07,000,00,2,3,15,A01
201800009088,0,07,000,00,2,1,13,B01
201800009088,1,99,000,00,2,3,00,A01
201800009089,2,07,000,00,0,3,13,A01
201800009090,1,10,000,00,2,2,15,A01
201800009090,2,30,000,00,2,1,01,B01
201800009091,0,07,000,00,2,4,15,B01
201800009091,0,14,000,00,2,1,01,A01
201800009092,1,10,000,00,2,8,15,A01
201800009092,1,32,000,00,2,1,15,B01
201800009093,1,07,000,00,2,5,14,A01
201800009093,1,01,000,00,2,1,01,B01
201800009094,2,07,000,00,2,7,01,B01
201800009094,2,10,000,00,2,2,15,A01
201800009095,0,07,000,00,2,5,02,B01
201800009095,0,07,000,00,2,2,02,A01
201800009096,1,01,000,00,2,4,13,B01
201800009096,1,32,000,00,2,1,01,A01
201800009097,0,32,000,00,1,2,17,A01
201800009098,0,30,000,00,1,0,00,A01
201800009099,0,99,000,00,1,0,00,Z01
201800009100,0,07,000,00,2,3,02,B01
201800009100,0,30,000,08,1,1,13,A01
201800009101,2,07,000,00,1,1,15,A01
201800009102,0,07,000,00,2,3,23,B01
201800009102,0,30,000,00,2,0,00,A01
201800009103,0,02,000,00,2,1,01,B01
201800009103,1,07,000,00,2,7,15,A01
201800009104,0,30,000,00,1,1,01,A01
201800009105,1,07,000,00,2,8,22,A01
201800009105,1,32,000,01,0,7,01,B01
201800009106,2,30,000,00,2,0,19,A01
201800009106,1,07,000,00,6,0,00,B01
201800009107,0,15,000,00,2,8,01,A01
201800009107,0,15,000,00,2,1,01,B01
201800009107,0,15,000,00,2,7,17,Z01
201800009108,2,07,000,00,2,7,01,B01
201800009108,2,10,000,00,2,6,04,A01
201800009109,1,07,000,00,2,2,01,A01
201800009109,2,07,000,00,2,1,15,B01
201800009110,2,07,000,00,1,1,01,A01
201800009111,0,07,000,13,0,2,01,A01
201800009112,0,10,000,00,2,7,01,B01
201800009112,0,07,000,00,2,8,09,A01
201800009113,2,14,000,00,1,8,01,A01
201800009113,0,07,000,00,1,1,00,Z01
201800009114,1,33,000,00,1,0,00,A01
201800009115,0,33,000,00,2,3,01,B01
201800009115,0,10,000,00,2,2,14,A01
201800009116,0,07,000,00,2,3,20,A01
201800009116,1,02,000,01,2,1,01,B01
201800009117,1,30,000,00,1,2,01,A01
201800009118,1,07,000,00,2,4,02,B01
201800009118,1,07,000,00,2,1,02,A01
201800009119,0,33,000,00,2,1,01,B01
201800009119,0,07,000,00,2,3,15,A01
201800009120,1,03,000,00,2,4,01,A01
201800009120,1,07,000,00,2,1,01,B01
201800009121,2,03,000,00,2,6,01,B01
201800009121,1,07,000,00,2,3,13,A01
201800009121,2,07,000,00,2,3,01,C01
201800009122,2,07,000,00,2,4,02,A01
201800009122,2,02,000,00,2,1,02,B01
201800009123,2,07,000,00,1,2,01,A01
201800009124,0,32,000,00,2,1,14,A01
201800009124,0,07,000,00,2,3,09,B01
201800009125,0,10,000,00,2,3,15,A01
201800009125,2,34,000,00,2,1,01,B01
201800009126,0,07,000,00,2,1,02,B01
201800009126,0,07,000,00,2,4,09,A01
201800009127,1,02,000,00,2,2,01,B01
201800009127,1,07,000,00,2,3,01,A01
201800009128,2,07,000,00,1,1,01,A01
201800009129,1,07,000,00,2,1,02,A01
201800009129,1,07,000,00,2,4,01,C01
201800009129,1,07,000,00,2,4,02,B01
201800009130,2,07,000,00,1,1,01,A01
201800009131,0,37,011,00,1,2,01,A01
201800009132,0,02,000,00,1,1,01,A01
201800009133,1,07,000,00,0,0,00,Z01
201800009133,1,07,000,00,2,2,02,A01
201800009134,1,30,000,00,2,1,00,A01
201800009134,1,34,000,00,2,7,01,B01
201800009135,1,30,000,00,2,1,01,B01
201800009135,1,07,000,00,2,2,22,A01
201800009136,2,07,000,00,2,4,23,B01
201800009136,2,10,000,01,0,1,02,A01
201800009137,0,32,000,00,2,7,21,A01
201800009138,2,01,000,00,2,0,00,B01
201800009138,2,07,000,00,6,0,00,A01
201800009139,1,07,000,00,2,1,02,A01
201800009139,1,32,000,00,2,4,02,B01
201800009140,2,10,000,00,2,4,00,B01
201800009140,2,10,000,00,2,1,02,A01
201800009141,1,33,000,04,0,9,14,A01
201800009142,1,10,000,08,0,1,00,A01
201800009143,2,99,000,00,2,4,01,B01
201800009143,2,30,000,00,2,1,01,A01
201800009144,0,07,000,00,2,3,00,B01
201800009144,0,07,000,00,2,3,00,A01
201800009145,1,07,000,00,2,5,16,A01
201800009145,1,07,000,00,2,1,01,Z01
201800009146,2,07,000,00,2,1,09,A01
201800009146,0,32,000,00,2,7,01,B01
201800009147,0,33,000,00,1,1,17,Z01
201800009148,0,31,000,00,0,7,21,A01
201800009149,1,34,000,04,0,1,01,A01
201800009150,1,07,000,00,2,4,02,A01
201800009150,1,07,000,00,2,1,02,Z01
201800009151,0,34,000,00,2,1,01,B01
201800009151,0,10,000,00,2,6,10,A01
201800009152,0,33,000,00,2,1,01,A01
201800009152,0,07,000,00,2,2,00,B01
201800009153,2,32,000,00,2,1,05,A01
201800009153,2,07,000,00,2,3,02,B01
201800009154,1,30,000,00,1,0,05,Z01
201800009155,2,10,000,00,2,4,01,B01
201800009155,2,10,000,00,2,1,01,A01
201800009156,0,07,000,00,2,7,01,A01
201800009156,2,07,000,00,2,1,01,B01
201800009157,0,32,000,00,2,0,18,A01
201800009157,0,15,000,00,2,2,01,B01
201800009158,0,37,001,00,2,6,01,B01
201800009158,0,07,000,00,2,1,01,A01
201800009159,1,07,000,00,1,3,01,A01
201800009160,1,38,001,00,2,8,02,B01
201800009160,2,07,000,00,2,1,02,A01
201800009161,1,10,000,00,2,1,02,A01
201800009161,2,02,000,00,2,3,01,B01
201800009162,1,10,000,00,1,1,01,A01
201800009163,0,38,016,00,2,2,16,A01
201800009163,0,01,000,00,2,2,19,B01
201800009164,1,07,000,00,2,3,01,B01
201800009164,2,02,000,00,2,1,05,A01
201800009165,0,07,000,00,1,1,01,A01
201800009166,1,07,000,00,2,0,15,A01
201800009166,1,31,000,00,2,0,01,B01
201800009167,1,07,000,00,2,3,01,B01
201800009167,1,07,000,00,2,1,19,A01
201800009168,0,10,000,00,1,2,19,A01
201800009169,0,07,000,00,2,8,15,B01
201800009169,0,33,000,08,2,1,01,A01
201800009170,2,07,000,00,2,8,20,A01
201800009170,2,32,000,00,2,1,01,B01
201800009171,0,07,000,00,1,7,01,A01
201800009172,1,10,000,06,2,4,01,A01
201800009172,0,99,000,00,2,1,02,Z01
201800009173,0,33,000,00,0,7,15,A01
201800009174,2,07,000,00,2,1,01,A01
201800009174,2,07,000,00,0,4,00,B01
201800009175,1,07,000,00,2,1,02,A01
201800009175,1,07,000,00,2,4,02,B01
201800009176,2,13,000,06,0,3,15,A01
201800009177,0,34,000,00,2,2,21,B01
201800009177,0,07,000,00,2,3,09,A01
201800009178,1,30,000,01,0,1,01,A01
201800009179,2,07,000,00,2,3,01,A01
201800009179,1,33,000,00,2,8,15,B01
201800009180,1,33,000,00,2,4,16,B01
201800009180,1,10,000,00,2,1,02,A01
201800009181,2,07,000,00,1,7,01,A01
201800009182,2,07,000,00,2,3,15,A01
201800009182,2,33,000,00,2,3,02,B01
201800009183,1,07,000,00,1,2,01,A01
201800009184,1,07,000,00,2,1,02,A01
201800009184,1,33,000,00,2,4,01,B01
201800009185,1,30,000,11,0,1,00,A01
201800009186,2,07,000,00,2,6,10,B01
201800009186,2,34,000,00,2,2,01,A01
201800009187,1,07,000,00,1,1,01,A01
201800009188,0,15,000,00,2,4,02,B01
201800009188,2,15,000,00,2,4,01,A01
201800009189,0,07,000,00,2,6,16,B01
201800009189,0,07,000,00,2,2,02,A01
201800009190,2,33,000,00,0,7,01,A01
201800009191,1,07,000,00,2,4,01,B01
201800009191,1,07,000,00,1,1,01,A01
201800009192,0,34,000,00,2,1,01,B01
201800009192,0,07,000,00,2,3,00,A01
201800009193,2,07,000,00,1,1,01,A01
201800009194,1,10,000,00,1,2,01,A01
201800009195,0,07,000,00,2,3,01,A01
201800009195,0,10,000,00,2,1,01,B01
201800009196,0,99,000,00,2,3,15,A01
201800009196,0,99,000,08,2,3,01,B01
201800009197,0,07,000,04,0,1,02,A01
201800009198,1,07,000,00,2,3,02,A01
201800009198,1,07,000,00,1,4,00,B01
201800009199,1,32,000,00,0,8,01,A01
201800009200,1,07,000,00,1,1,15,A01
201800009201,1,07,000,00,2,8,01,B01
201800009201,1,07,000,00,2,2,10,A01
201800009202,1,07,000,00,2,1,05,A01
201800009202,0,07,000,00,2,1,01,B01
201800009203,0,10,000,00,2,4,02,B01
201800009203,0,07,000,00,2,4,02,C01
201800009203,0,07,000,00,2,1,02,A01
201800009203,0,07,000,00,2,4,02,D01
201800009204,1,07,000,00,2,2,15,A01
201800009204,1,01,000,00,2,6,00,B01
201800009205,1,07,000,00,2,4,23,B01
201800009205,1,07,000,00,2,4,23,C01
201800009205,1,07,000,00,2,1,02,A01
201800009206,1,07,000,00,2,3,01,B01
201800009206,1,07,000,00,2,1,01,A01
201800009207,0,07,000,00,1,3,00,A01
201800009208,0,07,000,00,2,0,00,A01
201800009208,0,07,000,00,2,0,00,B01
201800009208,0,07,000,00,2,1,01,C01
201800009209,1,20,000,00,2,1,02,Z01
201800009209,1,02,000,00,2,4,02,B01
201800009210,1,07,000,00,2,4,00,B01
201800009210,1,07,000,00,2,4,01,A01
201800009210,2,07,000,00,2,1,00,D01
201800009210,1,07,000,00,2,4,00,C01
201800009211,0,07,000,00,2,2,16,B01
201800009211,2,34,000,00,2,6,01,A01
201800009212,0,31,000,00,2,1,02,B01
201800009213,2,07,000,00,2,3,02,B01
201800009213,2,07,000,00,2,2,20,A01
201800009214,1,07,000,00,1,3,01,A01
201800009215,0,07,000,00,2,3,16,A01
201800009215,0,02,000,00,2,4,00,B01
201800009216,1,31,000,00,2,1,01,A01
201800009216,1,07,000,00,2,0,01,B01
201800009217,0,33,000,00,2,0,00,A01
201800009217,0,07,000,00,2,0,00,B01
201800009218,2,07,000,00,2,6,24,D01
201800009218,2,07,000,00,2,4,02,B01
201800009218,2,07,000,00,2,4,02,C01
201800009218,2,07,000,01,2,1,02,A01
201800009219,2,07,000,00,2,0,00,B01
201800009219,2,33,000,00,2,0,00,A01
201800009220,1,10,000,00,2,1,00,A01
201800009220,1,07,000,00,2,4,00,B01
201800009221,2,07,000,00,2,4,00,B01
201800009221,2,10,000,00,2,1,00,Z01
201800009222,2,07,000,00,1,2,01,A01
201800009223,1,07,000,00,2,4,02,B01
201800009223,1,14,000,00,2,2,02,A01
201800009224,1,07,000,08,0,3,01,A01
201800009225,1,32,000,00,2,1,02,B01
201800009225,1,07,000,00,2,1,15,A01
201800009226,0,07,000,00,2,2,01,B01
201800009226,0,07,000,00,2,7,00,A01
201800009227,0,03,000,00,2,0,00,A01
201800009227,0,31,000,00,6,0,00,B01
201800009228,1,07,000,01,0,1,01,A01
201800009229,0,07,000,00,2,6,23,C01
201800009229,0,07,000,00,2,5,23,B01
201800009229,0,33,000,01,0,1,09,A01
201800009230,0,31,000,00,2,0,00,B01
201800009230,1,07,000,00,2,1,02,A01
201800009231,0,10,000,00,6,0,19,Z01
201800009231,0,34,000,00,2,1,15,B01
201800009232,1,07,000,00,2,2,12,B01
201800009232,1,32,000,00,2,3,12,A01
201800009233,1,07,000,00,2,1,02,A01
201800009233,1,02,000,00,2,4,02,B01
201800009234,2,10,000,00,2,1,02,A01
201800009234,1,10,000,00,2,4,02,B01
201800009235,1,07,000,00,1,1,01,A01
201800009236,0,07,000,00,2,6,15,A01
201800009236,0,02,000,00,2,1,17,B01
201800009237,1,07,000,00,2,2,15,A01
201800009237,1,07,000,00,2,3,01,B01
201800009238,1,07,000,00,2,1,15,A01
201800009238,1,33,000,00,2,1,01,B01
201800009239,0,33,000,00,2,2,02,B01
201800009239,0,07,000,00,2,3,15,A01
201800009240,1,07,000,00,0,1,00,A01
201800009240,2,07,000,00,2,2,01,B01
201800009241,0,07,000,00,2,0,19,A01
201800009241,0,33,000,00,2,1,00,B01
201800009242,1,07,000,00,2,8,15,A01
201800009242,1,32,000,00,2,1,17,B01
201800009243,2,37,001,00,2,3,13,C01
201800009243,1,32,000,00,2,1,02,A01
201800009243,1,07,000,00,2,4,02,B01
201800009244,1,32,000,00,2,1,03,A01
201800009244,2,07,000,00,2,2,23,B01
201800009245,1,07,000,00,2,3,21,B01
201800009245,1,07,000,00,2,0,00,Z01
201800009246,2,33,000,00,1,2,02,A01
201800009247,0,34,000,00,2,1,01,B01
201800009247,0,07,000,00,2,3,15,A01
201800009248,1,07,000,00,2,4,01,B01
201800009249,2,07,000,00,2,4,23,B01
201800009249,2,10,000,00,2,1,01,Z01
201800009249,2,07,000,00,2,4,23,C01
201800009250,0,07,000,00,2,3,15,A01
201800009250,0,07,000,00,2,3,13,Z01
201800009251,1,33,000,00,2,4,01,B01
201800009251,1,07,000,00,2,2,01,A01
201800009252,0,07,000,00,2,0,00,B01
201800009252,0,07,000,00,2,1,02,A01
201800009253,0,34,000,00,2,1,01,B01
201800009253,0,07,000,00,2,1,15,A01
201800009254,1,07,000,00,2,1,02,B01
201800009254,1,07,000,00,2,4,02,C01
201800009254,1,07,000,00,2,3,02,A01
201800009255,1,07,000,00,2,6,15,A01
201800009255,1,99,000,00,2,0,00,B01
201800009256,0,07,000,00,1,1,01,A01
201800009257,1,10,000,00,1,2,02,A01
201800009258,2,07,000,00,2,1,02,C01
201800009258,1,30,000,00,2,1,00,A01
201800009258,1,07,000,00,2,1,02,B01
201800009258,1,07,000,00,2,8,15,D01
201800009258,1,07,000,00,2,1,15,E01
201800009259,2,07,000,00,1,1,01,A01
201800009260,2,07,000,00,1,1,15,A01
201800009261,2,32,000,00,2,1,03,A01
201800009261,1,07,000,00,2,3,09,B01
201800009262,0,33,000,00,2,1,01,B01
201800009262,0,07,000,00,2,6,11,A01
201800009263,1,07,000,00,2,8,10,A01
201800009263,0,34,000,00,2,1,01,B01
201800009264,1,32,000,00,0,0,00,A01
201800009265,2,07,000,00,2,3,09,A01
201800009265,2,33,000,00,2,7,01,B01
201800009266,1,32,000,00,0,0,01,A01
201800009267,0,30,000,00,2,1,21,Z01
201800009267,1,37,050,00,2,2,21,A01
201800009268,0,07,000,00,2,1,15,A01
201800009268,0,07,000,00,2,1,01,B01
201800009269,1,07,000,00,2,1,01,A01
201800009269,2,07,000,00,2,8,15,B01
201800009270,2,07,000,00,2,1,10,A01
201800009270,2,07,000,00,2,1,01,B01
201800009270,2,33,000,00,2,1,01,C01
201800009271,1,99,000,00,1,0,17,A01
201800009272,2,07,000,00,1,3,21,A01
201800009273,1,10,000,00,2,1,02,A01
201800009273,1,07,000,00,2,4,01,B01
201800009274,2,33,000,00,0,0,21,A01
201800009275,2,13,000,00,1,2,16,A01
201800009276,1,07,000,00,2,3,15,B01
201800009276,1,32,000,00,2,1,17,A01
201800009277,0,07,000,00,2,5,02,B01
201800009277,0,07,000,00,2,2,16,A01
201800009278,2,07,000,00,1,1,00,Z01
201800009279,1,10,000,00,1,1,20,B01
201800009280,2,07,000,00,2,8,13,A01
201800009280,2,33,000,00,2,7,16,B01
201800009281,2,07,000,00,1,1,02,A01
201800009282,1,07,000,00,2,4,23,B01
201800009283,0,30,000,00,1,1,01,Z01
201800009284,0,07,000,00,2,3,15,A01
201800009284,0,30,000,00,2,3,02,B01
201800009285,1,07,000,00,0,8,01,B01
201800009285,1,30,000,01,2,7,09,A01
201800009286,1,07,000,01,0,1,00,A01
201800009287,1,07,000,00,2,2,01,A01
201800009287,1,33,000,00,2,1,01,B01
201800009288,1,07,000,01,0,3,01,B01
201800009288,1,07,000,00,2,4,24,A01
201800009289,2,07,000,09,0,1,02,A01
201800009290,1,07,000,00,2,8,15,A01
201800009290,1,33,000,00,2,1,17,B01
201800009291,0,31,000,00,1,1,00,A01
201800009292,1,10,000,15,0,1,02,A01
201800009293,0,17,000,00,2,2,12,B01
201800009293,0,10,000,00,2,6,00,A01
201800009294,0,07,000,00,2,4,02,B01
201800009294,0,07,000,00,2,4,01,C01
201800009294,0,07,000,00,2,1,02,A01
201800009295,1,02,000,00,2,1,01,B01
201800009295,2,07,000,00,2,2,15,A01
201800009296,1,07,000,00,2,1,13,A01
201800009296,2,15,000,00,2,3,01,B01
201800009297,1,10,000,00,2,5,15,B01
201800009297,1,07,000,15,2,2,21,A01
201800009298,0,07,000,00,2,1,02,B01
201800009298,0,07,000,00,2,4,02,A01
201800009298,0,07,000,00,2,1,02,C01
201800009299,1,37,001,00,1,2,01,A01
201800009300,1,34,000,00,2,1,01,B01
201800009300,1,07,000,00,2,5,15,A01
201800009301,1,02,000,00,2,7,02,A01
201800009302,1,02,000,00,1,2,17,A01
201800009303,1,07,000,00,2,3,11,A01
201800009303,1,07,000,00,2,2,01,B01
201800009304,1,07,000,01,0,1,01,A01
201800009305,0,07,000,00,2,0,11,Z01
201800009305,0,33,000,00,2,1,00,B01
201800009306,1,03,000,00,2,1,02,B01
201800009306,1,07,000,00,2,4,01,A01
201800009307,1,10,000,00,1,2,14,A01
201800009308,0,32,000,00,2,4,01,A01
201800009309,0,07,000,00,2,1,02,A01
201800009309,0,07,000,00,2,4,01,B01