Num_Acc,senc,catv,occutc,obs,obsm,choc,manv,num_veh
201800009310,2,30,000,00,1,1,01,A01
201800009311,1,07,000,00,2,1,05,Z01
201800009311,2,32,000,00,2,1,01,A01
201800009312,1,33,000,00,1,1,01,A01
201800009313,1,37,020,00,2,8,02,B01
201800009313,1,07,000,00,2,7,12,A01
201800009314,0,10,000,00,2,3,01,B01
201800009315,0,07,000,00,1,1,01,A01
201800009316,1,33,000,00,2,1,17,B01
201800009316,1,07,000,00,2,8,15,A01
201800009317,0,07,000,00,2,1,01,A01
201800009317,0,07,000,00,2,8,01,B01
201800009318,1,32,000,00,2,1,01,A01
201800009318,1,07,000,00,2,4,24,B01
201800009319,2,01,000,00,2,1,15,B01
201800009319,2,99,000,00,2,8,00,A01
201800009320,0,34,000,00,2,1,02,B01
201800009320,0,07,000,00,2,1,05,A01
201800009321,0,07,000,00,1,1,00,A01
201800009322,2,07,000,00,2,2,02,A01
201800009322,2,02,000,00,0,4,01,B01
201800009323,1,07,000,00,2,3,00,B01
201800009323,1,34,000,00,2,1,01,A01
201800009324,0,07,000,00,1,1,00,A01
201800009325,2,07,000,00,2,7,16,B01
201800009325,2,30,000,00,2,3,18,A01
201800009326,2,31,000,00,0,2,01,A01
201800009327,0,33,000,00,2,0,00,A01
201800009328,1,32,000,00,0,0,01,A01
201800009329,2,99,000,00,2,1,00,A01
201800009329,1,30,000,00,2,7,00,B01
201800009330,2,01,000,00,2,4,13,B01
201800009330,2,07,000,00,2,1,02,A01
201800009331,1,30,000,00,1,1,00,A01
201800009332,0,07,000,00,2,2,09,A01
201800009332,0,32,000,00,2,3,02,B01
201800009333,2,07,000,00,2,8,15,B01
201800009333,2,33,000,01,2,1,17,A01
201800009334,1,30,000,00,0,0,02,A01
201800009335,1,07,000,00,2,3,15,A01
201800009335,2,33,000,00,2,1,01,B01
201800009336,0,07,000,00,2,2,01,B01
201800009336,0,37,001,00,2,1,01,A01
201800009337,1,07,000,00,1,3,09,A01
201800009338,2,37,025,00,2,3,01,A01
201800009338,1,07,000,00,2,6,10,B01
201800009339,1,32,000,00,2,1,01,A01
201800009339,1,07,000,00,2,6,15,B01
201800009340,1,30,000,00,2,1,02,B01
201800009340,1,07,000,00,2,8,02,A01
201800009341,2,37,001,00,2,4,23,B01
201800009341,2,07,000,00,2,1,02,A01
201800009342,2,07,000,00,2,4,02,B01
201800009342,2,07,000,00,2,1,02,A01
201800009343,0,07,000,00,2,1,01,A01
201800009343,0,02,000,00,2,8,01,B01
201800009344,0,34,000,12,0,1,00,A01
201800009345,1,10,000,00,2,4,02,A01
201800009345,1,02,000,00,2,1,02,B01
201800009346,0,07,000,00,2,3,01,B01
201800009346,0,07,000,00,2,3,01,A01
201800009347,0,32,000,00,2,1,00,B01
201800009348,2,30,000,00,2,2,17,A01
201800009348,2,33,000,00,2,8,15,B01
201800009349,0,13,000,00,2,2,01,A01
201800009349,1,07,000,00,2,8,01,B01
201800009350,1,07,000,00,0,0,19,Z01
201800009350,2,30,000,00,0,0,21,A01
201800009351,0,10,000,00,2,3,14,A01
201800009351,0,01,000,00,2,1,14,B01
201800009352,1,07,000,00,2,3,01,B01
201800009352,0,31,000,00,2,3,13,A01
201800009353,0,34,000,00,2,7,01,A01
201800009353,0,10,000,00,2,3,15,B01
201800009354,0,33,000,14,0,1,00,A01
201800009354,0,07,000,00,2,3,00,B01
201800009355,1,07,000,00,2,8,02,A01
201800009355,1,01,000,00,2,1,19,B01
201800009356,0,07,000,00,2,5,01,B01
201800009356,0,07,000,00,2,1,09,Z01
201800009357,1,32,000,00,0,0,00,A01
201800009358,0,07,000,00,2,3,05,A01
201800009358,0,33,000,00,2,1,01,B01
201800009359,0,07,000,00,2,8,19,A01
201800009359,0,07,000,00,2,1,01,B01
201800009360,2,13,000,00,2,7,12,A01
201800009360,2,30,000,00,2,8,01,B01
201800009361,1,34,000,00,2,4,02,B01
201800009361,1,07,000,00,2,1,02,A01
201800009362,1,31,000,00,0,0,01,A01
201800009363,1,10,000,00,1,3,00,A01
201800009364,0,32,000,00,2,3,01,B01
201800009364,0,10,000,00,2,2,16,A01
201800009365,1,32,000,00,2,3,07,B01
201800009365,1,07,000,00,2,2,16,A01
201800009366,2,30,000,00,1,1,01,Z01
201800009367,2,33,000,00,2,1,01,B01
201800009367,1,07,000,00,2,5,15,A01
201800009368,2,30,000,00,2,2,01,B01
201800009368,0,99,000,00,2,0,13,Z01
201800009369,0,30,000,00,0,0,00,A01
201800009370,1,30,000,00,2,5,02,A01
201800009370,0,07,000,00,0,0,00,Z01
201800009371,0,07,000,00,2,8,01,A01
201800009371,0,02,000,00,2,8,01,B01
201800009372,1,07,000,09,0,1,06,A01
201800009373,1,07,000,00,2,1,00,B01
201800009373,1,07,000,00,2,1,00,A01
201800009373,1,07,000,00,2,4,00,C01
201800009374,0,10,000,00,2,2,00,B01
201800009374,0,10,000,00,2,3,00,A01
201800009374,0,10,000,00,2,6,00,C01
201800009375,0,07,000,00,2,3,10,A01
201800009375,1,02,000,00,2,2,01,B01
201800009376,1,07,000,01,2,7,01,B01
201800009376,0,07,000,00,2,1,15,A01
201800009377,1,02,000,00,1,1,00,Z01
201800009378,2,02,000,00,2,0,01,A01
201800009379,1,32,000,01,0,2,00,A01
201800009380,1,07,000,00,2,4,23,B01
201800009380,1,07,000,00,2,1,02,A01
201800009381,1,07,000,00,2,4,02,A01
201800009381,1,07,000,00,2,4,02,B01
201800009382,1,07,000,00,1,1,15,A01
201800009383,0,07,000,00,0,4,23,A01
201800009383,0,07,000,00,2,1,01,Z01
201800009384,2,07,000,00,1,2,15,A01
201800009385,2,07,000,00,2,1,01,A01
201800009385,2,07,000,00,2,4,00,B01
201800009386,0,07,000,00,2,8,15,A01
201800009386,0,07,000,00,2,1,01,Z01
201800009387,0,07,000,00,2,4,15,B01
201800009387,0,07,000,00,2,1,01,A01
201800009387,0,07,000,00,2,1,01,C01
201800009388,0,07,000,00,1,1,01,A01
201800009389,1,07,000,00,1,3,15,A01
201800009390,2,14,000,00,2,1,01,A01
201800009390,2,07,000,00,2,4,23,B01
201800009391,1,32,000,00,1,2,01,Z01
201800009392,1,07,000,00,1,1,16,A01
201800009393,1,07,000,00,2,2,15,A01
201800009393,2,34,000,00,2,7,01,B01
201800009394,1,10,000,00,2,6,15,A01
201800009394,1,30,000,00,2,2,01,B01
201800009395,1,07,000,00,1,8,01,A01
201800009396,0,07,000,00,6,3,19,B01
201800009396,0,01,000,00,2,1,19,A01
201800009397,1,07,000,00,2,8,10,A01
201800009397,1,34,000,00,2,1,01,B01
201800009398,0,34,000,00,2,6,01,A01
201800009398,0,07,000,00,0,0,00,Z01
201800009399,0,33,000,00,1,1,17,A01
201800009400,0,10,000,00,6,1,01,D01
201800009400,0,17,000,00,2,1,01,A01
201800009400,0,07,000,00,6,8,01,B01
201800009400,0,07,000,00,6,8,01,C01
201800009401,0,10,000,00,1,1,01,A01
201800009402,2,07,000,00,1,1,00,Z01
201800009403,1,32,000,01,2,2,21,A01
201800009404,0,07,000,00,0,7,00,A01
201800009404,0,07,000,00,2,3,00,B01
201800009405,1,07,000,00,2,4,01,B01
201800009405,1,07,000,00,2,1,01,A01
201800009406,0,36,000,00,1,1,00,A01
201800009407,2,30,000,08,0,1,01,A01
201800009408,1,30,000,00,2,1,00,A01
201800009408,2,07,000,01,2,3,21,B01
201800009409,1,07,000,00,2,3,00,B01
201800009409,1,32,000,00,2,1,02,A01
201800009410,0,07,000,00,0,1,02,A01
201800009410,1,07,000,00,2,4,02,C01
201800009410,0,07,000,00,2,9,02,B01
201800009411,0,10,000,00,1,1,15,A01
201800009412,2,07,000,00,2,0,15,A01
201800009412,0,34,000,01,2,0,00,B01
201800009413,0,07,000,00,2,5,15,A01
201800009413,0,33,000,00,2,1,02,B01
201800009414,1,07,000,00,2,3,11,A01
201800009414,1,07,000,00,2,2,01,B01
201800009415,1,34,000,00,2,8,00,B01
201800009415,1,10,000,00,2,3,00,A01
201800009416,1,07,000,00,2,7,01,C01
201800009416,1,07,000,00,2,8,11,Z01
201800009416,0,07,000,00,2,6,23,B01
201800009417,2,07,000,00,2,3,20,A01
201800009417,2,33,000,00,2,1,01,B01
201800009418,1,34,000,00,2,1,02,A01
201800009418,1,34,000,00,2,6,13,B01
201800009419,0,30,000,00,2,1,21,A01
201800009419,0,07,000,00,2,3,01,C01
201800009419,0,07,000,00,2,3,01,B01
201800009420,1,07,000,01,2,4,02,B01
201800009420,1,07,000,01,2,1,02,A01
201800009421,2,07,000,00,2,7,15,A01
201800009421,2,02,000,00,2,1,00,B01
201800009422,1,07,000,00,2,3,15,A01
201800009422,1,32,000,15,0,0,00,B01
201800009423,1,33,000,13,0,1,01,A01
201800009424,2,32,000,00,2,4,02,B01
201800009424,2,32,000,00,2,1,01,A01
201800009425,1,34,000,00,2,1,02,B01
201800009425,1,34,000,00,2,1,09,A01
201800009426,1,30,000,00,2,8,01,A01
201800009427,1,07,000,00,2,3,01,B01
201800009427,1,32,000,00,2,1,01,A01
201800009428,2,30,000,00,2,6,15,B01
201800009428,2,30,000,00,2,0,00,A01
201800009429,1,07,000,00,2,7,16,B01
201800009429,1,31,000,01,2,1,18,A01
201800009430,1,07,000,00,2,6,09,A01
201800009430,1,10,000,00,2,1,02,B01
201800009430,2,07,000,00,2,1,02,C01
201800009431,1,07,000,00,2,6,10,A01
201800009431,1,33,000,00,2,1,02,B01
201800009432,0,10,000,00,1,4,04,A01
201800009433,1,07,000,00,2,4,21,B01
201800009433,0,07,000,00,2,0,04,C01
201800009433,1,07,000,00,2,1,01,A01
201800009434,0,07,000,00,2,1,00,A01
201800009434,0,07,000,00,2,7,00,B01
201800009435,2,07,000,00,2,1,09,Z01
201800009435,1,07,000,00,2,7,02,A01
201800009436,0,07,000,00,2,3,15,B01
201800009436,0,07,000,00,2,2,23,C01
201800009436,0,34,000,00,2,1,23,D01
201800009436,0,34,000,00,2,5,17,A01
201800009437,2,32,000,04,0,0,16,A01
201800009438,1,07,000,00,2,1,15,A01
201800009438,2,34,000,00,2,1,00,B01
201800009439,2,07,000,00,2,3,02,B01
201800009439,2,07,000,00,2,5,02,A01
201800009440,1,10,000,00,2,2,02,A01
201800009440,1,07,000,00,2,4,00,B01
201800009441,1,07,000,00,2,3,15,A01
201800009441,1,02,000,00,2,3,02,B01
201800009442,1,07,000,00,2,4,23,A01
201800009442,1,07,000,14,0,1,00,Z01
201800009443,2,07,000,00,2,2,01,A01
201800009443,2,02,000,00,2,3,16,Z01
201800009444,0,07,000,00,0,7,15,A01
201800009444,0,31,000,00,2,1,01,B01
201800009445,2,07,000,00,0,7,15,A01
201800009445,1,34,000,00,2,1,01,B01
201800009446,2,30,000,01,0,1,02,A01
201800009446,1,07,000,00,2,5,24,B01
201800009447,0,07,000,00,2,0,00,A01
201800009447,1,07,000,00,2,0,00,B01
201800009448,1,32,000,00,2,8,01,B01
201800009448,1,07,000,00,2,7,17,Z01
201800009449,1,07,000,00,2,3,15,A01
201800009449,2,32,000,00,2,1,01,B01
201800009450,0,07,000,00,2,6,01,B01
201800009450,0,07,000,00,2,2,02,A01
201800009451,0,34,000,00,2,0,01,B01
201800009451,0,07,000,00,2,1,15,A01
201800009452,0,07,000,00,2,4,02,B01
201800009452,0,07,000,00,2,4,02,C01
201800009452,0,07,000,00,2,1,02,A01
201800009453,1,07,000,00,2,1,01,B01
201800009453,2,30,000,00,2,1,16,A01
201800009454,1,32,000,00,1,1,02,Z01
201800009455,1,07,000,00,2,8,01,B01
201800009455,1,07,000,00,2,7,12,A01
201800009456,1,14,000,00,1,3,15,A01
201800009457,1,13,000,00,1,4,04,A01
201800009458,2,07,000,00,2,1,02,A01
201800009458,2,07,000,00,2,4,02,B01
201800009459,1,33,000,00,2,1,00,B01
201800009459,0,10,000,00,2,3,00,A01
201800009460,0,07,000,00,2,1,02,A01
201800009460,0,07,000,00,0,4,02,B01
201800009461,1,07,000,08,0,1,13,A01
201800009462,2,30,000,00,0,0,00,B01
201800009462,1,33,000,00,2,3,01,A01
201800009463,1,07,000,00,2,1,13,A01
201800009463,2,07,000,00,2,1,23,B01
201800009464,2,07,000,00,2,2,16,A01
201800009464,2,07,000,00,2,8,16,B01
201800009465,2,07,000,08,0,1,01,A01
201800009466,2,30,000,01,0,1,21,A01
201800009467,1,07,000,14,0,1,02,A01
201800009468,1,02,000,00,2,8,14,A01
201800009468,1,34,000,00,2,7,01,B01
201800009469,1,33,000,12,0,1,01,A01
201800009470,0,07,000,00,2,4,01,B01
201800009470,0,31,000,00,2,1,01,A01
201800009471,1,07,000,00,2,1,01,B01
201800009471,1,07,000,00,2,1,00,A01
201800009472,2,07,000,00,2,4,23,B01
201800009472,2,07,000,00,2,1,02,A01
201800009473,2,30,000,00,2,1,15,B01
201800009473,2,07,000,00,2,1,01,A01
201800009474,0,07,000,08,2,1,01,A01
201800009474,0,07,000,00,2,3,01,B01
201800009475,2,33,000,00,2,7,17,B01
201800009475,2,07,000,00,2,3,13,A01
201800009476,1,07,000,00,2,2,13,A01
201800009476,1,02,000,00,2,3,00,B01
201800009477,1,37,001,00,1,2,01,A01
201800009478,2,31,000,00,1,1,00,A01
201800009479,0,02,000,14,0,1,13,A01
201800009480,1,07,000,00,,3,01,A01
201800009480,2,01,000,09,0,1,07,B01
201800009481,1,07,000,00,1,2,00,A01
201800009482,0,34,000,00,2,8,09,B01
201800009482,0,07,000,00,2,1,17,A01
201800009483,0,30,000,00,2,1,05,A01
201800009483,0,32,000,00,2,2,01,B01
201800009484,2,30,000,01,0,1,14,A01
201800009484,0,10,000,01,2,4,00,B01
201800009485,1,07,000,00,0,0,00,Z01
201800009485,1,30,000,00,0,0,01,A01
201800009486,2,02,000,00,2,4,01,B01
201800009486,2,07,000,00,2,1,02,Z01
201800009487,2,15,000,00,2,1,15,A01
201800009487,1,07,000,00,2,1,09,B01
201800009488,1,30,000,00,0,0,01,A01
201800009489,0,07,000,00,2,0,00,A01
201800009489,2,02,000,00,2,8,00,B01
201800009490,2,07,000,00,2,1,02,A01
201800009490,1,07,000,00,2,4,01,B01
201800009491,1,07,000,00,2,0,00,B01
201800009491,1,07,000,00,2,0,00,Z01
201800009492,1,30,000,00,2,2,00,B01
201800009492,1,07,000,00,2,3,15,A01
201800009493,1,32,000,00,2,3,02,B01
201800009493,1,07,000,00,2,3,09,A01
201800009494,1,34,000,00,1,1,01,A01
201800009495,0,10,000,00,2,3,15,A01
201800009495,1,34,000,00,2,2,01,B01
201800009496,2,10,000,00,2,1,02,A01
201800009496,2,10,000,00,2,4,02,C01
201800009496,2,10,000,00,2,1,02,B01
201800009497,0,34,000,00,2,2,00,B01
201800009497,1,10,000,00,2,8,20,A01
201800009498,0,10,000,00,2,1,00,A01
201800009498,0,07,000,00,2,7,09,B01
201800009499,1,32,000,00,2,3,01,A01
201800009499,0,07,000,00,2,2,15,B01
201800009500,2,07,000,00,2,7,12,A01
201800009500,2,33,000,00,2,8,01,B01
201800009501,1,07,000,00,1,3,08,A01
201800009502,1,07,000,00,2,1,00,B01
201800009502,2,07,000,00,2,1,13,Z01
201800009503,1,07,000,00,2,3,15,B01
201800009503,1,33,000,00,2,7,17,A01
201800009504,2,30,000,00,0,0,00,A01
201800009505,1,33,000,00,2,1,17,A01
201800009505,1,07,000,00,2,3,15,B01
201800009506,0,07,000,00,2,4,00,B01
201800009506,0,07,000,00,2,1,00,A01
201800009507,2,07,000,00,2,1,15,A01
201800009507,1,32,000,00,2,1,01,B01
201800009508,0,99,000,00,1,2,01,A01
201800009509,0,07,000,00,2,3,15,A01
201800009509,0,31,000,00,2,7,15,B01
201800009510,1,07,000,00,2,1,01,A01
201800009510,1,07,000,00,2,4,00,B01
201800009511,2,33,000,00,1,1,02,A01
201800009512,1,07,000,00,2,3,15,A01
201800009512,1,34,000,00,2,7,02,B01
201800009513,1,34,000,00,2,1,02,A01
201800009513,1,07,000,00,2,6,15,B01
201800009514,2,32,000,00,2,1,01,A01
201800009514,2,07,000,00,2,3,15,B01
201800009515,2,07,000,06,1,5,00,A01
201800009516,2,30,000,00,2,7,01,A01
201800009516,2,07,000,00,2,8,18,Z01
201800009517,1,07,000,00,1,1,01,A01
201800009518,0,07,000,00,2,1,00,A01
201800009518,0,07,000,00,2,1,01,Z01
201800009519,1,30,000,00,0,0,00,A01
201800009520,1,31,000,00,0,8,15,A01
201800009520,1,30,000,00,2,0,00,Z01
201800009521,0,07,000,00,2,2,16,A01
201800009521,0,37,050,00,2,1,01,B01
201800009522,1,33,000,00,2,1,01,B01
201800009522,2,07,000,00,2,3,15,A01
201800009523,0,07,000,04,0,1,14,A01
201800009524,1,07,000,00,1,2,16,Z01
201800009525,1,07,000,00,6,1,00,Z01
201800009525,1,07,000,00,6,4,23,A01
201800009526,0,07,000,00,0,0,00,B01
201800009526,0,34,000,00,0,3,21,A01
201800009527,0,07,000,00,0,6,10,A01
201800009527,0,31,000,00,2,2,01,B01
201800009528,2,07,000,00,2,1,01,A01
201800009528,0,07,000,00,2,8,02,B01
201800009529,0,07,000,06,0,1,01,A01
201800009530,0,07,000,08,0,1,01,A01
201800009531,1,07,000,00,1,2,01,A01
201800009532,2,32,000,00,0,8,21,A01
201800009533,0,32,000,00,2,1,02,B01
201800009533,0,07,000,00,2,4,02,A01
201800009534,1,34,000,14,0,1,00,A01
201800009535,2,07,000,00,2,2,01,A01
201800009535,2,34,000,00,2,8,01,B01
201800009536,1,07,000,09,0,2,14,A01
201800009537,0,07,000,00,2,4,00,B01
201800009537,0,14,000,00,2,1,00,A01
201800009538,2,30,000,00,1,1,02,A01
201800009539,1,07,000,00,1,2,15,A01
201800009540,0,34,000,00,0,7,01,A01
201800009541,2,07,000,00,1,2,00,B01
201800009542,2,07,000,00,2,4,01,B01
201800009542,2,30,000,00,2,1,01,A01
201800009543,1,99,000,00,1,1,01,Z01
201800009544,1,07,000,00,2,2,01,B01
201800009544,1,07,000,00,2,1,15,A01
201800009545,1,07,000,00,2,8,11,A01
201800009545,1,33,000,01,2,7,17,B01
201800009546,1,31,000,00,2,1,02,B01
201800009546,1,07,000,00,2,1,15,A01
201800009547,0,99,000,00,0,0,00,A01
201800009548,0,33,000,06,0,1,00,A01
201800009549,0,07,000,13,0,1,00,A01
201800009550,1,07,000,00,0,3,15,A01
201800009550,1,33,000,00,2,7,01,B01
201800009551,0,33,000,00,6,0,16,A01
201800009552,1,07,000,00,1,0,02,A01
201800009553,0,07,000,00,2,7,09,A01
201800009553,0,34,000,00,2,7,16,B01
201800009554,1,33,000,01,0,1,01,A01
201800009555,1,07,000,00,2,3,01,A01
201800009555,1,07,000,00,2,4,01,B01
201800009556,1,07,000,00,2,1,19,A01
201800009556,1,32,000,00,2,9,01,B01
201800009557,1,07,000,00,2,2,01,A01
201800009557,1,07,000,00,2,3,19,B01
201800009558,1,07,000,00,2,4,02,B01
201800009558,1,07,000,00,2,4,02,C01
201800009558,1,07,000,00,2,1,02,A01
201800009559,0,07,000,00,6,0,00,A01
201800009559,0,01,000,00,2,0,02,B01
201800009560,0,02,000,00,2,0,01,B01
201800009560,0,07,000,00,2,4,01,A01
201800009561,2,07,000,00,2,3,13,B01
201800009561,1,07,000,00,2,8,01,A01
201800009562,2,07,000,00,2,3,15,B01
201800009562,2,32,000,00,2,7,17,A01
201800009563,1,02,000,00,2,3,16,A01
201800009563,0,07,000,00,2,5,16,B01
201800009564,0,07,000,00,2,3,00,A01
201800009564,0,07,000,00,2,3,20,B01
201800009565,0,32,000,00,2,3,00,A01
201800009565,1,32,000,00,2,1,00,B01
201800009566,1,20,000,00,1,0,15,Z01
201800009567,1,33,000,00,0,9,00,A01
201800009568,1,99,000,,1,,,Z01
201800009569,2,33,000,00,1,8,02,A01
201800009570,2,07,000,01,0,3,01,A01
201800009571,0,10,000,00,2,8,01,A01
201800009571,0,14,000,00,2,2,15,B01
201800009572,1,07,000,00,1,2,01,Z01
201800009573,1,07,000,00,2,6,23,C01
201800009573,1,32,000,00,2,1,01,B01
201800009574,1,34,000,14,0,1,14,A01
201800009575,2,07,000,00,1,2,01,Z01
201800009576,0,34,000,00,2,6,00,B01
201800009576,1,34,000,00,2,1,01,A01
201800009577,1,07,000,00,2,1,01,B01
201800009577,1,07,000,00,2,3,10,A01
201800009578,1,33,000,01,2,4,02,B01
201800009579,0,07,000,00,2,2,00,C01
201800009579,0,07,000,00,2,3,02,A01
201800009579,0,02,000,00,2,7,17,B01
201800009580,2,14,000,00,1,1,03,A01
201800009581,2,01,000,00,0,0,02,A01
201800009582,0,99,000,00,1,0,00,Z01
201800009583,0,32,000,00,2,1,17,A01
201800009583,0,07,000,00,2,8,15,B01
201800009584,0,10,000,00,2,1,14,A01
201800009584,0,07,000,00,2,3,00,B01
201800009584,0,07,000,00,2,5,23,C01
201800009585,2,30,000,00,2,1,01,A01
201800009585,1,30,000,00,2,3,01,B01
201800009586,1,30,000,00,1,1,00,A01
201800009587,0,02,000,00,2,7,00,B01
201800009587,0,07,000,00,2,8,00,A01
201800009588,1,07,000,00,2,3,00,B01
201800009588,1,32,000,00,2,8,00,A01
201800009589,2,07,000,15,1,2,14,A01
201800009590,2,31,000,00,2,5,17,A01
201800009590,2,07,000,00,2,3,01,B01
201800009591,1,07,000,00,1,1,16,A01
201800009592,1,07,000,00,2,4,02,B01
201800009592,1,07,000,00,2,0,02,A01
201800009593,2,07,000,00,2,7,15,A01
201800009593,1,33,000,00,2,1,01,B01
201800009594,1,07,000,00,2,1,00,A01
201800009594,1,02,000,00,2,1,00,B01
201800009595,1,07,000,00,2,1,00,A01
201800009595,0,07,000,00,2,3,01,B01
201800009596,1,30,000,00,1,1,01,A01
201800009597,2,33,000,12,0,1,21,A01
201800009598,1,07,000,00,2,1,15,Z01
201800009598,1,32,000,08,1,1,01,A01
201800009599,2,30,000,00,0,8,01,B01
201800009599,2,01,000,00,0,1,01,C01
201800009600,1,07,000,00,1,2,01,A01
201800009601,1,07,000,00,1,1,15,A01
201800009602,1,33,000,00,2,1,01,B01
201800009602,1,07,000,00,2,3,15,A01
201800009603,0,33,000,00,2,7,17,B01
201800009603,0,14,000,00,2,2,04,A01
201800009604,2,07,000,00,2,2,01,A01
201800009604,0,07,000,00,2,1,01,Z01
201800009605,2,07,000,00,2,1,15,A01
201800009605,1,02,000,00,0,0,00,B01
201800009606,1,07,000,00,0,4,02,B01
201800009606,1,07,000,00,2,1,02,A01
201800009607,1,07,000,00,2,3,11,A01
201800009607,1,31,000,00,2,1,02,B01
201800009608,0,07,000,14,0,4,01,A01
201800009608,0,07,000,00,2,4,01,B01
201800009608,0,07,000,14,2,1,01,C01
201800009609,1,32,000,00,0,0,01,A01
201800009610,1,07,000,00,1,7,16,A01
201800009611,1,07,000,00,2,3,10,A01
201800009611,1,02,000,00,2,2,01,B01
201800009612,1,07,000,00,1,1,19,A01
201800009613,0,34,000,11,0,1,02,A01
201800009614,1,31,000,00,2,1,15,A01
201800009614,1,31,000,00,2,4,14,B01
201800009615,0,07,000,00,2,0,00,A01
201800009615,0,07,000,00,2,3,13,B01
201800009615,0,33,000,00,2,1,01,C01
201800009616,2,07,000,00,1,1,01,A01
201800009617,0,07,000,00,2,0,00,A01
201800009617,1,34,000,00,2,0,00,B01
201800009618,1,34,000,00,1,1,17,A01
201800009619,2,33,000,14,2,1,01,A01
201800009620,1,30,000,00,2,1,01,A01
201800009620,1,30,000,00,2,1,01,B01
201800009621,0,32,000,00,0,0,21,A01
201800009622,1,07,000,08,0,1,02,A01
201800009623,0,07,000,00,1,1,00,Z01
201800009624,1,07,000,00,2,4,02,B01
201800009624,1,07,000,00,2,4,00,C01
201800009624,1,07,000,00,2,1,01,A01
201800009625,2,33,000,00,2,7,03,B01
201800009625,2,07,000,00,2,3,15,Z01
201800009626,1,07,000,00,2,2,15,A01
201800009626,0,32,000,00,2,1,01,B01
201800009627,2,10,000,00,2,2,02,A01
201800009627,1,07,000,00,2,8,02,B01
201800009628,1,32,000,00,2,0,00,B01
201800009629,2,07,000,00,1,2,02,A01
201800009630,1,07,000,00,2,1,01,B01
201800009630,1,07,000,00,2,8,15,A01
201800009631,0,30,000,00,2,1,02,B01
201800009631,0,07,000,00,2,2,12,A01
201800009632,0,32,000,00,2,2,01,B01
201800009632,2,07,000,00,2,8,15,A01
201800009633,0,07,000,00,2,0,01,A01
201800009633,0,30,000,00,2,0,02,B01
201800009634,1,33,000,00,2,1,00,A01
201800009634,1,03,000,00,2,6,09,B01
201800009635,1,07,000,00,2,6,12,A01
201800009635,1,07,000,00,2,0,12,B01
201800009636,0,33,000,00,2,1,01,B01
201800009636,0,10,000,00,2,8,15,A01
201800009637,1,32,000,00,2,1,00,B01
201800009637,1,99,000,00,2,0,00,C01
201800009637,1,07,000,00,2,5,01,A01
201800009638,1,07,000,00,2,1,15,A01
201800009638,1,33,000,00,2,8,01,B01
201800009639,2,10,000,01,2,8,15,A01
201800009639,2,30,000,01,2,1,01,B01
201800009640,0,99,000,00,2,0,00,Z01
201800009640,1,30,000,00,2,7,00,A01
201800009641,1,30,000,01,0,4,21,A01
201800009642,1,34,000,00,2,1,07,B01
201800009642,1,07,000,00,2,7,16,A01
201800009643,1,30,000,00,2,8,18,A01
201800009643,1,15,000,00,2,7,09,B01
201800009644,2,02,000,00,2,1,01,B01
201800009644,2,07,000,00,2,8,10,A01
201800009645,1,99,000,,1,,,A01
201800009646,0,14,000,00,2,2,01,B01
201800009646,0,07,000,00,2,2,19,A01
201800009647,1,10,000,00,2,4,02,A01
201800009647,1,10,000,00,2,4,02,B01
201800009647,1,07,000,00,2,1,02,Z01
201800009648,1,07,000,00,2,4,02,B01
201800009648,1,07,000,00,0,4,15,C01
201800009648,1,07,000,00,2,1,02,A01
201800009649,1,07,000,00,2,3,15,A01
201800009649,1,34,000,00,2,3,01,B01
201800009650,2,31,000,00,2,1,00,B01
201800009650,1,07,000,00,2,1,00,A01
201800009651,2,07,000,00,2,4,02,B01
201800009651,2,07,000,00,2,4,02,C01
201800009651,2,07,000,00,2,1,02,A01
201800009652,1,32,000,00,2,2,00,A01
201800009652,1,07,000,00,2,3,00,B01
201800009653,1,32,000,00,2,4,01,C01
201800009653,1,07,000,00,2,8,11,A01
201800009653,1,07,000,00,2,7,01,B01
201800009654,2,07,000,00,2,8,15,A01
201800009654,2,30,000,00,2,7,17,B01
201800009655,1,07,000,00,1,1,15,A01
201800009656,0,33,000,00,1,1,13,A01
201800009657,2,07,000,00,1,1,01,A01
201800009658,1,07,000,00,2,3,10,B01
201800009658,1,30,000,00,2,1,01,A01
201800009659,1,10,000,00,2,1,01,A01
201800009659,2,99,000,00,2,4,01,B01
201800009660,1,02,000,00,2,1,17,A01
201800009660,1,07,000,00,2,4,15,B01
201800009661,1,07,000,00,2,6,11,A01
201800009661,1,33,000,00,2,2,02,B01
201800009662,1,34,000,00,2,1,18,A01
201800009662,1,07,000,00,2,5,16,B01
201800009663,2,30,000,00,2,3,00,B01
201800009663,1,07,000,00,2,2,00,Z01
201800009664,2,30,000,00,2,1,13,A01
201800009664,1,34,000,00,2,1,01,B01
201800009665,0,30,000,00,0,0,00,A01
201800009666,2,30,000,00,0,3,00,A01
201800009667,2,07,000,00,1,3,17,A01
201800009668,1,14,000,00,2,2,01,A01
201800009668,1,32,000,15,2,1,18,B01
201800009669,2,30,000,00,2,8,01,A01
201800009669,1,07,000,00,2,1,01,B01
201800009670,1,10,000,09,0,9,01,A01
201800009671,2,33,000,00,2,7,01,B01
201800009671,1,07,000,00,2,1,15,A01
201800009672,1,32,000,00,2,8,01,B01
201800009672,1,07,000,00,2,2,19,A01
201800009673,1,07,000,01,0,2,17,A01
201800009673,1,07,000,00,2,8,24,B01
201800009674,0,30,000,00,1,1,01,Z01
201800009675,0,07,000,00,2,3,15,A01