Num_Acc,senc,catv,occutc,obs,obsm,choc,manv,num_veh
201800009675,0,07,000,00,2,2,01,B01
201800009676,1,31,000,06,0,1,13,A01
201800009677,1,30,000,00,2,0,01,B01
201800009677,1,07,000,00,2,0,02,Z01
201800009678,2,07,000,00,2,3,13,A01
201800009678,1,07,000,00,2,6,01,B01
201800009679,0,32,000,00,2,7,01,A01
201800009679,0,07,000,00,2,0,00,Z01
201800009680,0,07,000,00,2,1,00,A01
201800009680,0,07,000,01,2,2,01,B01
201800009681,0,07,000,00,2,6,01,B01
201800009681,0,32,000,00,2,8,01,A01
201800009682,1,07,000,00,1,1,01,Z01
201800009683,2,07,000,00,2,1,15,A01
201800009683,1,07,000,00,2,1,01,B01
201800009684,1,07,000,01,2,1,02,Z01
201800009684,0,07,000,00,2,6,24,C01
201800009684,1,07,000,01,2,6,01,B01
201800009685,1,07,000,00,1,0,00,A01
201800009686,0,32,000,00,2,1,01,B01
201800009686,0,07,000,00,2,2,15,A01
201800009687,1,13,000,00,2,3,15,A01
201800009687,1,34,000,00,2,9,17,B01
201800009688,2,07,000,00,2,5,01,B01
201800009688,2,07,000,00,2,1,01,A01
201800009689,0,07,000,09,0,1,21,A01
201800009690,1,07,000,00,1,1,15,A01
201800009691,1,99,000,00,2,7,09,A01
201800009691,1,30,000,00,2,1,09,B01
201800009692,2,07,000,00,2,8,10,A01
201800009692,1,33,000,00,2,1,01,B01
201800009693,1,07,000,00,1,1,01,A01
201800009694,2,07,000,00,1,3,01,A01
201800009695,1,01,000,00,2,1,02,A01
201800009695,1,01,000,00,2,3,09,B01
201800009696,1,07,000,00,1,2,01,A01
201800009697,0,32,000,00,2,8,01,B01
201800009697,0,07,000,00,2,1,15,A01
201800009698,2,07,000,00,1,0,01,A01
201800009699,2,07,000,14,0,0,01,A01
201800009700,1,07,000,00,2,7,01,B01
201800009700,1,07,000,00,2,1,00,A01
201800009701,1,07,000,00,2,2,16,A01
201800009701,1,02,000,00,2,1,23,B01
201800009701,1,37,001,00,2,1,23,C01
201800009702,1,07,000,08,0,1,21,A01
201800009703,2,07,000,00,2,0,02,A01
201800009703,2,07,000,00,2,0,17,Z01
201800009704,2,07,000,00,2,1,01,Z01
201800009704,2,07,000,00,2,4,23,A01
201800009705,1,10,000,00,2,3,01,A01
201800009705,1,37,001,00,2,2,14,B01
201800009706,0,33,000,00,2,8,00,B01
201800009706,1,07,000,00,2,7,00,A01
201800009707,1,07,000,00,2,1,00,A01
201800009707,1,07,000,00,2,3,01,B01
201800009708,1,31,000,00,2,7,01,A01
201800009708,1,07,000,00,2,8,15,B01
201800009709,2,33,000,00,1,1,00,A01
201800009709,2,33,000,00,2,1,02,B01
201800009710,2,07,000,00,2,7,15,B01
201800009710,2,30,000,00,2,1,02,A01
201800009711,0,07,000,08,0,1,00,A01
201800009712,2,33,000,00,1,1,01,A01
201800009713,2,33,000,00,1,3,00,A01
201800009714,2,07,000,00,2,3,15,A01
201800009714,2,32,000,00,2,7,01,B01
201800009715,1,30,000,00,2,7,17,A01
201800009715,2,07,000,00,2,6,15,C01
201800009715,1,07,000,00,2,6,09,B01
201800009716,2,07,000,00,2,3,13,A01
201800009716,2,07,000,00,2,3,01,C01
201800009716,2,07,000,00,2,3,01,B01
201800009717,2,07,000,12,0,1,21,A01
201800009718,2,34,000,00,2,1,01,B01
201800009718,1,07,000,00,2,2,15,A01
201800009719,0,07,000,11,0,1,00,A01
201800009720,1,07,000,00,2,4,00,A01
201800009720,1,07,000,00,2,0,00,B01
201800009721,0,07,000,00,2,5,15,A01
201800009721,0,33,000,00,2,7,01,B01
201800009722,1,02,000,00,2,2,02,A01
201800009722,0,99,000,00,0,0,00,Z01
201800009723,2,07,000,00,2,3,12,C01
201800009723,2,07,000,00,2,0,12,A01
201800009723,2,07,000,00,2,4,23,B01
201800009724,0,07,000,00,1,1,01,A01
201800009725,1,10,000,09,2,4,02,A01
201800009725,1,10,000,09,2,1,02,B01
201800009726,1,30,000,00,2,1,02,A01
201800009726,1,07,000,00,2,4,01,B01
201800009727,2,07,000,00,2,8,00,Z01
201800009727,2,33,000,00,2,7,17,A01
201800009728,1,07,000,00,2,1,15,A01
201800009728,1,32,000,00,2,3,01,B01
201800009729,2,07,000,00,1,1,01,A01
201800009730,1,10,000,00,2,2,02,B01
201800009730,1,34,000,00,2,8,11,A01
201800009731,1,07,000,00,2,1,02,A01
201800009731,1,10,000,00,2,4,02,B01
201800009732,1,07,000,00,2,6,15,A01
201800009732,2,33,000,00,2,0,00,B01
201800009733,1,32,000,00,2,0,01,B01
201800009733,1,07,000,00,2,2,00,A01
201800009734,1,33,000,00,2,3,01,B01
201800009734,1,10,000,00,2,2,01,A01
201800009735,1,07,000,00,2,2,15,A01
201800009735,2,02,000,00,2,8,16,B01
201800009736,1,99,000,00,1,0,23,A01
201800009737,0,32,000,00,2,7,01,B01
201800009737,2,07,000,00,2,3,15,A01
201800009738,1,07,000,08,1,2,13,A01
201800009739,1,07,000,06,0,1,00,A01
201800009740,2,99,000,00,2,8,17,A01
201800009740,2,07,000,00,0,8,15,B01
201800009741,0,07,000,00,2,2,20,A01
201800009741,0,07,000,01,2,3,01,B01
201800009742,0,07,000,00,1,1,17,A01
201800009743,0,01,000,00,2,7,01,B01
201800009743,0,07,000,00,2,1,01,A01
201800009744,1,07,000,00,2,0,00,Z01
201800009744,1,30,000,00,2,1,14,A01
201800009745,1,33,000,00,2,1,01,B01
201800009745,2,07,000,00,1,3,15,A01
201800009746,1,07,000,00,2,8,19,B01
201800009746,1,07,000,00,2,8,01,A01
201800009747,1,07,000,00,2,1,01,A01
201800009747,1,07,000,00,2,1,01,B01
201800009748,0,07,000,00,2,8,23,A01
201800009748,1,32,000,00,2,1,03,B01
201800009749,1,30,000,00,2,8,00,A01
201800009749,1,07,000,00,2,3,02,B01
201800009750,1,31,000,08,0,1,01,A01
201800009751,2,07,000,00,1,1,09,A01
201800009752,2,07,000,00,2,7,01,B01
201800009752,0,99,000,00,2,1,01,Z01
201800009753,2,32,000,00,2,1,01,A01
201800009753,1,07,000,00,2,0,00,Z01
201800009754,1,07,000,00,2,3,09,B01
201800009754,1,30,000,00,2,3,09,A01
201800009755,1,07,000,00,2,1,15,A01
201800009755,1,07,000,00,2,1,15,B01
201800009756,2,10,000,00,2,0,00,A01
201800009756,2,02,000,00,2,0,00,B01
201800009757,0,07,000,00,1,1,02,A01
201800009758,1,32,000,00,2,2,17,B01
201800009758,0,07,000,00,2,8,13,A01
201800009759,0,07,000,01,0,2,01,A01
201800009760,1,07,000,00,1,1,17,A01
201800009761,1,07,000,00,1,2,02,A01
201800009762,1,07,000,00,2,4,02,B01
201800009762,1,07,000,00,2,1,02,A01
201800009763,1,02,000,01,0,0,01,A01
201800009764,2,07,000,00,0,0,00,Z01
201800009764,2,32,000,04,2,0,00,A01
201800009765,2,07,000,09,2,4,01,B01
201800009765,2,07,000,09,2,1,02,A01
201800009766,1,07,000,00,2,3,23,B01
201800009766,2,33,000,00,1,7,01,A01
201800009767,0,01,000,00,2,4,02,B01
201800009767,0,07,000,00,6,1,02,A01
201800009768,1,07,000,00,2,2,01,B01
201800009768,1,07,000,00,2,3,01,A01
201800009769,1,31,000,00,2,1,01,B01
201800009769,2,07,000,00,2,2,10,A01
201800009770,2,10,000,00,1,1,02,Z01
201800009771,1,07,000,00,2,6,02,A01
201800009771,1,07,000,00,2,6,02,B01
201800009772,2,34,000,00,2,9,15,A01
201800009772,2,33,000,00,2,0,01,B01
201800009773,1,07,000,03,0,1,06,A01
201800009774,2,30,000,00,2,2,00,Z01
201800009774,2,07,000,00,2,3,01,B01
201800009775,1,34,000,00,2,1,01,B01
201800009775,1,07,000,00,2,2,01,A01
201800009776,0,33,000,00,2,1,01,B01
201800009776,0,10,000,00,2,8,15,A01
201800009777,0,10,000,00,2,5,19,B01
201800009777,1,33,000,00,2,1,01,A01
201800009778,1,07,000,00,2,1,01,A01
201800009778,1,07,000,00,2,4,23,B01
201800009779,0,07,000,00,1,1,15,A01
201800009780,0,07,000,00,1,2,01,A01
201800009781,2,07,000,00,2,3,01,B01
201800009781,1,30,000,00,2,3,05,A01
201800009782,1,07,000,00,2,8,01,B01
201800009782,2,34,000,00,2,1,01,A01
201800009783,2,10,000,01,0,1,01,A01
201800009784,1,07,000,00,2,6,15,A01
201800009784,1,02,000,00,2,1,17,B01
201800009785,1,14,000,00,6,2,16,A01
201800009785,1,01,000,00,2,1,01,B01
201800009786,0,07,000,00,2,6,15,B01
201800009786,0,30,000,00,2,1,02,A01
201800009787,0,07,000,00,1,1,15,A01
201800009788,0,07,000,00,1,1,02,A01
201800009789,1,07,000,00,1,3,00,A01
201800009790,1,07,000,00,1,1,15,A01
201800009791,0,07,000,00,2,5,09,B01
201800009791,0,33,000,00,2,5,15,A01
201800009792,0,07,000,00,2,1,02,Z01
201800009792,0,30,000,00,2,4,01,A01
201800009793,1,01,000,00,2,8,01,B01
201800009793,1,07,000,00,2,7,16,A01
201800009794,0,07,000,00,1,3,01,A01
201800009795,0,30,000,01,1,0,17,A01
201800009796,1,07,000,00,1,0,00,A01
201800009797,1,33,000,00,0,7,00,A01
201800009798,0,34,000,00,2,1,01,B01
201800009798,1,07,000,00,2,3,11,A01
201800009799,1,07,000,01,1,7,17,A01
201800009800,1,07,000,00,6,8,09,A01
201800009800,1,01,000,00,2,1,15,B01
201800009801,2,30,000,01,0,7,01,A01
201800009802,0,30,000,00,2,1,01,B01
201800009802,0,07,000,00,2,2,15,A01
201800009803,2,99,000,00,2,6,01,Z01
201800009803,1,33,000,00,2,1,01,A01
201800009804,2,07,000,00,2,0,00,B01
201800009804,1,30,000,00,2,0,01,A01
201800009805,1,07,000,00,1,4,00,A01
201800009806,0,34,000,00,0,8,01,A01
201800009807,2,07,000,01,0,5,23,B01
201800009807,2,07,000,00,2,1,02,A01
201800009808,2,07,000,00,2,2,00,A01
201800009808,2,07,000,00,2,8,01,B01
201800009809,1,07,000,00,1,0,00,Z01
201800009810,2,07,000,00,1,8,02,A01
201800009811,2,07,000,00,2,9,02,C01
201800009811,2,07,000,00,2,9,02,B01
201800009811,2,07,000,00,2,1,02,A01
201800009812,1,07,000,00,2,1,15,B01
201800009812,2,02,000,00,2,1,01,A01
201800009813,0,02,000,00,2,1,00,B01
201800009813,0,07,000,00,2,4,00,A01
201800009814,0,10,000,00,6,8,15,A01
201800009814,0,32,000,00,2,1,01,B01
201800009815,1,07,000,00,2,8,20,B01
201800009815,1,07,000,00,2,2,17,A01
201800009816,0,34,000,04,0,0,01,A01
201800009817,0,07,000,00,2,1,01,B01
201800009817,0,30,000,00,2,6,01,A01
201800009818,0,30,000,02,0,1,19,A01
201800009819,1,34,000,00,2,1,15,A01
201800009819,2,33,000,00,2,1,15,B01
201800009820,1,07,000,10,0,2,01,A01
201800009821,2,07,000,00,2,3,15,B01
201800009821,2,30,000,00,2,0,18,A01
201800009822,2,07,000,00,2,5,16,B01
201800009822,2,32,000,00,2,0,02,A01
201800009823,1,07,000,00,1,1,15,A01
201800009824,2,33,000,00,2,8,01,A01
201800009824,1,07,000,00,2,5,01,Z01
201800009825,1,07,000,00,2,1,01,A01
201800009825,1,07,000,00,2,4,01,B01
201800009826,1,31,000,00,0,0,00,A01
201800009827,1,07,000,00,1,2,01,A01
201800009828,1,32,000,00,2,8,01,B01
201800009828,1,07,000,00,2,7,12,A01
201800009829,1,32,000,00,2,8,01,B01
201800009829,1,07,000,00,2,2,15,A01
201800009830,0,34,000,03,0,0,00,A01
201800009831,0,07,000,00,2,3,01,B01
201800009831,0,07,000,00,0,2,01,A01
201800009832,2,30,000,00,0,7,02,A01
201800009833,1,07,000,00,2,3,23,B01
201800009833,1,33,000,00,2,7,17,A01
201800009834,1,07,000,00,2,3,01,A01
201800009834,1,07,000,00,2,1,01,B01
201800009835,1,07,000,00,1,3,01,A01
201800009836,1,31,000,00,1,1,01,A01
201800009837,1,33,000,00,2,7,17,B01
201800009837,1,07,000,00,2,3,13,A01
201800009838,1,07,000,00,2,1,06,B01
201800009838,2,07,000,00,2,1,01,A01
201800009839,0,03,000,00,2,9,02,B01
201800009839,0,07,000,00,2,4,23,A01
201800009839,0,07,000,00,2,4,02,D01
201800009839,0,07,000,00,2,9,02,C01
201800009840,2,07,000,00,2,7,01,A01
201800009840,2,07,000,00,2,1,23,C01
201800009840,2,07,000,00,2,1,01,B01
201800009841,1,33,000,00,2,1,00,A01
201800009841,2,07,000,00,2,1,01,B01
201800009842,1,07,000,00,0,0,00,B01
201800009842,1,33,000,00,2,5,00,A01
201800009843,0,34,000,01,0,1,01,A01
201800009844,1,33,000,03,0,0,00,A01
201800009845,1,07,000,00,2,1,02,A01
201800009845,1,07,000,00,2,4,23,B01
201800009846,1,30,000,00,1,1,01,A01
201800009847,0,07,000,00,1,2,01,A01
201800009848,0,33,000,00,2,8,01,B01
201800009848,0,07,000,00,2,1,01,A01
201800009849,1,32,000,00,2,1,01,B01
201800009849,0,07,000,00,2,3,09,A01
201800009850,1,30,000,14,0,8,01,A01
201800009851,1,07,000,00,2,2,15,B01
201800009851,1,07,000,00,2,1,01,A01
201800009852,0,07,000,00,2,1,01,A01
201800009852,1,07,000,00,2,1,01,B01
201800009853,2,02,000,00,2,1,00,B01
201800009853,1,07,000,00,2,3,00,A01
201800009854,0,32,000,00,2,3,01,B01
201800009854,0,07,000,00,2,6,24,C01
201800009854,0,07,000,00,2,3,09,A01
201800009855,0,07,000,00,1,0,15,A01
201800009856,1,32,000,00,2,1,01,B01
201800009856,2,07,000,00,2,3,15,A01
201800009857,0,07,000,00,2,3,19,A01
201800009857,1,33,000,00,2,1,01,B01
201800009858,1,32,000,00,1,1,00,Z01
201800009859,0,10,000,00,2,2,15,A01
201800009859,0,07,000,00,2,5,01,B01
201800009860,2,32,000,01,0,9,00,A01
201800009861,1,32,000,00,0,1,00,A01
201800009862,2,01,000,00,2,8,01,B01
201800009862,2,07,000,00,2,2,00,A01
201800009863,0,33,000,00,0,0,02,B01
201800009863,0,20,000,00,0,0,00,A01
201800009864,1,32,000,00,2,1,01,B01
201800009864,1,07,000,00,2,2,01,A01
201800009865,0,07,000,00,2,1,19,A01
201800009865,2,07,000,00,2,3,02,B01
201800009866,1,33,000,00,2,1,17,A01
201800009866,1,33,000,00,2,5,00,B01
201800009867,0,07,000,00,2,8,11,A01
201800009867,0,99,000,00,2,2,01,Z01
201800009868,1,07,000,00,2,4,02,C01
201800009868,1,07,000,00,2,4,02,B01
201800009868,1,07,000,00,2,1,02,A01
201800009869,1,07,000,00,0,0,00,B01
201800009869,1,30,000,00,2,1,07,A01
201800009870,1,07,000,00,2,5,11,A01
201800009870,2,32,000,00,2,1,01,B01
201800009871,2,07,000,00,2,1,01,C01
201800009871,2,07,000,00,2,2,01,B01
201800009871,2,10,000,00,2,8,13,A01
201800009872,1,32,000,00,1,4,09,A01
201800009873,1,02,000,00,2,0,01,B01
201800009873,0,10,000,00,2,0,00,A01
201800009874,2,32,000,00,2,0,21,A01
201800009874,2,07,000,00,0,0,00,B01
201800009875,2,07,000,00,2,1,02,A01
201800009875,2,07,000,00,2,4,02,B01
201800009876,1,07,000,00,2,4,01,B01
201800009876,1,07,000,00,2,1,01,A01
201800009877,2,07,000,08,0,1,00,A01
201800009878,1,30,000,01,0,1,15,A01
201800009879,0,33,000,00,2,1,01,B01
201800009879,0,07,000,00,2,8,15,A01
201800009880,2,31,000,00,2,1,02,B01
201800009880,2,07,000,00,2,0,10,A01
201800009881,0,34,000,00,2,1,17,B01
201800009881,0,07,000,00,2,6,15,A01
201800009882,0,07,000,00,2,3,15,B01
201800009882,2,02,000,00,2,1,01,A01
201800009883,0,07,000,00,2,7,11,B01
201800009883,0,07,000,00,2,1,15,A01
201800009884,1,07,000,00,1,1,09,A01
201800009885,0,07,000,01,2,1,01,A01
201800009885,0,07,000,00,2,1,01,C01
201800009886,1,07,000,00,1,1,01,A01
201800009887,0,32,000,00,1,1,00,A01
201800009888,2,32,000,00,1,1,18,A01
201800009889,1,07,000,00,2,1,00,A01
201800009889,1,07,000,00,0,4,00,B01
201800009890,0,07,000,00,2,1,15,B01
201800009890,0,07,000,00,0,0,00,Z01
201800009891,1,07,000,00,2,4,01,B01
201800009891,1,07,000,00,2,4,01,A01
201800009891,1,07,000,00,2,1,01,Z01
201800009892,1,37,001,00,1,1,16,A01
201800009893,1,07,000,00,1,1,00,A01
201800009894,2,07,000,00,1,1,00,A01
201800009895,2,07,000,00,2,8,15,B01
201800009895,2,30,000,00,2,7,00,A01
201800009896,1,30,000,00,2,1,02,A01
201800009896,1,07,000,00,2,6,23,B01
201800009897,2,07,000,00,2,5,09,B01
201800009897,2,34,000,00,2,8,02,A01
201800009898,0,07,000,00,0,0,00,A01
201800009898,0,07,000,00,2,7,01,B01
201800009899,0,07,000,00,2,1,01,A01
201800009899,0,07,000,00,2,4,23,B01
201800009900,1,32,000,00,2,2,17,A01
201800009900,2,07,000,00,2,1,15,Z01
201800009901,1,07,000,00,2,2,18,A01
201800009901,0,07,000,00,2,0,00,B01
201800009902,2,07,000,00,2,1,02,B01
201800009902,1,07,000,00,6,4,23,A01
201800009903,2,10,000,00,2,7,01,B01
201800009903,2,07,000,00,2,1,01,A01
201800009904,0,32,000,00,2,0,00,Z01
201800009904,1,33,000,00,2,3,00,A01
201800009905,0,07,000,00,2,4,01,B01
201800009905,0,07,000,00,2,1,01,A01
201800009906,1,07,000,00,2,1,02,A01
201800009906,1,07,000,00,2,4,20,B01
201800009907,0,07,000,00,2,7,01,A01
201800009907,0,07,000,00,2,1,01,B01
201800009908,1,07,000,00,2,3,15,A01
201800009908,0,02,000,00,2,2,17,B01
201800009909,1,07,000,00,2,6,23,B01
201800009909,1,33,000,01,0,2,02,A01
201800009910,0,33,000,00,2,1,17,A01
201800009910,0,07,000,00,2,8,15,B01
201800009911,0,02,000,00,2,3,02,B01
201800009911,0,10,000,00,2,3,15,A01
201800009912,1,07,000,00,1,3,01,A01
201800009913,1,07,000,00,2,2,12,B01
201800009913,1,30,000,02,2,4,07,A01
201800009914,0,30,000,00,2,1,01,A01
201800009914,0,07,000,00,0,0,00,B01
201800009915,1,07,000,00,2,1,23,B01
201800009915,2,33,000,00,2,7,01,A01
201800009916,2,07,000,00,2,1,02,A01
201800009916,2,07,000,00,2,4,23,B01
201800009917,1,07,000,00,2,5,02,B01
201800009917,1,07,000,00,2,2,19,A01
201800009918,0,07,000,06,0,2,01,A01
201800009919,1,34,000,00,2,2,17,B01
201800009919,1,07,000,00,2,3,10,A01
201800009920,1,31,000,00,2,2,12,A01
201800009920,1,07,000,00,2,1,01,B01
201800009921,2,07,000,08,2,0,01,A01
201800009921,2,10,000,08,2,0,01,B01
201800009922,1,07,000,08,0,1,01,A01
201800009923,1,07,000,00,2,1,01,A01
201800009923,2,02,000,00,2,1,05,B01
201800009924,1,07,000,00,1,1,15,A01
201800009925,0,02,000,00,2,8,00,B01
201800009925,1,38,049,00,2,7,00,A01
201800009926,2,07,000,01,2,0,00,A01
201800009926,2,02,000,01,2,8,01,B01
201800009927,0,99,000,00,0,0,00,A01
201800009928,0,14,000,01,0,2,00,A01
201800009928,0,07,000,00,2,3,00,B01
201800009929,2,30,000,00,2,1,01,A01
201800009929,0,07,000,00,2,3,01,B01
201800009930,2,34,000,00,1,1,01,A01
201800009931,1,07,000,00,1,7,00,A01
201800009932,0,07,000,00,2,3,23,A01
201800009932,0,07,000,00,2,2,01,B01
201800009933,1,37,015,00,1,2,16,A01
201800009934,1,07,000,00,2,3,09,A01
201800009934,1,07,000,00,2,4,23,B01
201800009935,2,02,000,00,2,1,02,B01
201800009935,0,07,000,00,2,3,19,A01
201800009936,1,07,000,00,2,1,02,A01
201800009936,1,07,000,00,2,4,02,B01
201800009937,2,07,000,00,2,7,15,A01
201800009937,1,33,000,00,2,1,00,B01
201800009938,2,07,000,00,2,1,01,A01
201800009938,1,07,000,08,2,3,01,B01
201800009939,0,07,000,00,2,6,02,Z01
201800009939,0,33,000,00,2,5,02,A01
201800009940,2,07,000,00,2,1,02,A01
201800009940,1,07,000,00,2,4,01,B01
201800009941,0,10,000,00,1,1,01,A01
201800009942,2,34,000,00,2,5,01,C01
201800009942,2,07,000,00,2,6,01,B01
201800009942,0,10,000,00,2,1,03,Z01
201800009943,1,37,001,00,2,7,16,A01
201800009943,1,07,000,00,2,6,23,B01
201800009944,1,07,000,00,2,3,15,B01
201800009944,1,33,000,00,2,2,01,A01
201800009945,1,07,000,00,2,7,16,A01
201800009945,1,34,000,00,2,8,02,B01
201800009946,0,10,000,00,1,1,01,A01
201800009947,2,07,000,00,2,1,00,A01
201800009947,2,07,000,00,2,4,23,C01
201800009947,1,07,000,00,2,4,23,B01
201800009948,1,07,000,00,2,2,01,A01
201800009948,0,01,000,00,2,1,00,B01
201800009949,1,07,000,00,2,4,01,B01
201800009949,1,31,000,00,2,1,01,A01
201800009950,2,07,000,00,2,2,14,A01
201800009950,2,07,000,00,2,6,02,B01
201800009951,0,07,000,00,1,1,01,A01
201800009952,0,07,000,03,0,2,00,A01
201800009953,2,07,000,00,2,2,15,A01
201800009953,1,34,000,00,2,3,01,B01
201800009954,1,30,000,00,0,0,00,A01
201800009954,0,07,000,00,0,0,00,B01
201800009954,0,07,000,00,0,0,00,C01
201800009955,1,99,000,00,2,0,16,Z01
201800009955,1,30,000,00,2,7,17,B01
201800009956,0,10,000,00,0,0,00,B01
201800009956,0,31,000,00,2,0,02,A01
201800009957,0,30,000,00,0,0,00,Z01
201800009957,0,01,000,00,2,1,00,A01
201800009958,1,07,000,00,0,2,01,A01
201800009959,2,07,000,00,1,7,16,A01
201800009960,1,07,000,00,1,1,15,A01
201800009961,1,07,000,00,0,3,00,A01
201800009961,2,07,000,00,0,0,00,B01
201800009962,0,07,000,00,1,5,00,Z01
201800009963,1,30,000,00,9,7,01,A01
201800009964,2,07,000,00,2,1,20,B01
201800009964,2,33,000,00,2,1,01,A01
201800009965,2,07,000,00,1,1,01,A01
201800009966,0,34,000,00,2,1,07,A01
201800009966,0,07,000,00,2,2,00,B01
201800009967,1,07,000,00,2,4,01,B01
201800009967,1,07,000,00,2,1,01,A01
201800009968,2,07,000,00,2,1,19,A01
201800009968,1,34,000,00,2,8,01,B01
201800009969,1,37,016,00,2,3,01,B01
201800009969,2,32,000,00,2,9,17,C01
201800009969,2,07,000,00,2,6,23,A01
201800009970,2,07,000,00,0,1,01,A01
201800009970,0,07,000,08,2,4,16,B01
201800009971,1,07,000,00,2,4,02,B01
201800009971,1,07,000,00,2,1,02,A01
201800009972,1,99,000,00,1,1,00,A01
201800009973,1,37,015,00,2,7,09,B01
201800009973,1,33,000,00,2,8,02,A01
201800009974,0,07,000,00,1,7,09,A01
201800009975,1,33,000,00,2,1,01,A01
201800009975,1,07,000,00,2,8,15,B01
201800009976,2,07,000,00,2,2,16,B01
201800009976,2,34,000,00,2,3,18,A01
201800009977,1,07,000,00,2,6,00,B01
201800009977,1,37,001,00,2,3,00,C01
201800009977,1,02,000,00,1,9,17,A01
201800009978,1,07,000,00,1,1,01,A01
201800009979,0,37,030,00,1,2,20,A01
201800009980,1,07,000,00,2,3,11,A01
201800009980,1,07,000,00,2,3,01,B01
201800009981,2,07,000,00,2,1,02,A01
201800009981,2,07,000,00,2,1,02,D01
201800009981,2,07,000,00,2,4,02,C01
201800009981,2,36,000,00,2,4,02,B01
201800009982,2,07,000,01,0,2,00,A01
201800009983,0,07,000,00,1,4,00,A01
201800009984,0,07,000,00,1,1,00,A01
201800009985,0,02,000,00,2,7,01,B01
201800009985,0,07,000,00,2,3,13,A01
201800009986,1,99,000,00,2,1,01,Z01
201800009986,1,07,000,00,2,6,23,A01
201800009987,1,07,000,00,2,4,02,C01
201800009987,1,07,000,00,2,1,02,A01
201800009987,1,07,000,00,2,4,02,D01
201800009987,1,07,000,00,2,4,02,B01
201800009988,2,07,000,00,2,3,01,A01
201800009988,1,07,000,00,2,1,15,B01
201800009989,2,07,000,00,6,0,00,Z01
201800009989,1,01,000,00,2,3,01,A01
201800009990,2,32,000,00,2,1,01,B01
201800009990,1,07,000,00,6,6,01,A01
201800009991,1,07,000,00,1,1,01,A01
201800009992,1,10,000,00,1,2,01,A01
201800009993,1,30,000,00,2,1,00,A01
201800009993,2,07,000,00,2,2,15,B01
201800009994,2,07,000,12,1,1,00,A01
201800009995,0,07,000,00,1,0,00,B01
201800009996,2,07,000,08,2,1,01,B01
201800009996,1,07,000,08,2,1,13,A01
201800009997,2,01,000,00,2,4,02,B01
201800009997,2,07,000,00,2,1,02,A01
201800009998,1,30,000,00,0,8,00,A01
201800009999,0,07,000,00,1,0,00,Z01
201800010000,1,07,000,00,2,2,01,A01
201800010000,2,07,000,00,2,3,02,B01
201800010001,1,32,000,00,2,1,01,B01
201800010001,2,07,000,00,2,1,15,A01
201800010002,1,33,000,01,1,1,01,A01
201800010003,1,07,000,00,2,4,01,B01
201800010003,2,30,000,00,2,1,01,A01
201800010004,1,31,000,00,2,1,01,B01
201800010004,2,07,000,00,2,2,01,A01
201800010005,1,07,000,00,1,3,01,B01
201800010006,2,34,000,00,2,2,01,B01
201800010006,2,07,000,00,2,3,13,A01
201800010007,1,07,000,00,2,3,01,A01
201800010007,1,07,000,00,2,0,00,B01
201800010008,1,07,000,00,2,4,01,A01
201800010008,2,07,000,00,2,1,00,Z01
201800010009,1,03,000,00,2,1,13,A01
201800010009,2,02,000,00,2,1,00,B01
201800010010,0,07,000,00,6,0,19,A01
201800010010,0,99,000,00,2,0,01,B01
201800010011,0,33,000,00,2,7,01,B01
201800010011,0,07,000,00,2,6,11,A01
201800010012,1,07,000,00,1,3,01,B01
201800010012,2,34,000,00,1,1,17,A01
201800010013,0,31,000,00,2,1,01,B01
201800010013,0,07,000,00,2,7,15,A01
201800010014,1,03,000,00,2,0,00,B01
201800010014,1,07,000,00,2,2,01,A01
201800010014,1,07,000,00,2,0,00,Z01
201800010015,2,07,000,00,1,1,01,Z01
201800010016,1,07,000,00,2,5,15,A01
201800010016,1,07,000,00,2,3,01,B01
201800010017,2,14,000,00,2,3,01,A01
201800010017,2,34,000,00,2,1,01,B01
201800010018,0,32,000,00,2,1,01,A01
201800010018,0,34,000,00,2,5,01,B01
201800010019,2,32,000,01,2,1,01,A01
201800010019,2,07,000,00,2,8,20,B01
201800010020,2,07,000,06,0,1,01,A01
201800010021,0,07,000,00,2,1,02,A01
201800010021,0,07,000,00,2,4,02,B01
201800010022,2,14,000,00,2,4,23,B01
201800010022,2,32,000,00,2,1,01,A01
201800010023,1,07,000,00,1,2,01,A01
201800010024,1,07,000,00,2,1,09,B01
201800010024,0,07,000,00,2,2,01,A01
201800010025,2,10,000,00,2,4,04,A01
201800010025,2,07,000,00,2,1,02,B01
201800010026,1,30,000,12,0,0,01,A01
201800010027,0,07,000,00,2,1,01,A01
201800010027,0,07,000,00,2,8,19,B01
201800010028,0,30,000,00,2,8,01,A01
201800010029,2,02,000,00,2,1,01,A01
201800010030,0,07,000,00,2,1,15,A01
201800010030,0,30,000,00,0,0,00,B01
201800010031,2,07,000,00,1,2,01,A01
201800010032,0,07,000,00,2,7,01,A01
201800010032,0,07,000,00,2,8,16,B01
201800010033,0,34,000,04,0,1,00,A01
201800010034,1,30,000,00,0,1,00,A01
201800010035,1,07,000,00,1,2,00,A01
201800010036,0,07,000,00,2,8,07,B01
201800010036,1,07,000,00,2,0,00,Z01
201800010037,2,07,000,00,0,0,00,B01
201800010037,2,07,000,00,2,1,00,A01
201800010038,2,07,000,00,2,4,02,B01
201800010038,2,07,000,00,2,1,02,A01
201800010039,1,07,000,00,1,2,01,A01
201800010040,1,33,000,00,1,5,00,A01
201800010041,1,07,000,00,2,0,00,A01
201800010041,1,07,000,00,2,0,00,B01