Num_Acc,senc,catv,occutc,obs,obsm,choc,manv,num_veh
201800010042,1,07,000,00,2,4,23,B01
201800010042,1,07,000,00,2,1,01,A01
201800010043,1,07,000,00,1,1,01,A01
201800010044,2,07,000,06,0,1,00,A01
201800010045,2,13,000,00,2,2,01,B01
201800010045,1,02,000,00,2,0,01,A01
201800010046,1,33,000,00,1,0,00,A01
201800010047,2,32,000,00,2,2,21,A01
201800010047,0,07,000,00,2,3,00,B01
201800010048,0,07,000,00,2,2,00,A01
201800010048,0,07,000,00,2,6,00,B01
201800010049,1,07,000,00,2,1,13,A01
201800010049,0,07,000,00,2,3,01,B01
201800010050,1,07,000,00,2,1,04,B01
201800010050,2,07,000,08,2,1,01,A01
201800010051,1,07,000,00,2,6,23,B01
201800010051,1,32,000,00,2,2,02,A01
201800010052,1,07,000,00,2,7,16,A01
201800010052,1,07,000,00,2,3,01,B01
201800010053,0,33,000,01,0,3,01,B01
201800010053,0,07,000,00,2,8,23,C01
201800010053,0,07,000,00,2,5,22,A01
201800010054,1,30,000,00,2,3,02,B01
201800010054,0,07,000,00,2,1,16,Z01
201800010055,1,10,000,00,1,2,01,A01
201800010056,1,07,000,00,2,1,09,A01
201800010056,1,31,000,00,2,2,01,B01
201800010057,2,07,000,00,2,5,15,B01
201800010057,2,33,000,00,2,3,17,A01
201800010058,0,07,000,00,0,3,01,B01
201800010058,1,30,000,00,2,1,02,A01
201800010059,0,30,000,00,2,8,02,B01
201800010059,0,07,000,00,2,0,15,A01
201800010060,1,07,000,00,2,0,00,B01
201800010060,1,33,000,00,2,0,01,A01
201800010061,2,07,000,00,2,7,00,A01
201800010061,1,02,000,00,2,1,18,B01
201800010062,1,07,000,00,1,3,01,A01
201800010063,2,07,000,01,2,3,20,B01
201800010063,2,07,000,00,2,5,01,C01
201800010063,2,07,000,01,2,1,12,A01
201800010064,1,33,000,00,2,1,17,A01
201800010064,0,07,000,00,,2,09,B01
201800010065,1,01,000,00,0,3,19,A01
201800010065,1,33,000,00,0,0,00,B01
201800010066,1,07,000,00,2,1,19,Z01
201800010066,1,32,000,00,2,1,02,A01
201800010067,1,10,000,02,0,1,14,A01
201800010068,1,34,000,00,0,0,01,A01
201800010069,2,07,000,00,1,0,15,A01
201800010070,1,30,000,00,1,1,01,A01
201800010071,0,33,000,00,1,1,01,A01
201800010072,0,32,000,00,1,1,03,A01
201800010073,0,07,000,00,1,1,01,A01
201800010074,0,07,000,00,2,2,15,B01
201800010074,0,30,000,00,2,1,17,A01
201800010075,1,07,000,00,1,1,01,A01
201800010076,1,10,000,00,2,1,16,B01
201800010076,1,07,000,00,2,1,00,A01
201800010077,1,07,000,01,2,3,01,B01
201800010077,2,07,000,00,2,3,01,A01
201800010078,2,07,000,00,1,3,01,Z01
201800010079,0,07,000,00,2,3,09,A01
201800010079,0,01,000,00,2,7,15,B01
201800010080,1,07,000,00,2,3,01,B01
201800010080,2,02,000,00,2,2,15,A01
201800010081,1,07,000,00,2,3,01,A01
201800010081,1,07,000,00,2,3,01,B01
201800010082,1,07,000,00,2,8,02,B01
201800010082,1,07,000,00,2,1,17,A01
201800010083,1,07,000,00,1,1,00,A01
201800010084,2,07,000,00,2,6,01,B01
201800010084,2,07,000,00,2,2,13,A01
201800010085,1,07,000,00,2,7,15,A01
201800010085,1,07,000,00,2,1,01,B01
201800010086,0,30,000,00,0,0,01,A01
201800010086,0,07,000,00,2,0,00,Z01
201800010087,0,07,000,00,1,1,15,Z01
201800010088,0,07,000,00,1,1,00,A01
201800010089,0,07,000,00,2,3,01,A01
201800010089,0,07,000,00,2,8,01,B01
201800010090,0,07,000,00,1,1,01,Z01
201800010091,0,07,000,00,1,1,00,A01
201800010092,1,07,000,00,2,8,15,B01
201800010092,2,30,000,00,2,1,21,A01
201800010093,0,07,000,00,1,2,16,A01
201800010094,0,07,000,00,1,4,04,A01
201800010095,1,02,000,00,2,0,01,B01
201800010095,2,07,000,00,2,0,19,A01
201800010096,1,07,000,00,2,3,23,B01
201800010096,1,07,000,00,2,2,02,Z01
201800010097,1,30,000,00,0,0,01,A01
201800010098,1,07,000,00,2,5,15,A01
201800010098,2,34,000,00,2,1,02,B01
201800010099,2,07,000,00,2,4,23,B01
201800010100,2,33,000,00,0,0,00,A01
201800010101,2,34,000,00,1,1,21,A01
201800010102,1,30,000,00,2,2,18,A01
201800010102,2,03,000,00,2,3,15,B01
201800010103,2,37,001,00,1,2,01,A01
201800010104,0,10,000,00,2,7,14,A01
201800010104,0,34,000,00,2,8,02,B01
201800010105,2,32,000,00,0,7,14,A01
201800010106,2,07,000,00,1,1,16,A01
201800010107,1,07,000,00,2,2,11,A01
201800010107,2,07,000,00,2,3,19,B01
201800010108,0,07,000,00,0,7,01,A01
201800010109,2,07,000,15,2,3,13,A01
201800010109,1,07,000,00,2,3,01,B01
201800010110,1,07,000,00,2,4,01,B01
201800010110,1,07,000,00,2,2,01,A01
201800010110,2,07,000,00,2,6,15,C01
201800010111,1,01,000,00,2,6,13,B01
201800010111,1,07,000,00,6,2,01,A01
201800010112,1,07,000,00,2,3,02,B01
201800010112,1,07,000,00,2,1,01,A01
201800010113,1,37,005,00,2,6,23,B01
201800010113,1,07,000,00,2,2,13,A01
201800010114,2,07,000,00,2,4,19,A01
201800010114,1,32,000,00,2,1,01,B01
201800010115,1,07,000,00,2,3,15,B01
201800010115,1,30,000,00,2,1,17,A01
201800010116,1,33,000,00,2,2,01,B01
201800010116,1,07,000,00,2,3,02,A01
201800010117,1,07,000,00,2,4,02,B01
201800010117,1,07,000,00,2,1,02,A01
201800010118,2,07,000,00,2,3,23,B01
201800010118,1,07,000,13,2,3,01,A01
201800010119,2,34,000,00,2,1,00,B01
201800010119,2,07,000,00,2,8,15,A01
201800010120,0,07,000,00,2,1,15,A01
201800010120,0,32,000,00,2,1,02,B01
201800010121,0,07,000,00,2,1,01,A01
201800010121,0,07,000,00,2,8,00,Z01
201800010122,2,07,000,00,1,7,21,A01
201800010123,0,07,000,14,0,1,06,A01
201800010124,2,07,000,00,2,2,01,A01
201800010124,1,07,000,08,2,5,01,B01
201800010125,1,07,000,00,1,2,00,A01
201800010126,2,07,000,00,2,3,01,B01
201800010126,1,07,000,00,2,3,13,A01
201800010127,1,07,000,00,2,0,00,B01
201800010127,2,33,000,00,2,0,00,A01
201800010128,1,32,000,14,0,2,12,A01
201800010129,1,33,000,00,2,2,01,B01
201800010129,1,07,000,00,2,3,13,A01
201800010130,0,07,000,00,2,4,00,Z01
201800010130,0,07,000,00,0,4,00,B01
201800010131,0,31,000,00,2,1,01,A01
201800010131,0,07,000,00,2,8,15,B01
201800010132,1,07,000,00,1,0,00,A01
201800010133,0,07,000,00,2,4,23,B01
201800010133,0,07,000,00,2,1,02,A01
201800010133,0,33,000,00,2,6,23,C01
201800010134,0,10,000,00,2,5,17,A01
201800010134,0,01,000,01,0,1,13,B01
201800010135,0,07,000,00,2,4,01,A01
201800010135,0,07,000,00,2,1,02,C01
201800010135,0,07,000,00,2,4,02,B01
201800010136,2,07,000,00,2,5,15,A01
201800010136,2,31,000,00,2,1,02,B01
201800010137,1,10,000,14,0,3,13,A01
201800010138,2,07,000,00,1,1,01,A01
201800010139,1,07,000,00,2,4,02,B01
201800010139,1,07,000,00,2,1,02,A01
201800010140,1,32,000,08,0,7,01,A01
201800010141,2,32,000,00,2,1,00,B01
201800010141,1,07,000,00,2,0,00,Y01
201800010142,0,33,000,00,2,1,17,A01
201800010142,0,10,000,00,2,6,15,B01
201800010143,1,07,000,00,2,4,02,C01
201800010143,1,07,000,00,2,3,02,B01
201800010143,2,33,000,00,2,1,05,A01
201800010144,2,07,000,00,1,2,02,A01
201800010145,1,07,000,00,2,1,01,A01
201800010145,1,07,000,00,2,4,01,B01
201800010146,2,07,000,00,1,1,01,A01
201800010147,0,10,000,00,2,2,16,A01
201800010147,2,02,000,00,2,1,00,B01
201800010148,1,33,000,00,2,6,01,A01
201800010148,2,07,000,00,2,3,15,Z01
201800010149,0,07,000,00,1,0,00,A01
201800010150,1,31,000,00,2,8,01,B01
201800010150,2,07,000,00,2,1,15,A01
201800010151,2,31,000,00,2,7,17,B01
201800010151,2,07,000,00,2,8,13,A01
201800010152,1,07,000,00,2,4,23,C01
201800010152,1,07,000,00,2,5,23,B01
201800010152,1,07,000,00,2,3,12,A01
201800010153,1,07,000,00,0,6,02,B01
201800010153,2,07,000,00,2,3,01,C01
201800010153,1,30,000,00,2,1,02,A01
201800010154,1,07,000,00,2,0,00,B01
201800010154,1,07,000,00,2,0,18,A01
201800010155,1,10,000,06,0,1,00,A01
201800010156,2,07,000,04,0,9,00,A01
201800010157,1,07,000,14,0,3,01,B01
201800010157,2,07,000,14,0,3,15,A01
201800010158,0,07,000,00,0,0,01,A01
201800010159,2,07,000,00,2,1,01,A01
201800010159,2,02,000,00,2,4,01,B01
201800010160,2,34,000,00,2,1,01,A01
201800010160,0,07,000,00,2,0,00,B01
201800010161,2,34,000,00,2,1,01,B01
201800010161,2,07,000,00,2,8,13,A01
201800010162,2,33,000,00,2,4,23,B01
201800010162,1,10,000,00,2,1,01,A01
201800010163,1,34,000,00,1,1,00,A01
201800010164,2,32,000,00,2,8,02,B01
201800010164,1,07,000,00,2,0,11,A01
201800010165,1,07,000,00,2,8,17,A01
201800010165,1,07,000,00,2,8,15,B01
201800010166,1,34,000,00,2,1,01,B01
201800010166,1,07,000,00,2,3,13,A01
201800010167,,99,000,,,,,A01
201800010167,,37,000,,,,,B01
201800010168,1,32,000,00,2,3,01,B01
201800010168,1,07,000,00,2,2,09,A01
201800010169,2,07,000,00,2,3,19,A01
201800010169,1,32,000,00,2,1,01,B01
201800010170,1,07,000,00,2,1,02,A01
201800010170,1,07,000,00,2,4,02,B01
201800010171,1,34,000,00,2,1,12,A01
201800010171,1,07,000,00,0,6,02,B01
201800010172,1,07,000,06,0,1,01,A01
201800010173,2,07,000,00,2,3,15,A01
201800010173,1,02,000,00,2,8,01,B01
201800010174,2,31,000,01,0,7,00,A01
201800010175,1,32,000,15,0,8,16,A01
201800010176,0,34,000,00,2,1,02,A01
201800010176,0,07,000,00,2,6,15,B01
201800010177,0,10,000,00,1,2,02,A01
201800010178,1,07,000,00,2,1,13,A01
201800010178,1,37,050,01,0,4,00,B01
201800010179,2,32,000,00,2,2,07,A01
201800010179,2,99,000,00,2,2,16,B01
201800010180,1,30,000,00,1,1,02,Z01
201800010181,1,07,000,00,2,8,13,B01
201800010181,1,07,000,00,2,2,01,A01
201800010182,2,01,000,00,2,4,19,A01
201800010182,2,32,000,00,6,1,01,B01
201800010183,1,07,000,00,2,3,15,A01
201800010183,1,30,000,00,2,7,01,B01
201800010184,1,07,000,00,6,4,01,B01
201800010184,1,07,000,00,2,1,01,A01
201800010185,2,14,000,00,2,5,01,B01
201800010185,2,32,000,00,2,8,18,A01
201800010186,0,07,000,00,2,1,05,A01
201800010186,0,07,000,00,2,1,01,B01
201800010187,1,02,000,00,1,1,01,A01
201800010188,1,33,000,00,2,1,17,A01
201800010188,2,37,002,00,2,3,01,B01
201800010189,0,01,000,00,2,1,01,B01
201800010189,0,10,000,00,2,0,15,A01
201800010190,0,07,000,13,0,6,16,A01
201800010190,0,15,000,13,0,0,15,B01
201800010191,1,07,000,06,0,1,16,A01
201800010192,1,07,000,00,6,3,13,Z01
201800010192,1,33,000,12,2,2,13,A01
201800010193,1,07,000,00,2,1,01,A01
201800010193,1,02,000,00,2,1,01,B01
201800010194,1,30,000,00,1,1,01,A01
201800010195,1,07,000,00,2,4,02,B01
201800010195,1,34,000,00,2,1,02,A01
201800010196,0,34,000,00,0,0,00,A01
201800010197,0,07,000,00,2,1,02,A01
201800010197,0,07,000,00,2,4,23,B01
201800010198,1,01,000,00,0,7,19,A01
201800010198,2,07,000,00,2,1,00,Z01
201800010199,1,32,000,00,2,7,02,B01
201800010199,1,07,000,00,2,3,13,A01
201800010200,2,07,000,00,2,1,01,A01
201800010200,0,07,000,00,2,3,01,B01
201800010201,0,07,000,00,2,0,00,A01
201800010201,2,07,000,00,2,3,15,B01
201800010202,1,07,000,00,2,3,03,B01
201800010202,1,07,000,00,2,2,05,A01
201800010203,2,07,000,00,2,3,02,A01
201800010203,2,02,000,00,2,5,15,B01
201800010204,1,34,000,00,2,0,01,A01
201800010205,1,07,000,00,2,1,02,A01
201800010205,1,07,000,00,2,4,02,B01
201800010206,0,07,000,00,1,2,01,A01
201800010207,1,07,000,00,1,7,01,Z01
201800010208,1,07,000,00,2,3,15,B01
201800010208,2,32,000,00,2,1,01,A01
201800010209,0,07,000,00,2,7,15,A01
201800010209,0,07,000,00,2,8,16,B01
201800010210,1,07,000,00,1,2,01,A01
201800010211,1,40,001,00,1,1,00,A01
201800010212,2,07,000,00,1,1,00,A01
201800010213,2,07,000,00,2,1,01,A01
201800010213,2,07,000,00,2,4,01,B01
201800010214,1,37,100,00,2,3,02,B01
201800010214,1,07,000,00,2,7,16,A01
201800010215,2,10,000,00,1,1,01,Z01
201800010216,0,07,000,00,1,1,01,A01
201800010217,1,07,000,00,2,2,16,A01
201800010217,2,07,000,00,2,1,05,B01
201800010218,1,34,000,00,2,0,00,B01
201800010218,1,07,000,00,2,0,00,C01
201800010219,2,07,000,00,2,4,01,B01
201800010219,2,07,000,00,2,1,02,A01
201800010220,2,07,000,00,2,2,01,A01
201800010220,0,33,000,00,2,2,01,B01
201800010221,1,30,000,04,0,9,21,A01
201800010222,0,33,000,00,2,0,00,A01
201800010222,0,07,000,00,2,0,00,B01
201800010223,2,07,000,00,1,2,01,A01
201800010224,1,07,000,15,1,3,01,A01
201800010225,0,07,000,00,2,8,01,B01
201800010225,0,07,000,00,2,1,15,A01
201800010226,1,07,000,00,2,4,15,B01
201800010226,2,07,000,00,2,1,00,A01
201800010227,2,07,000,00,2,1,02,A01
201800010227,2,07,000,00,2,4,01,B01
201800010228,1,33,000,14,0,1,01,A01
201800010229,2,30,000,00,1,1,01,A01
201800010230,0,07,000,06,0,1,01,A01
201800010231,2,02,000,00,2,1,01,A01
201800010231,1,07,000,00,2,3,01,B01
201800010232,1,32,000,00,2,2,17,B01
201800010232,1,07,000,00,2,3,00,A01
201800010233,2,07,000,00,2,6,15,A01
201800010233,2,02,000,00,2,1,01,B01
201800010234,0,07,000,06,0,1,21,A01
201800010235,1,07,000,01,2,3,20,A01
201800010235,1,37,001,00,2,2,01,B01
201800010236,0,07,000,00,6,1,01,A01
201800010237,2,10,000,00,2,1,01,A01
201800010237,2,07,000,00,2,4,23,B01
201800010238,2,07,000,00,2,4,04,A01
201800010238,0,07,000,00,2,1,15,B01
201800010239,2,33,000,00,2,1,01,B01
201800010239,2,07,000,00,2,2,15,A01
201800010240,2,07,000,00,2,8,22,A01
201800010240,2,07,000,00,2,1,01,B01
201800010241,2,07,000,00,2,1,02,B01
201800010241,2,07,000,00,2,7,14,A01
201800010242,2,07,000,15,2,1,07,B01
201800010242,1,07,000,00,2,3,15,A01
201800010243,1,02,000,00,2,1,01,B01
201800010243,1,07,000,00,2,2,19,A01
201800010244,0,32,000,00,2,0,00,A01
201800010244,0,37,001,00,0,0,00,B01
201800010245,1,07,000,00,2,6,15,A01
201800010245,2,33,000,00,2,1,01,B01
201800010246,0,07,000,00,2,1,15,A01
201800010246,0,07,000,00,2,2,01,B01
201800010247,1,07,000,00,2,4,01,B01
201800010247,1,07,000,00,2,1,02,A01
201800010248,2,33,000,00,0,1,01,A01
201800010249,1,07,000,08,2,6,01,B01
201800010249,1,07,000,00,2,1,15,Z01
201800010250,1,33,000,00,0,0,14,A01
201800010251,0,30,000,00,2,2,01,A01
201800010251,0,07,000,00,2,1,01,B01
201800010252,2,33,000,00,0,1,17,A01
201800010252,2,07,000,00,0,3,15,B01
201800010253,2,07,000,00,2,4,23,A01
201800010253,2,07,000,00,2,4,00,B01
201800010253,2,07,000,00,2,1,00,Z01
201800010254,0,33,000,08,0,0,00,B01
201800010254,0,07,000,00,0,0,00,A01
201800010255,1,07,000,00,2,1,21,A01
201800010256,1,33,000,00,0,7,18,B01
201800010256,1,07,000,00,0,6,13,A01
201800010257,2,07,000,00,2,4,02,B01
201800010257,2,07,000,00,2,1,02,A01
201800010258,0,07,000,00,2,1,01,C01
201800010258,0,33,000,00,2,1,05,B01
201800010258,0,07,000,00,2,2,19,A01
201800010259,2,01,000,00,2,1,01,B01
201800010259,2,07,000,00,2,5,16,A01
201800010260,0,31,000,00,0,1,00,A01
201800010261,1,31,000,00,0,8,15,A01
201800010262,0,07,000,00,2,1,00,B01
201800010262,2,07,000,00,2,1,15,A01
201800010263,2,34,000,00,2,1,03,A01
201800010263,1,07,000,00,2,3,02,B01
201800010264,2,33,000,00,2,7,00,B01
201800010264,0,07,000,00,2,8,00,A01
201800010265,2,07,000,00,2,8,01,A01
201800010265,1,07,000,00,2,7,17,B01
201800010266,1,07,000,00,1,2,00,A01
201800010267,0,32,000,00,2,1,02,B01
201800010267,0,07,000,00,2,6,15,A01
201800010268,0,07,000,00,1,8,01,A01
201800010269,1,07,000,00,2,6,10,A01
201800010269,1,33,000,00,2,1,21,B01
201800010270,0,37,000,00,2,3,01,B01
201800010270,0,07,000,00,2,3,16,A01
201800010271,0,33,000,00,2,1,02,B01
201800010271,0,07,000,00,2,4,10,A01
201800010272,0,07,000,00,2,3,13,A01
201800010272,0,07,000,00,2,3,01,B01
201800010273,0,07,000,00,2,2,15,A01
201800010273,0,07,000,00,2,1,01,B01
201800010274,0,10,000,00,2,1,01,B01
201800010274,0,07,000,00,2,1,13,A01
201800010275,0,07,000,04,2,8,10,A01
201800010275,0,17,000,00,2,1,01,B01
201800010276,0,14,000,00,2,3,01,B01
201800010276,0,07,000,00,2,3,13,A01
201800010277,1,07,000,00,2,1,13,A01
201800010277,1,07,000,00,2,1,00,B01
201800010278,0,07,000,02,2,2,01,B01
201800010278,0,07,000,00,2,8,01,C01
201800010278,0,07,000,13,2,3,17,A01
201800010279,0,07,000,00,1,1,01,A01
201800010280,0,07,000,00,2,1,01,B01
201800010280,0,07,000,00,2,1,02,C01
201800010280,0,07,000,11,2,1,13,A01
201800010281,0,07,000,00,2,1,02,B01
201800010281,0,07,000,00,2,4,23,A01
201800010281,0,07,000,00,2,4,02,E01
201800010281,0,07,000,00,2,1,01,D01
201800010281,0,07,000,00,2,1,02,C01
201800010282,0,07,000,00,2,3,09,B01
201800010282,0,07,000,00,2,1,01,A01
201800010283,0,07,000,00,1,1,01,A01
201800010284,0,33,000,00,2,1,17,A01
201800010284,0,10,000,00,2,3,10,B01
201800010285,0,10,000,01,1,1,19,A01
201800010286,0,07,000,00,2,6,19,B01
201800010286,0,34,000,00,2,1,01,A01
201800010287,0,34,000,00,2,1,01,B01
201800010287,0,07,000,00,2,2,10,A01
201800010288,0,33,000,00,2,1,01,B01
201800010288,0,07,000,00,2,1,05,A01
201800010289,0,07,000,00,2,2,01,B01
201800010289,0,99,000,00,2,8,19,A01
201800010290,0,07,000,00,2,6,15,A01
201800010290,0,33,000,00,2,1,01,B01
201800010291,0,10,000,00,2,1,01,A01
201800010291,0,07,000,11,0,4,01,B01
201800010292,1,17,000,00,2,6,01,C01
201800010292,1,07,000,00,2,2,01,B01
201800010292,1,07,000,00,2,3,13,A01
201800010293,0,07,000,00,1,1,00,A01
201800010294,1,10,000,00,2,1,02,A01
201800010294,0,17,000,00,2,4,02,B01
201800010295,1,07,000,00,2,1,05,A01
201800010295,1,07,000,00,2,1,00,B01
201800010296,0,07,000,00,2,4,02,B01
201800010296,0,07,000,00,2,1,02,A01
201800010297,2,33,000,00,2,1,17,A01
201800010297,1,07,000,00,6,1,00,B01
201800010298,0,02,000,00,2,1,01,B01
201800010298,0,07,000,00,2,7,15,A01
201800010299,0,07,000,00,2,2,16,B01
201800010299,0,33,000,00,2,1,18,A01
201800010300,0,01,000,00,2,4,01,B01
201800010300,0,07,000,00,2,1,14,A01
201800010301,0,34,000,00,2,1,17,B01
201800010301,0,07,000,00,2,6,01,C01
201800010301,0,10,000,00,2,1,09,A01
201800010302,2,07,000,03,0,1,13,A01
201800010303,0,02,000,13,0,0,01,A01
201800010304,0,07,000,00,2,2,01,B01
201800010304,0,07,000,08,2,8,11,A01
201800010305,0,07,000,08,2,1,17,A01
201800010305,0,07,000,00,2,3,15,B01
201800010306,0,07,000,01,1,5,00,A01
201800010307,0,07,000,00,1,2,01,A01
201800010308,0,07,000,00,2,1,01,A01
201800010308,0,07,000,00,0,0,00,B01
201800010309,0,07,000,00,2,4,01,B01
201800010309,0,17,000,00,2,1,02,A01
201800010310,0,07,000,00,1,3,01,A01
201800010311,0,07,000,00,2,3,15,B01
201800010311,0,33,000,00,2,1,17,A01
201800010312,0,07,000,00,2,1,01,A01
201800010312,0,07,000,00,2,4,01,B01
201800010313,1,07,000,00,1,3,09,A01
201800010314,1,99,000,00,2,3,13,A01
201800010314,1,01,000,00,2,2,00,B01
201800010315,1,07,000,00,2,7,17,B01
201800010315,1,07,000,00,2,8,13,A01
201800010316,0,07,000,01,0,3,13,A01
201800010317,0,07,000,00,1,3,01,A01
201800010318,1,02,000,00,2,1,01,B01
201800010318,1,07,000,00,2,1,15,A01
201800010319,0,07,000,00,2,1,06,A01
201800010319,0,07,000,00,2,3,01,B01
201800010320,1,07,000,00,1,1,15,A01
201800010321,0,07,000,00,2,6,23,C01
201800010321,0,07,000,00,2,5,23,B01
201800010321,0,07,000,00,2,1,03,A01
201800010321,,07,000,,,,,D01
201800010322,1,10,000,00,2,3,01,B01
201800010322,1,07,000,00,2,2,09,A01
201800010323,1,17,000,03,0,2,14,A01
201800010324,0,10,000,00,1,4,04,A01
201800010325,0,30,000,00,2,1,05,A01
201800010325,0,07,000,00,2,2,01,B01
201800010326,1,07,000,02,0,2,14,A01
201800010327,1,33,000,00,2,1,21,B01
201800010327,2,07,000,00,2,3,15,A01
201800010328,1,33,000,00,2,1,01,B01
201800010328,2,07,000,00,2,1,15,A01
201800010329,1,07,000,00,2,0,01,C01
201800010329,1,31,000,00,2,5,17,A01
201800010329,1,07,000,00,2,5,15,B01
201800010330,0,07,000,00,2,3,11,A01
201800010330,0,15,000,00,2,3,00,B01
201800010331,0,33,000,00,2,1,17,B01
201800010331,0,07,000,00,2,3,10,A01
201800010332,0,07,000,00,1,2,01,A01
201800010333,0,07,000,00,2,4,23,C01
201800010333,0,07,000,00,2,4,02,B01
201800010333,0,07,000,00,2,1,00,A01
201800010334,0,07,000,00,2,1,13,A01
201800010334,0,07,000,00,2,5,21,B01
201800010334,0,07,000,00,2,1,01,C01
201800010335,0,07,000,00,1,1,01,A01
201800010336,0,33,000,00,2,4,00,B01
201800010336,0,14,000,00,2,1,09,A01
201800010337,0,07,000,02,0,0,00,A01
201800010338,0,07,000,00,1,1,00,Z01
201800010339,1,07,000,00,2,1,01,B01
201800010339,1,07,000,00,2,3,15,A01
201800010340,0,07,000,00,0,0,00,B01
201800010340,1,07,000,00,2,1,02,A01
201800010341,1,01,000,01,0,1,00,A01
201800010342,1,07,000,00,2,3,01,C01
201800010342,2,07,000,01,2,2,01,A01
201800010343,1,07,000,16,0,9,01,A01
201800010344,0,07,000,00,0,7,01,A01
201800010345,1,07,000,00,1,2,01,A01
201800010346,0,07,000,13,0,3,01,A01
201800010347,0,07,000,00,2,1,01,C01
201800010347,0,07,000,00,2,1,02,A01
201800010347,0,07,000,00,2,6,00,B01
201800010348,0,07,000,00,1,1,01,A01
201800010349,0,07,000,00,2,3,05,A01
201800010349,0,07,000,00,2,8,01,B01
201800010349,0,07,000,00,2,8,01,C01
201800010350,0,07,000,00,1,2,01,A01
201800010351,0,07,000,00,2,1,01,C01
201800010351,0,07,000,00,2,8,01,B01
201800010351,0,07,000,00,2,1,13,A01
201800010352,0,31,000,00,2,1,01,B01
201800010352,0,07,000,00,2,3,09,A01
201800010353,0,07,000,00,2,2,13,A01
201800010353,0,10,000,00,2,1,01,B01
201800010354,0,01,000,00,2,1,15,A01
201800010354,0,03,000,00,2,1,01,B01
201800010355,0,07,000,00,2,0,00,A01
201800010355,0,01,000,00,2,4,01,B01
201800010356,0,07,000,13,0,3,13,A01
201800010357,0,07,000,00,2,1,01,C01
201800010357,0,07,000,00,2,1,01,B01
201800010357,0,07,000,00,2,1,13,A01
201800010358,0,07,000,00,2,3,13,A01
201800010358,0,31,000,00,2,3,01,B01
201800010359,0,07,000,00,1,1,01,A01
201800010360,0,07,000,00,1,3,01,A01
201800010361,1,07,000,00,1,2,01,A01
201800010362,1,07,000,00,2,2,15,A01
201800010362,2,30,000,00,2,1,01,B01
201800010362,1,07,000,14,0,3,01,C01
201800010363,1,07,000,00,0,4,01,B01
201800010363,1,07,000,00,2,1,01,Z01
201800010363,1,03,000,00,2,4,01,A01
201800010364,1,31,000,00,2,1,02,B01
201800010364,1,07,000,00,2,4,20,A01
201800010365,2,07,000,14,0,9,01,A01
201800010366,1,07,000,00,2,1,15,A01
201800010366,2,30,000,00,2,1,00,B01
201800010367,1,07,000,00,2,2,15,A01
201800010367,1,34,000,00,2,7,19,B01
201800010368,1,31,000,00,1,8,17,A01
201800010369,2,02,000,00,2,1,19,B01
201800010369,1,10,000,00,2,2,15,A01
201800010370,0,07,000,00,2,5,19,A01
201800010370,0,33,000,00,2,1,19,B01
201800010371,1,07,000,08,0,1,01,A01
201800010372,1,07,000,00,1,3,01,A01
201800010373,0,30,000,00,0,8,14,A01
201800010374,2,07,000,00,2,4,20,Z01
201800010374,1,30,000,00,2,1,01,A01
201800010375,1,07,000,00,1,3,16,A01
201800010376,0,07,000,00,2,1,09,A01
201800010376,0,07,000,10,2,8,01,B01
201800010377,0,07,000,00,2,3,19,A01
201800010377,0,31,000,00,2,1,17,B01
201800010378,0,07,000,00,2,1,01,A01
201800010378,0,07,000,00,0,8,01,B01
201800010379,0,07,000,00,2,1,02,A01
201800010379,0,07,000,00,2,4,02,B01
201800010379,0,07,000,00,2,4,00,C01
201800010380,0,07,000,00,2,6,23,B01
201800010380,0,33,000,00,2,1,01,A01
201800010381,0,10,000,00,2,3,02,A01
201800010381,0,10,000,00,2,5,02,B01
201800010382,0,10,000,00,2,0,09,Z01
201800010382,2,33,000,00,2,9,21,A01
201800010383,0,07,000,00,6,7,13,B01
201800010383,0,01,000,00,2,8,13,A01
201800010384,0,03,000,09,0,1,15,A01
201800010385,0,07,000,00,0,0,10,B01
201800010385,0,33,000,00,0,0,17,A01
201800010386,0,07,000,00,2,1,19,A01
201800010386,0,07,000,00,2,8,01,B01
201800010387,1,07,000,00,2,1,01,B01
201800010387,1,07,000,00,2,8,09,A01
201800010388,2,07,000,00,1,3,01,A01
201800010389,1,07,000,00,2,3,13,A01
201800010389,2,07,000,00,2,3,01,B01
201800010390,0,07,000,00,2,1,01,A01
201800010390,0,07,000,00,2,4,01,B01
201800010391,0,10,000,00,2,8,00,B01
201800010391,1,07,000,00,2,1,00,A01
201800010392,0,33,000,00,2,8,18,B01
201800010392,0,10,000,00,2,1,15,A01
201800010393,1,10,000,00,2,6,13,A01
201800010393,1,10,000,00,2,2,02,B01
201800010394,2,32,000,00,2,1,17,A01
201800010394,2,07,000,00,2,6,15,B01
201800010395,0,01,000,00,2,7,19,B01
201800010395,0,01,000,00,2,1,01,A01
201800010396,0,07,000,00,1,1,01,A01
201800010397,1,07,000,00,2,3,01,B01
201800010397,1,07,000,00,2,5,09,A01
201800010398,0,07,000,00,2,1,01,B01
201800010398,0,07,000,00,2,1,13,A01
201800010399,0,07,000,00,2,0,01,B01
201800010399,0,30,000,00,2,1,09,A01
201800010400,2,34,000,00,2,2,13,B01
201800010400,1,07,000,00,2,6,15,A01
201800010401,0,31,000,00,1,1,21,A01
201800010402,2,10,000,09,1,1,00,A01
201800010403,0,07,000,14,0,1,01,A01