Num_Acc,senc,catv,occutc,obs,obsm,choc,manv,num_veh
201800010404,2,33,000,00,2,1,21,A01
201800010404,1,07,000,00,2,3,01,B01
201800010405,0,07,000,00,2,2,00,B01
201800010405,0,07,000,00,2,3,00,A01
201800010406,0,07,000,00,2,2,19,A01
201800010406,0,07,000,00,2,7,01,B01
201800010407,0,30,000,00,2,1,17,A01
201800010407,0,07,000,00,2,3,15,B01
201800010408,0,30,000,00,2,0,02,B01
201800010408,0,07,000,00,2,1,02,A01
201800010409,0,07,000,00,2,4,23,B01
201800010409,0,07,000,00,2,1,00,A01
201800010409,0,07,000,00,2,4,16,C01
201800010410,1,07,000,00,2,2,09,A01
201800010410,1,07,000,00,2,3,01,B01
201800010411,2,07,000,00,2,6,15,A01
201800010411,2,10,000,00,2,2,01,B01
201800010412,1,07,000,00,2,3,02,A01
201800010412,1,07,000,00,6,4,23,B01
201800010413,1,07,000,01,2,1,13,A01
201800010413,1,17,000,00,2,4,24,B01
201800010414,0,07,000,00,2,7,19,A01
201800010414,0,07,000,00,2,1,01,B01
201800010415,1,99,000,00,1,0,00,A01
201800010416,1,03,000,00,0,0,00,A01
201800010417,2,07,000,00,2,1,13,A01
201800010417,1,02,000,00,2,1,01,B01
201800010418,1,33,000,00,2,1,00,B01
201800010418,0,07,000,00,2,5,09,A01
201800010419,0,07,000,03,0,1,14,A01
201800010420,1,07,000,00,2,2,09,A01
201800010420,1,33,000,00,2,5,01,B01
201800010421,1,07,000,00,2,1,15,B01
201800010421,1,32,000,00,2,1,14,A01
201800010422,2,07,000,00,2,1,05,A01
201800010422,2,07,000,00,2,8,01,C01
201800010422,2,07,000,00,2,1,11,B01
201800010423,0,07,000,00,6,5,01,B01
201800010423,1,01,000,00,2,1,01,A01
201800010424,0,07,000,14,0,1,17,A01
201800010424,0,07,000,00,0,0,00,B01
201800010425,0,07,000,00,2,3,01,B01
201800010425,0,07,000,00,2,3,13,A01
201800010426,1,07,000,00,2,3,15,A01
201800010426,2,07,000,00,2,1,01,B01
201800010427,1,07,000,00,2,1,19,A01
201800010427,0,10,000,00,2,1,01,B01
201800010428,2,15,000,00,6,5,01,B01
201800010428,2,15,000,00,2,3,21,A01
201800010429,2,07,000,14,0,1,01,A01
201800010429,2,07,000,00,2,4,23,B01
201800010430,1,33,000,00,2,7,01,B01
201800010430,1,07,000,00,2,3,09,A01
201800010431,0,10,000,00,1,1,00,A01
201800010432,0,07,000,00,1,1,00,A01
201800010433,1,07,000,00,1,2,01,A01
201800010434,2,07,000,15,2,7,15,A01
201800010434,2,07,000,00,2,1,01,B01
201800010435,1,07,000,02,0,4,00,A01
201800010436,0,07,000,00,1,1,01,A01
201800010437,1,10,000,00,1,1,00,A01
201800010438,1,33,000,00,2,8,09,B01
201800010438,1,10,000,00,2,5,09,A01
201800010439,1,07,000,00,2,3,13,A01
201800010439,0,10,000,00,2,3,01,B01
201800010440,1,07,000,00,2,3,15,A01
201800010440,1,07,000,00,2,2,01,B01
201800010441,2,34,000,00,1,3,01,A01
201800010442,2,07,000,02,9,7,01,A01
201800010443,1,07,000,02,0,2,01,A01
201800010444,0,30,000,00,2,8,17,A01
201800010444,0,07,000,00,2,8,01,B01
201800010445,2,07,000,03,2,2,01,A01
201800010445,2,07,000,03,0,6,01,B01
201800010446,1,07,000,00,1,3,01,A01
201800010447,2,10,000,03,0,2,01,A01
201800010448,1,07,000,00,2,2,17,A01
201800010448,1,07,000,00,2,6,01,B01
201800010449,2,07,000,00,2,2,13,A01
201800010449,2,17,000,00,0,6,01,B01
201800010450,2,07,000,00,2,2,17,A01
201800010450,2,17,000,00,0,6,01,B01
201800010451,2,07,000,04,0,3,01,A01
201800010452,1,07,000,07,0,2,01,A01
201800010453,1,07,000,04,0,3,01,A01
201800010454,2,07,000,02,0,1,16,A01
201800010455,2,07,000,03,0,1,01,A01
201800010456,2,38,004,00,0,5,09,B01
201800010456,2,31,000,00,2,3,09,A01
201800010457,2,07,000,00,0,4,01,B01
201800010457,2,10,000,00,2,1,02,A01
201800010458,2,17,000,01,0,2,01,A01
201800010458,2,07,000,00,0,6,24,B01
201800010459,1,07,000,00,2,1,02,A01
201800010459,1,07,000,00,0,4,02,B01
201800010460,2,07,000,00,2,1,02,D01
201800010460,2,07,000,00,2,4,02,B01
201800010460,2,07,000,00,0,4,02,E01
201800010460,2,07,000,00,2,1,02,C01
201800010460,2,07,000,00,2,1,02,A01
201800010461,2,17,000,00,0,6,01,B01
201800010461,2,10,000,00,2,2,00,A01
201800010462,2,07,000,00,2,4,02,C01
201800010462,2,07,000,00,2,0,02,D01
201800010462,2,07,000,00,2,1,02,B01
201800010462,2,07,000,00,0,4,01,G01
201800010462,2,07,000,00,0,4,02,E01
201800010462,2,07,000,00,2,1,02,F01
201800010462,2,07,000,00,2,1,02,A01
201800010463,2,07,000,00,0,1,02,A01
201800010464,1,07,000,00,2,1,13,A01
201800010464,2,07,000,00,2,1,01,B01
201800010465,2,33,000,00,0,9,02,A01
201800010466,1,31,000,00,2,7,01,B01
201800010466,2,10,000,00,2,2,15,A01
201800010467,1,07,000,00,0,2,15,A01
201800010467,2,33,000,00,2,1,01,B01
201800010468,1,33,000,12,0,1,01,A01
201800010469,2,07,000,13,0,2,01,A01
201800010470,1,10,000,03,0,2,01,A01
201800010471,2,10,000,03,0,8,01,A01
201800010472,1,38,017,02,0,7,01,A01
201800010473,2,17,000,00,2,4,01,B01
201800010473,2,17,000,00,2,1,17,A01
201800010474,2,07,000,06,0,1,14,A01
201800010475,2,07,000,03,0,2,00,A01
201800010476,1,07,000,11,0,2,14,A01
201800010477,1,07,000,13,0,3,01,A01
201800010478,1,33,000,00,0,1,14,A01
201800010479,1,07,000,00,2,2,17,A01
201800010479,1,15,000,00,0,6,01,B01
201800010480,2,07,000,04,0,1,01,A01
201800010481,0,02,000,09,0,8,01,A01
201800010482,2,10,000,00,2,7,01,A01
201800010482,1,32,000,00,2,1,19,B01
201800010483,2,01,000,00,2,4,02,B01
201800010483,2,07,000,00,2,2,01,A01
201800010484,1,34,000,08,2,1,17,B01
201800010484,1,07,000,08,0,6,15,A01
201800010485,1,07,000,13,0,9,01,A01
201800010486,2,07,000,00,0,2,01,A01
201800010487,1,07,000,00,0,0,01,A01
201800010488,2,07,000,04,0,2,15,A01
201800010489,2,10,000,01,0,2,01,B01
201800010489,2,10,000,01,0,2,01,C01
201800010489,2,10,000,04,0,3,01,A01
201800010490,2,17,000,14,0,1,01,A01
201800010490,2,07,000,00,2,5,00,B01
201800010490,1,07,000,00,2,1,01,C01
201800010491,1,07,000,13,0,2,14,A01
201800010492,1,17,000,03,0,8,09,A01
201800010493,1,07,000,13,0,1,14,A01
201800010494,1,17,000,00,2,4,02,B01
201800010494,1,17,000,00,2,1,02,A01
201800010494,1,17,000,00,2,4,02,C01
201800010495,2,17,000,00,2,3,01,B01
201800010495,1,13,000,00,2,8,13,A01
201800010496,2,17,000,00,0,0,13,A01
201800010496,2,07,000,00,0,2,14,B01
201800010497,2,07,000,14,0,2,02,C01
201800010497,2,07,000,00,2,2,02,A01
201800010497,2,07,000,00,0,4,02,B01
201800010498,1,13,000,00,2,1,01,B01
201800010498,2,07,000,00,2,1,13,A01
201800010499,0,07,000,00,2,3,01,B01
201800010499,0,36,000,00,2,8,19,A01
201800010500,1,07,000,02,0,1,00,A01
201800010501,2,15,000,00,2,3,13,A01
201800010501,1,07,000,00,2,3,01,B01
201800010501,1,07,000,00,2,1,21,C01
201800010502,1,07,000,00,2,3,13,A01
201800010502,1,07,000,00,2,3,01,B01
201800010503,1,07,000,13,0,7,01,A01
201800010504,1,07,000,06,2,3,01,B01
201800010504,1,07,000,07,2,1,19,A01
201800010505,2,07,000,00,2,1,13,A01
201800010505,1,07,000,00,2,3,01,B01
201800010506,1,33,000,00,2,1,11,A01
201800010506,1,21,000,00,2,6,15,B01
201800010507,1,07,000,00,2,1,02,A01
201800010507,1,10,000,00,0,4,15,B01
201800010508,2,02,000,00,2,1,01,A01
201800010508,1,07,000,00,2,7,15,B01
201800010509,1,01,000,00,2,1,17,A01
201800010509,1,07,000,00,0,8,10,B01
201800010510,2,07,000,00,1,2,01,A01
201800010511,2,07,000,00,1,1,01,A01
201800010512,1,07,000,00,2,1,01,A01
201800010512,1,07,000,00,0,4,01,B01
201800010513,1,02,000,00,2,1,01,B01
201800010513,2,07,000,00,2,7,16,A01
201800010514,1,33,000,00,2,8,01,A01
201800010514,2,17,000,00,0,8,06,B01
201800010515,1,07,000,08,0,1,14,A01
201800010516,2,07,000,00,0,7,00,A01
201800010516,0,14,000,00,2,1,00,B01
201800010517,2,07,000,00,0,9,01,A01
201800010518,2,07,000,11,0,1,00,A01
201800010519,2,07,000,00,2,2,01,B01
201800010519,1,07,000,14,2,3,01,A01
201800010520,0,02,000,00,0,0,01,A01
201800010520,0,07,000,00,0,0,02,B01
201800010521,0,07,000,09,0,3,00,A01
201800010522,0,07,000,08,0,2,17,A01
201800010523,1,07,000,00,1,1,11,A01
201800010524,2,33,000,00,0,0,00,A01
201800010525,1,07,000,00,2,1,01,A01
201800010525,2,15,000,00,2,1,01,B01
201800010526,2,07,000,01,0,1,01,A01
201800010527,2,07,000,00,1,3,07,A01
201800010528,2,30,000,00,2,1,01,A01
201800010528,0,07,000,00,2,7,01,B01
201800010529,0,01,000,00,0,0,21,B01
201800010529,0,13,000,00,9,5,01,C01
201800010530,2,07,000,00,2,1,01,A01
201800010530,0,01,000,00,2,7,19,B01
201800010531,1,07,000,00,2,2,01,A01
201800010531,1,32,000,00,2,8,16,B01
201800010532,1,07,000,00,2,2,01,A01
201800010532,2,33,000,00,2,1,05,B01
201800010533,1,07,000,00,1,1,19,A01
201800010534,0,07,000,00,2,3,19,B01
201800010534,0,33,000,00,2,7,01,A01
201800010535,1,32,000,00,2,1,00,B01
201800010535,1,07,000,00,2,2,15,A01
201800010536,0,07,000,00,2,3,00,B01
201800010536,0,31,000,00,2,3,00,A01
201800010537,1,07,000,00,1,1,01,A01
201800010538,1,33,000,00,2,8,01,A01
201800010538,0,07,000,00,2,3,01,B01
201800010539,0,01,000,01,0,0,00,A01
201800010539,0,10,000,00,2,3,24,B01
201800010540,0,13,000,03,0,2,09,A01
201800010541,1,07,000,00,2,6,10,A01
201800010541,1,30,000,00,2,1,01,B01
201800010542,0,07,000,00,1,1,01,A01
201800010543,0,01,000,00,2,1,05,A01
201800010543,0,07,000,00,2,1,01,B01
201800010544,0,07,000,00,2,4,01,A01
201800010544,0,07,000,00,2,1,02,C01
201800010544,0,07,000,00,2,2,01,B01
201800010545,1,07,000,00,2,1,01,B01
201800010545,2,07,000,00,2,1,02,A01
201800010546,1,07,000,06,0,1,01,A01
201800010547,0,07,000,00,2,1,02,A01
201800010547,0,07,000,00,2,4,02,D01
201800010547,0,07,000,00,2,4,02,C01
201800010547,1,07,000,00,2,4,02,B01
201800010548,0,07,000,00,2,4,01,A01
201800010548,0,07,000,00,2,1,01,B01
201800010549,0,33,000,00,2,1,01,A01
201800010549,1,10,000,00,2,4,01,B01
201800010550,0,10,000,00,2,3,15,A01
201800010550,0,30,000,00,2,8,01,B01
201800010551,0,30,000,00,2,1,05,A01
201800010551,1,07,000,00,2,1,01,B01
201800010552,1,07,000,00,2,1,02,X01
201800010552,2,01,000,00,2,4,02,A01
201800010553,1,07,000,,1,,,A01
201800010554,2,01,000,00,2,1,02,B01
201800010554,0,07,000,00,2,4,04,A01
201800010555,1,01,000,00,2,4,02,B01
201800010555,1,07,000,00,2,3,15,A01
201800010556,1,31,000,,,,,B01
201800010556,1,07,000,,,,,A01
201800010557,2,33,000,06,0,1,01,A01
201800010558,1,07,000,00,1,1,01,A01
201800010559,0,07,000,02,0,1,01,A01
201800010560,0,33,000,00,6,0,00,A01
201800010561,1,07,000,00,1,3,15,A01
201800010562,0,01,000,00,2,1,01,B01
201800010562,0,07,000,00,2,2,15,A01
201800010563,0,01,000,00,2,1,01,B01
201800010563,0,07,000,00,2,2,09,A01
201800010564,1,07,000,00,1,1,01,A01
201800010565,1,07,000,00,1,1,01,A01
201800010566,1,02,000,,,,,B01
201800010566,1,07,000,,,,,A01
201800010567,0,07,000,00,2,1,09,B01
201800010567,0,07,000,00,2,1,02,A01
201800010568,0,07,000,00,2,3,01,B01
201800010568,0,01,000,00,2,3,19,A01
201800010569,1,07,000,09,0,9,01,A01
201800010570,1,07,000,00,1,1,02,A01
201800010571,1,02,000,00,2,1,02,A01
201800010571,1,07,000,00,2,4,01,B01
201800010572,1,33,000,00,2,1,01,B01
201800010572,0,07,000,00,2,8,15,A01
201800010573,1,31,000,00,2,1,01,B01
201800010573,1,07,000,00,2,1,15,A01
201800010574,0,07,000,00,2,1,17,A01
201800010574,0,37,001,00,2,1,01,B01
201800010575,0,37,001,00,2,2,15,A01
201800010575,0,01,000,00,2,1,01,B01
201800010576,0,07,000,00,1,2,01,A01
201800010577,0,01,000,00,2,1,05,B01
201800010577,1,07,000,00,2,2,09,A01
201800010578,1,07,000,00,1,1,01,A01
201800010579,0,37,009,00,1,1,01,A01
201800010580,0,07,000,00,2,7,10,A01
201800010580,0,07,000,00,2,1,01,B01
201800010581,0,32,000,00,2,7,02,B01
201800010581,0,07,000,00,2,6,17,A01
201800010582,0,33,000,00,2,1,02,B01
201800010582,0,07,000,00,2,8,10,A01
201800010583,0,07,000,00,2,8,16,A01
201800010583,0,01,000,00,2,2,02,B01
201800010584,0,10,000,00,0,0,01,A01
201800010585,0,33,000,00,2,7,02,B01
201800010585,0,07,000,00,2,1,09,A01
201800010586,1,10,000,00,1,1,01,A01
201800010587,0,07,000,00,2,1,01,A01
201800010587,1,07,000,00,2,4,02,B01
201800010588,1,07,000,00,2,1,16,A01
201800010588,1,01,000,00,2,1,01,B01
201800010589,0,07,000,00,2,1,01,A01
201800010589,0,07,000,00,2,1,01,B01
201800010590,,07,000,,,,,A01
201800010591,,07,000,,,,,A01
201800010591,,31,000,,,,,B01
201800010592,0,34,000,00,2,1,00,B01
201800010592,0,07,000,00,2,3,15,A01
201800010593,2,07,000,00,2,2,01,A01
201800010593,0,07,000,00,2,3,16,B01
201800010594,2,07,000,13,0,1,21,A01
201800010595,2,33,000,00,2,1,01,B01
201800010595,1,07,000,00,2,7,15,A01
201800010596,1,07,000,00,2,7,17,A01
201800010596,1,31,000,00,2,8,01,B01
201800010597,1,14,000,00,1,1,01,A01
201800010598,1,07,000,00,1,4,20,A01
201800010599,0,34,000,00,0,7,01,A01
201800010600,1,07,000,06,0,3,01,A01
201800010601,1,07,000,02,0,3,01,A01
201800010602,0,01,000,00,2,2,01,B01
201800010602,1,03,000,00,2,1,09,A01
201800010603,2,33,000,03,0,1,00,A01
201800010604,0,02,000,06,0,2,01,A01
201800010605,2,01,000,00,0,0,01,A01
201800010605,1,07,000,00,0,0,01,B01
201800010606,0,31,000,00,0,0,00,A01
201800010607,2,07,000,00,2,1,13,A01
201800010607,1,07,000,01,2,1,01,B01
201800010608,1,07,000,00,1,3,10,A01
201800010609,2,03,000,00,1,2,01,A01
201800010610,1,07,000,00,2,1,01,B01
201800010610,0,33,000,00,2,8,19,A01
201800010611,1,07,000,00,2,7,13,A01
201800010611,2,07,000,00,2,1,01,B01
201800010612,2,07,000,13,0,3,01,A01
201800010613,0,02,000,04,0,7,01,A01
201800010614,2,07,000,00,2,2,15,A01
201800010614,1,33,000,00,2,1,01,B01
201800010615,0,07,000,00,0,0,00,A01
201800010616,0,07,000,00,9,2,21,A01
201800010616,0,01,000,00,2,0,19,B01
201800010617,0,31,000,13,0,3,01,A01
201800010618,2,07,000,13,6,1,21,A01
201800010619,2,07,000,00,2,1,16,A01
201800010619,2,01,000,00,2,4,01,B01
201800010620,1,07,000,00,2,2,01,B01
201800010620,2,02,000,00,2,2,15,A01
201800010621,0,17,000,02,0,1,00,A01
201800010622,1,07,000,02,0,1,13,A01
201800010623,1,07,000,00,2,1,05,A01
201800010623,2,15,000,00,2,1,01,B01
201800010624,2,01,000,01,0,0,01,B01
201800010624,2,07,000,00,0,0,22,A01
201800010625,1,33,000,00,0,0,01,A01
201800010626,0,07,000,00,2,2,17,B01
201800010626,0,03,000,00,0,6,01,A01
201800010627,0,99,000,00,2,0,01,A01
201800010628,0,07,000,00,1,2,01,A01
201800010629,0,01,000,00,2,7,15,B01
201800010629,0,07,000,00,9,1,01,A01
201800010630,0,15,000,13,2,2,01,A01
201800010630,0,07,000,00,2,1,15,B01
201800010631,2,07,000,00,2,1,01,B01
201800010631,1,15,000,00,2,6,02,C01
201800010631,1,07,000,00,2,1,17,A01
201800010632,0,07,000,13,0,1,00,A01
201800010633,0,07,000,00,2,3,00,B01
201800010633,0,07,000,00,2,3,11,A01
201800010634,1,07,000,03,2,4,17,D01
201800010634,1,07,000,00,2,1,17,E01
201800010634,1,07,000,00,0,4,17,A01
201800010634,1,10,000,00,2,3,17,B01
201800010634,1,07,000,00,2,1,17,C01
201800010635,2,07,000,11,2,1,01,A01
201800010635,1,07,000,00,2,3,01,B01
201800010636,2,33,000,13,0,8,01,A01
201800010637,0,01,000,00,0,0,01,A01
201800010638,0,33,000,00,0,8,01,A01
201800010639,2,07,000,00,2,3,15,A01
201800010639,2,33,000,00,2,1,01,B01
201800010640,1,07,000,00,1,3,20,A01
201800010641,1,07,000,03,0,2,13,A01
201800010642,0,07,000,00,1,8,01,A01
201800010643,2,07,000,00,1,2,01,A01
201800010644,1,07,000,00,2,1,01,B01
201800010644,2,07,000,00,2,6,01,A01
201800010645,0,07,000,00,1,6,04,A01
201800010646,1,33,000,08,0,7,01,A01
201800010647,0,01,000,00,2,1,15,A01
201800010647,0,07,000,12,9,7,01,B01
201800010648,1,07,000,00,2,3,01,B01
201800010648,2,07,000,00,2,3,01,A01
201800010649,1,33,000,00,0,1,13,A01
201800010650,0,33,000,00,0,3,01,A01
201800010651,2,33,000,14,0,1,01,A01
201800010652,1,33,000,00,2,1,01,B01
201800010652,1,07,000,00,2,2,13,A01
201800010653,1,38,040,06,0,1,01,A01
201800010654,1,33,000,00,2,1,13,A01
201800010654,2,33,000,00,2,1,01,B01
201800010655,2,07,000,00,2,3,13,B01
201800010655,1,07,000,00,2,3,13,A01
201800010656,1,07,000,00,2,3,05,A01
201800010656,2,07,000,00,2,3,01,B01
201800010657,0,14,000,00,1,3,01,A01
201800010658,0,07,000,03,0,3,01,A01
201800010659,2,33,000,00,6,1,02,B01
201800010659,2,33,000,00,6,2,02,A01
201800010660,1,33,000,00,2,2,02,B01
201800010660,1,07,000,00,2,6,02,A01
201800010661,0,07,000,00,2,3,01,B01
201800010661,0,07,000,00,2,3,13,A01
201800010662,0,01,000,00,5,7,01,A01
201800010663,2,07,000,00,0,4,23,B01
201800010663,2,07,000,00,2,1,01,A01
201800010664,0,02,000,00,2,1,17,A01
201800010664,0,07,000,00,0,8,15,B01
201800010665,1,33,000,00,0,2,01,A01
201800010666,0,33,000,00,2,8,01,A01
201800010667,2,07,000,01,9,1,13,A01
201800010667,0,01,000,00,0,1,00,B01
201800010668,0,07,000,00,1,3,01,A01
201800010669,2,07,000,00,0,0,01,A01
201800010670,1,10,000,00,1,2,02,A01
201800010671,2,07,000,00,2,1,01,B01
201800010671,1,07,000,00,2,1,13,A01
201800010672,1,07,000,00,2,1,01,A01
201800010672,2,07,000,00,2,1,05,B01
201800010673,0,01,000,01,0,1,00,A01
201800010674,1,33,000,12,0,0,01,A01
201800010675,1,07,000,00,1,1,21,A01
201800010676,0,07,000,00,0,5,02,B01
201800010676,2,33,000,00,2,1,02,A01
201800010677,1,07,000,00,2,1,01,A01
201800010677,2,07,000,00,2,1,13,B01
201800010678,2,02,000,00,0,2,01,A01
201800010679,1,15,000,00,2,8,15,A01
201800010679,2,07,000,00,2,1,01,B01
201800010680,2,02,000,01,2,5,17,B01
201800010680,2,07,000,00,2,3,15,A01
201800010681,1,07,000,00,0,1,01,A01
201800010682,1,07,000,07,0,9,01,A01
201800010683,2,21,000,00,2,2,15,A01
201800010683,2,07,000,00,2,2,17,B01
201800010684,1,07,000,15,0,1,14,A01
201800010685,1,07,000,00,2,4,23,B01
201800010685,1,07,000,00,2,1,02,A01
201800010685,1,07,000,00,0,6,23,C01
201800010686,2,33,000,00,2,1,01,B01
201800010686,1,10,000,00,2,5,15,A01
201800010687,1,07,000,00,2,1,01,B01
201800010687,2,07,000,00,2,1,13,A01
201800010688,1,07,000,00,1,1,01,A01
201800010689,1,01,000,00,2,6,01,B01
201800010689,2,07,000,00,2,2,01,A01
201800010690,2,07,000,00,2,4,23,B01
201800010690,2,07,000,00,2,1,23,C01
201800010690,2,07,000,00,2,4,23,A01
201800010691,1,33,000,00,6,1,01,A01
201800010692,2,07,000,00,2,1,13,A01
201800010692,1,07,000,00,2,1,01,B01
201800010693,2,07,000,00,2,1,01,A01
201800010693,1,33,000,00,2,1,13,B01
201800010693,1,33,000,00,2,1,00,C01
201800010694,1,33,000,00,0,8,00,A01
201800010695,1,07,000,00,1,3,15,A01
201800010696,1,01,000,00,2,2,02,B01
201800010696,1,07,000,00,2,3,09,A01
201800010697,0,07,000,00,1,3,01,A01
201800010698,0,01,000,01,0,1,01,B01
201800010698,0,20,000,00,9,7,23,A01
201800010699,2,07,000,00,2,3,15,A01
201800010699,1,33,000,00,2,1,01,B01
201800010700,2,21,000,01,1,1,02,B01
201800010701,1,07,000,13,2,2,01,A01
201800010702,0,07,000,15,0,2,16,A01
201800010703,2,07,000,00,2,2,23,B01
201800010703,1,07,000,00,2,2,23,A01
201800010704,2,10,000,00,1,1,01,A01
201800010705,2,07,000,00,2,1,13,B01
201800010705,1,10,000,00,2,3,13,A01
201800010706,0,07,000,13,0,2,01,A01
201800010707,1,07,000,00,2,3,15,A01
201800010707,1,01,000,00,2,1,01,B01
201800010708,1,07,000,00,0,1,00,A01
201800010709,1,07,000,05,0,1,01,A01
201800010710,2,07,000,00,2,1,19,A01
201800010710,1,02,000,00,2,8,01,B01
201800010711,1,02,000,00,0,7,01,A01
201800010712,2,07,000,00,2,1,01,B01
201800010712,1,07,000,00,2,1,13,A01
201800010713,1,38,001,00,2,1,01,B01
201800010713,2,07,000,00,2,1,00,A01
201800010714,1,33,000,08,0,2,01,A01
201800010715,1,02,000,00,0,0,00,A01
201800010716,1,07,000,00,0,1,01,A01
201800010717,1,07,000,00,2,1,01,C01
201800010717,2,07,000,00,2,1,01,B01
201800010717,1,07,000,00,2,3,01,A01
201800010718,0,07,000,00,1,2,00,A01
201800010719,1,33,000,12,0,7,02,A01
201800010720,0,37,015,00,1,6,00,A01
201800010721,1,07,000,13,2,3,01,B01
201800010721,2,07,000,13,2,3,13,A01
201800010722,1,07,000,00,9,7,02,A01
201800010722,1,01,000,00,0,8,15,B01
201800010723,1,07,000,00,2,1,01,A01
201800010723,1,07,000,00,2,2,01,B01
201800010724,1,33,000,08,0,1,00,A01
201800010725,1,33,000,00,2,9,17,B01
201800010725,1,10,000,00,2,6,15,A01
201800010726,1,33,000,00,2,1,01,A01
201800010726,2,07,000,00,2,6,09,B01
201800010727,0,07,000,00,1,8,15,A01
201800010728,1,07,000,13,0,2,13,A01
201800010729,2,02,000,00,2,1,05,A01
201800010729,1,20,000,00,2,3,05,B01
201800010730,0,07,000,02,0,1,01,A01
201800010731,2,99,000,00,1,0,01,A01
201800010732,2,07,000,00,0,1,01,A01
201800010733,2,07,000,00,0,9,17,A01
201800010734,1,07,000,00,0,5,19,A02
201800010734,1,07,000,00,2,1,01,B01
201800010735,1,07,000,02,0,3,01,A01
201800010736,1,07,000,00,0,1,00,A01
201800010737,1,07,000,02,0,3,01,A01
201800010738,2,33,000,00,0,1,01,A01
201800010739,1,07,000,00,1,6,13,A01
201800010740,1,07,000,07,2,3,13,A01
201800010740,2,07,000,07,2,9,01,B01
201800010741,1,17,000,00,2,3,01,C01
201800010741,1,07,000,03,2,3,01,B01
201800010741,2,07,000,00,2,3,13,A01
201800010742,1,07,000,00,9,6,00,A01
201800010742,1,01,000,00,2,7,01,B01
201800010743,2,07,000,08,0,1,01,A01
201800010744,1,07,000,13,0,7,01,A01
201800010745,0,07,000,12,0,1,00,A01
201800010746,1,07,000,00,2,2,01,B01
201800010746,1,07,000,00,2,3,01,A01
201800010747,1,01,000,00,0,0,00,A01
201800010748,1,33,000,16,0,1,01,A01
201800010749,0,07,000,00,1,2,01,A01
201800010750,1,07,000,08,0,1,00,A01
201800010751,0,07,000,00,0,9,00,A01
201800010752,0,17,000,12,0,0,01,A01
201800010753,1,07,000,00,1,2,02,A01
201800010754,1,07,000,00,9,2,02,A01
201800010754,1,01,000,00,0,4,02,B01
201800010755,1,07,000,02,0,1,15,A01
201800010756,1,07,000,07,0,1,01,A01
201800010757,1,31,000,15,0,1,15,A01
201800010758,0,07,000,00,0,1,13,A01
201800010759,0,07,000,00,1,2,14,A01
201800010760,0,03,000,06,0,3,10,A01
201800010761,0,07,000,00,2,3,17,A01
201800010761,0,02,000,00,2,8,01,B01
201800010762,1,07,000,00,2,3,01,B01
201800010762,2,07,000,00,2,1,01,A01
201800010763,2,07,000,13,0,9,13,A01
201800010764,2,07,000,06,0,1,14,A01
201800010765,1,07,000,00,1,1,09,A01
201800010766,2,30,000,00,0,8,21,A01
201800010767,1,07,000,00,1,3,23,B01
201800010767,1,07,000,00,2,1,02,A01
201800010768,0,02,000,13,2,7,02,A01
201800010768,0,07,000,00,2,8,18,Z01
201800010769,1,07,000,00,2,2,17,A01
201800010769,1,01,000,00,2,4,01,B01
201800010770,0,07,000,00,2,1,16,B01
201800010770,2,30,000,00,2,4,15,A01
201800010771,2,07,000,09,0,1,00,A01
201800010772,1,34,000,00,0,7,00,A01
201800010773,0,32,000,00,0,0,13,A01
201800010774,0,01,000,00,2,3,01,B01
201800010774,0,07,000,00,0,2,16,A01
201800010775,1,32,000,00,0,7,00,A01
201800010776,0,07,000,12,0,2,00,A01
201800010777,1,99,000,00,1,7,19,A01
201800010778,0,07,000,00,6,1,00,A01
201800010778,0,01,000,14,0,4,19,B01
201800010779,0,30,000,08,0,1,13,A01
201800010780,1,33,000,00,2,0,00,T01
201800010780,1,33,000,00,2,6,00,B01
201800010780,2,07,000,00,2,2,00,A01
201800010781,0,07,000,00,2,8,15,A01
201800010781,0,02,000,00,2,3,16,B01
201800010782,2,07,000,13,9,3,01,A01
201800010782,2,01,000,00,2,7,01,B01
201800010783,1,01,000,00,0,1,01,A01
201800010783,1,01,000,00,0,4,01,B01
201800010784,1,21,000,00,0,0,15,B01
201800010784,1,07,000,00,2,3,02,A01
201800010785,2,02,000,02,0,1,01,A01
201800010786,0,01,000,,,,,A01
201800010787,0,01,000,,,,,A01
201800010788,1,07,000,00,0,1,00,A01
201800010789,0,02,000,09,0,1,01,A01
201800010790,2,07,000,00,2,3,01,A01
201800010790,1,07,000,00,2,3,01,B01
201800010791,2,17,000,00,0,4,23,A01
201800010791,2,07,000,01,2,1,24,B01
201800010792,2,33,000,03,0,8,16,A01
201800010793,1,07,000,00,0,1,14,A01
201800010794,1,32,000,00,0,0,01,A01
201800010795,1,07,000,00,2,1,01,A01
201800010795,1,07,000,00,2,4,01,B01
201800010795,2,07,000,00,2,2,01,C01
201800010796,2,33,000,00,0,0,01,A01
201800010797,2,07,000,00,2,3,13,A01
201800010797,1,07,000,00,2,3,01,B01
201800010798,1,07,000,06,0,2,01,A01
201800010799,2,07,000,00,2,3,01,B01
201800010799,1,07,000,00,2,3,01,A01
201800010800,1,33,000,00,0,0,17,A01
201800010801,1,07,000,08,0,1,21,A01
201800010802,2,07,000,08,0,9,01,A01
201800010803,1,07,000,13,2,1,13,A01
201800010804,1,07,000,13,0,2,01,A01
201800010805,2,33,000,13,0,9,01,A01