Num_Acc,senc,catv,occutc,obs,obsm,choc,manv,num_veh
201800012017,1,02,000,00,6,1,01,A01
201800012018,1,01,000,00,2,6,01,B01
201800012018,1,10,000,00,2,7,02,A01
201800012019,1,10,000,00,2,3,09,A01
201800012019,2,02,000,00,2,9,01,B01
201800012020,1,99,000,00,2,1,13,B01
201800012020,1,10,000,13,0,1,01,C01
201800012020,2,07,000,00,2,1,13,A01
201800012021,0,07,000,02,0,9,00,A01
201800012022,1,02,000,00,2,8,01,B01
201800012022,0,07,000,00,2,1,19,A01
201800012023,2,07,000,00,1,2,01,A01
201800012024,1,07,000,00,2,3,01,B01
201800012024,2,07,000,00,2,3,13,A01
201800012025,2,02,000,00,2,8,01,A01
201800012025,1,07,000,00,2,7,15,B01
201800012026,1,07,000,00,2,1,01,A01
201800012026,0,07,000,07,0,8,19,B01
201800012027,1,07,000,00,2,1,01,D01
201800012027,2,07,000,00,2,8,13,C01
201800012027,1,07,000,00,2,8,01,A01
201800012028,2,07,000,13,0,3,01,A01
201800012029,1,07,000,00,2,1,01,B01
201800012029,2,07,000,00,2,1,13,A01
201800012030,2,07,000,02,0,2,01,A01
201800012031,2,07,000,00,2,1,01,A01
201800012031,2,07,000,00,2,4,09,B01
201800012032,2,07,000,13,0,3,14,A01
201800012033,1,07,000,00,2,1,13,A01
201800012033,2,07,000,00,2,1,01,B01
201800012034,0,07,000,00,1,4,20,A01
201800012035,0,07,000,00,2,3,01,A01
201800012035,0,07,000,00,2,8,19,B01
201800012036,1,33,000,15,0,9,01,A01
201800012037,1,07,000,00,2,1,15,A01
201800012037,2,01,000,00,2,8,01,B01
201800012038,1,07,000,00,2,1,17,A01
201800012038,2,07,000,00,2,1,01,B01
201800012039,2,07,000,00,2,1,01,B01
201800012039,1,07,000,00,0,7,19,A01
201800012040,1,07,000,02,0,1,14,A01
201800012041,1,31,000,15,0,0,01,A01
201800012042,2,33,000,00,0,8,01,A01
201800012043,1,33,000,00,2,1,13,A01
201800012043,2,07,000,00,2,2,01,B01
201800012044,1,02,000,00,0,3,01,A01
201800012045,0,31,000,00,2,1,13,A01
201800012045,0,07,000,00,2,1,01,B01
201800012046,0,10,000,02,0,1,21,A01
201800012047,1,07,000,00,1,7,15,A01
201800012048,2,32,000,00,0,2,00,A01
201800012049,1,02,000,06,0,0,00,A01
201800012050,2,33,000,00,2,1,01,A01
201800012050,1,07,000,00,2,1,01,B01
201800012051,0,07,000,15,0,8,01,B01
201800012051,1,07,000,06,2,1,01,A01
201800012052,2,07,000,00,2,3,01,B01
201800012052,1,02,000,00,2,1,01,A01
201800012053,2,02,000,00,2,3,15,A01
201800012053,2,07,000,00,2,2,17,B01
201800012054,2,07,000,16,0,9,01,A01
201800012055,1,07,000,13,0,1,01,A01
201800012056,0,15,000,00,1,2,01,A01
201800012057,2,07,000,00,0,9,00,B01
201800012057,1,02,000,00,0,9,14,A01
201800012058,2,07,000,00,2,2,01,B01
201800012058,0,21,000,00,2,1,01,A01
201800012059,2,02,000,00,0,0,01,A01
201800012060,1,15,000,00,2,8,01,B01
201800012060,2,07,000,00,2,3,00,A01
201800012061,0,01,000,16,0,0,01,A01
201800012062,2,07,000,00,2,3,19,A01
201800012062,2,07,000,00,2,2,19,B01
201800012063,2,07,000,02,0,2,01,A01
201800012064,2,10,000,02,0,3,13,A01
201800012065,1,07,000,00,2,8,13,B01
201800012065,2,33,000,00,2,8,13,A01
201800012066,1,07,000,00,2,1,01,A01
201800012066,2,10,000,00,2,3,01,B01
201800012067,2,07,000,15,0,2,14,A01
201800012068,1,07,000,13,0,3,13,A01
201800012069,1,17,000,00,2,1,01,B01
201800012069,2,07,000,13,2,4,13,A01
201800012070,0,07,000,16,0,4,04,A01
201800012071,1,07,000,00,0,4,01,B01
201800012071,1,07,000,00,2,1,02,A01
201800012072,0,01,000,00,2,1,01,A01
201800012072,0,07,000,00,9,6,01,B01
201800012073,1,07,000,02,0,1,01,A01
201800012074,1,07,000,00,2,1,01,A01
201800012074,1,07,000,00,2,8,19,B01
201800012075,2,07,000,00,2,1,13,A01
201800012075,1,07,000,00,2,1,01,B01
201800012076,1,07,000,00,0,5,19,A01
201800012076,1,33,000,00,2,1,01,B01
201800012077,2,07,000,00,2,1,05,A01
201800012077,1,07,000,00,2,1,01,B01
201800012078,1,07,000,12,2,1,01,A01
201800012078,2,07,000,00,2,1,01,B01
201800012079,1,07,000,00,2,2,09,A01
201800012079,1,07,000,00,2,3,02,B01
201800012080,2,21,000,00,2,6,15,A01
201800012080,1,07,000,00,2,1,01,B01
201800012081,1,33,000,12,2,1,01,B01
201800012081,2,07,000,00,2,1,15,A01
201800012082,1,33,000,00,2,6,15,B01
201800012082,2,07,000,00,2,1,15,A01
201800012083,2,07,000,00,2,2,19,A01
201800012083,1,07,000,00,2,3,23,C01
201800012083,1,33,000,00,2,1,01,B01
201800012084,1,07,000,03,2,3,13,A01
201800012084,2,17,000,00,2,3,21,B01
201800012085,2,07,000,00,2,3,01,B01
201800012085,1,07,000,00,2,3,01,A01
201800012086,2,14,000,16,0,8,01,A01
201800012087,2,07,000,13,0,2,18,A01
201800012088,1,07,000,00,2,3,15,A01
201800012088,1,33,000,00,2,1,01,B01
201800012089,2,07,000,02,0,3,00,A01
201800012090,0,07,000,00,2,3,01,B01
201800012090,0,07,000,00,2,3,15,A01
201800012091,1,07,000,00,2,3,13,A01
201800012091,2,07,000,00,2,3,00,B01
201800012092,1,07,000,00,1,1,00,A01
201800012093,2,07,000,00,2,1,17,A01
201800012093,2,21,000,00,0,4,00,B01
201800012094,0,36,000,13,0,1,14,A01
201800012095,1,07,000,00,1,1,01,A01
201800012096,2,07,000,00,0,3,19,A01
201800012096,1,07,000,00,2,1,01,B01
201800012097,2,15,000,00,2,3,01,B01
201800012097,2,07,000,00,2,3,13,A01
201800012098,2,07,000,00,0,8,19,A01
201800012098,1,07,000,00,2,1,01,B01
201800012099,1,07,000,00,2,2,01,B01
201800012099,2,07,000,00,2,2,13,A01
201800012100,2,33,000,10,0,1,01,A01
201800012101,2,17,000,00,1,2,01,A01
201800012102,1,07,000,06,0,1,13,A01
201800012103,1,07,000,02,0,7,13,A01
201800012104,1,07,000,00,2,3,01,B01
201800012104,2,07,000,00,2,1,13,A01
201800012105,2,07,000,00,2,6,01,B01
201800012105,1,07,000,00,2,2,00,A01
201800012106,1,07,000,00,2,3,01,B01
201800012106,1,07,000,00,2,2,15,A01
201800012107,1,31,000,00,2,1,01,A01
201800012107,2,07,000,00,2,2,01,B01
201800012108,1,07,000,02,0,3,13,A01
201800012109,1,07,000,02,0,3,06,A01
201800012110,1,07,000,02,0,3,21,A01
201800012111,2,07,000,06,0,4,01,A01
201800012112,2,07,000,10,0,1,01,A01
201800012113,1,07,000,13,0,3,01,A01
201800012114,1,07,000,13,0,9,01,A01
201800012115,1,33,000,00,2,7,01,A01
201800012115,2,07,000,00,2,1,01,B01
201800012116,2,07,000,02,0,1,01,A01
201800012117,2,07,000,00,2,5,15,A01
201800012117,1,31,000,00,2,1,01,B01
201800012118,2,33,000,00,6,1,01,A01
201800012119,2,07,000,06,0,1,01,A01
201800012120,1,33,000,00,0,7,01,A01
201800012121,1,07,000,02,0,1,01,A01
201800012122,2,07,000,01,0,3,01,A01
201800012123,1,07,000,00,1,3,01,A01
201800012124,1,07,000,06,0,1,00,A01
201800012125,0,07,000,13,0,1,01,A01
201800012126,2,07,000,00,2,3,01,A01
201800012126,1,15,000,00,2,3,01,B01
201800012127,1,17,000,00,2,2,01,B01
201800012127,2,07,000,00,2,1,19,A01
201800012128,1,07,000,02,2,3,17,A01
201800012128,2,07,000,00,2,3,01,B01
201800012129,2,07,000,02,0,7,01,A01
201800012130,1,07,000,13,0,9,01,A01
201800012131,0,07,000,13,0,3,01,A01
201800012132,2,01,000,00,0,0,01,A01
201800012133,1,07,000,13,0,2,01,A01
201800012134,2,07,000,00,0,2,02,A01
201800012135,0,07,000,13,0,2,01,A01
201800012136,2,07,000,13,0,1,01,A01
201800012137,2,07,000,00,2,2,09,A01
201800012137,2,01,000,00,2,5,01,B01
201800012138,0,01,000,00,5,1,01,A01
201800012139,1,07,000,00,0,6,00,C01
201800012139,2,02,000,00,2,1,02,B01
201800012139,2,07,000,00,2,2,00,A01
201800012140,1,07,000,00,2,1,09,A01
201800012140,1,01,000,00,2,7,01,B01
201800012141,2,07,000,00,2,1,01,A01
201800012141,2,07,000,00,2,4,15,B01
201800012141,1,07,000,00,2,8,21,C01
201800012142,0,36,000,06,0,1,01,A01
201800012143,1,07,000,00,2,3,17,A01
201800012143,2,07,000,00,2,3,01,B01
201800012144,0,33,000,00,0,0,01,A01
201800012145,2,07,000,00,2,2,02,A01
201800012145,2,01,000,00,0,4,02,B01
201800012146,1,07,000,13,0,9,01,A01
201800012147,1,07,000,00,0,7,01,A01
201800012148,1,07,000,00,2,7,13,A01
201800012148,2,07,000,00,2,1,01,B01
201800012149,2,07,000,00,9,2,17,A01
201800012149,2,01,000,00,0,4,01,B01
201800012150,1,07,000,00,2,3,17,A01
201800012150,2,33,000,00,2,3,01,B01
201800012151,2,07,000,02,0,1,01,A01
201800012152,1,07,000,00,9,2,13,B01
201800012152,0,01,000,00,2,1,19,A01
201800012153,0,07,000,00,2,1,15,A01
201800012153,0,33,000,00,2,1,01,B01
201800012154,2,02,000,00,0,3,00,A01
201800012155,2,07,000,00,2,1,13,A01
201800012155,1,07,000,00,2,1,01,B01
201800012156,1,07,000,03,1,0,01,A01
201800012157,1,07,000,00,2,4,02,A01
201800012157,1,02,000,00,2,1,02,B01
201800012158,2,07,000,15,0,1,01,A01
201800012159,1,10,000,00,1,3,01,A01
201800012160,1,07,000,00,1,2,01,A01
201800012161,1,07,000,00,9,2,02,A01
201800012161,1,01,000,00,0,4,01,B01
201800012162,2,07,000,00,2,7,17,A01
201800012162,2,07,000,00,2,8,01,B01
201800012163,0,03,000,00,2,3,01,A01
201800012163,0,02,000,00,2,1,01,B01
201800012164,1,07,000,00,2,1,21,A01
201800012164,1,07,000,00,2,6,02,B01
201800012164,2,07,000,00,2,1,01,C01
201800012165,0,02,000,13,0,7,15,A01
201800012166,1,33,000,00,2,1,01,B01
201800012166,0,07,000,00,2,2,01,A01
201800012167,1,33,000,00,0,0,01,A01
201800012168,0,07,000,00,0,3,15,A01
201800012168,0,07,000,00,2,2,01,B01
201800012169,1,07,000,00,1,1,19,A01
201800012170,1,07,000,00,2,3,00,A01
201800012170,2,07,000,00,2,3,01,B01
201800012171,2,07,000,13,0,2,01,A01
201800012172,1,33,000,00,0,0,00,A01
201800012173,1,07,000,08,0,1,01,A01
201800012174,2,07,000,00,2,3,09,A01
201800012174,2,01,000,00,2,2,01,B01
201800012175,1,33,000,00,2,3,01,A01
201800012175,2,21,000,00,2,3,01,B01
201800012176,2,02,000,00,0,7,00,A01
201800012177,2,10,000,00,1,2,01,A01
201800012178,1,10,000,13,0,1,01,A01
201800012179,2,07,000,00,1,1,01,A01
201800012180,2,07,000,06,0,3,00,A01
201800012181,1,07,000,00,2,3,01,A01
201800012181,2,07,000,00,2,1,01,B01
201800012182,2,07,000,02,0,1,01,A01
201800012183,2,07,000,00,2,1,13,A01
201800012183,1,14,000,00,2,3,01,B01
201800012183,1,07,000,00,2,1,01,C01
201800012184,1,07,000,00,0,5,15,A01
201800012184,1,07,000,00,2,2,01,B01
201800012185,1,07,000,00,2,3,01,A01
201800012185,2,07,000,00,2,3,01,B01
201800012185,2,07,000,00,2,1,01,C01
201800012186,1,33,000,00,0,0,01,A01
201800012186,2,33,000,00,9,0,01,B01
201800012187,2,10,000,00,2,3,01,A01
201800012187,0,21,000,00,2,3,16,B01
201800012188,2,07,000,00,2,3,01,A01
201800012188,2,01,000,00,2,7,01,B01
201800012189,2,07,000,00,0,4,23,B01
201800012189,2,07,000,01,0,1,02,A01
201800012190,2,07,000,00,2,3,01,A01
201800012190,1,20,000,00,2,3,01,B01
201800012191,1,33,000,00,0,0,01,A01
201800012192,1,01,000,00,0,7,01,A01
201800012193,2,07,000,00,2,1,15,A01
201800012193,1,33,000,00,2,1,01,B01
201800012194,1,33,000,00,0,8,01,A01
201800012195,2,07,000,02,0,0,13,A01
201800012196,2,20,000,13,0,0,15,A01
201800012197,1,07,000,00,1,1,01,A01
201800012198,1,07,000,00,2,1,02,A01
201800012198,1,07,000,00,0,2,02,B01
201800012198,1,07,000,04,2,6,02,C01
201800012198,1,07,000,00,0,5,02,D01
201800012199,2,07,000,00,2,1,09,A01
201800012199,1,01,000,00,0,4,01,B01
201800012200,2,07,000,15,0,1,01,A01
201800012201,0,07,000,00,9,3,13,A01
201800012201,0,01,000,00,2,1,13,B01
201800012202,1,33,000,13,0,1,01,A01
201800012203,1,07,000,00,2,3,13,A01
201800012203,2,07,000,00,2,3,01,B01
201800012204,2,07,000,00,2,7,01,B01
201800012204,2,07,000,00,2,1,01,A01
201800012205,2,02,000,00,0,0,16,A01
201800012206,1,07,000,00,1,1,01,A01
201800012207,0,07,000,00,1,6,04,A01
201800012208,1,10,000,00,1,2,01,A01
201800012209,1,31,000,13,0,0,01,A01
201800012210,2,07,000,08,0,3,01,A01
201800012211,2,02,000,00,2,3,13,A01
201800012211,1,07,000,00,2,3,01,B01
201800012212,2,07,000,00,2,3,13,A01
201800012212,1,07,000,00,2,3,21,B01
201800012213,1,07,000,00,0,3,19,A01
201800012214,1,07,000,13,0,3,01,A01
201800012215,1,07,000,00,2,6,17,A01
201800012215,1,33,000,13,2,3,17,B01
201800012216,2,07,000,00,2,3,16,A01
201800012216,2,07,000,00,2,3,01,B01
201800012217,0,01,000,00,5,2,00,A01
201800012218,2,07,000,13,0,2,01,A01
201800012219,1,07,000,13,0,1,01,A01
201800012220,2,07,000,00,1,2,01,A01
201800012221,1,07,000,15,0,1,01,A01
201800012222,0,07,000,13,0,2,01,A01
201800012223,1,07,000,00,2,1,00,A01
201800012223,2,07,000,00,2,3,21,B01
201800012224,0,33,000,13,0,2,01,A01
201800012225,2,07,000,06,1,1,01,A01
201800012226,1,10,000,00,2,2,01,B01
201800012226,0,30,000,00,2,3,15,A01
201800012227,2,07,000,08,0,1,13,A01
201800012228,1,03,000,02,0,7,01,A01
201800012229,1,10,000,02,0,0,00,A01
201800012230,2,07,000,00,2,1,15,A01
201800012230,1,07,000,00,2,1,01,B01
201800012231,1,07,000,00,1,1,01,A01
201800012232,0,01,000,00,2,1,01,B01
201800012232,0,07,000,00,9,3,16,A01
201800012233,0,07,000,00,2,6,01,B01
201800012233,0,33,000,00,2,1,02,A01
201800012234,1,07,000,00,2,3,01,B01
201800012234,2,07,000,00,2,3,01,A01
201800012235,0,07,000,13,0,3,01,A01
201800012236,0,02,000,03,0,0,01,A01
201800012237,1,07,000,00,0,3,13,A01
201800012237,2,07,000,00,0,3,01,B01
201800012238,2,07,000,00,2,3,01,A01
201800012238,1,07,000,00,2,3,01,B01
201800012238,1,07,000,00,2,3,01,C01
201800012239,2,30,000,10,0,2,01,A01
201800012240,2,02,000,01,0,1,01,A01
201800012240,2,07,000,00,0,4,23,B01
201800012241,2,07,000,00,2,1,01,A01
201800012241,2,33,000,00,0,4,15,B01
201800012242,0,01,000,01,0,1,13,A01
201800012243,1,07,000,00,2,8,15,A01
201800012243,1,33,000,00,2,1,00,B01
201800012244,0,33,000,00,2,2,01,B01
201800012244,0,07,000,00,2,3,05,A01
201800012245,1,07,000,00,2,4,02,B01
201800012245,1,07,000,00,0,4,02,C01
201800012245,1,10,000,00,2,2,02,A01
201800012246,0,07,000,00,1,2,00,A01
201800012247,0,14,000,00,2,3,16,A01
201800012247,0,07,000,00,2,2,21,B01
201800012248,0,07,000,06,0,1,01,A01
201800012249,0,07,000,00,2,1,13,A01
201800012249,0,07,000,00,2,1,01,B01
201800012250,1,07,000,12,0,0,13,A01
201800012251,0,07,000,00,0,6,10,A01
201800012251,0,33,000,00,2,1,01,C01
201800012251,0,07,000,00,2,2,01,B01
201800012252,1,07,000,00,0,4,01,A01
201800012252,1,01,000,00,2,1,01,B01
201800012253,1,07,000,00,1,1,01,A01
201800012254,0,14,000,00,0,3,01,B01
201800012254,0,33,000,03,0,1,00,A01
201800012255,2,07,000,02,0,3,00,A01
201800012256,0,07,000,00,0,8,01,B01
201800012256,0,07,000,00,2,3,01,A01
201800012256,0,07,000,00,0,1,01,C01
201800012256,0,07,000,00,2,1,01,D01
201800012257,1,07,000,00,1,2,01,A01
201800012258,1,33,000,00,2,1,02,A01
201800012258,1,07,000,00,2,4,02,B01
201800012259,2,33,000,00,2,1,01,B01
201800012259,1,07,000,00,0,5,19,A01
201800012260,0,07,000,00,2,7,15,A01
201800012260,0,33,000,00,2,1,01,B01
201800012261,0,33,000,00,2,1,00,A01
201800012261,0,07,000,00,2,4,02,B01
201800012262,0,07,000,00,1,3,01,A01
201800012263,0,99,000,02,0,3,13,A01
201800012264,0,01,000,00,2,0,00,B01
201800012264,1,07,000,00,9,1,16,A01
201800012265,0,07,000,01,0,2,00,A01
201800012265,0,07,000,00,0,6,00,C01
201800012265,0,07,000,00,0,8,24,B01
201800012266,0,31,000,04,0,1,00,A01
201800012267,0,07,000,02,0,1,13,A01
201800012268,0,07,000,13,0,7,17,A01
201800012269,0,07,000,00,2,3,01,B01
201800012269,0,31,000,00,2,1,01,A01
201800012270,0,31,000,10,0,3,01,A01
201800012271,1,33,000,00,0,8,21,B01
201800012271,2,33,000,13,0,1,01,A01
201800012272,2,33,000,00,0,0,01,A01
201800012273,2,10,000,02,0,3,13,A01
201800012274,1,07,000,10,0,9,01,A01
201800012275,0,07,000,00,9,1,01,A01
201800012275,0,01,000,00,2,4,14,B01
201800012276,1,34,000,00,0,7,01,A01
201800012277,1,07,000,00,2,1,15,A01
201800012277,2,31,000,00,2,1,01,B01
201800012278,1,07,000,00,0,1,01,A01
201800012279,0,07,000,00,2,2,01,A01
201800012279,0,13,000,00,2,3,01,C01
201800012279,0,07,000,00,2,7,15,B01
201800012280,1,07,000,00,1,2,01,A01
201800012281,2,07,000,00,2,1,13,A01
201800012281,1,07,000,00,2,3,01,B01
201800012282,0,10,000,00,1,1,01,A01
201800012283,2,33,000,07,0,1,01,A01
201800012284,1,07,000,06,0,2,01,A01
201800012285,2,02,000,06,0,0,01,A01
201800012286,2,07,000,00,2,3,01,B01
201800012286,1,07,000,00,2,3,13,A01
201800012287,1,07,000,13,0,1,01,A01
201800012288,2,07,000,00,2,3,01,B01
201800012288,1,07,000,00,2,1,13,A01
201800012289,2,07,000,00,2,2,13,A01
201800012289,1,07,000,00,2,1,02,C01
201800012289,1,07,000,00,2,8,01,D01
201800012289,1,10,000,00,2,2,01,B01
201800012290,2,07,000,00,2,5,01,C01
201800012290,1,10,000,00,2,3,13,A01
201800012290,2,07,000,00,2,3,01,B01
201800012291,0,07,000,00,0,0,00,A01
201800012292,1,07,000,13,2,3,01,B01
201800012292,2,10,000,00,2,3,19,A01
201800012293,1,33,000,00,0,8,01,A01
201800012294,0,33,000,00,2,1,21,B01
201800012294,0,07,000,00,0,4,21,A01
201800012295,1,07,000,13,0,5,05,A01
201800012296,0,33,000,04,0,1,01,A01
201800012297,0,33,000,00,0,7,02,A01
201800012297,0,33,000,00,0,7,02,B01
201800012298,0,02,000,00,9,1,01,A01
201800012299,0,33,000,00,0,2,01,A01
201800012300,1,07,000,06,0,2,11,A01
201800012301,0,33,000,06,0,0,01,A01
201800012302,0,07,000,00,0,9,00,A01
201800012303,0,33,000,15,0,0,01,A01
201800012304,0,07,000,02,0,1,01,A01
201800012305,2,07,000,02,0,1,00,A01
201800012306,1,33,000,04,0,7,01,A01
201800012307,1,33,000,00,0,0,01,A01
201800012308,1,33,000,00,2,1,13,A01
201800012308,2,07,000,00,2,2,01,B01
201800012309,1,07,000,02,0,8,00,A01
201800012310,1,07,000,00,2,1,13,A01
201800012310,2,07,000,00,2,1,01,B01
201800012310,2,07,000,00,2,3,01,C01
201800012311,2,07,000,00,2,1,13,A01
201800012311,1,07,000,00,2,1,01,B01
201800012312,1,07,000,00,1,2,02,A01
201800012313,2,33,000,13,0,9,19,A01
201800012314,2,07,000,00,2,2,13,A01
201800012314,1,07,000,00,2,3,01,B01
201800012315,0,33,000,00,2,1,01,B01
201800012315,0,07,000,00,2,1,15,A01
201800012316,0,07,000,00,2,8,10,A01
201800012316,0,33,000,00,2,1,02,B01
201800012317,1,33,000,00,2,3,13,A01
201800012317,2,07,000,00,2,3,01,B01
201800012318,2,07,000,10,2,3,01,B01
201800012318,1,07,000,00,2,1,13,A01
201800012319,1,07,000,00,0,8,15,B01
201800012319,2,07,000,00,2,3,01,A01
201800012320,0,07,000,01,0,8,15,A01
201800012320,0,07,000,06,2,1,01,B01
201800012321,1,07,000,00,1,1,00,A01
201800012322,2,07,000,00,1,1,01,A01
201800012323,0,33,000,00,2,1,17,B01
201800012323,0,07,000,00,0,6,15,A01
201800012324,2,02,000,07,0,1,00,A01
201800012325,0,07,000,00,9,1,01,A01
201800012325,0,01,000,00,2,1,01,B01
201800012326,0,33,000,13,0,0,13,A01
201800012327,1,07,000,00,4,1,01,A01
201800012327,0,39,001,00,2,1,01,B01
201800012328,0,02,000,00,0,7,01,A01
201800012329,0,01,000,00,0,8,00,A01
201800012330,0,07,000,00,2,1,19,A01
201800012330,0,07,000,00,2,1,01,B01
201800012331,1,13,000,00,2,1,13,A01
201800012331,1,07,000,00,2,3,02,B01
201800012332,1,07,000,00,2,2,19,A01
201800012332,2,07,000,00,2,1,01,B01
201800012333,0,07,000,13,0,2,02,A01
201800012334,2,07,000,08,0,1,01,A01
201800012335,0,07,000,13,0,3,02,A01
201800012336,0,07,000,00,2,3,05,A01
201800012336,0,13,000,00,2,3,01,B01
201800012337,1,33,000,00,2,2,13,A01
201800012337,2,07,000,00,2,2,01,B01
201800012338,2,07,000,00,0,6,02,B01
201800012338,2,33,000,00,2,2,02,A01
201800012339,1,02,000,00,2,1,01,A01
201800012339,1,07,000,00,0,5,16,B01
201800012340,2,33,000,00,0,2,12,A01
201800012341,0,33,000,00,2,7,17,B01
201800012341,1,07,000,00,2,6,11,A01
201800012342,1,07,000,00,2,8,19,B01
201800012342,1,33,000,00,2,7,21,A01
201800012343,0,07,000,13,0,2,01,A01
201800012344,0,33,000,00,2,1,02,B01
201800012344,0,07,000,00,0,6,02,A01
201800012345,1,07,000,13,0,1,01,A01
201800012346,2,10,000,00,2,8,01,A01
201800012346,1,10,000,00,2,1,01,B01
201800012347,2,02,000,00,0,2,01,A01
201800012348,0,07,000,13,0,2,01,A01
201800012349,1,07,000,13,0,1,02,A01
201800012350,0,07,000,13,0,1,01,A01
201800012351,1,33,000,00,0,0,01,A01
201800012352,1,33,000,13,0,9,14,A01
201800012353,2,32,000,00,2,3,01,A01
201800012353,1,07,000,00,2,3,01,B01
201800012354,1,07,000,02,0,1,14,A01
201800012355,0,07,000,00,2,6,15,B01
201800012355,0,07,000,00,2,1,01,A01
201800012356,0,01,000,00,0,0,01,C01
201800012356,0,01,000,00,0,1,01,B01
201800012356,0,07,000,00,2,0,02,A01
201800012357,2,07,000,13,0,2,14,A01
201800012358,0,07,000,06,0,3,13,A01
201800012359,0,07,000,15,0,4,01,A01
201800012359,0,07,000,06,2,1,02,B01
201800012360,1,33,000,00,2,7,19,A01
201800012360,2,07,000,00,2,3,01,B01
201800012361,0,33,000,00,2,8,01,B01
201800012361,0,07,000,00,2,8,17,A01
201800012362,0,07,000,06,0,3,13,A01
201800012363,1,33,000,00,0,8,01,A01
201800012364,0,10,000,10,0,1,15,A01
201800012365,2,07,000,06,0,1,02,A01
201800012366,1,07,000,10,0,1,13,A01
201800012367,1,07,000,00,2,1,13,A01
201800012367,1,07,000,00,2,1,02,B01
201800012368,2,07,000,00,0,0,01,A01
201800012369,0,07,000,02,0,7,01,A01
201800012370,0,07,000,13,0,3,05,A01
201800012371,2,07,000,00,2,7,01,A01
201800012371,1,07,000,00,2,1,01,B01
201800012372,1,07,000,08,0,1,13,A01
201800012373,2,17,000,13,0,8,13,A01
201800012374,1,07,000,13,9,1,19,A01
201800012375,2,07,000,00,2,3,20,A01
201800012375,2,07,000,00,2,2,01,B01
201800012376,2,02,000,00,2,2,01,B01
201800012376,1,07,000,00,2,3,15,A01
201800012377,2,33,000,00,0,9,00,A01
201800012378,1,07,000,00,2,3,13,A01
201800012378,2,07,000,00,2,3,21,B01
201800012379,2,01,000,00,2,1,01,A01
201800012379,1,07,000,00,2,8,01,B01
201800012380,2,07,000,13,0,9,01,A01
201800012381,2,07,000,00,1,2,01,A01
201800012382,2,02,000,12,0,1,01,A01
201800012383,2,07,000,06,0,1,01,A01
201800012384,1,07,000,13,0,9,01,A01
201800012385,2,07,000,00,2,1,02,A01
201800012385,2,15,000,00,2,5,24,B01
201800012386,2,07,000,00,2,8,01,A01
201800012386,1,07,000,00,2,1,01,B01
201800012387,1,07,000,16,0,9,01,A01
201800012388,2,15,000,00,2,1,01,B01
201800012388,1,07,000,00,2,7,19,A01
201800012389,1,31,000,02,0,1,01,A01
201800012390,2,07,000,00,2,1,15,A01
201800012390,2,07,000,00,2,1,01,B01
201800012391,1,07,000,02,0,8,13,A01
201800012392,2,07,000,00,2,2,15,A01
201800012392,1,33,000,00,2,1,02,B01
201800012393,1,33,000,07,0,0,14,A01
201800012394,2,07,000,02,0,7,13,A01
201800012395,1,07,000,06,2,8,01,B01
201800012395,2,07,000,00,2,1,01,A01
201800012396,1,01,000,00,2,4,01,B01
201800012396,1,10,000,00,2,2,09,A01
201800012397,1,33,000,00,2,3,01,A01
201800012397,2,10,000,00,2,3,01,B01
201800012398,2,33,000,00,2,3,12,A01
201800012398,2,07,000,00,2,2,12,B01
201800012399,2,33,000,13,0,1,01,A01
201800012400,1,03,000,13,0,2,14,A01
201800012401,2,21,000,00,2,8,15,A01
201800012401,2,33,000,00,2,1,17,B01
201800012402,1,07,000,00,2,1,01,A01
201800012402,2,07,000,00,2,7,01,B01
201800012403,1,07,000,13,0,2,01,A01
201800012404,1,07,000,13,0,1,21,A01
201800012405,2,07,000,00,2,2,11,A01
201800012405,2,07,000,00,2,6,01,B01
201800012406,1,07,000,00,2,3,01,A01
201800012406,1,07,000,00,2,1,19,B01
201800012407,2,07,000,01,0,1,14,A01
201800012407,2,15,000,00,2,4,24,B01
201800012408,1,07,000,00,1,2,01,A01
201800012409,1,02,000,00,2,1,01,B01
201800012409,2,10,000,00,2,2,15,A01
201800012410,2,33,000,13,0,1,01,A01
201800012411,2,07,000,01,0,1,00,A01
201800012412,2,10,000,15,0,3,13,A01
201800012413,2,07,000,01,0,1,01,A01
201800012414,1,07,000,02,2,3,05,A01
201800012414,2,07,000,00,2,8,01,B01
201800012415,2,33,000,03,0,1,02,A01
201800012416,1,02,000,14,0,1,01,A01
201800012417,1,07,000,00,1,3,01,A01
201800012418,2,07,000,00,0,9,01,A01
201800012419,2,02,000,06,0,1,01,A01
201800012420,2,07,000,00,2,3,13,A01
201800012420,1,07,000,00,2,3,01,B01
201800012421,1,02,000,12,0,1,01,A01
201800012422,2,07,000,00,2,1,17,A01
201800012422,2,07,000,00,2,4,01,B01
201800012423,1,07,000,00,2,1,01,B01
201800012423,2,07,000,00,2,1,13,A01
201800012424,2,02,000,00,2,8,01,A01
201800012424,2,33,000,00,2,7,01,B01
201800012425,1,14,000,06,0,1,01,A01
201800012426,1,07,000,02,0,1,01,A01
201800012427,1,07,000,06,0,1,00,A01
201800012428,2,07,000,02,0,1,19,A01
201800012429,1,07,000,00,2,1,01,B01
201800012429,2,07,000,00,2,7,19,A01
201800012430,2,07,000,00,2,2,17,A01
201800012430,2,02,000,00,2,6,15,B01
201800012431,1,07,000,09,0,1,13,A01
201800012432,1,07,000,00,2,2,15,A01