Num_Acc,senc,catv,occutc,obs,obsm,choc,manv,num_veh
201800012432,2,02,000,00,2,8,00,B01
201800012433,2,07,000,00,2,1,01,B01
201800012433,1,07,000,00,2,8,01,A01
201800012434,1,07,000,00,2,6,24,B01
201800012434,1,07,000,00,2,2,12,A01
201800012435,2,07,000,02,0,1,13,A01
201800012436,1,02,000,00,1,1,01,A01
201800012437,1,33,000,09,0,1,01,A01
201800012438,2,10,000,01,2,2,14,B01
201800012438,2,07,000,03,2,6,23,A01
201800012439,2,10,000,00,2,3,13,A01
201800012439,1,10,000,00,2,3,01,B01
201800012440,1,17,000,00,2,2,01,B01
201800012440,1,07,000,00,2,8,10,A01
201800012441,1,07,000,00,2,4,15,A01
201800012441,1,10,000,00,2,1,02,B01
201800012441,2,15,000,00,2,1,01,C01
201800012442,1,07,000,00,0,9,01,A01
201800012443,2,07,000,13,0,3,01,A01
201800012444,2,33,000,02,0,9,01,A01
201800012445,0,07,000,00,1,4,04,A01
201800012446,2,15,000,00,2,5,23,A01
201800012446,2,15,000,00,2,3,02,B01
201800012447,2,07,000,00,2,1,02,A01
201800012447,2,17,000,00,2,4,23,B01
201800012448,2,07,000,00,2,7,19,B01
201800012448,2,07,000,00,2,1,01,A01
201800012449,2,10,000,13,0,7,01,A01
201800012450,1,07,000,00,2,1,13,A01
201800012450,2,07,000,00,2,1,01,B01
201800012451,2,07,000,00,2,1,01,A01
201800012451,2,21,000,00,2,4,09,B01
201800012452,1,07,000,13,0,9,17,A01
201800012453,1,15,000,00,2,1,15,A01
201800012453,1,33,000,00,2,7,01,B01
201800012454,1,10,000,00,2,4,15,B01
201800012454,1,02,000,00,2,1,02,A01
201800012455,1,01,000,00,0,0,02,A01
201800012456,1,07,000,00,1,3,01,A01
201800012457,1,07,000,00,2,3,19,A01
201800012457,1,07,000,00,2,2,21,B01
201800012458,1,07,000,13,0,1,01,A01
201800012459,0,02,000,00,6,2,01,A01
201800012460,1,17,000,03,2,3,13,A01
201800012460,2,07,000,00,2,1,21,B01
201800012461,1,15,000,02,0,3,14,A01
201800012462,2,07,000,00,2,1,13,A01
201800012462,1,07,000,00,2,1,01,B01
201800012463,0,07,000,00,0,3,01,A01
201800012463,0,31,000,00,2,1,01,B01
201800012464,0,02,000,00,2,7,17,B01
201800012464,0,07,000,00,2,3,15,A01
201800012465,2,07,000,06,0,3,01,A01
201800012466,2,33,000,00,2,1,01,B01
201800012466,0,07,000,00,2,7,15,A01
201800012467,2,07,000,00,2,1,01,B01
201800012467,1,07,000,00,2,1,13,A01
201800012468,1,31,000,00,0,0,01,A01
201800012469,1,07,000,00,0,6,15,A01
201800012469,1,07,000,00,2,2,17,B01
201800012470,2,07,000,00,2,1,01,B01
201800012470,1,07,000,00,2,8,19,A01
201800012471,2,14,000,00,2,7,01,B01
201800012471,2,36,000,00,2,1,19,A01
201800012472,1,07,000,00,2,8,19,A01
201800012472,1,10,000,00,2,1,01,B01
201800012473,2,33,000,00,0,0,01,A01
201800012474,1,07,000,00,2,1,01,B01
201800012474,1,07,000,00,2,3,19,A01
201800012475,2,07,000,15,0,2,01,A01
201800012476,1,33,000,00,0,3,01,A01
201800012477,2,07,000,00,2,3,01,A01
201800012477,1,10,000,00,2,3,01,B01
201800012478,1,07,000,00,2,8,19,A01
201800012478,1,33,000,00,2,1,01,B01
201800012479,2,02,000,00,0,8,16,A01
201800012480,1,07,000,07,2,3,15,A01
201800012480,2,07,000,07,0,1,01,B01
201800012481,0,07,000,13,0,1,21,A01
201800012482,0,07,000,00,2,7,15,A01
201800012482,0,31,000,00,2,7,01,B01
201800012483,0,01,000,00,9,2,01,A01
201800012483,0,01,000,00,9,3,01,B01
201800012484,2,07,000,02,1,3,01,A01
201800012485,2,07,000,00,0,0,01,A01
201800012486,1,07,000,03,0,1,01,A01
201800012487,0,15,000,00,2,3,01,B01
201800012487,0,07,000,00,2,3,13,A01
201800012488,2,07,000,00,2,3,13,A01
201800012488,1,07,000,03,2,3,01,B01
201800012489,2,07,000,00,1,6,04,A01
201800012490,2,07,000,00,2,3,15,A01
201800012490,1,33,000,00,2,1,01,B01
201800012491,1,01,000,00,2,8,02,B01
201800012491,1,07,000,00,2,7,17,A01
201800012492,0,01,000,00,0,0,00,A01
201800012493,1,10,000,00,2,1,15,A01
201800012493,2,33,000,00,2,1,01,B01
201800012494,1,07,000,00,2,3,01,B01
201800012494,2,01,000,00,2,1,13,A01
201800012495,1,07,000,08,0,1,01,A01
201800012496,2,07,000,00,2,3,01,B01
201800012496,1,07,000,00,2,3,01,A01
201800012497,1,07,000,02,0,5,01,A01
201800012498,2,01,000,00,0,6,14,B01
201800012498,2,10,000,00,2,2,13,A01
201800012499,1,07,000,00,0,2,01,B01
201800012499,2,07,000,03,2,2,05,A01
201800012500,1,07,000,00,1,4,04,A01
201800012501,1,07,000,13,0,2,01,A01
201800012502,2,33,000,13,0,1,01,A01
201800012503,1,07,000,08,0,1,01,A01
201800012504,0,37,001,00,2,1,01,A01
201800012504,0,30,000,00,2,1,01,B01
201800012505,2,07,000,00,2,3,01,A01
201800012505,2,07,000,00,2,1,01,B01
201800012506,2,07,000,02,0,2,01,A01
201800012507,0,07,000,00,0,9,00,A01
201800012508,0,07,000,00,2,1,13,A01
201800012508,2,07,000,00,2,1,00,B01
201800012509,1,17,000,00,2,3,01,B01
201800012509,2,07,000,00,2,1,05,A01
201800012510,1,99,000,00,2,1,01,C01
201800012510,1,07,000,00,2,8,01,B01
201800012510,2,07,000,00,2,9,13,A01
201800012511,1,07,000,13,0,6,01,A01
201800012512,1,07,000,00,2,1,05,A01
201800012512,2,07,000,00,2,1,01,B01
201800012513,2,07,000,13,0,2,01,A01
201800012514,2,07,000,00,2,1,09,A01
201800012514,1,07,000,00,2,2,01,B01
201800012515,0,34,000,00,2,1,09,B01
201800012515,0,07,000,00,2,2,09,A01
201800012516,1,07,000,02,0,9,01,A01
201800012517,0,07,000,00,2,3,13,A01
201800012517,0,07,000,00,2,3,15,B01
201800012518,2,33,000,00,0,8,01,A01
201800012519,1,07,000,00,2,2,13,A01
201800012519,2,14,000,00,2,3,01,B01
201800012520,1,03,000,09,0,1,01,A01
201800012521,1,30,000,00,2,2,15,A01
201800012521,1,07,000,00,2,1,01,B01
201800012522,1,07,000,00,2,1,00,A01
201800012522,1,07,000,00,2,6,02,B01
201800012522,2,07,000,00,2,3,01,C01
201800012523,2,33,000,00,0,0,01,A01
201800012524,0,07,000,00,0,1,01,A01
201800012525,0,07,000,00,0,2,00,A01
201800012526,0,33,000,00,0,7,01,A01
201800012527,0,02,000,00,0,7,01,A01
201800012528,0,07,000,02,0,1,13,A01
201800012529,0,02,000,00,0,0,21,A01
201800012530,0,02,000,06,0,1,00,A01
201800012531,0,07,000,00,0,9,01,A01
201800012532,2,07,000,08,2,1,00,A01
201800012532,1,07,000,00,2,1,21,B01
201800012533,1,33,000,00,2,1,00,A01
201800012533,2,33,000,00,2,1,00,B01
201800012534,0,07,000,00,0,3,00,A01
201800012534,2,07,000,00,2,1,01,B01
201800012535,1,07,000,06,0,1,14,A01
201800012536,2,07,000,00,0,4,23,C01
201800012536,2,07,000,00,0,4,23,B01
201800012536,2,07,000,00,2,1,02,A01
201800012537,1,07,000,00,0,0,01,A01
201800012538,0,07,000,08,0,1,17,A01
201800012539,2,07,000,00,2,1,01,B01
201800012539,1,07,000,00,2,2,13,A01
201800012540,1,07,000,08,2,8,19,A01
201800012540,1,07,000,00,2,1,01,B01
201800012541,0,10,000,00,0,7,19,A01
201800012541,0,07,000,00,2,1,01,B01
201800012542,1,33,000,12,0,7,01,A01
201800012543,2,10,000,00,2,3,09,A01
201800012543,2,07,000,07,2,1,01,B01
201800012544,2,07,000,02,0,1,01,A01
201800012545,1,07,000,13,0,1,01,A01
201800012546,1,07,000,03,2,1,17,A01
201800012546,2,15,000,00,2,3,01,B01
201800012547,1,17,000,00,2,8,01,B01
201800012547,2,17,000,00,2,3,01,A01
201800012548,0,36,000,00,0,2,01,A01
201800012549,1,07,000,00,2,2,13,A01
201800012549,2,31,000,00,2,7,21,B01
201800012550,2,07,000,02,0,2,14,A01
201800012551,1,07,000,02,0,2,01,A01
201800012552,1,31,000,00,0,7,01,A01
201800012553,2,07,000,02,0,1,01,A01
201800012554,1,07,000,05,0,1,01,A01
201800012555,0,07,000,00,1,2,01,A01
201800012556,1,07,000,07,0,0,01,A01
201800012557,1,07,000,02,0,3,01,A01
201800012558,1,07,000,00,9,1,02,A01
201800012558,1,21,000,00,2,4,02,B01
201800012559,1,07,000,06,0,2,13,A01
201800012560,0,07,000,00,2,1,01,A01
201800012560,0,01,000,00,0,8,01,B01
201800012561,1,02,000,00,2,1,15,A01
201800012561,2,07,000,00,2,3,01,B01
201800012562,1,33,000,00,2,1,02,A01
201800012562,1,07,000,00,0,4,02,B01
201800012563,1,07,000,08,0,2,01,A01
201800012564,0,01,000,00,0,2,13,A01
201800012564,2,07,000,00,2,2,17,B01
201800012565,1,07,000,00,4,7,00,A01
201800012565,1,39,153,00,2,1,01,B01
201800012566,2,07,000,06,0,1,01,A01
201800012567,0,07,000,00,0,0,15,A01
201800012568,0,07,000,02,0,1,00,A01
201800012569,1,07,000,02,0,1,13,A01
201800012570,2,07,000,13,0,1,01,A01
201800012571,2,07,000,02,0,1,01,A01
201800012572,1,33,000,00,2,9,17,A01
201800012573,2,07,000,06,0,9,17,A01
201800012574,1,07,000,00,0,9,01,A01
201800012575,1,07,000,00,2,8,01,B01
201800012575,2,33,000,00,2,8,13,A01
201800012576,1,21,000,00,2,6,01,B01
201800012576,2,30,000,00,2,8,01,A01
201800012577,2,33,000,00,2,1,17,A01
201800012577,2,07,000,00,2,6,15,B01
201800012578,2,33,000,15,0,1,01,A01
201800012579,1,07,000,13,0,9,01,A01
201800012580,1,10,000,06,0,3,01,A01
201800012581,2,10,000,00,2,3,01,A01
201800012581,1,13,000,00,2,3,01,B01
201800012582,2,07,000,00,2,1,02,A01
201800012582,2,07,000,00,2,4,01,B01
201800012583,1,07,000,15,0,2,01,A01
201800012584,1,31,000,00,0,7,01,A01
201800012585,1,31,000,14,0,1,01,A01
201800012586,2,33,000,13,0,1,01,A01
201800012587,2,07,000,02,0,1,01,A01
201800012588,1,33,000,13,0,1,01,A01
201800012589,1,07,000,00,2,2,17,A01
201800012589,1,02,000,00,2,4,15,B01
201800012590,2,30,000,15,0,1,01,A01
201800012591,1,10,000,00,1,1,15,A01
201800012592,1,33,000,00,0,0,01,A01
201800012593,1,07,000,02,0,1,01,A01
201800012594,2,07,000,00,5,1,01,A01
201800012594,1,15,000,00,2,1,01,B01
201800012595,1,07,000,00,2,1,01,B01
201800012595,1,07,000,00,2,8,04,A01
201800012596,2,07,000,16,0,9,01,A01
201800012597,1,15,000,00,2,3,01,B01
201800012597,2,07,000,00,2,1,13,A01
201800012597,2,07,000,00,2,2,02,C01
201800012598,1,07,000,16,0,9,01,A01
201800012599,2,31,000,06,0,7,01,A01
201800012600,2,21,000,00,0,0,01,A01
201800012600,1,07,000,13,0,1,21,B01
201800012601,1,10,000,00,2,3,13,A01
201800012601,2,07,000,00,2,3,01,B01
201800012602,1,07,000,00,2,1,20,A01
201800012602,1,07,000,00,2,3,01,B01
201800012603,2,07,000,00,2,3,01,B01
201800012603,1,01,000,00,2,3,13,A01
201800012604,1,07,000,02,0,3,01,A01
201800012605,1,30,000,00,2,8,13,A01
201800012605,2,07,000,00,2,1,01,B01
201800012606,1,07,000,00,1,3,17,A01
201800012607,1,07,000,06,0,3,13,A01
201800012608,2,10,000,00,2,3,01,B01
201800012608,1,30,000,00,2,3,13,A01
201800012609,1,07,000,00,2,3,15,A01
201800012609,2,02,000,00,2,3,01,B01
201800012610,2,07,000,00,1,1,01,A01
201800012611,2,07,000,00,2,1,01,B01
201800012611,1,07,000,00,2,1,15,A01
201800012612,2,33,000,13,0,7,01,A01
201800012613,2,10,000,00,2,8,15,A01
201800012613,1,01,000,00,2,1,01,B01
201800012614,1,07,000,00,2,8,13,A01
201800012614,2,07,000,00,2,8,01,B01
201800012615,1,33,000,16,0,0,01,A01
201800012616,1,07,000,16,0,9,01,A01
201800012617,2,07,000,00,2,3,13,A01
201800012617,1,07,000,13,2,1,01,B01
201800012618,1,01,000,00,2,1,01,A01
201800012618,1,07,000,00,0,3,16,B01
201800012619,1,07,000,00,2,2,15,A01
201800012619,2,07,000,00,2,3,01,B01
201800012620,1,07,000,00,2,3,13,A01
201800012620,2,07,000,13,2,3,01,B01
201800012621,2,07,000,14,0,2,01,A01
201800012622,1,02,000,01,0,1,01,A01
201800012623,2,07,000,00,2,1,01,B01
201800012623,1,07,000,00,2,8,15,A01
201800012624,2,07,000,00,2,1,13,A01
201800012624,1,07,000,00,2,1,21,B01
201800012625,1,07,000,00,2,1,13,A01
201800012625,2,07,000,00,2,1,01,B01
201800012626,1,07,000,00,2,1,23,B01
201800012626,1,07,000,00,2,1,02,A01
201800012626,1,07,000,00,0,4,23,C01
201800012627,1,07,000,00,1,3,01,A01
201800012628,1,10,000,00,2,1,01,A01
201800012628,2,07,000,00,2,1,01,B01
201800012629,2,15,000,00,2,2,13,A01
201800012629,1,07,000,00,2,2,01,B01
201800012630,1,07,000,00,2,3,17,A01
201800012630,2,07,000,03,2,1,01,B01
201800012631,1,10,000,09,0,1,01,A01
201800012632,2,07,000,16,0,9,01,A01
201800012633,1,36,000,16,0,7,01,A01
201800012634,1,07,000,00,2,1,01,B01
201800012634,2,07,000,00,2,3,13,A01
201800012635,1,07,000,00,2,1,01,B01
201800012635,2,07,000,00,2,1,17,A01
201800012636,1,31,000,00,2,1,13,A01
201800012636,2,07,000,00,2,3,01,B01
201800012637,1,07,000,00,1,2,01,A01
201800012638,1,14,000,00,2,1,01,B01
201800012638,2,07,000,13,2,1,13,A01
201800012639,2,15,000,00,2,3,01,B01
201800012639,1,07,000,00,2,1,13,A01
201800012640,2,07,000,02,0,3,01,A01
201800012641,1,07,000,03,0,2,01,A01
201800012642,1,07,000,00,1,7,01,A01
201800012643,2,07,000,00,2,8,09,A01
201800012643,1,30,000,00,2,7,01,B01
201800012644,1,01,000,00,2,1,13,A01
201800012644,2,07,000,00,2,3,01,B01
201800012645,1,33,000,00,2,1,02,A01
201800012645,1,07,000,00,0,6,01,B01
201800012646,1,14,000,00,2,1,17,A01
201800012646,2,01,000,00,2,1,01,B01
201800012647,1,07,000,00,1,2,01,A01
201800012648,1,07,000,01,1,3,01,A01
201800012649,1,21,000,13,0,1,01,A01
201800012650,1,01,000,00,1,1,01,A01
201800012651,1,07,000,00,2,1,13,A01
201800012651,2,34,000,00,2,1,01,B01
201800012652,1,07,000,15,1,1,01,A01
201800012653,1,33,000,13,0,1,17,A01
201800012654,2,10,000,00,0,4,01,B01
201800012654,2,07,000,00,2,1,02,A01
201800012655,1,07,000,00,2,1,02,C01
201800012655,1,10,000,00,2,8,01,B01
201800012655,2,10,000,03,2,7,01,A01
201800012656,2,07,000,00,2,1,01,B01
201800012656,1,07,000,00,2,1,13,A01
201800012657,1,07,000,02,0,2,01,A01
201800012658,1,07,000,00,1,1,01,A01
201800012659,2,07,000,02,0,1,01,A01
201800012660,2,07,000,00,2,2,01,B01
201800012660,1,07,000,00,2,2,13,A01
201800012661,1,35,000,16,0,0,01,A01
201800012662,2,07,000,00,1,8,15,A01
201800012663,1,01,000,00,0,0,01,A01
201800012664,1,07,000,00,2,1,01,B01
201800012664,2,07,000,00,2,1,01,A01
201800012665,1,07,000,02,0,3,01,A01
201800012666,1,07,000,00,1,3,16,A01
201800012667,2,07,000,00,2,3,13,A01
201800012667,1,07,000,00,2,2,01,B01
201800012668,2,07,000,06,0,1,17,A01
201800012669,1,07,000,02,0,1,01,A01
201800012670,2,07,000,00,2,7,13,A01
201800012670,1,07,000,00,2,1,01,B01
201800012671,2,31,000,00,0,7,01,A01
201800012672,1,07,000,00,2,3,01,B01
201800012672,2,07,000,00,2,1,13,A01
201800012673,1,07,000,00,2,2,01,A01
201800012673,1,30,000,00,2,4,01,B01
201800012674,2,02,000,07,0,1,01,A01
201800012675,1,07,000,00,2,3,13,A01
201800012675,2,15,000,00,2,3,01,B01
201800012676,1,01,000,00,2,6,01,B01
201800012676,1,07,000,00,9,2,01,A01
201800012677,1,07,000,02,0,1,13,A01
201800012678,2,33,000,00,2,1,01,B01
201800012678,2,07,000,00,2,6,01,A01
201800012679,1,07,000,16,0,9,13,A01
201800012680,2,07,000,16,0,1,01,A01
201800012681,2,07,000,06,0,1,01,A01
201800012682,1,07,000,08,0,9,01,A01
201800012683,1,07,000,00,2,3,01,C01
201800012683,1,07,000,00,2,0,17,A01
201800012683,2,07,000,00,2,3,01,B01
201800012684,2,07,000,00,2,3,01,A01
201800012684,1,10,000,00,2,8,01,B01
201800012685,1,07,000,00,2,3,01,B01
201800012685,2,02,000,00,2,1,15,A01
201800012686,1,07,000,13,0,3,01,A01
201800012687,2,07,000,02,0,1,13,A01
201800012688,1,07,000,13,0,8,01,A01
201800012689,2,07,000,00,2,3,01,A01
201800012689,1,15,000,00,2,8,01,B01
201800012690,1,07,000,02,0,3,13,A01
201800012691,2,07,000,00,2,7,15,A01
201800012691,1,33,000,00,2,7,01,B01
201800012692,1,10,000,00,1,2,01,A01
201800012693,2,07,000,00,2,1,10,A01
201800012693,1,07,000,00,2,1,01,B01
201800012694,1,07,000,06,0,3,16,A01
201800012695,0,02,000,07,0,1,02,A01
201800012696,0,07,000,00,0,0,21,A01
201800012697,1,07,000,06,0,2,01,A01
201800012698,1,07,000,02,0,7,13,A01
201800012699,1,07,000,00,2,2,02,A01
201800012699,1,01,000,00,0,4,02,B01
201800012700,2,07,000,06,0,8,01,A01
201800012701,2,07,000,00,2,8,15,B01
201800012701,2,07,000,00,2,1,17,A01
201800012702,1,07,000,00,2,1,01,A01
201800012702,1,02,000,00,2,7,19,B01
201800012703,0,01,000,00,2,8,19,A01
201800012703,2,07,000,00,2,3,01,B01
201800012704,1,01,000,00,2,0,01,B01
201800012704,1,01,000,00,0,0,01,C01
201800012704,1,07,000,00,2,8,16,A01
201800012705,1,01,000,00,0,6,15,B01
201800012705,1,07,000,00,2,2,17,A01
201800012706,0,01,000,00,0,0,17,B01
201800012706,0,01,000,00,0,0,02,A01
201800012707,1,07,000,00,1,1,01,A01
201800012708,0,07,000,14,2,5,17,A01
201800012708,1,21,000,00,2,3,15,B01
201800012709,1,07,000,02,0,1,01,A01
201800012710,0,07,000,00,1,2,01,A01
201800012711,2,02,000,03,0,1,00,A01
201800012712,2,33,000,02,0,7,01,A01
201800012713,1,07,000,00,2,3,01,B01
201800012713,0,03,000,00,2,1,01,A01
201800012714,0,10,000,06,0,8,00,A01
201800012715,0,03,000,00,2,3,09,A01
201800012715,2,07,000,00,2,1,02,B01
201800012715,1,07,000,00,2,3,15,C01
201800012716,0,07,000,00,2,2,01,A01
201800012716,0,07,000,00,2,2,01,B01
201800012717,1,10,000,00,2,1,02,A01
201800012717,1,07,000,00,2,8,15,B01
201800012718,0,07,000,15,0,1,01,A01
201800012719,2,10,000,03,2,3,01,B01
201800012719,2,07,000,03,2,3,01,A01
201800012720,0,07,000,02,0,8,01,A01
201800012721,1,15,000,00,2,1,01,B01
201800012721,1,07,000,00,2,1,13,A01
201800012722,1,07,000,00,9,1,01,C01
201800012722,2,07,000,00,2,8,01,A01
201800012722,1,14,000,00,2,1,01,B01
201800012723,0,07,000,00,1,1,20,A01
201800012724,2,01,000,00,2,7,01,B01
201800012724,0,07,000,00,9,1,15,A01
201800012725,2,15,000,00,2,1,21,B01
201800012725,1,07,000,00,2,1,13,A01
201800012726,2,07,000,00,2,8,13,A01
201800012726,1,07,000,00,2,8,01,B01
201800012727,1,33,000,00,2,1,01,B01
201800012727,2,07,000,00,2,2,15,A01
201800012728,1,07,000,13,0,1,01,A01
201800012729,1,07,000,00,2,3,01,B01
201800012729,2,07,000,00,2,3,13,A01
201800012730,1,10,000,13,0,1,01,A01
201800012731,2,17,000,00,2,1,01,B01
201800012731,1,07,000,00,2,1,13,A01
201800012732,0,07,000,00,2,4,04,A01
201800012732,0,01,000,00,2,1,23,B01
201800012733,2,15,000,00,2,1,01,B01
201800012733,1,07,000,00,2,1,13,A01
201800012734,1,07,000,00,2,1,17,A01
201800012734,2,15,000,00,2,1,01,B01
201800012735,1,07,000,08,0,6,01,A01
201800012736,1,07,000,00,0,4,02,B01
201800012736,1,14,000,00,2,1,02,A01
201800012737,2,07,000,00,1,2,01,A01
201800012738,1,07,000,00,2,2,13,B01
201800012738,2,07,000,00,2,2,01,A01
201800012739,2,07,000,00,2,3,13,A01
201800012739,1,07,000,00,2,3,21,B01
201800012740,2,13,000,00,2,3,01,B01
201800012740,1,07,000,00,2,3,01,A01
201800012741,1,20,000,00,2,8,15,B01
201800012741,1,17,000,00,2,1,17,A01
201800012742,0,07,000,00,2,1,15,A01
201800012742,0,02,000,00,2,7,01,B01
201800012743,0,07,000,00,0,0,15,A01
201800012744,1,17,000,13,0,1,14,A01
201800012745,1,10,000,00,1,2,01,A01
201800012746,1,07,000,02,0,0,01,A01
201800012747,1,07,000,00,2,3,19,B01
201800012747,2,07,000,00,2,1,01,A01
201800012748,2,01,000,00,0,0,01,A01
201800012749,2,07,000,13,0,1,13,A01
201800012750,1,01,000,00,0,1,01,A01
201800012751,2,07,000,13,0,0,01,A01
201800012752,0,07,000,02,0,1,01,A01
201800012753,0,07,000,15,0,1,01,A01
201800012754,1,07,000,02,0,3,01,A01
201800012755,1,21,000,00,0,4,01,B01
201800012755,1,07,000,00,2,1,01,A01
201800012756,1,07,000,00,2,3,15,A01
201800012756,1,30,000,00,2,1,11,B01
201800012757,0,36,000,16,0,9,01,A01
201800012758,2,31,000,00,0,7,01,A01
201800012759,1,07,000,00,2,6,01,A01
201800012759,0,01,000,00,2,1,01,B01
201800012760,1,33,000,06,0,1,00,A01
201800012761,1,36,000,00,0,0,01,A01
201800012762,0,07,000,00,2,2,01,A01
201800012762,0,01,000,00,2,5,02,B01
201800012763,2,07,000,00,2,5,01,B01
201800012763,2,07,000,00,2,1,01,A01
201800012764,2,07,000,00,1,3,13,A01
201800012765,1,07,000,00,1,3,01,A01
201800012766,1,07,000,00,1,1,01,A01
201800012767,0,33,000,00,2,5,00,A01
201800012767,0,07,000,00,2,3,18,B01
201800012768,1,07,000,00,2,1,01,A01
201800012768,2,10,000,00,2,1,13,B01
201800012769,1,33,000,15,0,3,17,A01
201800012770,1,33,000,00,2,3,13,B01
201800012770,1,33,000,00,0,7,01,D01
201800012770,1,33,000,00,2,1,01,C01
201800012770,2,33,000,00,2,3,13,A01
201800012771,1,07,000,00,2,3,01,B01
201800012771,2,33,000,00,2,1,13,A01
201800012772,1,01,000,00,2,4,01,B01
201800012772,1,07,000,00,2,2,09,A01
201800012773,1,07,000,00,2,2,14,A01
201800012773,1,01,000,00,2,4,01,B01
201800012774,2,07,000,00,2,3,09,A01
201800012774,1,02,000,00,2,1,01,B01
201800012775,1,07,000,00,2,2,17,A01
201800012775,1,01,000,00,2,8,01,B01
201800012776,1,01,000,00,2,1,19,A01
201800012776,2,07,000,00,2,3,19,B01
201800012777,0,10,000,00,2,1,01,B01
201800012777,0,07,000,00,2,1,05,A01
201800012778,1,33,000,00,2,0,01,B01
201800012778,2,07,000,00,2,2,17,A01
201800012779,2,10,000,00,2,1,01,B01
201800012779,1,33,000,00,2,1,13,A01
201800012780,1,01,000,00,0,4,02,A01
201800012780,1,01,000,00,2,1,02,B01
201800012781,2,07,000,00,2,1,01,A01
201800012781,2,07,000,00,2,4,23,C01
201800012781,2,07,000,01,2,4,23,B01
201800012782,1,02,000,00,2,1,05,A01
201800012782,2,07,000,00,2,1,01,B01
201800012783,1,21,000,00,0,0,13,A01
201800012784,1,07,000,00,2,3,01,A01
201800012784,2,07,000,00,2,3,13,B01
201800012785,2,07,000,00,1,2,02,A01
201800012786,1,07,000,00,2,5,01,A01
201800012786,0,01,000,00,2,1,01,B01
201800012787,2,07,000,00,0,4,23,A01
201800012787,2,07,000,00,2,1,02,B01
201800012788,1,07,000,00,0,7,15,A01
201800012788,2,33,000,00,2,1,01,B01
201800012789,2,07,000,06,0,2,01,A01
201800012790,1,02,000,00,2,1,01,B01
201800012790,2,02,000,00,2,1,05,A01
201800012791,2,31,000,00,2,1,01,B01
201800012791,1,07,000,00,2,7,15,A01
201800012792,1,07,000,00,2,3,16,B01
201800012792,1,01,000,00,0,5,01,A01
201800012793,2,07,000,00,2,1,01,B01
201800012793,1,07,000,00,2,2,15,A01
201800012794,2,07,000,00,2,3,13,A01
201800012794,1,07,000,00,2,3,13,B01
201800012795,1,07,000,00,2,5,15,A01
201800012795,2,31,000,00,2,1,01,B01
201800012796,1,36,000,15,0,1,14,A01
201800012797,1,33,000,00,0,0,01,B01
201800012797,1,21,000,00,0,0,09,A01
201800012798,2,07,000,00,2,2,17,A01
201800012798,2,07,000,00,2,6,01,B01
201800012798,2,07,000,00,2,4,01,C01
201800012799,0,07,000,00,2,4,04,A01
201800012799,2,01,000,00,2,2,01,B01
201800012800,2,33,000,00,0,8,01,A01
201800012801,1,07,000,00,2,1,13,A01
201800012801,2,07,000,00,2,1,01,B01
201800012802,0,07,000,00,2,1,01,A01
201800012802,0,01,000,00,2,8,19,B01
201800012803,1,07,000,00,2,1,21,B01
201800012803,2,02,000,00,2,1,13,A01
201800012804,2,33,000,00,2,1,01,A01
201800012804,1,31,000,00,2,1,01,B01
201800012805,0,99,000,00,2,2,01,B01
201800012805,0,02,000,00,2,1,13,A01
201800012806,1,07,000,00,2,6,09,A01
201800012806,2,30,000,00,2,1,01,B01
201800012807,1,01,000,00,2,7,01,B01
201800012807,1,10,000,00,2,3,16,A01
201800012808,2,02,000,00,0,0,00,A01
201800012809,0,07,000,00,2,7,02,B01
201800012809,0,01,000,00,2,8,02,A01
201800012810,2,07,000,13,0,2,01,A01
201800012811,1,33,000,03,0,0,01,A01
201800012812,2,02,000,00,2,1,01,A01
201800012812,1,07,000,00,0,5,11,B01
201800012813,1,07,000,00,2,4,01,B01
201800012813,1,07,000,00,2,1,01,A01
201800012814,1,07,000,00,2,3,01,B01
201800012814,2,07,000,00,2,3,01,A01
201800012815,0,36,000,00,0,8,16,A01
201800012816,1,07,000,00,1,2,01,A01
201800012817,0,07,000,08,0,5,00,A01
201800012818,0,07,000,00,1,5,04,A01
201800012819,1,07,000,00,2,2,15,A01
201800012819,2,33,000,00,2,1,01,B01
201800012820,0,07,000,00,2,3,13,A01
201800012820,0,07,000,00,2,3,01,B01
201800012821,2,07,000,05,2,1,13,A01
201800012821,1,07,000,00,2,1,01,B01
201800012822,0,07,000,01,1,1,00,A01
201800012823,0,01,000,00,2,1,00,B01
201800012823,0,33,000,00,2,1,13,A01
201800012824,1,33,000,06,0,1,13,A01
201800012825,1,07,000,00,9,1,01,B01
201800012825,2,10,000,00,0,0,01,A01
201800012826,2,07,000,00,2,2,15,A01
201800012826,1,07,000,00,2,1,01,B01
201800012827,1,07,000,00,1,3,01,A01
201800012828,1,07,000,00,2,3,13,A01
201800012828,2,07,000,00,2,3,14,B01
201800012829,1,07,000,00,2,1,01,A01
201800012829,2,07,000,00,2,1,01,B01
201800012830,0,07,000,00,2,3,09,A01
201800012830,0,07,000,00,2,3,02,B01
201800012831,1,07,000,07,0,1,00,A01
201800012832,1,07,000,00,2,3,01,A01
201800012832,2,01,000,00,2,0,10,B01
201800012833,2,07,000,02,0,3,01,A01
201800012834,1,07,000,12,0,3,13,A01
201800012835,0,02,000,00,0,0,00,A01
201800012836,2,07,000,08,0,1,01,A01
201800012837,1,07,000,00,2,2,15,B01
201800012837,2,07,000,00,2,2,02,A01