Num_Acc,senc,catv,occutc,obs,obsm,choc,manv,num_veh
201800012838,1,01,000,00,2,4,11,B01
201800012838,1,07,000,00,2,2,02,A01
201800012839,0,33,000,00,5,1,01,A01
201800012840,2,07,000,00,2,3,01,B01
201800012840,0,07,000,00,2,2,09,A01
201800012840,0,21,000,00,2,3,23,C01
201800012841,1,07,000,00,2,1,17,A01
201800012841,1,07,000,00,2,8,15,B01
201800012842,1,07,000,06,0,6,01,A01
201800012843,1,07,000,00,2,3,01,C01
201800012843,1,07,000,00,2,6,01,B01
201800012843,2,07,000,00,2,3,01,A01
201800012844,2,07,000,00,2,4,23,C01
201800012844,2,07,000,00,2,2,02,A01
201800012844,2,07,000,00,2,6,23,B01
201800012845,2,07,000,00,2,3,15,B01
201800012845,2,02,000,00,2,8,01,A01
201800012846,1,07,000,00,2,1,01,B01
201800012846,2,07,000,03,2,1,05,A01
201800012847,0,34,000,00,0,1,01,B01
201800012847,0,10,000,00,0,2,15,A01
201800012848,2,07,000,00,2,5,01,A01
201800012848,2,07,000,00,2,1,01,B01
201800012849,1,07,000,13,0,1,01,A01
201800012850,1,34,000,00,6,1,01,A01
201800012851,1,07,000,06,0,2,01,A01
201800012851,1,07,000,00,9,7,02,B01
201800012852,2,02,000,00,2,1,01,B01
201800012852,0,10,000,00,2,3,19,A01
201800012853,0,07,000,08,0,1,01,A01
201800012854,2,33,000,00,0,0,21,A01
201800012854,2,07,000,00,0,0,09,B01
201800012855,1,07,000,00,1,1,01,A01
201800012856,2,33,000,00,2,1,01,A01
201800012856,0,10,000,00,2,6,15,B01
201800012857,1,33,000,02,0,1,01,A01
201800012858,0,07,000,00,1,1,09,A01
201800012859,0,31,000,00,2,4,10,A01
201800012859,0,07,000,00,2,1,02,Z01
201800012860,2,07,000,13,0,3,21,A01
201800012861,2,07,000,00,1,2,01,A01
201800012862,1,07,000,00,2,6,15,A01
201800012862,1,02,000,00,2,1,01,B01
201800012863,2,07,000,06,0,3,01,A01
201800012864,0,10,000,00,9,3,01,A01
201800012864,0,01,000,00,2,1,01,B01
201800012865,2,07,000,16,0,0,00,A01
201800012866,2,01,000,00,2,7,02,B01
201800012866,1,07,000,00,2,3,09,A01
201800012867,0,07,000,09,0,1,00,A01
201800012868,2,34,000,00,2,1,01,B01
201800012868,1,07,000,00,2,5,15,A01
201800012869,1,07,000,00,0,1,15,B01
201800012869,1,01,000,00,0,4,18,A01
201800012870,1,02,000,00,2,1,01,A01
201800012870,1,07,000,00,2,2,09,B01
201800012871,1,07,000,06,0,1,01,A01
201800012872,1,07,000,08,0,1,01,A01
201800012873,0,07,000,00,0,3,00,B01
201800012873,0,02,000,00,0,7,00,A01
201800012874,0,07,000,00,2,1,01,A01
201800012874,0,07,000,00,2,8,01,B01
201800012875,1,07,000,00,2,1,13,A01
201800012875,2,07,000,00,2,1,13,B01
201800012876,2,01,000,00,2,7,01,B01
201800012876,0,07,000,00,9,1,19,A01
201800012877,2,07,000,00,2,2,01,B01
201800012877,1,07,000,00,2,2,13,A01
201800012878,1,33,000,00,2,8,01,B01
201800012878,2,07,000,00,2,3,15,A01
201800012879,1,07,000,06,0,1,01,A01
201800012880,1,10,000,03,2,8,00,A01
201800012880,2,10,000,03,2,8,00,B01
201800012881,1,07,000,00,1,1,02,A01
201800012882,1,07,000,14,1,3,01,A01
201800012883,2,07,000,00,2,1,01,B01
201800012883,1,07,000,13,2,7,13,A01
201800012884,1,07,000,00,2,8,00,A01
201800012884,2,31,000,00,2,8,00,B01
201800012885,1,07,000,00,2,3,01,B01
201800012885,2,07,000,00,2,3,01,A01
201800012886,2,07,000,00,2,1,15,A01
201800012886,1,33,000,00,2,1,01,B01
201800012887,1,07,000,15,0,0,01,A01
201800012888,2,07,000,00,2,1,01,B01
201800012888,1,01,000,00,2,0,13,A01
201800012889,1,14,000,13,0,2,14,A01
201800012890,0,07,000,00,1,4,04,A01
201800012891,0,02,000,00,2,1,13,A01
201800012891,0,10,000,00,2,2,01,B01
201800012892,2,07,000,00,2,3,13,A01
201800012892,1,10,000,00,2,8,01,B01
201800012893,1,07,000,00,2,2,01,A01
201800012893,2,07,000,00,2,3,01,B01
201800012894,2,07,000,00,2,3,01,B01
201800012894,1,02,000,00,2,8,17,A01
201800012895,2,34,000,00,2,1,01,B01
201800012895,1,07,000,00,0,7,15,A01
201800012896,1,07,000,00,2,1,01,B01
201800012896,2,36,000,00,2,1,13,A01
201800012897,1,33,000,00,0,8,01,A01
201800012898,2,33,000,08,0,2,01,A01
201800012899,0,02,000,00,2,1,13,A01
201800012899,0,07,000,00,2,3,01,B01
201800012900,1,33,000,00,2,1,02,A01
201800012900,1,07,000,00,9,3,11,B01
201800012901,1,07,000,00,2,2,15,A01
201800012901,2,02,000,00,2,1,01,B01
201800012902,2,01,000,00,2,8,01,A01
201800012902,2,01,000,00,2,8,01,B01
201800012902,2,99,000,00,2,5,17,C01
201800012903,2,07,000,00,2,1,01,B01
201800012903,1,07,000,00,2,1,15,A01
201800012904,0,07,000,00,2,3,01,A01
201800012904,0,07,000,00,2,1,01,B01
201800012905,2,07,000,00,1,1,01,A01
201800012906,1,33,000,00,2,2,02,A01
201800012906,1,07,000,00,2,3,02,B01
201800012907,1,07,000,02,0,9,01,A01
201800012908,1,02,000,00,2,1,02,A01
201800012908,1,07,000,00,0,5,23,B01
201800012909,1,07,000,00,1,2,01,A01
201800012910,0,07,000,02,0,1,01,A01
201800012911,0,02,000,12,0,1,01,A01
201800012912,0,07,000,00,2,1,16,A01
201800012912,0,30,000,00,2,1,15,B01
201800012913,1,07,000,00,2,1,01,B01
201800012913,0,02,000,00,2,7,00,A01
201800012914,1,07,000,07,0,3,01,A01
201800012915,1,07,000,00,2,8,13,A01
201800012915,2,07,000,00,2,8,01,B01
201800012916,2,02,000,00,2,3,01,B01
201800012916,1,07,000,00,2,3,13,A01
201800012917,2,99,000,00,1,1,01,A01
201800012918,1,02,000,00,0,7,01,B01
201800012918,0,07,000,00,0,0,15,A01
201800012919,1,33,000,00,0,8,01,D01
201800012919,2,07,000,00,2,1,01,C01
201800012919,2,07,000,00,2,4,01,B01
201800012919,2,07,000,00,0,5,01,A01
201800012920,2,02,000,00,2,1,13,A01
201800012920,1,07,000,00,2,1,01,B01
201800012921,2,07,000,00,0,1,13,A01
201800012921,1,07,000,00,0,3,01,B01
201800012922,2,10,000,00,2,8,01,B01
201800012922,1,33,000,00,2,8,13,A01
201800012923,1,07,000,00,2,3,13,A01
201800012923,2,10,000,00,2,3,01,B01
201800012924,2,33,000,13,0,2,01,A01
201800012925,2,07,000,00,1,1,02,A01
201800012926,2,07,000,08,0,7,14,A01
201800012927,1,07,000,00,2,3,13,B01
201800012927,2,33,000,00,2,0,01,A01
201800012928,1,07,000,00,2,1,01,B01
201800012928,2,01,000,00,2,1,01,A01
201800012929,2,01,000,00,2,1,01,B01
201800012929,1,07,000,00,2,3,09,A01
201800012930,0,21,000,00,0,9,00,A01
201800012931,0,02,000,00,2,1,01,B01
201800012931,0,07,000,00,2,3,15,A01
201800012932,1,07,000,13,0,3,13,A01
201800012933,0,07,000,00,1,2,01,A01
201800012934,2,33,000,00,0,7,01,A01
201800012935,2,33,000,13,0,1,01,A01
201800012936,2,07,000,00,2,1,09,A01
201800012936,2,07,000,00,2,2,01,B01
201800012937,2,07,000,13,0,3,16,A01
201800012938,2,33,000,00,2,1,01,B01
201800012938,0,07,000,00,2,3,15,A01
201800012939,2,33,000,00,0,8,01,A01
201800012940,1,10,000,00,9,2,02,B01
201800012940,1,01,000,00,0,8,01,A01
201800012941,1,33,000,00,0,8,01,A01
201800012942,1,33,000,00,0,0,15,A01
201800012943,1,07,000,00,0,2,14,A01
201800012944,1,07,000,13,0,1,13,A01
201800012945,1,07,000,00,2,1,01,B01
201800012945,2,07,000,00,2,1,13,A01
201800012946,0,07,000,00,0,9,01,A01
201800012947,1,07,000,00,2,2,17,A01
201800012947,2,07,000,00,2,1,01,B01
201800012948,0,02,000,00,2,8,13,A01
201800012948,0,10,000,00,2,6,01,B01
201800012949,2,07,000,00,0,1,01,B01
201800012949,2,07,000,00,0,8,09,A01
201800012950,2,33,000,05,0,1,01,A01
201800012950,1,07,000,00,0,0,13,B01
201800012951,1,31,000,00,0,0,01,A01
201800012952,0,01,000,00,0,0,01,A01
201800012953,1,07,000,00,1,7,01,A01
201800012954,1,07,000,04,0,0,01,A01
201800012955,1,07,000,00,2,3,13,A01
201800012955,2,15,000,00,2,3,00,B01
201800012956,1,07,000,00,2,2,11,B01
201800012956,2,07,000,00,2,1,11,A01
201800012957,1,31,000,00,9,7,01,B01
201800012957,1,01,000,00,2,8,01,A01
201800012958,1,07,000,13,0,1,00,A01
201800012959,1,15,000,00,9,7,13,A01
201800012959,0,20,000,00,2,4,00,B01
201800012960,0,02,000,14,0,2,00,A01
201800012961,0,07,000,02,0,0,00,A01
201800012962,2,33,000,00,2,1,17,B01
201800012962,2,07,000,00,2,8,15,A01
201800012963,1,07,000,03,0,1,14,A01
201800012964,0,07,000,13,0,1,01,A01
201800012965,1,33,000,05,0,1,01,A01
201800012966,2,07,000,02,0,1,01,A01
201800012967,1,07,000,00,2,3,01,B01
201800012967,2,07,000,00,2,3,01,A01
201800012968,2,07,000,00,2,3,01,B01
201800012968,1,07,000,00,2,2,01,A01
201800012969,1,07,000,02,0,1,01,A01
201800012970,1,33,000,00,2,3,19,B01
201800012970,1,07,000,00,2,2,01,A01
201800012971,1,02,000,16,0,0,01,A01
201800012972,1,07,000,06,0,3,01,A01
201800012973,2,07,000,00,2,3,17,A01
201800012973,1,14,000,00,2,3,01,B01
201800012974,1,07,000,00,1,3,01,A01
201800012975,0,01,000,01,0,1,01,A01
201800012976,0,07,000,00,2,3,13,A01
201800012976,0,07,000,00,2,3,01,B01
201800012977,0,07,000,00,2,1,00,A01
201800012977,0,07,000,00,0,1,00,B01
201800012978,2,33,000,13,0,0,01,A01
201800012979,1,07,000,08,0,1,13,A01
201800012980,1,33,000,00,2,1,13,A01
201800012980,1,07,000,00,2,3,01,B01
201800012980,1,07,000,13,2,2,01,C01
201800012981,2,07,000,02,0,8,01,A01
201800012982,1,07,000,00,9,3,02,A01
201800012982,1,01,000,00,0,4,01,B01
201800012983,0,07,000,00,2,3,00,B01
201800012983,0,07,000,00,2,3,00,A01
201800012984,1,07,000,16,0,1,01,A01
201800012985,1,07,000,00,2,2,19,A01
201800012985,1,33,000,00,2,1,01,B01
201800012986,1,01,000,00,0,0,00,A01
201800012987,2,07,000,00,2,3,05,A01
201800012987,1,07,000,00,2,3,01,B01
201800012988,1,33,000,13,0,1,14,A01
201800012989,1,07,000,13,0,6,13,A01
201800012990,2,02,000,00,6,1,02,A01
201800012991,2,10,000,00,2,2,17,A01
201800012991,2,01,000,00,2,8,02,B01
201800012992,0,07,000,00,2,1,01,B01
201800012992,0,07,000,00,2,2,15,A01
201800012993,0,07,000,02,0,3,00,A01
201800012994,2,01,000,00,0,0,01,A01
201800012995,2,07,000,06,0,3,00,A01
201800012996,2,07,000,13,0,1,14,A01
201800012997,1,07,000,00,0,9,02,A01
201800012998,2,10,000,02,0,1,00,A01
201800012999,1,10,000,13,0,0,00,A01
201800013000,1,31,000,00,2,1,02,A01
201800013000,1,07,000,00,0,5,23,B01
201800013001,0,07,000,00,2,1,01,B01
201800013001,0,07,000,00,2,7,19,A01
201800013002,2,07,000,13,0,2,16,A01
201800013003,2,07,000,00,2,1,13,A01
201800013003,1,17,000,00,2,2,01,B01
201800013004,0,33,000,08,0,1,00,A01
201800013005,0,33,000,00,0,8,00,A01
201800013006,1,10,000,00,0,2,05,A01
201800013007,2,07,000,00,2,2,02,A01
201800013007,2,01,000,00,0,4,01,B01
201800013008,2,38,047,00,2,8,01,B01
201800013008,1,10,000,00,2,8,01,A01
201800013009,1,07,000,00,2,3,13,A01
201800013009,1,07,000,00,2,3,01,B01
201800013010,1,07,000,02,0,3,01,A01
201800013011,1,07,000,13,0,1,01,A01
201800013012,2,07,000,16,0,9,01,A01
201800013013,1,10,000,13,0,1,01,A01
201800013014,1,07,000,00,1,1,01,A01
201800013015,1,07,000,00,9,1,17,A01
201800013015,1,01,000,00,0,6,01,B01
201800013016,1,10,000,00,2,1,19,A01
201800013016,1,07,000,00,2,8,01,B01
201800013017,1,07,000,00,2,1,05,A01
201800013017,2,07,000,00,2,1,01,B01
201800013018,2,07,000,13,0,6,01,A01
201800013019,1,07,000,00,0,3,19,A01
201800013019,1,07,000,00,2,2,01,B01
201800013020,1,07,000,06,0,2,01,A01
201800013021,2,07,000,02,0,3,14,A01
201800013022,1,07,000,00,2,1,13,A01
201800013022,2,17,000,00,2,1,01,B01
201800013023,1,07,000,13,0,6,01,A01
201800013024,1,07,000,00,2,2,05,A01
201800013024,1,07,000,00,2,2,21,B01
201800013025,2,17,000,00,0,8,01,B01
201800013025,1,07,000,00,2,8,05,A01
201800013025,2,17,000,00,0,8,01,C01
201800013026,1,02,000,00,0,0,00,A01
201800013027,0,07,000,00,2,6,19,A01
201800013027,0,33,000,00,2,1,01,B01
201800013028,1,07,000,00,0,2,01,A01
201800013029,1,07,000,06,0,1,01,A01
201800013030,2,07,000,08,0,6,01,A01
201800013031,1,02,000,07,0,3,21,A01
201800013032,1,07,000,00,2,1,13,A01
201800013032,1,07,000,00,2,3,01,B01
201800013033,1,07,000,00,2,8,01,B01
201800013033,0,07,000,00,2,1,19,A01
201800013034,0,07,000,00,2,1,01,B01
201800013034,0,07,000,00,2,1,15,A01
201800013035,0,31,000,00,0,0,00,A01
201800013036,0,07,000,00,1,4,04,A01
201800013037,1,33,000,00,2,1,01,A01
201800013037,1,07,000,00,0,5,01,B01
201800013038,2,34,000,08,0,7,01,A01
201800013039,1,02,000,00,2,2,21,B01
201800013039,0,07,000,00,2,2,19,A01
201800013040,1,07,000,00,1,1,01,A01
201800013041,2,07,000,16,0,9,00,A01
201800013042,1,07,000,00,2,3,13,A01
201800013042,2,38,057,00,2,3,01,B01
201800013043,0,33,000,00,2,2,15,A01
201800013043,0,33,000,00,0,8,15,B01
201800013044,2,07,000,06,0,1,01,A01
201800013045,2,33,000,16,0,0,00,A01
201800013046,2,07,000,07,0,3,01,A01
201800013047,1,07,000,00,2,1,13,B01
201800013047,2,07,000,00,2,1,01,C01
201800013047,0,07,000,00,0,0,16,A01
201800013048,0,02,000,00,2,1,01,A01
201800013048,0,07,000,00,2,7,16,B01
201800013049,1,10,000,00,1,3,01,A01
201800013050,0,07,000,13,0,1,01,A01
201800013051,2,07,000,00,2,3,01,B01
201800013051,1,07,000,00,2,3,15,A01
201800013052,2,07,000,00,2,4,02,C01
201800013052,2,07,000,00,2,4,02,B01
201800013052,2,07,000,00,2,1,02,A01
201800013053,0,07,000,06,0,2,01,A01
201800013054,0,07,000,00,1,4,20,A01
201800013055,0,33,000,00,2,1,17,B01
201800013055,0,33,000,00,2,1,17,C01
201800013055,0,20,000,00,0,8,15,A01
201800013056,1,33,000,00,2,1,01,B01
201800013056,,07,000,00,0,2,15,A01
201800013057,0,10,000,00,0,8,01,B01
201800013057,0,07,000,00,2,3,01,A01
201800013058,0,33,000,07,0,1,01,B01
201800013058,0,07,000,00,0,0,15,A01
201800013059,0,02,000,06,0,1,15,A01
201800013060,0,07,000,13,0,2,01,A01
201800013061,0,02,000,13,0,4,01,A01
201800013062,2,07,000,00,2,3,11,B01
201800013062,1,33,000,00,2,3,01,A01
201800013063,0,36,000,00,0,6,00,B01
201800013063,0,33,000,00,0,7,01,A01
201800013064,0,33,000,00,2,1,02,A01
201800013064,0,10,000,00,0,4,02,B01
201800013065,0,02,000,03,0,2,00,A01
201800013066,0,07,000,00,2,2,00,A01
201800013066,0,01,000,00,2,0,00,B01
201800013067,1,01,000,00,9,1,01,A01
201800013068,0,07,000,02,0,2,13,A01
201800013069,0,15,000,00,2,1,09,A01
201800013069,0,07,000,15,2,7,00,B01
201800013070,0,07,000,00,2,4,02,B01
201800013070,0,07,000,00,2,1,02,A01
201800013071,0,07,000,02,0,7,01,A01
201800013072,0,07,000,00,2,1,02,A01
201800013072,0,07,000,00,0,4,23,B01
201800013073,0,07,000,13,0,1,01,A01
201800013074,0,10,000,00,1,3,01,A01
201800013075,1,07,000,12,0,3,09,A01
201800013076,1,07,000,00,2,3,01,A01
201800013076,0,07,000,00,2,2,01,B01
201800013077,1,33,000,15,0,1,01,A01
201800013078,0,33,000,12,0,7,05,A01
201800013079,1,07,000,06,0,3,13,A01
201800013080,0,07,000,08,0,1,16,A01
201800013081,0,07,000,00,2,2,05,A01
201800013081,0,07,000,00,2,3,01,B01
201800013082,1,07,000,00,2,3,01,B01
201800013082,2,07,000,00,2,3,13,A01
201800013083,2,07,000,00,2,5,01,B01
201800013083,2,07,000,00,2,1,09,A01
201800013084,0,07,000,00,1,1,15,A01
201800013085,0,02,000,00,2,0,16,A01
201800013085,0,07,000,00,2,1,01,B01
201800013086,1,07,000,03,0,5,01,B01
201800013086,1,07,000,03,2,3,18,A01
201800013087,1,07,000,00,2,3,13,A01
201800013087,2,15,000,00,2,3,00,B01
201800013088,2,07,000,00,2,1,13,A01
201800013088,2,07,000,00,2,1,01,C01
201800013088,1,07,000,00,2,1,01,B01
201800013089,0,07,000,00,2,7,13,A01
201800013089,0,07,000,00,2,1,01,B01
201800013090,2,07,000,00,2,3,19,A01
201800013090,2,33,000,00,2,1,01,B01
201800013091,1,07,000,00,2,6,02,B01
201800013091,1,07,000,00,2,2,02,A01
201800013092,1,07,000,02,0,2,01,A01
201800013093,1,33,000,02,0,7,01,A01
201800013094,0,07,000,00,2,1,01,A01
201800013094,0,07,000,00,2,3,01,B02
201800013095,1,01,000,00,2,4,01,C01
201800013095,1,01,000,00,2,4,01,B01
201800013095,1,14,000,00,2,1,01,A01
201800013096,1,07,000,00,2,1,02,B01
201800013096,1,07,000,00,0,6,15,A01
201800013097,2,07,000,06,0,8,01,A01
201800013098,0,07,000,13,0,0,00,A01
201800013099,0,10,000,00,0,1,01,B01
201800013099,0,07,000,00,0,2,15,A01
201800013100,1,07,000,00,2,3,01,B01
201800013100,2,07,000,00,2,7,01,A01
201800013101,1,07,000,13,0,1,01,A01
201800013102,0,07,000,16,0,4,01,A01
201800013102,0,07,000,00,0,1,01,B01
201800013103,0,07,000,07,0,5,15,B01
201800013103,0,07,000,00,2,3,02,A01
201800013104,1,07,000,02,0,9,01,A01
201800013105,0,02,000,00,2,1,19,B01
201800013105,0,07,000,00,2,1,01,A01
201800013106,0,33,000,14,0,8,01,A01
201800013107,0,07,000,13,0,1,01,A01
201800013108,0,33,000,00,2,1,01,A01
201800013108,0,07,000,00,2,3,15,B01
201800013109,2,07,000,00,0,8,15,A01
201800013109,1,15,000,00,2,1,01,B01
201800013110,2,10,000,00,2,3,00,B01
201800013110,1,33,000,00,0,4,00,A01
201800013111,0,07,000,02,0,1,19,A01
201800013112,0,07,000,00,1,1,15,A01
201800013113,0,07,000,01,0,2,02,A01
201800013113,0,01,000,00,0,4,02,B01
201800013114,2,07,000,00,2,8,15,A01
201800013114,0,33,000,00,2,1,01,B01
201800013115,2,02,000,00,2,1,01,B01
201800013115,1,07,000,00,2,3,11,A01
201800013116,0,07,000,06,0,1,01,A01
201800013117,1,10,000,00,2,3,01,A01
201800013117,2,07,000,00,2,3,01,B01
201800013118,2,02,000,00,1,0,01,A01
201800013119,2,13,000,00,0,1,02,B01
201800013119,2,07,000,00,0,4,15,A01
201800013120,2,07,000,00,1,2,00,A01
201800013121,0,07,000,06,1,1,00,A01
201800013122,2,07,000,00,2,1,15,A01
201800013122,2,07,000,00,2,2,01,B01
201800013123,0,30,000,16,0,8,01,A01
201800013124,0,07,000,13,0,3,01,A01
201800013125,2,33,000,00,2,3,01,B01
201800013125,1,07,000,00,2,3,17,A01
201800013126,0,01,000,12,0,0,00,A01
201800013127,2,07,000,00,1,1,01,A01
201800013128,2,02,000,00,2,7,17,B01
201800013128,2,21,000,00,0,6,15,A01
201800013129,0,07,000,00,2,8,15,A01
201800013129,0,33,000,00,2,1,17,B01
201800013130,0,21,000,00,2,3,01,B01
201800013130,0,07,000,00,2,1,13,A01
201800013131,2,33,000,07,2,8,19,A01
201800013131,0,07,000,00,2,1,01,B01
201800013132,1,07,000,02,0,1,13,A01
201800013133,0,07,000,00,0,9,00,A01
201800013134,0,30,000,00,0,8,01,B01
201800013134,0,07,000,00,2,1,01,A01
201800013135,0,10,000,00,2,2,02,A01
201800013135,0,01,000,00,2,4,02,B01
201800013136,1,07,000,00,1,2,01,A01
201800013137,0,07,000,00,0,0,01,A01
201800013138,1,07,000,06,0,8,01,A01
201800013139,0,33,000,00,2,0,01,A01
201800013139,0,17,000,00,2,1,01,B01
201800013140,0,02,000,12,0,0,20,A01
201800013141,1,02,000,01,0,0,01,A01
201800013142,0,01,000,00,2,1,01,A01
201800013142,0,07,000,00,2,1,15,B01
201800013143,1,07,000,04,0,2,00,A01
201800013144,2,15,000,06,2,1,13,A01
201800013144,1,15,000,00,0,1,01,B01
201800013145,2,30,000,00,2,1,06,B01
201800013145,0,15,000,00,2,8,01,A01
201800013146,2,07,000,00,0,8,10,B01
201800013146,2,33,000,00,2,1,15,A01
201800013147,2,07,000,13,2,1,00,B01
201800013147,1,07,000,13,2,7,00,A01
201800013148,1,07,000,00,2,1,13,A01
201800013148,2,07,000,00,2,3,01,B01
201800013149,2,07,000,03,0,8,13,A01
201800013150,0,02,000,00,2,8,19,B01
201800013150,0,07,000,00,2,2,01,A01
201800013151,0,01,000,12,0,1,15,A01
201800013152,0,07,000,13,0,6,01,A01
201800013153,2,33,000,00,0,2,01,A01
201800013154,0,01,000,00,0,4,01,B01
201800013154,0,02,000,00,2,4,01,A01
201800013155,0,20,000,03,2,3,05,A01
201800013155,0,10,000,00,2,1,05,B01
201800013156,0,01,000,00,2,4,01,B01
201800013156,0,07,000,00,2,2,01,A01
201800013157,0,02,000,00,2,1,03,A01
201800013157,0,07,000,00,2,6,01,B01
201800013158,0,32,000,00,2,1,01,B01
201800013158,0,38,002,00,2,3,13,A01
201800013159,2,02,000,00,2,1,01,A01
201800013159,1,07,000,00,2,2,15,B01
201800013160,0,07,000,00,2,5,17,A01
201800013160,0,02,000,00,2,8,01,B01
201800013161,0,03,000,00,1,1,01,A01
201800013162,0,07,000,00,0,1,00,A01
201800013162,0,01,000,00,0,1,00,B01
201800013163,0,07,000,00,2,3,00,A01
201800013163,0,07,000,00,2,3,00,B01
201800013164,0,33,000,00,0,0,01,A01
201800013165,2,07,000,00,2,1,01,B01
201800013165,0,07,000,00,2,3,19,A01
201800013166,2,33,000,00,2,8,01,B01
201800013166,1,07,000,00,2,2,19,A01
201800013167,1,07,000,00,2,3,09,A01
201800013167,1,33,000,00,2,2,00,B01
201800013168,0,02,000,12,0,1,01,A01
201800013169,0,33,000,00,2,1,05,A01
201800013169,0,33,000,00,2,1,01,B01
201800013170,0,01,000,00,2,1,01,B01
201800013170,0,07,000,00,9,8,01,A01
201800013171,1,15,000,00,1,2,02,A01
201800013172,0,36,000,05,0,1,01,A01
201800013173,0,07,000,00,2,2,01,A01
201800013173,0,02,000,00,2,0,02,B01
201800013174,2,07,000,02,0,3,01,A01
201800013175,0,31,000,00,2,2,01,B01
201800013175,0,07,000,00,2,3,09,A01
201800013176,0,07,000,00,1,3,01,A01
201800013177,0,07,000,00,1,2,01,A01
201800013178,0,07,000,00,1,0,00,A01
201800013179,2,07,000,00,2,3,05,A01
201800013179,1,07,000,00,2,3,01,C01
201800013179,1,07,000,00,2,8,01,B01
201800013180,1,33,000,00,2,2,01,A01
201800013180,2,07,000,00,2,1,01,B01
201800013181,1,07,000,00,2,1,01,B01
201800013181,2,33,000,00,2,1,17,A01
201800013182,2,33,000,00,2,1,17,A01
201800013182,1,07,000,00,2,3,01,B01
201800013183,1,33,000,03,0,0,01,A01
201800013184,1,07,000,00,2,3,13,A01
201800013184,2,07,000,00,2,2,01,B01
201800013185,2,07,000,13,2,5,14,B01
201800013185,1,02,000,00,2,1,01,A01
201800013186,2,07,000,00,2,1,17,A01
201800013186,2,07,000,00,2,1,01,B01
201800013187,0,07,000,01,0,2,01,A01
201800013188,0,30,000,00,2,1,16,B01
201800013188,0,21,000,00,2,8,15,A01
201800013189,1,07,000,00,2,1,13,A01
201800013189,2,07,000,00,2,1,01,B01
201800013190,1,07,000,00,2,1,15,A01
201800013190,2,07,000,00,2,1,01,B01
201800013191,1,33,000,00,2,1,13,A01
201800013191,2,07,000,00,2,1,01,B01
201800013192,1,07,000,13,0,9,01,A01
201800013193,1,07,000,16,0,0,01,A01
201800013194,2,07,000,08,0,1,14,A01
201800013195,2,07,000,00,2,1,15,A01
201800013195,1,07,000,00,2,1,01,B01
201800013196,2,31,000,00,2,1,13,A01
201800013196,2,07,000,00,2,2,01,B01
201800013197,1,07,000,13,0,1,11,A01
201800013198,2,07,000,00,2,3,01,B01
201800013198,2,07,000,00,2,3,01,A01
201800013199,2,07,000,00,2,3,13,A01
201800013199,1,07,000,00,2,3,01,B01
201800013200,2,07,000,02,0,0,02,A01
201800013201,1,07,000,00,2,6,02,B01
201800013201,2,07,000,00,2,1,17,A01
201800013201,2,07,000,00,2,3,01,C01
201800013202,2,07,000,00,2,7,13,A01
201800013202,1,07,000,00,2,3,01,B01
201800013203,1,10,000,02,0,8,01,A01
201800013204,1,33,000,00,2,1,01,B01
201800013204,2,07,000,00,2,1,15,A01
201800013205,0,07,000,00,2,8,19,A01
201800013205,1,33,000,00,2,1,01,B01
201800013206,2,07,000,00,2,5,19,A01
201800013206,1,07,000,00,2,3,01,B01
201800013207,2,33,000,02,0,1,01,A01
201800013208,1,07,000,00,2,3,01,B01
201800013208,2,07,000,00,2,2,09,A01
201800013209,2,07,000,04,2,8,15,A01
201800013209,2,07,000,04,2,7,17,B01
201800013210,1,33,000,00,0,0,13,A01
201800013211,2,21,000,00,2,3,13,B01
201800013211,2,07,000,00,2,1,17,A01
201800013212,2,02,000,00,9,0,19,A01
201800013212,1,01,000,00,9,4,01,B01
201800013212,1,01,000,00,2,1,00,C01
201800013213,2,07,000,00,0,0,01,A01
201800013214,2,07,000,00,2,4,13,A01
201800013214,1,07,000,00,2,8,01,B01
201800013214,1,07,000,00,2,1,01,C01
201800013215,2,07,000,00,2,1,01,A01
201800013215,1,07,000,00,2,1,01,B01
201800013216,1,07,000,02,0,1,01,A01
201800013217,2,01,000,03,0,1,01,A01
201800013218,1,07,000,00,2,5,15,A01
201800013218,2,33,000,00,2,1,01,B01
201800013219,2,14,000,00,1,3,01,A01
201800013220,2,07,000,00,2,8,19,A01
201800013220,1,07,000,00,2,1,01,B01
201800013221,2,33,000,00,2,1,13,B01
201800013221,1,07,000,00,2,3,01,A01
201800013222,2,33,000,03,0,1,16,A01
201800013223,1,07,000,00,2,1,01,B01
201800013223,2,07,000,05,2,7,05,A01
201800013224,2,07,000,00,2,3,13,B01
201800013224,1,33,000,00,2,1,03,A01
201800013225,2,07,000,00,2,3,02,A01
201800013225,1,33,000,00,2,1,01,C01
201800013225,2,07,000,00,0,4,15,B01
201800013226,1,33,000,00,2,8,00,A01
201800013226,2,07,000,00,2,3,01,B01
201800013227,1,07,000,00,0,8,15,A01
201800013227,1,34,000,00,2,1,18,B01
201800013228,1,07,000,02,0,8,00,A01
201800013229,1,10,000,00,0,7,10,A01
201800013229,2,07,000,00,2,1,01,B01
201800013230,0,14,000,00,2,3,01,B01
201800013230,0,07,000,00,2,1,17,A01
201800013231,2,17,000,03,2,3,01,B01
201800013231,1,10,000,03,2,3,13,A01
201800013232,1,07,000,02,0,2,01,A01
201800013233,1,07,000,02,0,1,16,A01
201800013234,1,33,000,16,0,9,16,A01
201800013235,0,07,000,00,2,3,17,A01