Num_Acc,senc,catv,occutc,obs,obsm,choc,manv,num_veh
201800013629,1,07,000,00,9,1,15,A01
201800013630,1,33,000,00,0,7,16,A01
201800013631,0,07,000,06,0,2,01,A01
201800013632,1,07,000,00,0,3,16,A01
201800013632,1,02,000,00,2,1,01,B01
201800013633,1,07,000,00,2,6,15,B01
201800013633,1,33,000,00,2,1,17,A01
201800013634,1,07,000,08,0,1,13,A01
201800013635,2,07,000,00,2,2,17,A01
201800013635,2,02,000,00,2,4,15,B01
201800013636,1,02,000,00,2,1,01,B01
201800013636,2,07,000,00,2,2,15,A01
201800013637,1,07,000,00,0,4,23,B01
201800013637,1,07,000,00,2,1,02,A01
201800013638,2,07,000,00,2,2,13,B01
201800013638,2,07,000,00,2,2,13,A01
201800013639,1,07,000,00,9,1,01,C01
201800013639,2,10,000,00,2,3,13,A01
201800013639,1,07,000,00,2,3,01,B01
201800013640,2,07,000,13,0,1,21,A01
201800013641,0,31,000,00,0,7,01,A01
201800013642,1,07,000,13,0,1,01,A01
201800013643,2,07,000,00,2,1,13,A01
201800013643,1,07,000,00,2,1,01,B01
201800013644,1,02,000,00,0,1,01,A01
201800013645,0,07,000,02,0,2,01,A01
201800013646,2,33,000,16,0,0,01,A01
201800013647,2,21,000,00,0,4,16,B01
201800013647,2,17,000,00,2,4,02,A01
201800013648,1,33,000,00,0,0,01,A01
201800013649,2,33,000,00,2,1,13,A01
201800013649,1,07,000,00,2,5,04,B01
201800013650,1,07,000,02,0,2,01,A01
201800013651,1,02,000,06,0,1,14,A01
201800013652,1,07,000,00,2,7,23,A01
201800013652,1,33,000,01,0,8,18,B01
201800013653,2,07,000,00,2,6,01,A01
201800013653,2,07,000,13,2,2,17,B01
201800013654,1,07,000,00,0,9,01,A01
201800013655,2,07,000,00,2,1,09,A01
201800013655,1,01,000,00,2,4,02,B01
201800013656,2,07,000,00,1,3,15,A01
201800013657,1,07,000,00,2,3,01,B01
201800013657,2,07,000,00,2,2,19,A01
201800013658,2,02,000,00,0,0,02,A01
201800013659,1,07,000,08,0,3,13,A01
201800013660,1,07,000,07,2,7,19,A01
201800013660,1,07,000,00,2,1,01,B01
201800013661,1,07,000,06,0,3,13,A01
201800013662,1,02,000,00,0,1,01,A01
201800013663,0,07,000,00,2,1,01,A01
201800013663,0,34,000,00,2,7,19,B01
201800013664,0,07,000,00,2,5,01,A01
201800013664,0,07,000,00,2,1,15,B01
201800013665,2,07,000,00,2,1,13,A01
201800013665,1,33,000,00,2,1,13,B01
201800013666,2,30,000,00,2,1,13,A01
201800013666,1,07,000,00,2,3,01,B01
201800013667,0,07,000,00,2,3,05,A01
201800013667,1,33,000,04,2,2,01,B01
201800013668,1,15,000,00,2,6,01,D01
201800013668,1,15,000,00,2,6,01,C01
201800013668,2,07,000,00,2,1,01,B01
201800013668,1,07,000,00,2,1,05,A01
201800013669,0,07,000,00,9,8,09,A01
201800013669,0,01,000,00,2,8,01,B01
201800013670,0,07,000,08,0,9,00,A01
201800013671,0,07,000,00,2,1,17,A01
201800013671,0,07,000,00,2,1,01,B01
201800013672,2,34,000,00,2,2,05,A01
201800013673,0,07,000,00,1,2,01,A01
201800013674,0,07,000,00,1,2,01,A01
201800013675,0,07,000,04,2,1,02,A01
201800013675,0,07,000,00,2,1,13,B01
201800013676,0,33,000,14,0,8,01,A01
201800013677,0,07,000,00,2,7,16,A01
201800013677,0,32,000,00,2,1,01,B01
201800013678,2,33,000,00,2,2,18,A01
201800013678,1,07,000,00,2,7,15,B01
201800013679,0,07,000,00,1,3,01,A01
201800013680,0,07,000,00,2,3,13,A01
201800013680,0,07,000,00,2,3,01,B01
201800013681,0,02,000,00,2,8,01,A01
201800013681,0,02,000,00,2,7,01,B01
201800013682,0,37,003,00,2,3,23,A01
201800013682,0,07,000,00,0,4,23,B01
201800013683,0,07,000,00,9,3,01,A01
201800013683,0,01,000,00,0,4,01,B01
201800013684,0,10,000,00,2,2,00,A01
201800013684,0,34,000,00,2,4,00,B01
201800013684,0,07,000,00,2,4,00,C01
201800013685,0,07,000,00,2,6,09,A01
201800013685,0,34,000,00,2,1,02,B01
201800013686,0,07,000,00,2,3,01,A01
201800013686,0,32,000,00,2,1,13,B01
201800013687,2,07,000,00,9,7,16,A01
201800013687,2,01,000,00,2,8,02,B01
201800013688,0,33,000,00,2,8,00,A01
201800013688,0,07,000,00,2,3,05,B01
201800013689,1,02,000,00,2,1,05,A01
201800013689,1,07,000,00,2,8,00,B01
201800013690,1,03,000,00,1,3,01,A01
201800013691,0,07,000,00,2,3,17,A01
201800013691,0,02,000,00,2,1,01,B01
201800013692,2,02,000,00,1,2,01,A01
201800013693,1,07,000,00,2,8,10,A01
201800013693,2,30,000,00,2,1,02,B01
201800013694,0,07,000,00,9,1,15,A01
201800013694,0,01,000,00,2,1,01,B01
201800013695,1,07,000,00,2,1,01,A01
201800013695,1,07,000,00,0,4,15,B01
201800013695,2,07,000,00,0,3,01,C01
201800013696,0,33,000,00,2,1,01,A01
201800013696,0,10,000,00,2,5,15,B01
201800013697,1,33,000,00,0,7,01,A01
201800013698,1,07,000,00,1,0,01,A01
201800013699,0,07,000,00,2,2,13,A01
201800013699,0,07,000,00,2,2,01,B01
201800013700,1,33,000,00,2,3,01,A01
201800013700,2,07,000,00,2,8,01,B01
201800013701,0,07,000,00,2,3,09,A01
201800013701,0,34,000,00,2,2,01,B01
201800013702,2,31,000,00,5,0,01,A01
201800013703,2,01,000,00,2,0,01,A01
201800013703,0,20,000,00,2,0,15,B01
201800013704,1,07,000,00,9,3,15,A01
201800013704,2,01,000,00,2,8,01,B01
201800013705,2,02,000,00,1,1,01,A01
201800013706,0,01,000,00,0,0,01,A01
201800013706,0,13,000,00,0,0,09,B01
201800013707,2,33,000,00,2,1,01,A01
201800013707,2,07,000,00,0,6,01,B01
201800013708,2,07,000,13,0,9,01,A01
201800013709,0,07,000,00,0,2,15,A01
201800013709,0,01,000,00,2,1,00,B01
201800013710,2,31,000,00,2,1,01,A01
201800013710,1,17,000,00,2,3,01,B01
201800013711,1,32,000,00,2,1,02,A01
201800013711,1,07,000,00,2,6,15,B01
201800013712,2,07,000,06,0,1,01,A01
201800013713,0,07,000,00,2,1,17,A01
201800013713,0,07,000,00,2,8,15,B01
201800013714,1,07,000,00,2,1,05,A01
201800013714,2,07,000,00,2,1,01,B01
201800013715,1,07,000,00,2,3,00,A01
201800013715,2,34,000,00,2,1,01,B01
201800013716,2,33,000,00,0,3,01,A01
201800013717,0,01,000,06,0,1,01,A01
201800013718,0,07,000,00,2,3,00,A01
201800013718,0,07,000,00,2,8,00,B01
201800013719,1,07,000,01,2,3,13,A01
201800013719,2,07,000,00,2,3,01,B01
201800013720,2,07,000,00,2,3,00,A01
201800013720,1,33,000,00,2,2,17,B01
201800013721,1,07,000,00,2,3,01,A01
201800013721,2,33,000,00,2,1,05,B01
201800013722,2,07,000,00,1,1,06,A01
201800013723,1,33,000,03,0,2,00,A01
201800013724,0,07,000,09,0,2,14,A01
201800013725,2,33,000,00,0,3,00,A01
201800013726,1,07,000,00,2,5,01,A01
201800013726,2,07,000,00,2,1,01,B01
201800013727,2,07,000,06,0,1,01,A01
201800013728,2,33,000,00,2,1,17,A01
201800013728,1,07,000,00,2,1,01,B01
201800013729,0,07,000,15,0,2,14,A01
201800013730,0,07,000,00,2,3,01,A01
201800013731,1,33,000,00,2,1,02,A01
201800013731,1,33,000,00,2,1,02,B01
201800013731,2,07,000,00,9,1,01,C01
201800013732,0,07,000,13,0,3,01,A01
201800013733,0,07,000,00,2,3,01,A01
201800013733,0,07,000,00,2,3,01,B01
201800013734,0,33,000,00,2,7,17,A01
201800013734,0,07,000,00,2,8,01,B01
201800013735,0,02,000,00,9,0,01,A01
201800013736,0,33,000,13,0,1,01,A01
201800013737,0,07,000,00,2,3,13,A01
201800013737,0,02,000,00,2,1,01,B01
201800013738,2,01,000,00,2,1,02,A01
201800013738,2,07,000,00,0,6,23,B01
201800013738,1,38,002,00,2,6,01,C01
201800013739,0,33,000,00,2,2,19,A01
201800013739,0,02,000,00,2,1,01,B01
201800013740,1,02,000,00,2,1,09,A01
201800013740,1,07,000,00,2,7,01,B01
201800013741,1,33,000,00,0,4,16,A01
201800013741,1,07,000,00,2,1,16,B01
201800013742,0,33,000,00,0,6,01,A01
201800013742,0,07,000,00,2,2,00,B01
201800013743,0,33,000,00,0,3,01,B01
201800013743,0,07,000,00,2,2,12,A01
201800013744,1,07,000,00,9,4,04,A01
201800013744,1,01,000,00,2,1,02,B01
201800013745,1,31,000,00,0,0,01,A01
201800013745,1,13,000,00,0,0,01,B01
201800013746,1,33,000,00,1,1,01,A01
201800013746,2,07,000,00,2,3,01,B01
201800013747,0,34,000,00,2,1,01,A01
201800013747,0,07,000,00,2,8,01,B01
201800013748,1,07,000,00,2,2,12,A01
201800013748,1,33,000,00,2,3,01,B01
201800013749,0,32,000,00,2,1,00,A01
201800013749,0,07,000,00,2,3,01,B01
201800013750,1,33,000,00,2,2,01,A01
201800013750,2,07,000,00,0,6,15,B01
201800013751,0,34,000,00,9,8,17,A01
201800013752,0,33,000,00,2,0,13,A01
201800013752,0,07,000,00,2,2,09,B01
201800013753,0,33,000,00,0,8,01,A01
201800013754,0,07,000,00,1,3,01,A01
201800013755,2,02,000,00,0,0,00,A01
201800013756,1,07,000,00,0,4,01,A01
201800013756,1,07,000,00,2,1,01,B01
201800013757,0,33,000,00,0,9,00,A01
201800013758,0,33,000,00,2,1,05,A01
201800013758,0,07,000,00,2,3,01,B01
201800013759,0,32,000,01,0,1,17,A01
201800013759,0,07,000,00,0,6,23,B01
201800013760,0,34,000,12,0,1,17,A01
201800013761,2,07,000,04,0,2,01,A01
201800013762,0,07,000,06,0,2,01,A01
201800013763,2,33,000,00,2,1,01,B01
201800013763,1,07,000,00,2,3,01,A01
201800013764,0,07,000,04,0,1,01,A01
201800013765,2,33,000,00,9,1,00,A01
201800013766,1,33,000,03,0,2,00,A01
201800013767,2,07,000,06,0,1,01,A01
201800013768,1,07,000,00,1,3,01,A01
201800013769,0,07,000,00,1,3,16,A01
201800013770,1,10,000,00,2,2,09,A01
201800013770,1,07,000,00,2,6,01,B01
201800013771,2,15,000,00,0,0,01,A01
201800013771,1,33,000,00,9,1,01,B01
201800013771,1,33,000,00,9,1,01,C01
201800013772,2,33,000,04,0,8,00,A01
201800013773,2,33,000,13,0,8,01,A01
201800013774,2,33,000,00,0,8,15,A01
201800013775,2,07,000,00,2,3,17,A01
201800013775,1,07,000,00,2,3,01,B01
201800013776,1,33,000,00,0,8,01,A01
201800013777,1,33,000,00,0,9,01,A01
201800013778,,07,000,00,2,3,01,A01
201800013778,,07,000,08,0,2,01,B01
201800013779,2,07,000,00,2,3,17,A01
201800013779,1,14,000,00,2,3,01,B01
201800013780,2,07,000,00,2,1,01,A01
201800013780,1,07,000,00,2,3,01,B01
201800013781,2,07,000,00,1,1,01,A01
201800013782,2,07,000,08,0,1,14,A01
201800013783,2,07,000,00,2,6,15,A01
201800013783,1,31,000,00,2,1,01,B01
201800013784,0,02,000,00,2,8,01,A01
201800013784,0,07,000,00,2,3,01,B01
201800013785,1,33,000,13,0,1,01,A01
201800013786,1,15,000,00,2,3,01,B01
201800013786,2,07,000,00,2,1,13,A01
201800013787,0,31,000,00,0,8,01,A01
201800013788,0,07,000,00,2,8,13,A01
201800013788,0,33,000,00,2,3,13,B01
201800013789,1,31,000,13,0,3,01,A01
201800013790,0,07,000,15,0,1,01,A01
201800013791,0,31,000,00,2,1,01,B01
201800013791,0,07,000,00,2,6,19,A01
201800013792,1,07,000,13,0,3,13,A01
201800013793,1,10,000,00,2,0,01,B01
201800013793,2,15,000,00,2,3,01,D01
201800013793,1,07,000,00,2,3,13,A01
201800013793,2,07,000,00,2,1,01,C01
201800013794,1,15,000,00,2,3,01,B01
201800013794,2,07,000,00,2,3,01,A01
201800013794,1,07,000,00,2,0,01,C01
201800013795,2,07,000,00,2,8,15,B01
201800013795,2,33,000,00,2,1,17,A01
201800013796,2,33,000,02,0,1,00,A01
201800013797,1,01,000,00,0,4,01,B01
201800013797,1,10,000,00,9,2,02,A01
201800013798,0,07,000,00,2,3,01,B01
201800013798,0,01,000,00,2,8,13,A01
201800013799,2,07,000,13,0,2,01,A01
201800013800,2,13,000,00,0,6,01,B01
201800013800,1,07,000,00,0,1,01,C01
201800013800,1,07,000,00,2,3,01,A01
201800013801,0,07,000,00,2,3,01,A01
201800013801,0,07,000,00,2,3,01,B01
201800013802,0,33,000,00,2,7,01,A01
201800013802,0,07,000,00,2,1,01,B01
201800013803,0,02,000,05,0,8,00,A01
201800013804,1,01,000,00,0,0,01,A01
201800013805,2,07,000,00,2,1,01,B01
201800013805,1,07,000,00,2,2,13,A01
201800013806,0,07,000,13,0,1,01,A01
201800013807,1,07,000,00,0,5,01,A01
201800013807,1,07,000,00,2,3,02,B01
201800013808,2,07,000,00,2,1,01,B01
201800013808,1,10,000,00,2,1,13,A01
201800013809,0,33,000,00,0,7,01,A01
201800013810,2,07,000,13,0,1,01,A01
201800013811,1,07,000,00,2,3,19,A01
201800013811,1,07,000,00,2,1,01,B01
201800013811,1,17,000,00,2,3,24,C01
201800013812,1,07,000,07,2,7,01,A01
201800013812,1,07,000,08,2,1,01,B01
201800013813,1,33,000,00,2,1,00,B01
201800013813,1,07,000,00,2,3,15,A01
201800013814,1,03,000,00,2,1,01,B01
201800013814,0,07,000,00,2,1,13,A01
201800013815,1,07,000,00,2,6,15,A01
201800013815,1,07,000,00,2,8,01,B01
201800013815,1,07,000,00,2,3,01,C01
201800013816,1,07,000,00,2,9,02,A01
201800013816,1,07,000,00,2,5,02,B01
201800013816,1,13,000,00,2,3,01,C01
201800013817,1,07,000,00,2,3,01,A01
201800013817,1,33,000,00,2,8,01,B01
201800013817,1,33,000,00,2,8,01,C01
201800013818,1,02,000,00,0,0,00,A01
201800013819,0,07,000,00,2,3,21,A01
201800013819,0,01,000,00,2,3,17,C01
201800013819,0,01,000,00,2,8,01,B01
201800013820,0,21,000,00,2,2,13,B01
201800013820,0,33,000,00,2,1,01,A01
201800013821,2,07,000,00,1,3,01,A01
201800013822,2,01,000,01,0,1,00,A01
201800013823,1,07,000,00,2,2,01,B01
201800013823,2,07,000,00,2,2,05,A01
201800013824,2,07,000,00,2,1,13,A01
201800013824,1,07,000,00,2,1,01,B01
201800013825,0,07,000,00,2,2,01,A01
201800013825,0,07,000,00,2,1,01,B01
201800013826,2,07,000,00,2,6,01,A01
201800013826,2,02,000,00,2,1,01,B01
201800013827,0,33,000,00,0,0,01,A01
201800013828,0,07,000,13,0,1,01,A01
201800013829,1,10,000,02,2,1,01,A01
201800013829,1,07,000,00,0,6,01,B01
201800013830,0,07,000,00,1,2,01,A01
201800013831,1,31,000,00,2,1,01,B01
201800013831,2,07,000,00,2,2,15,A01
201800013832,2,07,000,03,0,9,00,A01
201800013833,1,07,000,13,0,6,01,A01
201800013834,1,07,000,12,0,1,00,A01
201800013835,1,07,000,13,0,3,00,A01
201800013836,1,07,000,00,2,4,23,B01
201800013836,1,07,000,00,2,1,02,A01
201800013836,1,07,000,00,2,4,02,C01
201800013836,1,07,000,00,2,4,02,D01
201800013837,0,07,000,00,1,3,15,A01
201800013838,0,07,000,08,0,3,01,A01
201800013839,1,07,000,,2,1,13,A01
201800013839,2,07,000,,2,1,01,B01
201800013840,2,33,000,00,6,1,01,A01
201800013841,1,02,000,12,0,2,01,A01
201800013842,2,07,000,00,0,5,01,B01
201800013842,2,07,000,00,2,1,01,A01
201800013843,1,07,000,15,0,2,01,A01
201800013844,1,07,000,00,2,3,01,B01
201800013844,1,07,000,00,2,7,19,A01
201800013845,1,07,000,00,2,1,01,B01
201800013845,2,07,000,00,2,1,05,A01
201800013846,0,33,000,00,2,2,00,A01
201800013846,0,07,000,00,2,2,19,B01
201800013847,2,33,000,00,2,3,17,A01
201800013847,2,07,000,00,2,3,17,B01
201800013847,2,21,000,00,0,0,01,C01
201800013848,2,33,000,00,0,7,01,A01
201800013849,0,07,000,00,2,8,09,A01
201800013849,0,02,000,00,2,1,01,B01
201800013850,1,10,000,00,2,3,10,A01
201800013850,2,33,000,00,2,1,01,B01
201800013851,2,10,000,00,2,8,15,B01
201800013851,1,33,000,00,2,1,17,A01
201800013852,1,14,000,00,2,8,01,B01
201800013852,2,07,000,00,2,3,01,A01
201800013853,2,07,000,02,0,7,01,A01
201800013854,1,33,000,00,2,1,01,B01
201800013854,1,07,000,00,2,1,05,A01
201800013855,0,07,000,00,2,2,17,A01
201800013855,0,02,000,00,2,8,15,B01
201800013856,2,31,000,00,0,8,01,B01
201800013856,1,07,000,00,2,1,15,A01
201800013857,1,07,000,13,0,2,01,A01
201800013858,2,02,000,00,1,1,01,A01
201800013859,0,01,000,00,0,0,01,A01
201800013860,2,02,000,00,2,1,13,A01
201800013860,1,07,000,00,2,1,01,B01
201800013861,2,07,000,08,0,7,01,A01
201800013862,1,01,000,00,2,8,01,B01
201800013862,1,07,000,00,9,2,14,A01
201800013863,0,07,000,00,0,8,00,A01
201800013864,0,33,000,00,0,7,14,A01
201800013865,1,02,000,13,0,7,01,A01
201800013866,1,02,000,01,0,1,02,A01
201800013867,0,01,000,00,2,1,01,B01
201800013867,1,15,000,00,2,6,01,A01
201800013868,1,33,000,00,9,1,01,B01
201800013868,1,01,000,00,0,4,11,A01
201800013869,2,07,000,00,2,3,01,B01
201800013869,1,07,000,00,2,3,13,A01
201800013870,1,07,000,00,2,3,01,B01
201800013870,2,31,000,00,2,1,13,A01
201800013870,1,07,000,00,9,1,01,C01
201800013871,0,07,000,00,1,3,01,A01
201800013872,1,02,000,00,0,8,00,A01
201800013873,0,07,000,14,4,2,01,A01
201800013873,2,39,060,00,2,8,01,B01
201800013874,0,02,000,00,2,8,15,B01
201800013874,0,02,000,00,2,1,01,A01
201800013875,0,10,000,00,1,4,01,A01
201800013876,1,07,000,00,1,1,20,A01
201800013877,2,07,000,00,2,1,00,B01
201800013877,1,07,000,00,2,3,13,A01
201800013878,1,07,000,00,0,8,01,B01
201800013878,1,07,000,00,0,1,19,A01
201800013879,1,01,000,00,2,8,01,B01
201800013879,1,17,000,00,9,5,17,A01
201800013880,1,07,000,00,2,3,13,A01
201800013880,2,07,000,00,2,3,01,B01
201800013881,1,07,000,00,2,1,15,B01
201800013881,1,07,000,08,0,1,17,A01
201800013882,0,07,000,00,1,1,16,A01
201800013883,1,07,000,00,2,2,15,A01
201800013883,2,07,000,00,2,1,01,B01
201800013884,1,07,000,00,1,2,01,A01
201800013885,2,07,000,00,2,1,01,B01
201800013885,1,17,000,00,2,1,01,A01
201800013886,2,02,000,00,1,1,01,A01
201800013887,1,33,000,13,0,8,00,A01
201800013888,0,33,000,00,2,1,01,B01
201800013888,0,07,000,00,2,3,15,A01
201800013889,0,07,000,00,1,1,15,A01
201800013890,1,07,000,00,0,1,01,A01
201800013891,1,07,000,00,2,3,15,A01
201800013891,2,07,000,00,2,3,01,B01
201800013892,1,33,000,00,0,1,00,A01
201800013893,0,02,000,00,0,8,00,A01
201800013894,0,07,000,00,0,3,00,A01
201800013895,1,07,000,13,0,1,00,A01
201800013896,1,33,000,13,0,1,01,A01
201800013897,0,03,000,13,0,3,01,A01
201800013898,1,07,000,00,0,4,01,A01
201800013898,1,33,000,00,2,1,01,B01
201800013899,1,02,000,12,0,7,00,A01
201800013900,0,07,000,06,0,1,00,A01
201800013901,1,07,000,00,2,7,17,A01
201800013901,2,01,000,00,2,8,02,B01
201800013902,2,07,000,00,5,1,00,A01
201800013903,1,07,000,08,0,4,01,A01
201800013904,0,07,000,13,0,3,01,A01
201800013905,1,33,000,00,2,1,01,A01
201800013905,1,07,000,00,0,4,01,B01
201800013906,2,07,000,00,2,2,01,A01
201800013906,1,15,000,00,2,1,01,D01
201800013906,1,99,000,00,2,1,01,C01
201800013906,2,07,000,00,0,4,15,B01
201800013907,1,07,000,06,0,2,01,A01
201800013908,0,33,000,00,0,8,01,A01
201800013909,1,10,000,13,0,3,13,A01
201800013910,1,07,000,08,0,1,01,A01
201800013911,2,07,000,00,6,1,01,A01
201800013912,1,33,000,00,2,1,01,A01
201800013912,2,07,000,00,2,3,19,B01
201800013913,1,07,000,00,2,1,01,A01
201800013913,2,07,000,00,2,1,15,B01
201800013914,1,03,000,00,2,2,19,A01
201800013914,2,07,000,00,2,1,01,B01
201800013915,0,07,000,00,1,1,01,A01
201800013916,0,07,000,06,0,1,01,A01
201800013917,2,07,000,00,2,3,01,B01
201800013917,0,07,000,00,2,2,09,A01
201800013918,0,33,000,06,0,1,01,A01
201800013919,0,07,000,05,0,6,16,A01
201800013920,0,07,000,00,0,1,02,A01
201800013920,1,02,000,00,2,6,02,B01
201800013921,1,07,000,00,1,2,01,A01
201800013922,1,36,000,13,0,1,17,A01
201800013923,1,33,000,13,0,1,01,A01
201800013924,0,01,000,08,0,8,16,A01
201800013925,1,07,000,09,0,1,14,A01
201800013926,2,07,000,15,0,9,01,A01
201800013927,0,07,000,13,0,1,01,A01
201800013928,0,02,000,12,0,1,01,A01
201800013929,2,07,000,13,0,2,01,A01
201800013930,,07,000,00,0,1,01,A01
201800013930,,07,000,08,0,2,01,B01
201800013931,1,07,000,00,2,4,15,B01
201800013931,1,07,000,00,2,1,01,A01
201800013932,1,07,000,00,1,2,09,A01
201800013933,2,07,000,13,0,1,01,A01
201800013934,2,07,000,00,5,1,01,A01
201800013935,0,07,000,00,6,3,01,A01
201800013936,0,07,000,02,0,7,01,A01
201800013937,1,07,000,02,0,1,01,A01
201800013938,1,10,000,00,1,3,01,A01
201800013939,0,33,000,02,0,1,18,A01
201800013940,1,07,000,06,0,1,01,A01
201800013941,0,33,000,00,2,1,13,A01
201800013941,0,07,000,00,2,1,01,B01
201800013942,1,13,000,00,2,1,01,B01
201800013942,2,07,000,00,2,2,13,A01
201800013943,0,07,000,06,0,2,00,A01
201800013944,0,07,000,00,2,3,19,B01
201800013944,0,07,000,00,2,1,01,A01
201800013945,1,07,000,06,0,1,01,A01
201800013946,2,02,000,00,2,1,05,A01
201800013946,1,07,000,00,2,3,01,B01
201800013947,2,01,000,00,6,3,01,A01
201800013948,2,07,000,13,0,3,13,A01
201800013949,1,07,000,00,2,8,19,B01
201800013949,1,33,000,00,2,1,01,A01
201800013950,1,33,000,00,0,1,01,A01
201800013951,2,33,000,13,0,2,01,A01
201800013952,2,33,000,13,0,1,01,A01
201800013953,2,07,000,13,0,1,01,A01
201800013954,2,02,000,00,0,1,01,A01
201800013955,2,07,000,00,2,3,19,A01
201800013955,2,33,000,00,2,7,01,B01
201800013956,1,07,000,00,1,7,01,A01
201800013957,1,21,000,00,0,0,11,B01
201800013957,2,33,000,00,0,2,17,A01
201800013958,2,07,000,00,2,3,01,A01
201800013958,2,07,000,00,2,2,01,B01
201800013959,1,07,000,02,0,0,01,A01
201800013960,1,07,000,00,1,3,01,A01
201800013961,0,01,000,00,2,1,15,A01
201800013961,0,07,000,00,2,1,01,B01
201800013962,1,07,000,00,1,0,01,A01
201800013963,1,07,000,00,1,1,01,A01
201800013964,1,07,000,00,2,6,15,A01
201800013964,2,07,000,00,2,3,01,B01
201800013965,1,07,000,00,1,1,01,A01
201800013966,1,07,000,12,9,7,01,B01
201800013966,2,17,000,00,2,1,01,A01
201800013967,2,31,000,00,0,0,02,A01
201800013968,1,07,000,00,0,8,01,A01
201800013969,1,07,000,00,1,2,01,A01
201800013970,0,30,000,00,2,2,01,B01
201800013970,0,07,000,00,2,3,17,A01
201800013971,2,07,000,03,0,3,03,A01
201800013972,1,07,000,02,0,1,01,A01
201800013973,1,02,000,00,2,1,00,A01
201800013973,2,15,000,00,2,1,01,B01
201800013974,1,03,000,16,0,2,01,A01
201800013975,2,07,000,03,0,3,00,A01
201800013976,1,07,000,13,0,2,01,A01
201800013977,2,38,001,00,0,2,01,B01
201800013977,1,07,000,00,0,1,05,A01
201800013978,2,33,000,01,1,1,15,A01
201800013979,1,07,000,13,0,3,01,A01
201800013980,2,07,000,00,1,2,01,A01
201800013981,2,07,000,00,2,8,19,A01
201800013981,2,07,000,00,2,2,01,B01
201800013982,1,07,000,00,1,2,01,A01
201800013983,2,33,000,00,0,7,01,A01
201800013984,1,33,000,00,2,7,01,B01
201800013984,2,07,000,00,2,2,20,A01
201800013985,1,32,000,00,2,5,23,B01
201800013985,1,07,000,00,2,3,02,C01
201800013985,1,07,000,00,0,4,23,A01
201800013986,1,10,000,07,0,1,01,A01
201800013987,1,07,000,00,2,2,09,B01
201800013987,1,07,000,00,2,1,15,A01
201800013988,1,07,000,02,0,1,01,A01
201800013989,1,36,000,06,0,1,16,A01
201800013990,2,07,000,05,0,2,02,A01
201800013991,2,07,000,16,0,1,17,A01
201800013992,1,07,000,00,2,1,01,B01
201800013992,2,07,000,00,2,8,15,A01
201800013993,1,07,000,02,0,3,13,A01
201800013994,1,07,000,00,0,8,01,A01
201800013995,1,02,000,12,0,2,01,A01
201800013996,2,33,000,00,0,1,16,A01
201800013997,1,31,000,00,0,4,15,B01
201800013997,1,02,000,00,2,1,01,A01
201800013998,2,07,000,00,1,1,01,A01
201800013999,2,07,000,02,0,8,00,A01
201800014000,2,99,000,00,0,1,15,A01
201800014000,2,07,000,02,0,1,17,B01
201800014001,0,17,000,00,1,2,00,A01
201800014002,0,07,000,00,1,1,16,A01
201800014003,0,07,000,00,0,0,01,A01
201800014004,1,07,000,00,0,6,15,A01
201800014004,2,01,000,07,2,1,01,B01
201800014005,2,07,000,00,2,3,13,A01
201800014005,1,07,000,00,2,3,01,B01
201800014006,1,07,000,06,0,1,00,A01
201800014007,1,07,000,00,2,3,02,C01
201800014007,1,07,000,00,2,1,01,B01
201800014007,1,07,000,00,2,1,01,D01
201800014007,1,07,000,00,2,1,05,A01
201800014008,2,01,000,00,2,1,15,A01
201800014008,2,07,000,00,2,2,17,B01
201800014009,2,07,000,00,0,5,02,A01
201800014009,2,33,000,00,2,4,02,B01
201800014009,2,33,000,00,0,0,02,D01
201800014009,2,33,000,00,2,1,02,C01
201800014010,0,07,000,00,2,8,09,A01
201800014010,1,33,000,00,2,1,01,B01
201800014011,2,33,000,00,0,3,01,A01
201800014012,2,33,000,06,0,0,00,A01
201800014013,1,07,000,00,1,3,01,A01
201800014014,1,07,000,00,1,1,01,A01
201800014015,1,07,000,15,0,8,13,A01
201800014016,0,30,000,00,2,1,01,B01
201800014016,0,07,000,00,2,2,15,A01
201800014017,0,39,000,00,2,1,01,A01
201800014017,2,10,000,14,4,8,23,B01
201800014018,0,07,000,00,2,3,15,B01
201800014018,0,30,000,00,2,1,01,A01
201800014019,2,07,000,00,2,4,23,A01
201800014019,2,10,000,00,2,1,02,C01
201800014019,2,07,000,00,2,4,23,B01
201800014020,2,07,000,08,0,3,13,A01
201800014021,2,07,000,00,2,6,19,A01
201800014021,1,07,000,00,2,3,01,B01
201800014022,1,07,000,00,2,1,01,A01
201800014022,1,07,000,00,2,4,23,B01
201800014023,0,07,000,09,1,1,14,A01
201800014024,2,07,000,13,0,3,14,A01
201800014025,2,07,000,02,0,1,13,A01
201800014026,2,07,000,13,0,2,17,A01
201800014027,1,07,000,00,2,1,01,B01
201800014027,1,20,000,00,2,7,19,A01
201800014028,1,10,000,00,2,1,02,A01
201800014028,1,07,000,00,2,4,02,B01
201800014029,0,07,000,01,0,9,02,A01
201800014030,1,07,000,00,2,2,19,B01
201800014030,1,07,000,00,2,3,01,A01
201800014031,1,07,000,00,2,8,01,B01
201800014031,1,07,000,00,2,1,19,A01
201800014032,0,07,000,15,0,9,00,A01
201800014033,1,07,000,00,1,3,20,A01
201800014034,0,07,000,00,2,5,00,A01
201800014034,0,07,000,00,2,1,01,B01