Num_Acc,senc,catv,occutc,obs,obsm,choc,manv,num_veh
201800014035,0,15,000,00,1,3,00,A01
201800014036,0,01,000,00,2,1,01,B01
201800014036,0,10,000,00,2,1,01,A01
201800014037,1,31,000,00,2,0,00,B01
201800014037,0,07,000,00,2,3,09,A01
201800014038,1,03,000,01,0,2,14,A01
201800014039,0,07,000,00,1,1,00,A01
201800014040,0,07,000,00,0,9,01,A01
201800014041,1,07,000,00,1,7,01,A01
201800014042,0,07,000,00,2,1,01,B01
201800014042,0,07,000,00,2,3,15,A01
201800014043,0,07,000,00,1,1,00,A01
201800014044,1,07,000,01,0,2,01,A01
201800014045,0,10,000,00,2,9,00,B01
201800014045,0,10,000,00,2,2,00,A01
201800014046,2,07,000,00,2,3,00,B01
201800014046,1,07,000,00,2,3,13,A01
201800014047,0,07,000,00,2,3,19,A01
201800014047,0,02,000,00,2,1,01,B01
201800014048,0,07,000,09,0,1,16,A01
201800014049,0,07,000,00,2,7,16,A01
201800014049,0,99,000,00,2,6,00,B01
201800014050,1,15,000,00,1,6,24,B01
201800014050,1,07,000,00,2,2,00,A01
201800014051,0,07,000,00,2,3,01,A01
201800014051,0,99,000,00,2,1,19,B01
201800014052,1,07,000,00,1,2,01,A01
201800014053,1,10,000,00,4,3,01,A01
201800014053,1,39,001,00,2,2,01,B01
201800014054,2,07,000,13,2,3,00,B01
201800014054,1,07,000,00,2,3,13,A01
201800014055,0,07,000,08,0,2,00,A01
201800014056,2,07,000,02,0,1,01,A01
201800014057,0,02,000,00,2,1,05,B01
201800014057,0,07,000,00,2,2,01,A01
201800014058,2,07,000,03,0,1,00,A01
201800014059,1,03,000,00,1,3,01,A01
201800014060,1,07,000,00,2,8,09,A01
201800014060,2,07,000,00,2,1,01,B01
201800014061,1,31,000,00,2,0,01,B01
201800014061,1,07,000,00,0,6,00,A01
201800014062,0,33,000,00,2,1,01,B01
201800014062,0,07,000,00,2,8,10,A01
201800014063,1,01,000,12,0,4,01,B01
201800014063,1,07,000,00,9,2,17,A01
201800014064,2,33,000,00,2,8,01,B01
201800014064,1,07,000,00,2,3,15,A01
201800014065,0,07,000,02,0,1,01,A01
201800014066,0,07,000,13,0,2,01,A01
201800014067,1,07,000,00,2,1,19,A01
201800014067,1,33,000,00,2,7,01,B01
201800014068,2,07,000,00,2,2,01,A01
201800014068,1,07,000,00,2,3,13,B01
201800014069,1,31,000,12,0,0,01,A01
201800014070,0,33,000,00,2,1,01,B01
201800014070,0,07,000,00,2,1,15,A01
201800014071,2,07,000,00,2,1,01,B01
201800014071,1,07,000,00,2,1,05,A01
201800014072,2,07,000,00,2,1,13,A01
201800014072,1,07,000,00,2,1,21,B01
201800014073,2,07,000,00,2,3,13,A01
201800014073,1,07,000,00,2,3,01,C01
201800014073,1,07,000,00,2,3,01,B01
201800014074,1,10,000,00,2,1,00,C01
201800014074,2,10,000,00,2,7,15,A01
201800014074,1,33,000,00,2,1,01,B01
201800014075,2,07,000,00,2,3,01,B01
201800014075,1,07,000,00,2,3,01,A01
201800014076,1,07,000,00,1,0,,A01
201800014077,2,33,000,03,2,3,01,B01
201800014077,2,07,000,00,2,3,13,A01
201800014078,2,07,000,00,2,7,01,A01
201800014078,1,14,000,00,2,1,01,B01
201800014079,1,07,000,00,2,3,01,B01
201800014079,2,07,000,00,2,2,15,A01
201800014080,2,01,000,00,2,3,01,A01
201800014080,1,07,000,00,9,3,21,B01
201800014081,2,33,000,00,2,3,01,A01
201800014081,1,33,000,00,2,2,01,B01
201800014082,2,07,000,02,0,2,00,A01
201800014083,1,33,000,00,0,3,13,A01
201800014083,2,07,000,00,0,3,21,B01
201800014084,2,07,000,02,0,1,00,A01
201800014085,2,07,000,00,2,1,01,B01
201800014085,1,07,000,00,2,3,01,A01
201800014086,1,10,000,03,0,1,14,A01
201800014087,2,07,000,15,0,1,16,A01
201800014088,2,07,000,00,2,1,01,A01
201800014088,1,07,000,00,2,1,13,B01
201800014089,1,07,000,13,0,1,13,A01
201800014090,2,07,000,00,2,3,01,B01
201800014090,1,07,000,00,2,3,15,A01
201800014091,2,15,000,04,0,0,13,A01
201800014092,2,07,000,00,2,3,00,B01
201800014092,1,14,000,00,2,3,01,A01
201800014093,2,07,000,06,0,7,01,A01
201800014094,1,07,000,00,1,2,01,A01
201800014095,1,07,000,00,2,1,15,A01
201800014095,2,07,000,13,2,1,01,B01
201800014095,1,07,000,00,2,1,23,C01
201800014095,1,07,000,00,2,3,01,D01
201800014096,2,07,000,00,6,1,01,A01
201800014097,1,10,000,00,2,1,01,A01
201800014097,1,07,000,00,2,9,01,B01
201800014097,1,07,000,00,0,6,23,C01
201800014098,1,07,000,00,2,1,01,B01
201800014098,2,03,000,00,2,1,13,A01
201800014099,1,07,000,00,1,4,04,A01
201800014100,2,07,000,00,2,1,01,D01
201800014100,2,07,000,00,2,8,01,B01
201800014100,1,07,000,00,2,8,13,A01
201800014100,2,07,000,00,2,1,01,C01
201800014101,2,07,000,00,2,2,11,B01
201800014101,1,07,000,00,2,1,01,A01
201800014102,1,33,000,00,2,8,01,B01
201800014102,2,07,000,00,2,2,15,A01
201800014103,0,02,000,00,1,1,01,A01
201800014104,0,07,000,13,0,2,01,A01
201800014105,2,07,000,00,2,2,02,A01
201800014105,2,01,000,00,2,8,02,B01
201800014106,1,07,000,00,6,0,01,A01
201800014107,1,07,000,13,0,3,01,A01
201800014108,1,10,000,00,2,1,17,A01
201800014108,1,07,000,00,0,0,23,C01
201800014108,2,10,000,00,2,1,01,B01
201800014109,2,07,000,00,2,1,13,A01
201800014109,2,33,000,13,0,0,01,C01
201800014109,1,07,000,00,2,1,01,B01
201800014110,0,07,000,01,0,1,02,A01
201800014111,2,07,000,00,2,1,17,A01
201800014111,2,07,000,00,0,6,15,B01
201800014112,0,02,000,00,1,1,01,A01
201800014113,1,07,000,00,1,3,01,A01
201800014114,1,07,000,09,0,1,01,A01
201800014115,1,07,000,00,2,2,17,A01
201800014115,1,15,000,00,0,6,01,B01
201800014116,1,07,000,00,1,3,17,A01
201800014117,2,07,000,00,2,3,01,A01
201800014117,1,07,000,00,2,3,01,B01
201800014118,0,07,000,00,2,1,01,B01
201800014118,2,07,000,08,2,1,15,A01
201800014119,1,07,000,00,2,4,15,B01
201800014119,1,15,000,00,2,1,02,A01
201800014120,1,07,000,13,0,9,01,A01
201800014121,2,07,000,00,9,8,15,A01
201800014121,2,15,000,03,2,2,17,B01
201800014122,1,07,000,00,2,1,17,A01
201800014122,2,07,000,00,2,1,01,B01
201800014123,2,31,000,00,2,3,13,A01
201800014123,1,15,000,00,2,8,01,B01
201800014124,2,02,000,00,2,1,01,B01
201800014124,1,07,000,00,2,8,15,A01
201800014125,0,07,000,02,0,3,01,A01
201800014126,2,02,000,00,2,1,01,A01
201800014126,1,07,000,00,2,7,01,B01
201800014127,2,07,000,13,0,1,02,A01
201800014128,0,02,000,00,2,8,13,A01
201800014128,0,21,000,00,2,6,01,B01
201800014129,2,07,000,00,2,1,01,B01
201800014129,1,07,000,03,2,1,13,A01
201800014130,1,07,000,00,1,4,20,A01
201800014131,2,03,000,00,2,1,15,A01
201800014131,1,07,000,00,2,3,01,B01
201800014132,1,07,000,00,2,1,01,B01
201800014132,2,07,000,00,2,8,01,A01
201800014133,0,07,000,01,2,3,13,A01
201800014133,0,07,000,00,2,3,01,B01
201800014134,0,07,000,00,2,3,00,A01
201800014134,0,34,000,00,2,1,01,B01
201800014135,1,33,000,15,1,8,01,A01
201800014136,2,07,000,00,2,3,10,B01
201800014136,1,02,000,00,2,1,01,A01
201800014137,0,33,000,08,0,7,01,A01
201800014138,1,07,000,00,0,9,01,A01
201800014139,0,07,000,00,2,3,01,A01
201800014139,0,07,000,00,2,1,01,B01
201800014140,0,07,000,01,0,1,06,A01
201800014141,0,07,000,00,1,1,01,A01
201800014142,0,07,000,00,2,1,01,A01
201800014142,0,07,000,00,2,2,15,B01
201800014143,1,07,000,02,0,1,01,A01
201800014144,1,33,000,00,0,0,01,A01
201800014145,2,07,000,06,0,1,09,A01
201800014146,1,07,000,02,0,3,15,A01
201800014147,1,07,000,02,0,1,11,A01
201800014148,2,33,000,00,2,1,17,A01
201800014148,0,07,000,00,2,2,09,B01
201800014149,2,33,000,00,2,1,13,A01
201800014149,1,07,000,00,2,3,01,B01
201800014150,1,07,000,02,0,1,13,A01
201800014151,1,33,000,00,0,0,00,A01
201800014152,0,21,000,00,0,9,01,A01
201800014153,2,07,000,00,2,7,02,B01
201800014153,2,02,000,00,2,8,02,A01
201800014154,2,14,000,15,0,8,00,A01
201800014155,1,10,000,00,2,3,01,A01
201800014155,2,17,000,00,2,3,01,B01
201800014156,1,07,000,06,0,0,01,A01
201800014157,2,99,000,00,0,9,01,A01
201800014158,0,02,000,00,0,0,01,A01
201800014159,0,07,000,00,2,1,13,B01
201800014159,0,13,000,00,2,1,16,A01
201800014160,0,07,000,13,0,1,01,A01
201800014161,2,07,000,00,2,1,13,A01
201800014161,1,07,000,00,2,1,01,B01
201800014162,0,07,000,00,2,1,01,B01
201800014162,0,07,000,00,2,1,01,A01
201800014163,2,07,000,16,0,3,01,A01
201800014164,1,07,000,12,0,1,02,A01
201800014165,1,07,000,00,9,1,01,A01
201800014166,0,36,000,00,0,0,01,A01
201800014167,1,02,000,00,0,7,01,A01
201800014168,1,07,000,02,0,1,01,A01
201800014169,0,21,000,00,2,3,01,B01
201800014169,0,01,000,00,2,0,17,A01
201800014170,0,33,000,02,2,1,13,A01
201800014170,0,07,000,00,0,6,01,B01
201800014171,2,07,000,00,2,1,01,B01
201800014171,1,07,000,00,2,1,05,A01
201800014172,1,07,000,13,0,3,01,A01
201800014173,0,07,000,00,0,0,13,A01
201800014173,0,07,000,13,0,3,01,B01
201800014174,1,15,000,00,2,2,11,B01
201800014174,2,03,000,00,2,2,13,A01
201800014175,1,07,000,13,0,9,13,A01
201800014176,0,15,000,13,0,0,01,A01
201800014177,2,07,000,02,0,1,00,A01
201800014178,1,07,000,13,2,2,01,A01
201800014178,0,07,000,00,2,2,00,B01
201800014179,2,07,000,00,2,1,13,A01
201800014179,1,21,000,00,2,1,01,B01
201800014180,2,07,000,13,2,3,13,A01
201800014180,1,07,000,00,2,8,01,B01
201800014181,0,07,000,13,0,3,01,A01
201800014182,1,10,000,00,1,2,02,A01
201800014183,1,14,000,00,9,7,17,A01
201800014183,1,01,000,00,2,4,13,B01
201800014184,2,07,000,00,0,9,01,A01
201800014185,0,07,000,00,1,3,01,A01
201800014186,2,07,000,06,0,1,00,A01
201800014187,0,33,000,00,0,2,00,A01
201800014188,1,07,000,00,2,3,13,A01
201800014188,1,07,000,00,2,3,01,B01
201800014189,2,33,000,00,9,1,01,A01
201800014189,0,01,000,00,2,3,00,B01
201800014190,2,01,000,00,2,1,17,A01
201800014190,1,07,000,00,9,3,01,B01
201800014191,2,07,000,08,0,2,01,A01
201800014192,2,07,000,00,2,7,02,A01
201800014192,1,07,000,00,2,3,01,B01
201800014193,2,07,000,06,0,2,02,A01
201800014194,2,07,000,00,2,3,23,B01
201800014194,1,07,000,00,2,3,13,A01
201800014194,2,07,000,00,2,3,23,C01
201800014195,2,02,000,00,2,8,02,B01
201800014195,1,07,000,00,2,2,02,A01
201800014196,1,07,000,00,2,1,15,A01
201800014196,2,07,000,00,2,2,01,B01
201800014197,2,07,000,00,0,1,01,A01
201800014198,1,07,000,06,0,1,00,A01
201800014199,0,07,000,00,2,2,01,A01
201800014199,0,02,000,00,0,8,09,B01
201800014200,0,07,000,00,2,3,01,A01
201800014200,0,30,000,00,2,8,05,B01
201800014201,0,07,000,00,2,2,15,A01
201800014201,0,02,000,00,2,1,01,B01
201800014202,1,02,000,00,1,1,17,A01
201800014203,2,07,000,00,2,1,02,A01
201800014203,2,07,000,00,2,4,02,B01
201800014203,2,07,000,00,0,4,02,C01
201800014204,1,07,000,00,2,7,01,A01
201800014204,2,31,000,00,2,1,01,B01
201800014205,1,07,000,00,2,1,05,A01
201800014205,2,07,000,00,2,1,05,B01
201800014206,1,07,000,03,2,1,13,A01
201800014206,2,07,000,00,2,1,02,B01
201800014207,2,07,000,00,2,3,01,A01
201800014207,1,07,000,00,2,1,01,B01
201800014208,1,07,000,00,2,2,00,A01
201800014208,2,07,000,00,2,1,00,B01
201800014209,1,33,000,00,1,1,01,A01
201800014210,0,07,000,00,2,3,09,A01
201800014210,0,07,000,00,2,1,01,B01
201800014211,2,07,000,13,0,0,01,A01
201800014212,2,07,000,00,2,3,01,B01
201800014212,2,07,000,00,2,3,17,A01
201800014212,1,07,000,00,2,3,01,C01
201800014212,2,07,000,00,2,3,01,D01
201800014213,2,07,000,00,0,4,02,A01
201800014213,2,07,000,00,2,1,02,C01
201800014213,2,07,000,00,0,0,02,B01
201800014214,0,07,000,07,2,1,01,B01
201800014214,0,07,000,00,2,1,19,A01
201800014215,0,07,000,00,2,1,01,A01
201800014215,0,07,000,00,0,4,23,B01
201800014216,0,07,000,00,2,8,19,A01
201800014216,0,07,000,00,2,1,01,B01
201800014217,1,07,000,00,1,7,01,A01
201800014218,2,02,000,00,2,1,01,B01
201800014218,1,07,000,00,2,2,15,A01
201800014219,2,07,000,06,0,1,01,A01
201800014220,0,07,000,00,0,1,01,A01
201800014220,1,01,000,00,2,2,15,B01
201800014221,2,07,000,00,9,1,13,A01
201800014221,1,21,000,00,2,1,01,B01
201800014222,1,07,000,00,2,9,00,A01
201800014222,2,07,000,00,0,1,01,B01
201800014223,1,10,000,00,2,2,15,A01
201800014223,2,31,000,00,2,1,01,B01
201800014224,2,07,000,00,2,2,15,A01
201800014224,1,33,000,00,2,1,01,B01
201800014225,1,07,000,13,0,1,01,A01
201800014226,0,33,000,00,1,8,00,A01
201800014227,2,07,000,00,2,1,13,A01
201800014227,1,07,000,00,2,1,01,B01
201800014228,1,07,000,02,0,1,00,A01
201800014229,1,07,000,00,2,8,19,A01
201800014229,1,07,000,00,2,1,01,B01
201800014230,2,07,000,07,0,1,11,A01
201800014231,2,02,000,00,0,2,14,A01
201800014232,2,07,000,00,2,1,01,A01
201800014232,1,07,000,00,2,1,13,B01
201800014233,2,31,000,00,6,1,01,A01
201800014234,1,33,000,13,0,0,01,A01
201800014234,1,33,000,00,2,1,02,B01
201800014235,1,07,000,00,2,3,15,A01
201800014235,2,02,000,00,2,1,01,B01
201800014236,1,07,000,00,2,1,01,A01
201800014236,2,07,000,00,2,1,01,B01
201800014237,1,07,000,00,2,3,11,A01
201800014237,2,07,000,00,2,3,01,B01
201800014238,1,07,000,00,2,1,01,A01
201800014238,2,07,000,00,2,7,19,B01
201800014239,2,10,000,00,2,3,13,A01
201800014239,1,07,000,00,2,3,01,B01
201800014240,2,01,000,13,0,0,00,A01
201800014241,0,33,000,00,2,8,05,A01
201800014241,0,07,000,00,2,8,05,B01
201800014242,2,33,000,03,0,0,01,A01
201800014243,0,35,000,00,0,0,00,A01
201800014244,1,07,000,06,0,2,01,A01
201800014245,1,07,000,08,0,3,15,A01
201800014246,0,07,000,16,0,9,14,A01
201800014247,2,07,000,00,2,4,23,A01
201800014247,2,07,000,14,2,1,02,B01
201800014248,2,07,000,13,0,1,01,A01
201800014249,1,31,000,02,0,7,01,A01
201800014250,0,07,000,00,2,2,21,A01
201800014250,0,01,000,00,2,1,21,B01
201800014251,1,02,000,00,2,1,01,A01
201800014251,1,07,000,00,0,4,00,B01
201800014252,2,33,000,13,0,1,01,A01
201800014253,2,01,000,13,0,1,01,A01
201800014254,2,07,000,02,0,1,13,A01
201800014255,1,07,000,00,9,3,09,A01
201800014255,1,01,000,00,2,7,01,B01
201800014256,1,14,000,00,2,2,01,B01
201800014256,2,07,000,00,2,1,13,A01
201800014257,2,07,000,08,0,3,01,A01
201800014258,0,07,000,00,2,3,01,A01
201800014258,0,07,000,00,2,3,01,B01
201800014259,1,33,000,06,0,2,01,A01
201800014260,2,07,000,00,9,1,01,A01
201800014260,1,14,000,00,0,0,01,B01
201800014261,1,07,000,02,0,1,01,A01
201800014262,1,10,000,00,2,3,01,B01
201800014262,2,07,000,04,2,1,13,A01
201800014263,2,07,000,00,2,1,13,A01
201800014263,1,07,000,00,2,1,02,B01
201800014264,0,07,000,00,1,0,01,A01
201800014265,1,07,000,00,2,3,00,B01
201800014265,2,33,000,00,2,1,13,A01
201800014266,1,07,000,00,2,3,13,A01
201800014266,2,07,000,00,2,8,01,B01
201800014266,2,07,000,00,2,8,01,C01
201800014267,1,07,000,00,2,3,02,B01
201800014267,1,01,000,00,2,4,02,A01
201800014268,1,31,000,00,0,0,01,A01
201800014269,2,07,000,14,0,1,14,A01
201800014270,2,07,000,13,0,1,13,A01
201800014271,0,07,000,00,0,9,16,A01
201800014272,1,33,000,00,0,1,01,A01
201800014273,2,33,000,13,0,1,01,A01
201800014274,1,07,000,00,0,0,01,A01
201800014275,0,02,000,00,2,8,13,A01
201800014275,0,07,000,00,2,3,01,B01
201800014276,2,03,000,13,0,9,01,A01
201800014277,2,07,000,00,0,0,02,A01
201800014278,2,07,000,00,0,0,01,A01
201800014279,2,33,000,13,0,2,01,A01
201800014280,0,02,000,00,2,1,01,A01
201800014280,0,10,000,00,2,3,01,B01
201800014281,2,17,000,00,2,3,01,B01
201800014281,1,33,000,00,2,3,01,A01
201800014282,1,07,000,00,2,2,15,A01
201800014282,1,07,000,00,2,2,23,B01
201800014283,1,07,000,06,0,1,01,A01
201800014284,2,33,000,06,0,1,01,A01
201800014285,1,07,000,00,2,3,21,B01
201800014285,0,07,000,00,2,2,19,A01
201800014286,2,10,000,02,0,1,01,A01
201800014287,1,07,000,16,0,1,00,A01
201800014288,2,01,000,00,2,6,02,B01
201800014288,2,10,000,00,2,2,17,A01
201800014289,2,01,000,00,0,8,01,B01
201800014289,2,10,000,00,2,7,01,A01
201800014290,2,01,000,00,2,4,02,B01
201800014290,2,07,000,00,2,2,01,A01
201800014291,2,07,000,00,2,2,13,A01
201800014291,2,02,000,00,0,6,15,B01
201800014292,2,07,000,00,2,6,13,A01
201800014292,2,07,000,00,2,8,01,C01
201800014292,2,15,000,00,2,6,01,D01
201800014292,1,07,000,00,2,3,01,B01
201800014293,1,07,000,04,2,3,00,A01
201800014293,2,10,000,13,0,3,01,B01
201800014294,2,07,000,13,0,1,01,A01
201800014295,1,01,000,00,2,1,19,A01
201800014295,1,07,000,00,2,2,01,B01
201800014296,2,07,000,13,0,9,01,A01
201800014297,1,07,000,00,2,3,01,B01
201800014297,2,07,000,00,2,3,17,A01
201800014298,2,07,000,15,0,1,01,A01
201800014299,1,07,000,00,0,1,01,A01
201800014300,2,10,000,13,0,1,01,A01
201800014301,2,10,000,00,2,3,05,A01
201800014301,1,17,000,00,2,6,01,B01
201800014302,2,07,000,00,2,3,13,A01
201800014302,1,17,000,00,2,3,01,B01
201800014302,2,07,000,00,2,3,01,C01
201800014303,2,10,000,00,2,3,13,A01
201800014303,1,07,000,00,2,3,01,B01
201800014304,2,07,000,00,2,3,13,A01
201800014304,1,07,000,00,2,3,00,B01
201800014305,1,38,036,13,0,2,01,A01
201800014306,1,07,000,02,0,2,01,A01
201800014307,2,07,000,00,2,3,09,A01
201800014307,2,33,000,00,2,1,01,B01
201800014308,0,07,000,00,1,7,14,A01
201800014309,1,07,000,02,0,2,00,A01
201800014310,1,07,000,06,0,1,01,A01
201800014311,1,07,000,00,2,7,13,A01
201800014311,2,15,000,00,2,1,01,B01
201800014312,2,33,000,00,2,7,02,B01
201800014312,2,33,000,00,2,8,02,A01
201800014312,2,01,000,00,2,8,02,C01
201800014313,2,07,000,00,2,2,01,B01
201800014313,0,02,000,00,2,1,19,A01
201800014314,2,01,000,00,2,1,15,A01
201800014314,2,07,000,00,2,1,02,B01
201800014314,2,07,000,00,2,7,01,C01
201800014315,2,13,000,00,2,3,01,B01
201800014315,1,07,000,00,2,3,01,A01
201800014316,1,37,025,00,0,7,17,B01
201800014316,1,01,000,00,9,8,13,A01
201800014317,0,35,000,00,0,1,01,A01
201800014318,1,07,000,01,0,2,14,A01
201800014319,2,15,000,00,2,1,02,A01
201800014319,2,10,000,03,2,4,02,B01
201800014319,2,07,000,00,2,6,01,D01
201800014319,2,07,000,00,2,4,01,C01
201800014320,1,30,000,00,2,7,15,A01
201800014320,2,07,000,00,2,3,01,B01
201800014321,1,07,000,00,1,1,01,A01
201800014322,2,10,000,13,0,8,13,A01
201800014323,2,10,000,00,2,3,13,A01
201800014323,1,10,000,00,2,3,01,B01
201800014324,1,07,000,00,0,0,01,A01
201800014325,1,07,000,00,0,0,01,A01
201800014326,2,07,000,00,2,2,02,A01
201800014326,2,01,000,00,2,4,02,B01
201800014327,2,07,000,00,1,3,01,A01
201800014328,2,02,000,00,2,0,16,B01
201800014328,2,07,000,00,2,3,16,A01
201800014329,1,33,000,00,0,0,01,A01
201800014330,2,33,000,00,0,0,01,A01
201800014331,1,07,000,00,0,1,01,A01
201800014332,1,33,000,00,2,7,01,B01
201800014332,2,14,000,00,0,5,15,A01
201800014333,0,33,000,00,2,1,01,B01
201800014333,0,07,000,00,2,1,00,A01
201800014334,1,07,000,02,0,1,01,A01
201800014335,2,07,000,00,2,7,02,A01
201800014335,2,07,000,00,2,1,02,B01
201800014336,1,15,000,08,0,0,16,A01
201800014337,2,07,000,00,2,1,01,B01
201800014337,1,07,000,00,2,1,13,A01
201800014338,2,15,000,06,0,2,00,A01
201800014339,2,07,000,00,2,3,13,A01
201800014339,2,17,000,00,2,3,13,B01
201800014339,2,07,000,14,2,1,02,C01
201800014340,1,15,000,00,0,5,01,B01
201800014340,1,07,000,00,2,1,02,A01
201800014341,1,15,000,00,2,1,01,B01
201800014341,2,07,000,00,2,1,11,A01
201800014342,2,07,000,00,0,6,15,B01
201800014342,2,17,000,00,2,1,02,A01
201800014343,1,17,000,00,2,3,01,B01
201800014343,2,07,000,00,2,3,13,A01
201800014344,1,07,000,04,0,1,13,A01
201800014345,2,07,000,00,2,4,02,C01
201800014345,2,17,000,00,2,2,02,A01
201800014345,2,07,000,00,2,5,02,B01
201800014345,2,07,000,00,2,4,02,D01
201800014346,2,07,000,00,2,8,01,C01
201800014346,1,07,000,00,2,3,01,A01
201800014346,2,07,000,00,2,1,01,D01
201800014346,2,14,000,00,2,3,01,B01
201800014347,2,10,000,07,0,9,01,A01
201800014348,0,33,000,00,2,7,01,A01
201800014349,2,17,000,00,2,8,02,B01
201800014349,1,02,000,00,2,2,01,A01
201800014350,1,07,000,13,0,1,01,A01
201800014351,1,10,000,00,0,9,01,A01
201800014352,2,07,000,00,2,3,13,A01
201800014352,1,38,060,00,2,3,01,B01
201800014353,1,33,000,03,0,7,01,A01
201800014354,1,33,000,00,0,8,01,A01
201800014355,2,07,000,00,2,3,11,A01
201800014355,2,07,000,00,2,3,01,B01
201800014356,0,07,000,00,2,3,01,A01
201800014356,0,07,000,00,2,2,13,B01
201800014357,1,21,000,00,2,2,15,A01
201800014357,2,33,000,00,2,8,01,B01
201800014358,2,33,000,00,2,1,17,A01
201800014358,2,07,000,00,2,8,15,B01
201800014359,2,07,000,00,0,0,14,A01
201800014360,2,07,000,00,0,5,15,A01
201800014360,2,07,000,00,2,6,23,B01
201800014360,1,07,000,00,0,1,01,C01
201800014360,2,07,000,00,2,2,01,D01
201800014361,2,07,000,13,0,9,14,A01
201800014362,0,33,000,01,0,1,01,A01
201800014363,0,02,000,00,0,0,00,A01
201800014364,1,02,000,00,0,1,00,A01
201800014365,1,02,000,00,2,1,02,A01
201800014365,1,02,000,00,0,4,02,B01
201800014366,1,07,000,00,2,8,01,B01
201800014366,2,33,000,00,2,3,13,A01
201800014367,1,07,000,00,2,2,13,A01
201800014367,2,07,000,00,2,3,21,B01
201800014367,2,07,000,00,2,3,21,C01
201800014368,0,07,000,00,2,2,01,A01
201800014368,0,36,000,00,2,3,16,B01
201800014369,2,07,000,00,0,0,15,A01
201800014369,2,07,000,00,0,6,21,B01
201800014369,2,07,000,00,2,4,23,C01
201800014369,2,07,000,00,2,2,21,D01
201800014370,0,02,000,13,0,1,00,A01
201800014371,1,07,000,00,2,1,02,A01
201800014371,1,07,000,00,2,4,23,B01
201800014371,1,07,000,00,0,4,23,C01
201800014372,2,07,000,00,2,3,15,A01
201800014372,1,07,000,07,2,3,01,B01
201800014373,2,07,000,00,1,2,01,A01
201800014374,2,07,000,00,2,3,01,A01
201800014374,1,07,000,12,2,8,09,B01
201800014375,0,02,000,00,2,3,19,A01
201800014375,0,07,000,00,2,7,01,B01
201800014376,1,02,000,00,2,7,19,A01
201800014376,2,07,000,00,2,3,01,B01
201800014377,1,07,000,10,0,1,01,A01
201800014378,2,30,000,13,0,1,01,A01
201800014379,1,07,000,00,2,1,01,B01
201800014379,1,07,000,00,2,8,01,A01
201800014380,2,07,000,00,2,2,17,A01
201800014380,2,01,000,00,2,8,01,B01
201800014381,0,07,000,00,2,5,19,A01
201800014381,0,34,000,00,2,1,01,B01
201800014382,2,07,000,15,0,1,01,A01
201800014383,1,07,000,00,2,3,02,A01
201800014383,1,33,000,00,0,4,02,B01
201800014384,2,07,000,00,2,1,02,A01
201800014384,2,07,000,00,2,4,02,B01
201800014384,1,07,000,00,2,8,01,C01
201800014385,2,07,000,13,0,3,13,A01
201800014386,1,07,000,06,0,1,01,A01
201800014387,1,07,000,06,2,1,13,A01
201800014387,2,07,000,00,2,1,01,B01
201800014388,1,07,000,16,0,3,01,A01
201800014389,1,02,000,16,0,0,00,A01
201800014390,1,07,000,00,2,3,01,B01
201800014390,1,07,000,00,2,1,01,A01
201800014391,1,33,000,00,0,4,01,A01
201800014392,1,07,000,00,2,1,01,A01
201800014392,2,07,000,00,2,1,13,B01
201800014392,2,07,000,00,2,6,02,C01
201800014393,2,02,000,00,2,1,17,A01
201800014393,2,07,000,00,2,8,15,B01
201800014394,0,07,000,00,2,3,13,A01
201800014394,0,07,000,00,2,1,01,B01
201800014395,1,07,000,00,2,1,01,B01
201800014395,0,10,000,00,2,2,01,A01
201800014396,1,07,000,13,0,3,01,A01
201800014397,2,07,000,06,2,2,17,A01
201800014397,2,07,000,00,2,3,15,B01
201800014398,1,07,000,00,2,3,19,A01
201800014398,2,02,000,00,2,1,01,B01
201800014399,0,33,000,00,0,0,01,A01
201800014400,1,07,000,00,1,3,15,A01
201800014401,2,07,000,02,0,1,01,A01
201800014402,1,07,000,00,2,0,17,A01
201800014403,1,07,000,00,2,8,19,A01
201800014403,1,17,000,00,2,3,01,B01
201800014404,1,07,000,02,0,1,01,A01
201800014405,1,07,000,00,2,1,01,A01
201800014405,2,07,000,00,2,4,01,B01
201800014405,2,07,000,00,2,4,01,C01
201800014406,1,07,000,00,2,1,01,A01
201800014406,1,02,000,00,2,4,01,B01
201800014407,0,33,000,00,2,2,00,A01
201800014407,0,07,000,00,2,7,00,B01
201800014408,0,01,000,00,1,1,01,A01
201800014409,0,07,000,00,2,1,15,A01
201800014409,0,02,000,00,2,7,01,B01
201800014410,,02,000,06,0,3,01,A01
201800014411,2,07,000,00,2,4,15,A01
201800014411,2,07,000,00,2,1,00,B01
201800014411,1,07,000,00,2,1,01,C01
201800014412,1,07,000,00,2,3,05,A01
201800014412,2,07,000,00,2,3,01,B01
201800014412,2,07,000,00,2,1,01,C01
201800014413,0,07,000,00,1,8,20,A01
201800014414,2,07,000,00,2,1,13,A01
201800014414,1,07,000,00,2,1,01,B01
201800014415,2,07,000,06,0,1,01,A01
201800014416,0,07,000,06,0,1,01,A01
201800014417,1,33,000,00,2,1,17,A01
201800014417,1,07,000,00,2,8,15,B01
201800014418,0,07,000,00,2,1,13,A01
201800014418,0,07,000,00,2,1,01,B01
201800014419,2,07,000,00,0,6,15,A01
201800014419,2,31,000,00,2,2,17,B01