Num_Acc,senc,catv,occutc,obs,obsm,choc,manv,num_veh
201800016019,2,01,000,00,2,1,01,A01
201800016019,1,07,000,00,2,3,01,B01
201800016020,2,07,000,00,1,8,01,A01
201800016021,1,33,000,00,2,1,01,B01
201800016021,2,07,000,00,2,3,15,A01
201800016022,2,07,000,03,2,2,01,B01
201800016022,1,07,000,03,2,3,13,A01
201800016023,2,07,000,00,2,1,13,A01
201800016023,1,07,000,00,2,3,01,B01
201800016024,1,07,000,00,2,3,13,A01
201800016024,2,07,000,00,2,3,01,B01
201800016025,2,10,000,00,2,6,04,A01
201800016025,2,30,000,00,2,1,02,B01
201800016026,1,07,000,00,0,8,01,A01
201800016026,1,01,000,00,2,1,01,B01
201800016027,2,07,000,06,0,1,13,A01
201800016028,1,07,000,00,0,4,01,A01
201800016028,1,14,000,00,2,1,01,B01
201800016029,1,07,000,00,2,3,13,A01
201800016029,2,07,000,00,2,3,01,B01
201800016030,1,02,000,00,2,1,05,A01
201800016030,0,07,000,00,2,2,01,B01
201800016031,1,07,000,00,1,1,00,A01
201800016032,1,33,000,00,2,1,17,A01
201800016032,2,07,000,00,2,1,01,B01
201800016033,0,07,000,00,2,3,01,A01
201800016033,0,07,000,00,2,3,01,B01
201800016034,2,07,000,02,0,3,00,A01
201800016035,1,02,000,14,0,1,01,A01
201800016036,0,07,000,00,1,2,02,A01
201800016037,0,07,000,00,1,1,01,A01
201800016038,1,07,000,02,0,5,01,A01
201800016039,0,07,000,13,0,3,13,A01
201800016040,0,10,000,00,1,2,01,A01
201800016041,1,07,000,00,2,2,01,B01
201800016041,1,02,000,00,2,1,16,A01
201800016042,2,14,000,00,2,2,01,B01
201800016042,0,07,000,00,2,8,19,A01
201800016043,1,07,000,00,9,2,01,A01
201800016043,1,01,000,00,2,4,01,B01
201800016044,0,07,000,00,1,3,15,A01
201800016045,1,07,000,00,0,3,13,A01
201800016045,2,10,000,00,2,2,13,B01
201800016046,0,07,000,00,1,2,01,A01
201800016047,2,07,000,02,0,1,01,A01
201800016048,2,07,000,16,0,4,17,A01
201800016049,0,02,000,00,2,8,05,A01
201800016049,0,07,000,00,2,3,01,B01
201800016050,0,07,000,13,0,3,01,A01
201800016051,1,07,000,00,2,1,01,A01
201800016051,0,07,000,00,2,1,16,B01
201800016052,1,01,000,13,0,0,02,A01
201800016053,2,07,000,13,0,1,14,A01
201800016054,1,07,000,01,1,2,01,A01
201800016055,2,07,000,00,2,3,01,A01
201800016055,1,31,000,00,2,3,01,B01
201800016056,1,07,000,00,0,0,01,A01
201800016057,0,07,000,00,0,8,01,A01
201800016058,2,10,000,08,0,8,01,A01
201800016059,2,07,000,13,0,1,01,A01
201800016060,0,07,000,00,4,2,01,A01
201800016060,2,39,002,00,2,3,01,B01
201800016061,2,30,000,00,2,1,06,A01
201800016061,1,07,000,00,2,3,06,B01
201800016062,1,02,000,00,2,2,15,A01
201800016062,2,07,000,00,2,1,01,B01
201800016063,2,07,000,08,0,2,01,A01
201800016064,0,07,000,00,2,3,15,A01
201800016064,0,33,000,00,2,1,01,B01
201800016065,2,01,000,00,2,5,01,B01
201800016065,2,07,000,00,2,1,09,A01
201800016066,1,02,000,00,2,2,17,A01
201800016066,1,02,000,00,2,8,15,B01
201800016067,2,07,000,08,0,3,01,A01
201800016068,2,33,000,00,0,3,17,A01
201800016069,2,33,000,08,2,1,21,A01
201800016069,2,21,000,00,2,5,15,B01
201800016070,1,07,000,00,2,7,01,A01
201800016070,2,10,000,00,2,1,01,B01
201800016071,2,10,000,00,2,1,13,A01
201800016071,1,07,000,00,2,1,00,B01
201800016072,2,07,000,13,0,1,01,A01
201800016073,1,07,000,00,2,2,02,A01
201800016073,1,31,000,00,0,4,02,B01
201800016074,0,07,000,00,1,6,20,A01
201800016075,2,07,000,00,1,1,16,A01
201800016076,0,02,000,06,0,2,01,A01
201800016077,2,07,000,00,2,3,05,A01
201800016077,1,07,000,00,2,3,01,B01
201800016078,1,33,000,13,0,1,01,A01
201800016079,1,07,000,06,0,3,00,A01
201800016080,1,07,000,00,1,1,01,A01
201800016081,1,33,000,00,2,7,01,A01
201800016081,2,07,000,00,2,1,15,B01
201800016082,1,33,000,13,0,8,01,A01
201800016083,0,07,000,00,2,3,13,A01
201800016083,0,15,000,00,0,8,01,B01
201800016084,1,07,000,13,0,7,01,A01
201800016085,1,07,000,00,2,1,01,A01
201800016085,2,33,000,00,2,1,05,B01
201800016086,0,07,000,15,0,8,01,A01
201800016087,0,07,000,00,1,8,24,A01
201800016088,1,07,000,06,0,1,09,A01
201800016089,1,07,000,00,2,1,13,A01
201800016089,2,15,000,00,2,1,01,B01
201800016090,1,03,000,13,0,1,01,A01
201800016091,1,15,000,00,2,1,01,B01
201800016091,2,07,000,00,2,7,01,A01
201800016092,1,07,000,00,2,2,02,A01
201800016092,1,01,000,00,2,4,02,B01
201800016093,1,07,000,13,0,3,00,A01
201800016094,1,07,000,00,1,3,01,A01
201800016095,1,02,000,00,0,4,15,A01
201800016095,1,07,000,00,2,1,01,B01
201800016096,2,07,000,00,0,2,01,A01
201800016097,1,07,000,00,2,1,00,A01
201800016097,2,03,000,00,2,1,05,B01
201800016098,1,07,000,00,2,1,01,B01
201800016098,0,07,000,00,2,3,15,A01
201800016099,1,07,000,13,0,2,01,A01
201800016100,1,07,000,00,2,1,02,A01
201800016100,1,07,000,00,2,4,02,B01
201800016101,2,07,000,00,2,2,01,A01
201800016101,1,02,000,00,2,1,13,B01
201800016102,1,31,000,12,0,1,15,A01
201800016103,1,07,000,00,2,3,15,A01
201800016103,1,33,000,00,2,1,17,B01
201800016104,2,02,000,00,2,2,15,A01
201800016104,1,33,000,00,2,7,01,B01
201800016105,1,07,000,00,2,6,17,A01
201800016105,1,33,000,00,2,1,17,B01
201800016106,2,33,000,00,0,5,23,A01
201800016106,2,31,000,00,2,8,02,B01
201800016107,0,33,000,01,0,1,01,A01
201800016107,0,07,000,00,2,3,23,B01
201800016108,0,10,000,01,0,5,04,A01
201800016108,0,07,000,00,0,3,24,B01
201800016109,2,10,000,00,2,1,15,A01
201800016109,1,15,000,00,2,3,01,B01
201800016110,1,07,000,00,1,3,01,A01
201800016111,1,07,000,00,2,3,01,A01
201800016111,2,07,000,00,2,3,01,B01
201800016112,1,07,000,00,2,8,19,A01
201800016112,2,07,000,00,2,3,01,B01
201800016113,2,07,000,08,0,1,01,A01
201800016114,0,07,000,00,1,2,01,A01
201800016115,1,01,000,12,0,1,01,A01
201800016116,2,07,000,13,0,1,14,A01
201800016117,2,07,000,00,2,1,02,B01
201800016117,2,14,000,09,0,8,02,A01
201800016118,2,33,000,00,2,3,18,A01
201800016118,2,07,000,00,0,2,00,B01
201800016119,1,07,000,00,2,8,19,A01
201800016119,2,07,000,00,2,1,01,B01
201800016120,0,07,000,00,9,0,01,A01
201800016120,0,01,000,00,0,0,01,B01
201800016120,0,01,000,00,0,0,01,C01
201800016120,0,01,000,00,0,0,01,D01
201800016121,2,07,000,00,9,5,10,A01
201800016121,2,01,000,00,2,1,01,B01
201800016121,2,01,000,00,2,1,01,C01
201800016122,1,02,000,00,2,1,01,A01
201800016122,2,07,000,00,2,7,19,B01
201800016123,2,33,000,13,2,0,02,A01
201800016123,2,33,000,13,2,0,02,B01
201800016124,2,07,000,00,0,3,01,B01
201800016124,1,07,000,00,2,3,01,A01
201800016125,0,07,000,00,2,3,18,A01
201800016125,0,01,000,00,2,7,12,B02
201800016126,0,07,000,00,1,4,20,A01
201800016127,2,07,000,15,0,2,01,A01
201800016128,1,07,000,02,0,1,17,A01
201800016129,2,07,000,00,0,4,23,B01
201800016129,2,07,000,00,2,1,02,A01
201800016130,1,33,000,00,0,9,01,A01
201800016131,2,07,000,00,2,6,17,A01
201800016131,2,33,000,00,0,2,17,B01
201800016132,1,01,000,00,2,1,01,B01
201800016132,2,01,000,00,0,8,01,A01
201800016133,2,33,000,00,0,9,01,A01
201800016134,2,07,000,11,0,1,01,A01
201800016135,2,33,000,00,2,1,01,A01
201800016135,1,07,000,00,0,7,15,B01
201800016136,2,33,000,03,0,8,01,A01
201800016137,1,07,000,02,0,1,01,A01
201800016138,2,21,000,00,0,8,15,B01
201800016138,2,38,001,00,2,2,17,A01
201800016139,0,07,000,00,2,3,01,A01
201800016139,0,01,000,00,0,3,01,B01
201800016140,2,07,000,00,0,7,16,A01
201800016140,1,33,000,00,2,1,01,B01
201800016141,2,07,000,00,2,3,15,A01
201800016141,0,07,000,00,0,3,01,B01
201800016142,2,33,000,00,6,1,01,A01
201800016143,0,07,000,00,2,4,02,B01
201800016143,1,07,000,00,2,1,02,A01
201800016144,1,31,000,00,0,8,01,A01
201800016144,0,07,000,00,2,1,19,B01
201800016145,1,07,000,00,2,1,15,A01
201800016145,2,33,000,00,2,2,01,B01
201800016146,1,07,000,03,0,1,01,A01
201800016147,2,07,000,07,0,1,00,A01
201800016148,1,33,000,02,2,1,21,B01
201800016148,2,07,000,00,2,3,15,A01
201800016149,1,07,000,03,0,3,01,A01
201800016150,1,07,000,03,0,0,01,A01
201800016151,1,07,000,00,0,8,10,A01
201800016151,1,33,000,00,2,1,17,B01
201800016152,2,07,000,00,2,3,13,A01
201800016152,1,07,000,00,2,3,01,B01
201800016153,2,07,000,02,0,1,01,A01
201800016154,2,07,000,03,0,6,01,A01
201800016154,2,07,000,00,2,2,01,B01
201800016155,1,07,000,00,0,4,23,A01
201800016155,1,07,000,00,2,4,23,B01
201800016155,1,07,000,00,2,1,01,C01
201800016155,1,07,000,00,2,1,01,D01
201800016155,1,07,000,00,2,1,01,E01
201800016155,1,07,000,00,2,1,01,F01
201800016155,1,10,000,00,2,2,01,G01
201800016156,2,07,000,00,2,2,01,A01
201800016156,1,07,000,00,0,1,01,B01
201800016157,2,07,000,00,0,1,01,B01
201800016157,1,07,000,00,2,1,21,A01
201800016157,1,07,000,00,0,0,09,C01
201800016158,1,07,000,13,0,1,17,A01
201800016159,2,07,000,01,0,2,01,A01
201800016160,1,07,000,02,0,2,01,A01
201800016161,1,07,000,00,2,8,17,B01
201800016161,2,01,000,00,2,3,01,A01
201800016162,1,10,000,00,0,4,23,B01
201800016162,1,07,000,00,2,1,01,A01
201800016163,1,07,000,00,0,3,09,A01
201800016163,1,07,000,00,2,1,01,B01
201800016164,1,07,000,00,1,7,01,A01
201800016165,1,07,000,00,2,1,15,A01
201800016165,2,01,000,00,0,8,15,B01
201800016166,2,07,000,00,0,0,09,A01
201800016166,1,33,000,00,0,0,21,B01
201800016167,1,02,000,00,0,8,01,A01
201800016167,2,07,000,00,0,3,01,B01
201800016168,1,07,000,00,0,3,01,B01
201800016168,2,07,000,00,2,1,01,A01
201800016169,2,07,000,14,0,1,01,A01
201800016169,1,07,000,14,0,1,01,B01
201800016170,1,07,000,02,0,2,01,A01
201800016171,2,07,000,08,0,1,01,A01
201800016172,1,07,000,00,0,2,15,B01
201800016172,2,33,000,03,2,2,01,A01
201800016173,2,31,000,06,0,8,01,A01
201800016174,1,07,000,02,0,5,17,A01
201800016175,1,07,000,02,0,1,01,A01
201800016176,2,07,000,00,0,7,01,A01
201800016176,2,01,000,00,2,1,16,B01
201800016177,2,07,000,00,0,1,10,A01
201800016177,2,31,000,00,2,1,01,B01
201800016178,1,30,000,00,0,9,01,A01
201800016179,2,07,000,02,0,2,01,A01
201800016180,1,15,000,00,2,1,01,B01
201800016180,1,01,000,00,2,7,15,A01
201800016181,2,07,000,00,6,2,01,A01
201800016181,1,07,000,00,2,1,01,B01
201800016182,1,07,000,00,2,3,15,A01
201800016182,1,33,000,00,0,7,17,B01
201800016183,1,07,000,00,0,9,01,A01
201800016184,1,15,000,00,2,2,01,A01
201800016184,2,07,000,00,0,8,15,B01
201800016185,1,07,000,15,0,2,01,A01
201800016186,1,07,000,00,2,1,01,A01
201800016186,1,21,000,00,0,4,23,B01
201800016187,2,02,000,00,2,1,01,B01
201800016187,1,03,000,00,0,6,15,A01
201800016188,0,10,000,00,1,1,15,A01
201800016189,2,01,000,00,0,4,02,A01
201800016189,2,01,000,00,9,1,02,B01
201800016190,2,33,000,00,0,0,01,A01
201800016191,1,13,000,02,0,1,01,A01
201800016192,1,07,000,13,0,1,01,A01
201800016193,2,07,000,02,0,1,01,A01
201800016194,1,07,000,00,2,1,01,A01
201800016194,2,07,000,00,2,1,01,B01
201800016195,2,34,000,00,0,9,01,A01
201800016196,1,07,000,02,0,1,21,A01
201800016197,2,07,000,13,0,2,01,A01
201800016198,1,02,000,00,2,1,15,A01
201800016198,2,07,000,00,0,8,01,B01
201800016199,1,33,000,00,2,1,01,B01
201800016199,2,07,000,00,2,3,01,A01
201800016200,1,07,000,00,1,7,17,A01
201800016201,2,07,000,02,0,1,01,A01
201800016202,2,07,000,00,0,9,01,A01
201800016203,1,07,000,00,0,6,01,A01
201800016203,1,07,000,00,2,2,12,B01
201800016204,1,07,000,00,0,1,01,A01
201800016205,1,30,000,00,0,9,01,A01
201800016206,1,01,000,00,0,1,05,B01
201800016206,1,07,000,00,2,2,09,A01
201800016207,2,01,000,00,2,2,01,A01
201800016207,2,02,000,00,0,6,01,B01
201800016208,1,07,000,00,1,7,01,A01
201800016209,1,99,000,00,1,2,00,A01
201800016210,1,07,000,00,0,3,09,A01
201800016210,2,02,000,00,0,1,01,B01
201800016211,1,31,000,00,6,1,01,A01
201800016212,1,07,000,09,0,8,01,A01
201800016213,2,07,000,00,2,8,15,A01
201800016213,2,01,000,00,0,7,17,B01
201800016214,1,10,000,00,2,3,02,B01
201800016214,2,07,000,00,2,1,05,A01
201800016215,2,30,000,12,0,1,01,A01
201800016216,2,10,000,00,2,2,15,A01
201800016216,1,31,000,00,2,3,01,B01
201800016217,2,07,000,00,1,2,01,A01
201800016218,2,07,000,00,2,7,15,A01
201800016218,1,01,000,00,2,1,01,B01
201800016219,2,07,000,00,2,3,15,A01
201800016219,2,32,000,00,0,1,01,B01
201800016220,1,07,000,07,0,9,01,A01
201800016221,2,10,000,00,2,2,15,A01
201800016221,2,07,000,00,2,1,01,C01
201800016221,1,33,000,00,2,1,01,B01
201800016222,1,07,000,00,2,2,15,A01
201800016222,2,07,000,00,2,1,01,B01
201800016222,2,07,000,00,0,3,23,C01
201800016223,1,07,000,00,1,1,01,A01
201800016224,1,07,000,02,0,3,01,A01
201800016225,1,07,000,00,2,3,01,A01
201800016225,2,07,000,00,0,3,01,B01
201800016226,1,02,000,00,0,9,16,A01
201800016227,1,07,000,02,0,1,01,A01
201800016228,2,07,000,00,0,4,01,A01
201800016228,2,01,000,00,2,1,01,B01
201800016229,2,37,050,00,1,7,09,A01
201800016230,1,31,000,00,2,1,01,A01
201800016230,2,07,000,00,2,2,15,B01
201800016231,1,07,000,00,2,1,05,A01
201800016231,2,07,000,00,2,1,01,B01
201800016232,0,07,000,00,0,4,01,A01
201800016232,0,07,000,00,0,1,01,B01
201800016233,2,01,000,00,2,1,09,B01
201800016233,1,07,000,00,2,2,01,A01
201800016234,1,07,000,13,2,1,19,A01
201800016234,2,07,000,00,0,7,01,B01
201800016235,0,07,000,00,1,2,01,A01
201800016236,2,07,000,00,1,1,01,A01
201800016237,0,07,000,00,2,1,01,A01
201800016237,0,10,000,00,0,4,01,B01
201800016238,1,33,000,00,0,9,16,A01
201800016239,1,01,000,00,0,4,01,A01
201800016239,1,07,000,00,2,2,01,B01
201800016240,2,07,000,00,1,1,23,A01
201800016240,2,14,000,00,0,6,23,B01
201800016241,2,01,000,00,2,1,01,A01
201800016241,2,07,000,00,0,5,15,B01
201800016242,2,15,000,00,0,4,01,A01
201800016242,1,15,000,00,2,3,01,C01
201800016243,0,02,000,00,2,1,01,A01
201800016243,0,02,000,00,0,4,01,B01
201800016244,1,10,000,06,0,3,01,A01
201800016245,2,07,000,00,2,3,09,A01
201800016245,2,31,000,00,0,4,01,B01
201800016246,0,13,000,00,0,1,01,B01
201800016246,0,02,000,00,2,1,01,A01
201800016247,0,01,000,00,6,0,01,A01
201800016248,2,01,000,00,0,4,01,B01
201800016248,2,07,000,00,2,1,09,A01
201800016249,1,07,000,00,0,6,10,A01
201800016249,1,07,000,00,2,1,01,B01
201800016250,1,07,000,00,2,1,01,A01
201800016250,1,21,000,00,0,4,01,B01
201800016251,2,07,000,00,2,1,01,B01
201800016251,1,07,000,00,2,2,15,A01
201800016252,1,07,000,02,0,2,14,A01
201800016253,2,07,000,01,0,1,01,A01
201800016254,1,07,000,00,2,3,01,B01
201800016254,2,07,000,00,2,1,00,A01
201800016255,2,07,000,02,0,0,14,A01
201800016256,2,07,000,00,2,3,13,A01
201800016256,1,07,000,00,2,3,01,B01
201800016257,2,07,000,09,0,1,13,A01
201800016258,1,17,000,02,0,1,01,A01
201800016259,2,31,000,01,0,1,01,A01
201800016260,1,07,000,00,2,1,01,A01
201800016260,1,01,000,00,0,4,00,B01
201800016261,2,33,000,00,2,1,01,B01
201800016261,2,07,000,00,0,3,09,A01
201800016262,2,30,000,00,2,1,01,B01
201800016262,1,07,000,00,0,2,15,A01
201800016263,2,01,000,00,2,1,01,B01
201800016263,2,07,000,00,0,6,17,A01
201800016264,1,33,000,04,0,2,01,A01
201800016265,1,33,000,00,2,4,01,A01
201800016265,2,01,000,00,2,1,01,B01
201800016266,1,07,000,12,0,2,16,A01
201800016267,2,07,000,02,0,1,00,A01
201800016268,2,07,000,00,2,3,00,A01
201800016268,1,07,000,00,2,5,00,B01
201800016268,1,07,000,00,2,1,00,C01
201800016269,2,07,000,02,0,1,13,A01
201800016270,0,07,000,02,0,1,01,A01
201800016271,1,07,000,13,0,2,01,A01
201800016271,2,07,000,00,1,1,01,B01
201800016272,2,07,000,13,0,4,00,A01
201800016273,2,07,000,02,0,2,01,A01
201800016274,2,13,000,00,9,1,05,A01
201800016274,1,33,000,00,2,1,01,B01
201800016275,2,14,000,00,2,1,01,A01
201800016275,1,33,000,00,2,1,13,B01
201800016276,1,01,000,00,0,4,02,A01
201800016276,1,07,000,00,2,2,01,B01
201800016277,2,15,000,00,0,0,01,A01
201800016277,1,07,000,00,9,1,01,B01
201800016278,1,07,000,00,2,2,17,A01
201800016278,1,31,000,00,2,8,15,B01
201800016279,1,07,000,02,0,0,00,A01
201800016280,1,07,000,13,0,3,01,A01
201800016281,0,07,000,00,2,1,01,A01
201800016281,0,33,000,00,2,8,01,B01
201800016282,2,33,000,00,2,8,01,B01
201800016282,1,07,000,00,2,3,13,A01
201800016283,1,07,000,00,0,2,00,A01
201800016283,2,07,000,00,2,1,02,B01
201800016284,2,33,000,06,0,0,00,A01
201800016285,2,33,000,13,0,3,01,A01
201800016286,0,07,000,02,0,1,13,A01
201800016287,1,07,000,00,2,2,10,A01
201800016287,2,33,000,00,2,1,01,B01
201800016288,1,07,000,00,0,1,01,A01
201800016289,1,07,000,03,0,1,13,A01
201800016290,2,33,000,00,0,1,01,A01
201800016291,1,07,000,00,0,0,01,A01
201800016292,1,07,000,08,0,1,00,A01
201800016293,1,07,000,00,2,3,15,A01
201800016293,2,01,000,00,2,1,01,B01
201800016294,2,21,000,00,0,0,01,A01
201800016295,1,07,000,00,2,3,17,B01
201800016295,2,07,000,00,2,3,01,A01
201800016296,1,07,000,00,2,3,13,A01
201800016296,2,07,000,00,2,3,01,B01
201800016297,2,33,000,00,0,0,01,A01
201800016297,2,07,000,00,9,5,11,B01
201800016298,2,07,000,00,2,1,13,A01
201800016298,1,33,000,00,2,8,01,B01
201800016299,2,07,000,13,0,2,01,A01
201800016300,1,07,000,00,2,1,01,B01
201800016300,1,07,000,00,2,3,19,A01
201800016301,0,01,000,00,0,4,00,A01
201800016301,0,07,000,00,2,2,00,B01
201800016302,2,07,000,02,0,1,15,A01
201800016303,2,07,000,00,2,1,01,B01
201800016303,1,07,000,00,2,1,01,A01
201800016304,2,07,000,02,0,1,01,A01
201800016305,2,07,000,00,1,2,01,A01
201800016306,0,13,000,00,1,1,00,A01
201800016307,1,02,000,02,0,1,01,A01
201800016308,2,07,000,00,2,3,01,B01
201800016308,1,07,000,00,2,3,01,A01
201800016309,1,07,000,00,2,1,17,A01
201800016309,1,07,000,00,2,6,15,B01
201800016310,0,07,000,13,0,9,14,A01
201800016311,2,10,000,00,1,7,01,A01
201800016312,2,07,000,00,1,1,01,A01
201800016313,1,34,000,00,0,0,01,A01
201800016314,1,07,000,02,0,1,01,A01
201800016315,0,07,000,13,0,3,01,A01
201800016316,0,07,000,02,0,8,02,A01
201800016317,0,02,000,00,0,0,01,A01
201800016318,0,07,000,13,0,2,21,A01
201800016319,0,33,000,13,0,1,01,A01
201800016320,1,07,000,15,0,1,01,A01
201800016321,0,31,000,00,2,3,01,A01
201800016321,0,07,000,00,2,6,01,B01
201800016322,0,34,000,00,0,7,20,A01
201800016323,0,31,000,10,0,2,01,A01
201800016324,0,07,000,00,0,5,15,A01
201800016324,0,02,000,00,0,1,01,B01
201800016325,1,07,000,00,2,1,01,A01
201800016325,1,38,001,00,2,1,01,B01
201800016326,2,07,000,00,9,1,01,A01
201800016326,2,01,000,00,9,4,01,B01
201800016327,0,07,000,01,1,6,20,A01
201800016328,1,10,000,00,0,8,16,A01
201800016328,2,10,000,00,2,1,01,B01
201800016329,1,07,000,00,0,3,01,A01
201800016330,1,33,000,00,2,1,01,A01
201800016330,2,07,000,00,2,8,09,B01
201800016331,2,10,000,00,2,3,13,A01
201800016331,1,07,000,00,2,3,01,B01
201800016332,1,07,000,00,2,3,01,A01
201800016332,0,07,000,00,2,8,15,B01
201800016333,1,07,000,00,2,2,01,A01
201800016333,1,02,000,00,0,4,15,B01
201800016334,1,07,000,02,0,1,01,A01
201800016335,0,07,000,00,2,1,01,A01
201800016335,0,02,000,00,2,4,01,B01
201800016335,0,07,000,00,2,1,01,C01
201800016336,2,10,000,02,0,1,01,A01
201800016337,1,07,000,00,2,3,21,A01
201800016337,2,07,000,00,2,3,13,B01
201800016338,1,07,000,00,2,3,19,B01
201800016338,0,07,000,00,2,2,01,A01
201800016339,1,07,000,13,0,8,01,A01
201800016340,0,33,000,00,0,0,01,A01
201800016341,1,07,000,02,0,2,00,A01
201800016342,1,07,000,00,1,3,01,A01
201800016343,2,07,000,15,0,2,14,A01
201800016344,2,07,000,02,0,2,02,A01
201800016345,1,07,000,00,1,2,15,A01
201800016346,1,07,000,15,0,2,15,A01
201800016347,2,07,000,13,0,3,01,A01
201800016348,1,07,000,00,1,2,09,A01
201800016349,2,07,000,00,2,1,15,A01
201800016349,1,31,000,00,2,1,01,B01
201800016350,0,07,000,00,2,8,15,A01
201800016350,0,02,000,00,2,1,01,B01
201800016351,0,02,000,00,2,1,00,B01
201800016351,0,07,000,01,2,2,00,A01
201800016352,1,07,000,00,1,1,01,A01
201800016353,1,07,000,00,2,8,01,C01
201800016353,1,07,000,00,2,1,01,B01
201800016353,2,07,000,00,2,1,13,A01
201800016354,1,01,000,00,2,1,09,B01
201800016354,1,07,000,00,2,7,01,A01
201800016355,0,07,000,00,2,3,17,A01
201800016355,0,31,000,00,2,1,01,B01
201800016356,2,01,000,01,0,1,01,A01
201800016357,2,07,000,00,1,3,01,A01
201800016358,0,07,000,09,0,0,01,A01
201800016359,2,07,000,00,1,2,01,A01
201800016360,0,31,000,06,0,7,15,A01
201800016361,0,02,000,00,0,7,01,A01
201800016362,0,07,000,00,1,2,01,A01
201800016363,0,07,000,00,0,0,10,B01
201800016363,0,33,000,00,0,1,01,A01
201800016364,0,07,000,00,0,3,01,A01
201800016364,0,07,000,13,0,7,01,B01
201800016365,2,07,000,00,2,3,01,A01
201800016365,1,07,000,00,2,3,01,B01
201800016366,1,07,000,00,0,0,01,A01
201800016367,2,07,000,00,2,2,17,A01
201800016367,2,07,000,00,2,6,01,B01
201800016367,1,07,000,00,2,1,01,C01
201800016368,0,07,000,00,1,1,01,A01
201800016369,0,32,000,00,2,1,03,A01
201800016369,0,07,000,00,2,6,01,B01
201800016369,0,07,000,00,2,3,01,C01
201800016370,1,07,000,05,9,8,01,A01
201800016371,0,07,000,00,2,1,05,A01
201800016371,0,07,000,00,2,1,01,B01
201800016372,0,07,000,06,0,3,01,A01
201800016373,0,07,000,00,2,1,02,B01
201800016373,0,17,000,00,0,4,02,A01
201800016374,2,07,000,08,0,1,13,A01
201800016375,2,07,000,00,2,1,13,A01
201800016375,1,07,000,00,2,1,01,B01
201800016376,1,10,000,13,0,2,01,A01
201800016377,2,07,000,00,2,8,15,A01
201800016377,1,33,000,00,2,1,01,B01
201800016378,2,07,000,00,2,6,17,A01
201800016378,2,33,000,00,2,7,17,B01
201800016379,2,07,000,07,0,1,01,A01
201800016380,1,10,000,00,2,3,13,A01
201800016380,2,07,000,00,2,3,21,B01
201800016381,1,07,000,00,0,7,15,A01
201800016381,2,33,000,00,2,1,01,B01
201800016382,2,07,000,00,2,3,15,A01
201800016382,1,02,000,00,2,1,01,B01
201800016383,2,07,000,00,2,1,13,A01
201800016383,1,07,000,00,2,1,01,B01
201800016384,2,07,000,08,0,0,01,A01
201800016385,2,07,000,00,2,0,02,A01
201800016385,2,07,000,00,2,5,02,B01
201800016386,0,30,000,00,2,2,01,B01
201800016386,0,07,000,00,2,3,13,A01
201800016387,1,07,000,00,2,4,02,C01
201800016387,1,07,000,00,2,1,02,A01
201800016387,1,07,000,00,0,4,02,B01
201800016388,1,07,000,00,2,2,15,A01
201800016388,2,31,000,00,2,3,01,B01
201800016389,2,07,000,02,0,3,01,A01
201800016390,1,33,000,08,0,0,01,A01
201800016391,0,07,000,00,2,3,15,A01
201800016391,0,30,000,00,2,7,01,B01
201800016392,2,01,000,00,2,1,01,B01
201800016392,1,07,000,00,0,8,19,A01
201800016393,1,07,000,02,0,1,14,A01
201800016394,2,07,000,06,0,1,01,A01
201800016395,1,07,000,13,0,2,01,A01
201800016396,0,07,000,00,2,3,01,A01
201800016396,0,33,000,00,2,7,01,B01
201800016397,2,07,000,00,1,2,01,A01
201800016398,0,07,000,00,2,8,01,B01
201800016398,1,07,000,00,2,1,19,A01
201800016399,1,07,000,02,0,1,13,A01
201800016400,0,36,000,12,0,1,16,A01
201800016401,2,07,000,00,2,5,15,A01
201800016401,2,33,000,00,0,1,01,B01
201800016402,1,07,000,00,2,7,17,B01
201800016402,2,07,000,00,2,0,05,C01
201800016402,2,07,000,00,2,0,05,D01
201800016402,1,07,000,00,2,8,17,A01
201800016403,1,07,000,00,0,3,00,A01
201800016404,1,07,000,00,2,1,19,A01
201800016404,1,07,000,07,2,3,01,B01
201800016405,2,07,000,13,2,3,01,B01
201800016405,0,07,000,13,2,7,19,A01
201800016406,2,07,000,16,2,1,01,A01
201800016406,0,07,000,00,2,3,01,B01
201800016407,0,07,000,00,1,1,01,A01
201800016408,2,07,000,00,1,1,01,A01
201800016409,0,10,000,13,0,2,01,A01
201800016410,1,33,000,00,6,3,21,A01
201800016411,2,07,000,13,0,0,01,A01
201800016412,1,07,000,13,0,2,01,A01
201800016413,0,07,000,00,2,2,15,A01
201800016413,0,07,000,00,2,1,01,B01
201800016414,1,01,000,00,0,5,01,A01
201800016414,1,07,000,00,9,2,00,B01
201800016415,1,07,000,00,1,1,01,A01
201800016416,2,07,000,00,2,2,01,B01
201800016416,2,07,000,00,2,3,09,A01
201800016417,2,15,000,00,2,6,01,A01
201800016417,1,07,000,00,2,3,01,B01
201800016418,2,07,000,00,2,1,17,A01
201800016418,1,07,000,00,0,1,01,B01
201800016418,1,17,000,00,2,8,01,C01
201800016419,0,07,000,00,1,3,01,A01
201800016420,1,07,000,02,0,7,01,A01
201800016421,1,07,000,00,2,3,01,B01
201800016421,0,07,000,00,2,8,19,A01
201800016422,0,34,000,00,2,7,17,B01
201800016422,0,07,000,00,2,8,15,A01
201800016423,2,07,000,00,2,3,13,A01
201800016423,1,07,000,00,2,3,01,B01