Num_Acc,senc,catv,occutc,obs,obsm,choc,manv,num_veh
201800016424,0,02,000,00,0,1,21,A01
201800016425,2,17,000,00,1,1,16,A01
201800016426,1,07,000,00,0,0,00,A01
201800016427,1,07,000,00,1,1,13,A01
201800016428,1,02,000,00,2,1,13,A01
201800016428,2,07,000,00,2,3,01,B01
201800016429,0,07,000,00,0,9,01,A01
201800016430,0,07,000,00,0,2,01,B01
201800016430,0,07,000,00,0,6,01,A01
201800016430,0,07,000,13,0,3,01,C01
201800016431,1,07,000,00,1,3,01,A01
201800016432,0,07,000,15,9,1,01,A01
201800016433,1,07,000,00,0,9,14,A01
201800016434,1,07,000,00,2,1,13,A01
201800016434,2,07,000,00,2,1,01,B01
201800016435,1,07,000,00,2,8,10,A01
201800016435,1,02,000,00,2,1,01,B01
201800016436,1,07,000,00,0,4,16,B01
201800016436,1,02,000,00,2,1,01,A01
201800016437,2,31,000,00,0,4,02,B01
201800016437,2,07,000,00,2,2,02,A01
201800016438,2,07,000,00,2,3,01,B01
201800016438,0,07,000,00,2,2,09,A01
201800016439,1,07,000,00,2,3,17,A01
201800016439,1,33,000,00,2,2,17,B01
201800016440,0,07,000,15,0,3,01,A01
201800016441,0,02,000,00,2,1,02,A01
201800016441,0,07,000,00,0,4,02,B01
201800016442,1,07,000,08,0,3,13,A01
201800016443,0,07,000,08,0,2,13,A01
201800016444,0,35,000,13,0,1,15,A01
201800016445,1,07,000,13,0,1,02,A01
201800016446,2,07,000,08,0,1,01,A01
201800016447,2,07,000,02,0,1,01,A01
201800016448,1,07,000,00,0,8,15,B01
201800016448,1,07,000,00,2,1,17,A01
201800016449,2,07,000,12,0,1,01,A01
201800016450,1,07,000,02,0,1,13,A01
201800016451,1,07,000,13,0,1,01,A01
201800016452,1,07,000,00,2,3,15,A01
201800016452,1,33,000,00,2,1,17,B01
201800016453,1,07,000,00,2,1,01,C01
201800016453,2,07,000,00,2,1,13,A01
201800016453,1,15,000,00,0,6,01,B01
201800016454,1,36,000,00,0,7,15,A01
201800016455,2,10,000,00,2,3,01,A01
201800016455,1,15,000,00,2,3,01,B01
201800016456,1,07,000,02,0,8,01,A01
201800016457,1,07,000,16,0,8,01,A01
201800016458,1,07,000,00,2,3,01,A01
201800016458,1,02,000,00,2,5,01,B01
201800016459,2,02,000,00,6,0,13,A01
201800016460,0,36,000,08,0,1,01,A01
201800016461,1,02,000,16,0,0,01,A01
201800016462,2,07,000,00,2,3,01,C01
201800016462,1,15,000,00,2,6,01,A01
201800016462,1,15,000,00,2,3,01,B01
201800016463,0,07,000,00,1,3,15,A01
201800016464,0,07,000,13,0,2,01,A01
201800016465,2,15,000,00,2,3,01,B01
201800016465,1,07,000,00,2,1,13,A01
201800016466,1,07,000,13,0,1,01,A01
201800016467,1,33,000,00,0,3,01,A01
201800016468,1,07,000,01,0,1,01,A01
201800016469,1,07,000,08,0,2,01,A01
201800016470,2,17,000,00,2,1,01,B01
201800016470,1,07,000,00,2,1,13,A01
201800016471,0,02,000,00,0,0,01,A01
201800016472,1,21,000,13,0,2,01,A01
201800016473,1,07,000,00,2,8,15,A01
201800016473,2,07,000,00,2,1,01,B01
201800016474,1,07,000,00,2,1,15,A01
201800016474,1,07,000,00,2,2,01,B01
201800016475,1,07,000,00,1,3,01,A01
201800016476,1,07,000,00,2,2,01,B01
201800016476,1,36,000,00,2,3,19,A01
201800016477,2,14,000,00,2,8,00,B01
201800016477,1,10,000,00,2,8,01,A01
201800016478,1,07,000,00,2,8,17,A01
201800016478,2,33,000,00,2,8,01,B01
201800016479,2,07,000,00,0,2,01,A01
201800016480,1,07,000,00,2,1,01,B01
201800016480,1,07,000,00,0,8,19,A01
201800016481,2,33,000,00,2,1,16,A01
201800016481,2,17,000,00,2,5,01,B01
201800016482,2,07,000,00,2,5,01,C01
201800016482,2,07,000,00,2,3,01,B01
201800016482,1,07,000,00,2,1,13,A01
201800016483,2,07,000,00,2,1,01,C01
201800016483,2,07,000,00,2,1,13,A01
201800016483,1,07,000,00,2,1,01,B01
201800016484,2,10,000,00,2,1,01,B01
201800016484,1,07,000,00,2,1,13,A01
201800016485,1,07,000,13,0,1,14,A01
201800016486,2,07,000,13,0,1,01,A01
201800016487,2,02,000,00,2,1,01,B01
201800016487,1,07,000,00,2,3,15,A01
201800016488,1,07,000,00,2,8,15,A01
201800016488,2,33,000,00,2,1,01,B01
201800016489,1,07,000,00,2,1,01,C01
201800016489,2,07,000,00,2,1,02,A01
201800016489,2,02,000,00,0,4,01,B01
201800016490,1,07,000,13,0,7,14,A01
201800016491,1,07,000,03,2,3,01,B01
201800016491,2,07,000,00,2,3,13,A01
201800016492,1,07,000,13,0,1,14,A01
201800016493,2,07,000,00,2,2,01,A01
201800016493,1,07,000,00,2,2,01,B01
201800016494,0,07,000,00,1,3,13,A01
201800016495,1,07,000,00,2,1,01,B01
201800016495,2,07,000,00,2,1,13,A01
201800016496,1,07,000,13,0,1,01,A01
201800016497,1,07,000,00,2,3,15,A01
201800016497,1,02,000,00,2,1,01,B01
201800016498,1,07,000,00,2,1,05,A01
201800016498,2,07,000,00,2,1,01,B01
201800016499,0,07,000,02,0,2,14,A01
201800016500,2,07,000,02,0,8,13,A01
201800016501,2,10,000,00,2,3,17,A01
201800016501,1,07,000,00,2,8,01,B01
201800016502,1,07,000,00,2,1,01,A01
201800016502,1,07,000,13,2,8,01,B01
201800016503,1,07,000,13,0,3,13,A01
201800016504,1,15,000,00,0,0,01,A01
201800016504,2,07,000,14,9,1,01,B01
201800016505,1,07,000,13,0,1,01,A01
201800016506,2,07,000,00,1,1,01,A01
201800016507,2,07,000,00,2,6,15,A01
201800016507,2,33,000,00,2,1,01,B01
201800016508,1,33,000,00,0,9,01,A01
201800016509,1,07,000,00,1,2,01,A01
201800016510,1,07,000,13,0,2,01,A01
201800016511,1,07,000,00,2,1,01,B01
201800016511,2,07,000,00,2,1,05,A01
201800016512,0,02,000,00,0,1,16,A01
201800016512,0,07,000,00,0,3,01,B01
201800016513,1,02,000,00,2,8,10,A01
201800016513,1,07,000,00,2,7,17,B01
201800016514,1,07,000,08,0,4,02,B01
201800016514,1,07,000,00,2,1,02,A01
201800016515,0,33,000,00,0,0,01,A01
201800016516,2,15,000,00,2,2,17,A01
201800016516,2,21,000,00,2,3,15,B01
201800016517,2,07,000,03,0,9,00,A01
201800016518,2,07,000,00,0,3,01,A01
201800016519,1,07,000,07,0,0,00,A01
201800016520,1,07,000,00,2,4,15,B01
201800016520,2,07,000,00,2,1,01,C01
201800016520,1,07,000,00,2,1,01,A01
201800016521,1,07,000,00,9,7,09,A01
201800016521,1,02,000,00,2,8,13,B01
201800016522,1,07,000,02,0,0,00,A01
201800016523,1,07,000,02,0,3,01,A01
201800016524,1,07,000,13,0,1,14,A01
201800016525,2,07,000,02,0,3,13,A01
201800016526,1,07,000,00,2,3,01,B01
201800016526,1,07,000,00,2,7,19,A01
201800016527,2,07,000,00,2,1,13,A01
201800016527,1,07,000,00,2,3,01,B01
201800016528,1,07,000,08,0,1,01,A01
201800016529,2,07,000,07,2,4,23,A01
201800016529,2,07,000,00,2,1,13,B01
201800016529,1,07,000,00,2,3,01,C01
201800016530,1,07,000,15,0,2,14,A01
201800016531,1,07,000,06,0,1,01,A01
201800016532,1,07,000,02,0,1,13,A01
201800016533,0,07,000,00,1,3,01,A01
201800016534,0,02,000,00,2,1,01,A01
201800016534,0,07,000,00,2,3,01,B01
201800016535,1,07,000,00,0,5,19,B01
201800016535,2,33,000,00,2,1,01,A01
201800016536,1,07,000,00,2,7,19,A01
201800016536,1,15,000,00,2,3,01,B01
201800016537,1,07,000,00,2,1,17,A01
201800016537,1,07,000,00,0,4,01,B01
201800016538,2,15,000,00,2,1,01,A01
201800016538,1,07,000,00,2,1,13,B01
201800016539,0,07,000,00,1,1,01,A01
201800016540,1,02,000,00,2,7,17,A01
201800016540,1,07,000,00,2,3,15,B01
201800016541,1,02,000,00,2,1,01,A01
201800016541,1,07,000,00,2,7,15,B01
201800016542,0,10,000,00,2,1,01,B01
201800016542,0,10,000,00,2,1,13,A01
201800016543,0,33,000,12,0,1,13,A01
201800016544,0,07,000,00,2,3,15,A01
201800016544,0,02,000,00,2,1,01,B01
201800016545,1,02,000,00,2,7,01,A01
201800016545,2,07,000,00,2,1,01,B01
201800016546,1,33,000,00,0,7,01,A01
201800016547,0,07,000,00,2,1,13,A01
201800016547,0,02,000,00,2,1,01,B01
201800016548,2,07,000,00,2,2,01,B01
201800016548,1,01,000,00,2,8,15,A01
201800016549,1,07,000,00,2,2,01,A01
201800016549,1,07,000,00,2,1,01,B01
201800016550,1,07,000,00,2,3,15,B01
201800016550,1,33,000,00,2,1,17,A01
201800016551,2,02,000,00,2,1,15,A01
201800016551,1,37,004,00,0,8,01,B01
201800016552,1,07,000,06,0,3,01,A01
201800016553,0,07,000,16,0,1,16,A01
201800016554,1,07,000,00,2,3,01,B01
201800016554,1,07,000,00,2,2,09,A01
201800016555,1,07,000,00,2,1,01,C01
201800016555,2,07,000,00,0,3,24,D01
201800016555,2,07,000,00,2,1,01,B01
201800016555,2,07,000,13,2,8,09,A01
201800016556,1,07,000,00,1,1,01,A01
201800016557,2,02,000,00,2,1,01,A01
201800016557,1,07,000,00,2,3,01,B01
201800016558,1,07,000,08,0,1,13,A01
201800016559,2,02,000,00,2,7,15,B01
201800016559,2,10,000,00,2,3,09,A01
201800016560,2,07,000,13,0,1,01,A01
201800016561,2,07,000,00,2,2,09,A01
201800016561,2,07,000,00,2,1,01,B01
201800016562,0,07,000,00,0,1,00,A01
201800016563,1,07,000,13,0,2,14,A01
201800016564,1,07,000,02,0,3,13,A01
201800016565,2,01,000,00,2,1,01,B01
201800016565,1,07,000,00,2,2,15,A01
201800016566,2,07,000,00,2,0,13,B01
201800016566,1,07,000,00,2,1,01,A01
201800016567,1,33,000,00,0,7,01,A01
201800016568,2,07,000,00,0,0,14,A01
201800016569,1,10,000,08,0,1,13,A01
201800016570,1,01,000,00,2,4,01,B01
201800016570,1,07,000,00,9,2,02,A01
201800016571,1,07,000,16,0,9,13,A01
201800016572,1,07,000,13,0,1,13,A01
201800016573,1,07,000,13,0,2,14,A01
201800016574,2,02,000,08,0,1,13,A01
201800016575,0,36,000,06,0,3,13,A01
201800016576,1,10,000,00,1,6,20,A01
201800016577,2,07,000,00,2,1,01,B01
201800016577,1,33,000,00,2,1,13,A01
201800016578,1,07,000,00,1,2,01,A01
201800016579,2,07,000,06,0,1,13,A01
201800016580,1,07,000,05,0,0,13,A01
201800016581,2,07,000,02,0,3,14,A01
201800016582,0,02,000,00,0,0,01,A01
201800016583,1,33,000,00,0,8,01,A01
201800016583,2,07,000,00,2,3,19,B01
201800016584,2,07,000,00,2,2,01,A01
201800016584,0,01,000,00,2,1,15,B01
201800016585,2,07,000,00,2,2,15,A01
201800016585,1,07,000,00,2,2,01,B01
201800016586,1,07,000,15,0,1,14,A01
201800016587,2,07,000,16,0,9,13,A01
201800016588,1,07,000,00,2,2,13,A01
201800016588,2,07,000,00,2,7,21,B01
201800016589,2,07,000,02,0,3,13,A01
201800016590,1,33,000,00,2,1,02,A01
201800016590,1,07,000,00,0,6,02,B01
201800016590,2,07,000,00,2,8,01,C01
201800016590,2,07,000,00,2,3,01,D01
201800016591,0,03,000,00,1,2,01,A01
201800016592,1,07,000,00,2,2,17,A01
201800016592,1,10,000,00,2,8,15,B01
201800016593,2,07,000,00,2,2,01,B01
201800016593,0,01,000,00,2,7,06,A01
201800016594,2,07,000,00,2,3,01,A01
201800016594,2,33,000,00,2,7,01,B01
201800016595,2,07,000,00,2,3,16,A01
201800016595,2,33,000,00,2,1,01,B01
201800016596,1,07,000,02,0,1,13,A01
201800016597,1,33,000,00,2,1,01,B01
201800016597,2,07,000,00,2,6,15,A01
201800016598,1,33,000,00,0,7,14,A01
201800016599,1,10,000,00,2,2,17,A01
201800016599,1,30,000,00,2,8,15,B01
201800016600,1,07,000,00,2,1,01,B01
201800016600,2,33,000,00,2,1,17,A01
201800016601,2,07,000,00,1,2,01,A01
201800016602,1,07,000,00,2,1,01,B01
201800016602,2,07,000,00,2,4,01,A01
201800016603,1,07,000,00,1,1,01,A01
201800016604,0,07,000,00,1,3,24,A01
201800016605,2,07,000,03,0,1,15,A01
201800016606,1,07,000,00,2,6,01,B01
201800016606,2,33,000,00,2,3,13,A01
201800016606,1,07,000,00,2,6,01,C01
201800016606,1,07,000,00,2,8,01,D01
201800016607,2,33,000,00,0,0,01,A01
201800016608,1,07,000,00,2,3,00,A01
201800016608,2,07,000,00,2,6,00,C01
201800016608,1,07,000,00,2,1,00,B01
201800016609,2,07,000,02,0,1,01,A01
201800016610,0,31,000,00,0,0,01,A01
201800016611,1,02,000,00,2,1,01,A01
201800016611,0,10,000,00,2,3,19,B01
201800016612,1,07,000,00,2,0,00,A01
201800016612,2,07,000,00,2,1,01,B01
201800016613,0,07,000,00,2,1,15,A01
201800016613,0,33,000,00,2,7,01,B01
201800016614,1,07,000,00,2,3,15,A01
201800016614,2,01,000,00,2,8,01,B01
201800016615,1,31,000,12,0,1,00,A01
201800016616,2,01,000,00,2,1,01,B01
201800016616,1,07,000,00,2,1,13,A01
201800016617,1,07,000,00,2,1,05,A01
201800016617,1,07,000,00,2,1,01,C01
201800016617,2,07,000,00,2,7,01,B01
201800016618,2,07,000,00,2,1,02,A01
201800016618,2,07,000,00,2,4,02,B01
201800016619,2,07,000,00,0,1,01,A01
201800016620,0,07,000,03,0,1,14,A01
201800016621,1,07,000,13,0,9,01,A01
201800016622,1,07,000,00,0,9,00,A01
201800016623,1,07,000,00,2,1,05,A01
201800016623,1,15,000,00,2,1,01,B01
201800016624,1,33,000,00,0,2,02,A01
201800016625,1,07,000,00,1,2,00,A01
201800016626,0,02,000,16,0,3,01,A01
201800016627,2,07,000,06,0,1,01,A01
201800016628,0,07,000,00,2,3,16,A01
201800016628,0,02,000,00,2,1,13,B01
201800016629,2,33,000,00,2,8,01,B01
201800016629,1,07,000,00,2,1,01,A01
201800016630,1,07,000,13,0,2,00,A01
201800016631,1,07,000,06,0,9,00,A01
201800016632,2,07,000,06,0,9,00,A01
201800016633,0,07,000,00,1,1,00,A01
201800016634,0,07,000,00,1,4,04,A01
201800016635,0,07,000,00,2,2,01,A01
201800016635,0,07,000,00,2,3,15,B01
201800016636,0,07,000,09,0,2,01,A01
201800016637,1,07,000,13,0,2,00,A01
201800016638,2,07,000,00,2,3,15,A01
201800016638,0,07,000,00,2,3,01,B01
201800016639,1,07,000,09,0,1,13,A01
201800016640,1,33,000,13,0,8,01,A01
201800016641,1,10,000,00,9,7,17,A01
201800016641,1,01,000,00,2,8,01,B01
201800016642,1,07,000,02,0,7,01,A01
201800016643,2,07,000,00,0,7,17,A01
201800016643,2,01,000,00,0,8,15,B01
201800016644,2,07,000,00,0,7,15,A01
201800016644,1,02,000,00,0,1,01,B01
201800016645,2,33,000,00,0,7,01,A01
201800016646,2,07,000,13,0,3,01,A01
201800016647,1,02,000,00,0,1,01,A01
201800016648,2,31,000,13,0,2,00,A01
201800016649,2,10,000,00,2,1,21,A01
201800016649,1,07,000,00,2,1,13,B01
201800016650,1,02,000,00,2,1,02,A01
201800016650,1,02,000,00,0,4,02,B01
201800016651,0,33,000,13,0,1,01,A01
201800016652,0,07,000,00,1,2,01,A01
201800016653,0,33,000,00,0,0,15,A01
201800016654,2,07,000,03,2,3,01,B01
201800016654,1,07,000,00,2,3,01,A01
201800016655,2,07,000,00,2,3,01,A01
201800016655,1,07,000,00,2,3,01,B01
201800016656,2,07,000,06,,7,01,A01
201800016657,0,07,000,00,2,1,01,A01
201800016657,0,07,000,00,2,3,01,B01
201800016658,1,07,000,00,2,7,13,A01
201800016658,2,07,000,00,2,1,01,B01
201800016659,1,07,000,00,2,2,13,A01
201800016659,1,07,000,00,2,3,02,B01
201800016660,0,33,000,00,1,1,01,A01
201800016661,0,07,000,13,0,9,01,A01
201800016662,0,33,000,00,2,1,01,A01
201800016662,1,07,000,00,2,8,15,B01
201800016663,0,31,000,00,2,1,09,B01
201800016663,0,07,000,00,2,1,09,A01
201800016664,2,33,000,00,0,7,23,A01
201800016665,2,07,000,00,2,3,01,A01
201800016665,1,02,000,00,2,1,01,B01
201800016666,0,07,000,00,1,3,01,A01
201800016667,0,07,000,00,2,1,01,B01
201800016667,0,07,000,00,2,5,15,A01
201800016668,0,07,000,08,0,3,00,A01
201800016669,2,07,000,00,2,8,01,A01
201800016669,1,33,000,00,2,8,13,B01
201800016670,1,07,000,00,1,0,00,A01
201800016671,1,07,000,13,0,1,13,A01
201800016672,1,07,000,00,2,1,15,B01
201800016672,1,07,000,00,2,3,02,C01
201800016672,1,07,000,00,2,1,01,A01
201800016673,1,07,000,02,0,9,01,A01
201800016674,0,07,000,00,1,2,01,A01
201800016675,1,07,000,00,2,1,13,A01
201800016675,2,07,000,00,2,1,01,B01
201800016676,0,02,000,00,0,8,01,A01
201800016677,1,10,000,00,1,3,01,A01
201800016678,0,10,000,00,0,2,02,A01
201800016678,0,01,000,00,0,4,02,B01
201800016679,0,07,000,02,0,4,01,A01
201800016680,1,07,000,00,2,2,13,A01
201800016680,2,07,000,00,2,2,01,B01
201800016681,1,07,000,00,2,5,01,A01
201800016681,1,07,000,00,2,1,01,B01
201800016682,0,33,000,08,0,1,01,A01
201800016683,0,02,000,00,0,0,01,A01
201800016683,0,07,000,00,0,0,20,B01
201800016684,2,02,000,00,2,1,01,B01
201800016684,1,07,000,00,2,6,15,A01
201800016685,1,07,000,00,1,3,09,A01
201800016686,1,07,000,00,2,2,15,A01
201800016686,2,33,000,00,2,7,01,B01
201800016687,0,10,000,00,0,7,15,A01
201800016687,0,33,000,00,2,2,01,B01
201800016688,2,07,000,00,2,1,01,A01
201800016688,1,07,000,00,2,3,01,B01
201800016689,2,33,000,03,2,4,01,B01
201800016689,2,07,000,00,2,1,01,A01
201800016690,1,07,000,00,2,3,13,A01
201800016690,2,07,000,00,2,3,01,B01
201800016691,2,31,000,00,2,1,01,B01
201800016691,1,07,000,00,2,3,15,A01
201800016692,2,07,000,02,0,3,01,A01
201800016693,1,07,000,00,2,2,19,A01
201800016693,1,07,000,00,2,3,01,B01
201800016694,0,07,000,00,2,1,19,A01
201800016694,0,07,000,08,2,8,01,B01
201800016695,0,07,000,00,2,3,01,A01
201800016695,0,07,000,00,2,3,01,B01
201800016696,0,07,000,00,2,1,01,A01
201800016696,0,30,000,00,2,1,13,B01
201800016697,1,30,000,00,0,8,00,A01
201800016698,1,33,000,00,2,1,01,B01
201800016698,2,07,000,00,2,3,15,A01
201800016699,1,17,000,00,2,6,01,A01
201800016699,2,07,000,00,2,3,01,B01
201800016700,1,33,000,00,2,1,16,C01
201800016700,1,17,000,00,2,6,01,A01
201800016701,2,07,000,00,2,3,13,A01
201800016701,1,14,000,00,2,6,01,B01
201800016702,2,07,000,13,2,9,01,A01
201800016702,2,07,000,00,2,8,01,B01
201800016702,1,15,000,13,2,3,01,C01
201800016703,1,33,000,00,2,3,01,A01
201800016703,2,14,000,00,2,2,00,B01
201800016704,1,07,000,13,0,1,13,A01
201800016705,1,33,000,00,2,3,01,B01
201800016705,2,07,000,00,2,8,15,A01
201800016706,2,33,000,00,2,3,01,A01
201800016706,1,99,000,00,2,8,01,B01
201800016707,1,07,000,00,2,1,17,A01
201800016707,2,07,000,00,2,1,01,B01
201800016707,1,21,000,08,0,2,14,C01
201800016708,2,10,000,00,0,2,15,A01
201800016708,1,33,000,00,2,1,01,B01
201800016709,1,33,000,13,0,2,14,A01
201800016710,2,33,000,00,2,1,01,A01
201800016710,2,07,000,00,2,8,15,B01
201800016711,1,07,000,05,0,9,01,A01
201800016712,1,02,000,00,2,1,01,A01
201800016712,1,07,000,00,0,6,01,B01
201800016712,2,07,000,00,2,3,01,C01
201800016713,0,07,000,00,2,3,01,B01
201800016713,0,07,000,00,2,1,13,A01
201800016714,1,07,000,00,2,3,01,A01
201800016714,2,07,000,00,2,3,01,B01
201800016715,2,07,000,00,1,2,01,A01
201800016716,0,01,000,00,2,1,01,B01
201800016716,0,07,000,00,9,2,01,A01
201800016717,2,07,000,00,2,1,13,A01
201800016717,1,99,000,00,0,1,01,B01
201800016718,1,07,000,00,1,2,01,A01
201800016719,2,07,000,00,2,1,21,A01
201800016719,1,07,000,00,2,1,01,B01
201800016720,2,07,000,00,2,1,13,A01
201800016720,1,10,000,00,2,1,01,B01
201800016721,0,07,000,00,2,8,19,A01
201800016721,0,10,000,00,2,2,01,B01
201800016722,1,07,000,00,2,3,11,A01
201800016722,2,10,000,00,2,3,01,B01
201800016722,1,13,000,00,9,1,01,C01
201800016723,1,07,000,00,0,0,17,A01
201800016723,2,07,000,00,9,6,01,B01
201800016723,1,01,000,00,2,8,13,C01
201800016724,1,07,000,00,2,3,13,A01
201800016724,2,07,000,00,2,3,01,B01
201800016725,2,07,000,00,2,1,17,A01
201800016725,1,07,000,00,2,1,01,B01
201800016726,2,33,000,00,2,1,01,A01
201800016726,2,15,000,00,2,6,17,B01
201800016727,2,07,000,00,9,2,01,A01
201800016727,0,01,000,00,2,1,01,B01
201800016728,2,07,000,00,2,2,01,A01
201800016728,2,33,000,00,0,4,15,B01
201800016729,2,07,000,00,2,7,19,A01
201800016729,1,07,000,00,2,1,01,B01
201800016730,0,07,000,02,0,2,01,A01
201800016731,1,02,000,00,2,2,01,A01
201800016731,0,10,000,00,2,6,04,B01
201800016732,2,07,000,12,0,1,09,A01
201800016733,1,07,000,00,1,1,01,A01
201800016734,1,07,000,02,0,1,01,A01
201800016735,2,07,000,13,0,2,01,A01
201800016736,0,21,000,06,0,0,00,A01
201800016737,0,07,000,00,2,3,01,A01
201800016737,0,07,000,00,2,3,01,B01
201800016738,2,33,000,00,0,2,00,A01
201800016739,2,07,000,13,0,7,01,A01
201800016740,1,37,001,00,2,8,01,B01
201800016740,2,33,000,00,2,8,13,A01
201800016741,2,01,000,00,2,2,01,B01
201800016741,2,01,000,00,2,2,01,C01
201800016741,1,07,000,00,9,3,13,A01
201800016742,0,10,000,00,0,4,01,A01
201800016743,2,07,000,00,2,1,01,A01
201800016743,1,07,000,00,0,1,01,B01
201800016744,2,10,000,02,0,3,13,A01
201800016745,1,07,000,00,1,3,01,A01
201800016746,1,07,000,13,0,2,14,A01
201800016747,2,07,000,15,0,2,00,A01
201800016748,2,07,000,13,0,3,01,A01
201800016749,2,01,000,00,2,1,01,A01
201800016749,0,37,001,00,2,3,01,B01
201800016750,1,07,000,02,0,1,00,A01
201800016751,2,07,000,03,0,2,00,A01
201800016752,1,10,000,00,0,1,13,A01
201800016753,2,07,000,00,2,1,00,B01
201800016753,1,07,000,00,2,8,00,A01
201800016754,1,07,000,00,2,8,00,B01
201800016754,1,07,000,00,2,1,00,A01
201800016755,1,07,000,13,0,9,02,A01
201800016756,2,07,000,02,0,1,01,A01
201800016757,1,07,000,00,1,1,01,A01
201800016758,1,33,000,00,0,0,01,A01
201800016759,1,15,000,00,0,7,15,A01
201800016760,1,07,000,16,0,9,01,A01
201800016761,1,07,000,02,0,2,01,A01
201800016762,0,07,000,02,0,3,05,A01
201800016763,2,07,000,00,2,6,02,C01
201800016763,1,10,000,00,2,1,02,D01
201800016763,2,07,000,00,2,1,05,A01
201800016763,1,07,000,00,2,1,01,B01
201800016764,0,31,000,00,0,8,01,A01
201800016765,2,10,000,00,2,8,17,A01
201800016765,2,33,000,16,2,7,17,B01
201800016766,1,07,000,13,9,9,01,A01
201800016767,1,07,000,00,2,2,01,B01
201800016767,2,07,000,00,2,1,15,A01
201800016768,1,07,000,00,2,2,01,A01
201800016768,1,07,000,15,2,4,01,B01
201800016769,1,33,000,00,0,0,19,A01
201800016770,1,33,000,02,0,0,13,A01
201800016771,2,07,000,10,0,1,00,A01
201800016772,1,07,000,00,2,2,13,A01
201800016772,2,07,000,00,2,3,01,B01
201800016773,1,02,000,00,0,0,00,A01
201800016774,0,07,000,00,0,2,01,A01
201800016775,1,07,000,00,2,3,19,B01
201800016775,2,07,000,00,2,2,01,A01
201800016776,2,07,000,00,1,1,01,A01
201800016777,0,07,000,00,1,7,01,A01
201800016778,2,07,000,00,2,3,09,A01
201800016778,1,33,000,00,2,1,17,B01
201800016779,1,07,000,00,2,5,13,A01
201800016779,2,07,000,00,2,1,01,B01
201800016780,1,07,000,08,0,1,13,A01
201800016781,2,10,000,16,2,3,13,A01
201800016781,1,01,000,00,2,1,01,B01
201800016782,1,07,000,00,1,8,01,A01
201800016783,2,07,000,13,0,4,01,A01
201800016784,1,07,000,00,9,7,15,A01
201800016784,2,01,000,00,2,1,01,B01
201800016785,2,07,000,00,9,1,21,A01
201800016785,2,01,000,00,2,4,00,B01
201800016785,2,01,000,00,2,4,00,C01
201800016785,2,01,000,00,2,4,00,D01
201800016786,2,01,000,03,0,1,01,A01
201800016787,2,07,000,00,0,0,01,A01
201800016788,0,10,000,00,2,3,01,A01
201800016788,0,07,000,00,2,3,01,B01
201800016789,2,07,000,16,0,1,01,A01
201800016790,0,01,000,00,2,0,23,C01
201800016790,1,21,000,06,0,2,01,A01
201800016790,0,01,000,00,2,7,23,B01
201800016791,2,33,000,00,0,7,01,A01
201800016792,2,07,000,03,2,1,01,B01
201800016792,1,07,000,00,2,1,01,A01
201800016793,2,07,000,10,0,1,01,A01
201800016794,0,31,000,00,0,3,01,A01
201800016795,2,07,000,00,0,1,00,A01
201800016796,0,07,000,00,2,7,19,A01
201800016796,1,07,000,00,2,3,01,B01
201800016797,1,33,000,13,0,8,01,A01
201800016798,0,33,000,13,0,0,01,A01
201800016799,0,07,000,00,2,2,19,A01
201800016799,0,07,000,00,2,1,01,B01
201800016800,0,07,000,00,2,3,01,B01
201800016800,0,02,000,00,2,1,13,A01
201800016801,0,07,000,00,1,2,01,A01
201800016802,0,02,000,00,2,8,17,A01
201800016802,0,07,000,00,2,8,01,B01
201800016803,2,07,000,13,0,8,01,B01
201800016803,1,07,000,13,2,8,13,A01
201800016804,1,10,000,00,2,2,01,B01
201800016804,2,31,000,00,2,1,17,A01
201800016805,0,07,000,13,0,3,00,A01
201800016806,0,07,000,00,0,7,15,A01
201800016806,0,33,000,01,0,8,00,B01
201800016807,0,10,000,00,2,8,15,A01
201800016807,1,10,000,00,2,1,01,B01
201800016808,1,07,000,00,2,3,01,B01
201800016808,2,07,000,00,2,3,13,A01
201800016809,0,07,000,13,0,1,01,A01
201800016810,2,07,000,00,2,1,05,A01
201800016810,1,07,000,00,2,1,01,B01
201800016811,0,07,000,07,9,3,01,A01
201800016812,0,07,000,00,2,7,19,A01
201800016812,0,07,000,00,2,1,01,B01
201800016813,0,07,000,00,2,3,05,A01
201800016813,0,10,000,00,2,3,01,B01
201800016814,1,02,000,08,0,1,01,A01
201800016815,1,02,000,00,2,8,10,B01
201800016815,2,07,000,00,2,2,01,A01
201800016816,1,07,000,00,2,1,13,A01
201800016816,2,07,000,00,2,1,01,B01
201800016817,1,33,000,00,2,7,01,B01
201800016817,1,10,000,00,2,1,01,A01
201800016818,1,07,000,00,2,1,01,A01
201800016818,1,07,000,00,0,4,23,B01
201800016818,1,10,000,00,0,4,15,C01
201800016819,0,07,000,00,2,3,01,B01
201800016819,0,02,000,00,2,1,17,A01
201800016820,0,07,000,02,0,8,02,A01
201800016821,1,07,000,00,2,1,01,B01
201800016821,2,07,000,00,2,1,13,A01
201800016822,2,07,000,06,0,1,06,A01
201800016823,0,07,000,00,2,1,13,A01
201800016823,0,07,000,00,2,1,01,B01
201800016824,1,07,000,00,2,2,13,A01
201800016824,2,10,000,00,2,3,01,B01
201800016825,1,33,000,00,0,4,01,B01
201800016825,1,33,000,00,2,1,01,A01