Num_Acc,senc,catv,occutc,obs,obsm,choc,manv,num_veh
201800017243,2,07,000,02,0,3,01,A01
201800017244,2,33,000,00,0,7,01,A01
201800017245,2,33,000,00,0,8,01,A01
201800017246,1,33,000,00,0,7,01,A01
201800017247,0,07,000,06,0,3,16,A01
201800017248,1,07,000,13,0,4,00,A01
201800017249,0,33,000,00,0,8,01,A01
201800017250,2,07,000,08,0,1,01,A01
201800017251,0,07,000,12,0,1,01,A01
201800017252,1,10,000,00,1,2,01,A01
201800017253,1,10,000,00,2,3,13,A01
201800017253,2,10,000,00,2,3,00,B01
201800017254,0,03,000,08,0,1,01,A01
201800017255,0,07,000,00,1,2,01,A01
201800017256,2,07,000,00,2,1,01,B01
201800017256,0,07,000,00,2,7,19,A01
201800017257,2,07,000,00,2,7,01,A01
201800017257,1,07,000,00,2,1,01,B01
201800017258,1,07,000,00,0,1,13,A01
201800017258,2,07,000,00,0,1,01,B01
201800017259,0,07,000,02,0,0,16,A01
201800017260,2,33,000,00,2,7,02,A01
201800017260,2,07,000,00,9,8,11,B01
201800017261,0,31,000,08,0,1,02,A01
201800017262,2,07,000,00,2,1,05,A01
201800017262,1,14,000,01,2,1,21,B01
201800017263,0,36,000,00,0,0,00,A01
201800017264,0,33,000,00,9,1,00,A01
201800017265,1,07,000,00,0,9,01,A01
201800017266,1,07,000,00,0,3,19,A01
201800017266,2,33,000,00,0,8,01,B01
201800017267,2,07,000,00,1,2,01,A01
201800017268,1,07,000,00,0,1,05,A01
201800017268,2,07,000,00,0,1,01,B01
201800017269,2,07,000,00,9,3,15,A01
201800017269,0,01,000,00,2,1,23,B01
201800017270,1,07,000,06,2,1,21,A01
201800017270,2,07,000,00,2,6,01,B01
201800017271,2,33,000,02,0,1,10,A01
201800017272,1,07,000,13,2,3,01,A01
201800017272,2,14,000,00,2,3,01,B01
201800017273,0,07,000,00,0,3,01,A01
201800017273,0,07,000,00,0,1,13,B01
201800017274,1,02,000,15,0,7,01,A01
201800017275,2,21,000,00,2,3,15,A01
201800017275,2,33,000,00,2,2,17,B01
201800017276,2,07,000,00,0,9,02,A01
201800017277,1,01,000,00,2,7,01,B01
201800017277,1,07,000,00,2,1,15,A01
201800017278,2,07,000,02,0,2,00,A01
201800017279,2,31,000,00,0,0,01,A01
201800017280,1,07,000,02,0,3,01,A01
201800017281,1,07,000,02,0,2,14,A01
201800017282,0,07,000,00,2,3,01,A01
201800017282,0,07,000,00,2,3,01,B01
201800017283,1,33,000,00,0,8,15,A01
201800017284,2,07,000,13,2,8,15,A01
201800017284,2,10,000,13,2,2,01,B01
201800017285,2,07,000,02,0,2,13,A01
201800017286,1,03,000,00,0,9,01,A01
201800017287,1,07,000,13,2,1,01,A01
201800017287,1,07,000,00,2,4,01,B01
201800017287,2,07,000,00,2,3,01,C01
201800017287,2,07,000,00,2,1,01,D01
201800017288,2,33,000,00,2,1,11,A01
201800017288,1,07,000,00,2,1,01,B01
201800017289,0,07,000,00,0,3,01,A01
201800017290,2,07,000,00,2,1,01,B01
201800017290,0,07,000,00,2,7,01,A01
201800017291,1,07,000,00,2,3,13,A01
201800017291,2,07,000,00,2,3,01,B01
201800017292,2,10,000,00,2,2,19,A01
201800017292,1,20,000,00,2,2,01,B01
201800017293,1,07,000,00,2,1,01,A01
201800017293,1,07,000,00,2,5,01,B01
201800017294,0,07,000,02,0,9,01,A01
201800017295,1,07,000,15,0,1,14,A01
201800017296,1,07,000,13,0,2,01,A01
201800017297,1,07,000,02,2,1,02,A01
201800017297,1,07,000,02,2,3,15,B01
201800017298,1,33,000,13,0,8,01,A01
201800017299,0,07,000,00,2,1,01,A01
201800017299,0,33,000,00,0,8,01,B01
201800017300,0,07,000,00,0,0,15,A01
201800017300,0,02,000,00,0,0,01,B01
201800017301,2,33,000,00,2,1,01,A01
201800017301,0,07,000,00,2,3,15,B01
201800017302,2,07,000,00,2,1,01,B01
201800017302,2,07,000,07,2,2,09,A01
201800017303,1,07,000,,,,,A01
201800017303,2,31,000,00,0,0,01,D01
201800017304,1,33,000,00,6,1,02,A01
201800017305,2,07,000,00,2,1,01,A01
201800017305,1,07,000,00,2,1,01,B01
201800017306,1,07,000,00,2,3,00,B01
201800017306,1,07,000,00,2,7,01,A01
201800017307,2,07,000,13,0,1,21,A01
201800017308,1,07,000,00,2,3,13,A01
201800017308,2,07,000,00,2,3,01,B01
201800017309,2,07,000,00,2,8,09,A01
201800017309,1,33,000,00,2,3,01,B01
201800017310,2,01,000,00,0,9,01,A01
201800017311,1,07,000,13,0,0,01,A01
201800017312,0,07,000,00,1,1,01,A01
201800017313,1,07,000,00,2,1,01,A01
201800017313,1,38,026,00,2,1,01,B01
201800017314,2,07,000,00,2,2,15,A01
201800017314,1,07,000,00,2,1,01,B01
201800017315,1,07,000,00,1,2,02,B01
201800017316,2,07,000,00,1,2,13,A01
201800017317,2,07,000,00,1,1,01,A01
201800017318,1,07,000,08,0,9,01,A01
201800017319,1,07,000,00,2,3,05,A01
201800017319,2,07,000,00,2,3,01,B01
201800017320,2,07,000,02,0,1,00,A01
201800017321,1,07,000,00,0,8,01,B01
201800017321,2,07,000,00,0,3,01,A01
201800017322,0,31,000,06,9,1,00,A01
201800017323,0,07,000,00,1,0,04,A01
201800017324,1,07,000,00,2,6,01,A01
201800017324,1,02,000,00,2,1,01,B01
201800017325,0,07,000,13,0,9,01,A01
201800017326,2,07,000,02,0,3,14,A01
201800017327,1,13,000,03,0,3,01,A01
201800017328,2,07,000,00,1,3,01,A01
201800017329,2,07,000,00,2,8,05,A01
201800017329,1,07,000,00,2,8,01,B01
201800017329,1,07,000,00,2,1,01,C01
201800017330,0,07,000,13,0,1,01,A01
201800017331,0,01,000,00,2,1,09,A01
201800017331,0,07,000,00,2,5,02,B01
201800017332,0,07,000,06,0,1,01,A01
201800017333,2,07,000,00,2,1,13,A01
201800017333,1,07,000,00,2,3,01,B01
201800017334,1,07,000,13,0,3,01,A01
201800017335,1,07,000,00,2,1,01,B01
201800017335,1,07,000,13,0,3,00,A01
201800017336,0,07,000,00,2,1,01,A01
201800017336,0,07,000,00,2,1,13,B01
201800017337,0,07,000,15,0,3,00,A01
201800017338,1,33,000,00,0,9,01,A01
201800017339,1,07,000,08,0,2,01,A01
201800017340,0,07,000,13,0,2,01,A01
201800017341,1,07,000,13,0,0,00,A01
201800017342,1,07,000,02,0,1,01,A01
201800017343,2,33,000,13,0,2,01,A01
201800017344,1,33,000,00,0,8,02,A01
201800017345,2,33,000,13,0,1,01,A01
201800017346,0,07,000,00,2,2,01,A01
201800017346,0,02,000,00,2,1,01,B01
201800017347,2,07,000,13,2,1,01,A01
201800017347,1,07,000,00,2,1,01,B01
201800017348,2,10,000,02,0,1,01,A01
201800017349,1,01,000,00,2,1,01,A01
201800017349,2,10,000,00,9,1,01,B01
201800017350,2,07,000,00,2,2,15,B01
201800017350,0,07,000,00,2,3,19,A01
201800017351,2,07,000,00,9,2,02,A01
201800017351,2,01,000,00,0,4,02,B01
201800017352,2,99,000,00,9,2,17,A01
201800017352,2,01,000,12,0,6,02,B01
201800017353,1,02,000,00,2,1,01,A01
201800017353,2,07,000,00,2,3,01,B01
201800017354,1,07,000,00,2,3,01,A01
201800017354,2,07,000,00,2,3,01,B01
201800017355,0,07,000,00,2,2,01,A01
201800017355,0,02,000,00,2,7,15,B01
201800017356,1,07,000,03,2,8,00,A01
201800017356,2,07,000,00,2,3,00,B01
201800017357,1,33,000,00,0,0,01,A01
201800017358,0,07,000,00,2,2,01,A01
201800017358,0,07,000,00,2,3,16,B01
201800017359,0,07,000,02,0,2,00,A01
201800017360,1,07,000,00,2,3,00,A01
201800017360,2,07,000,00,2,3,00,B01
201800017361,0,02,000,00,2,1,13,A01
201800017361,0,07,000,00,2,3,01,B01
201800017362,1,07,000,00,2,3,15,A01
201800017362,1,07,000,00,2,1,01,B01
201800017363,2,07,000,02,0,3,13,A01
201800017364,0,02,000,00,0,0,02,A01
201800017365,0,07,000,00,1,4,20,A01
201800017366,2,07,000,00,2,1,09,A01
201800017366,2,31,000,00,0,7,00,B01
201800017367,1,33,000,03,0,7,14,A01
201800017368,2,02,000,00,0,3,01,A01
201800017369,2,07,000,13,0,1,01,A01
201800017370,1,38,015,13,2,1,01,B01
201800017370,1,07,000,13,2,7,19,A01
201800017371,0,33,000,00,2,1,13,A01
201800017371,0,07,000,00,2,1,01,B01
201800017372,1,33,000,13,0,9,01,A01
201800017373,1,33,000,00,2,1,01,B01
201800017373,0,07,000,00,2,8,15,A01
201800017374,1,33,000,09,0,7,01,A01
201800017375,2,07,000,02,0,1,14,A01
201800017376,1,02,000,00,2,1,13,A01
201800017376,2,07,000,00,0,6,01,B01
201800017377,2,07,000,05,0,3,05,A01
201800017377,1,17,000,05,0,3,01,B01
201800017378,1,07,000,13,0,1,01,A01
201800017379,2,07,000,00,2,0,17,A01
201800017379,1,02,000,00,2,3,01,B01
201800017380,1,07,000,03,0,2,01,A01
201800017381,0,02,000,00,0,0,00,A01
201800017382,2,07,000,00,2,1,09,A01
201800017382,1,07,000,13,2,8,01,B01
201800017383,0,33,000,00,2,1,01,A01
201800017383,0,03,000,00,2,1,01,B01
201800017384,1,15,000,06,9,1,01,A01
201800017385,0,07,000,06,0,1,01,A01
201800017386,1,07,000,00,2,5,15,A01
201800017386,2,33,000,00,2,1,01,B01
201800017387,2,07,000,00,2,1,01,A01
201800017387,2,07,000,00,2,4,01,B01
201800017388,2,07,000,00,0,1,01,B01
201800017388,1,07,000,00,0,7,19,A01
201800017389,1,07,000,00,1,1,01,A01
201800017390,0,07,000,06,0,1,00,A01
201800017391,0,07,000,00,2,3,05,A01
201800017391,0,07,000,00,2,3,21,B01
201800017391,0,07,000,00,2,8,19,C01
201800017392,2,07,000,15,0,8,01,B01
201800017392,2,07,000,00,2,1,15,A01
201800017393,2,07,000,00,2,3,01,A01
201800017393,1,14,000,00,2,3,01,B01
201800017394,1,31,000,11,0,1,06,A01
201800017395,1,07,000,02,0,1,01,A01
201800017396,1,07,000,00,0,3,09,A01
201800017396,1,15,000,00,0,2,01,B01
201800017397,1,07,000,01,1,1,00,A01
201800017398,2,10,000,02,0,1,01,A01
201800017399,1,07,000,00,2,1,01,B01
201800017399,0,07,000,00,2,3,19,A01
201800017400,2,10,000,13,0,1,02,A01
201800017401,1,07,000,00,2,2,01,B01
201800017401,0,10,000,00,2,1,15,A01
201800017402,2,07,000,00,2,3,19,A01
201800017402,2,07,000,00,2,3,01,B01
201800017403,2,33,000,00,0,0,01,A01
201800017404,1,07,000,00,2,3,09,A01
201800017404,1,33,000,00,2,1,01,B01
201800017405,2,07,000,00,2,3,00,A01
201800017405,1,07,000,00,0,8,01,B01
201800017406,0,10,000,00,0,0,02,A01
201800017406,0,01,000,00,2,7,00,C01
201800017407,2,07,000,00,0,0,01,A01
201800017408,1,07,000,00,2,1,13,A01
201800017408,2,07,000,00,2,1,21,B01
201800017409,0,07,000,00,2,3,16,A01
201800017409,0,07,000,00,2,2,01,B01
201800017410,2,07,000,00,2,3,13,A01
201800017410,1,07,000,00,2,3,01,B01
201800017411,2,33,000,00,0,2,17,A01
201800017412,0,33,000,00,2,1,01,B01
201800017412,0,07,000,00,2,7,15,A01
201800017413,1,07,000,16,0,0,14,A01
201800017414,1,07,000,13,0,1,01,A01
201800017415,2,07,000,00,2,4,01,A01
201800017415,1,07,000,00,2,1,01,B01
201800017416,2,07,000,00,2,8,13,A01
201800017416,1,15,000,00,2,9,21,B01
201800017417,1,07,000,00,2,3,01,B01
201800017417,2,02,000,00,2,1,13,A01
201800017418,0,33,000,13,0,3,01,A01
201800017419,0,07,000,00,2,1,01,A01
201800017419,0,02,000,00,0,4,16,B01
201800017420,0,36,000,06,0,1,01,A01
201800017421,2,07,000,00,2,8,09,A01
201800017421,1,33,000,00,2,7,01,B01
201800017422,2,07,000,00,2,6,19,A01
201800017422,2,30,000,00,2,1,01,B01
201800017423,0,07,000,00,2,2,01,A01
201800017423,0,33,000,00,2,8,15,B01
201800017424,2,02,000,00,2,8,01,B01
201800017424,2,07,000,00,2,1,01,A01
201800017425,0,07,000,00,2,1,02,A01
201800017425,0,07,000,00,0,4,02,B01
201800017426,1,07,000,00,2,1,01,C01
201800017426,2,07,000,00,2,1,05,A01
201800017426,1,07,000,00,2,1,01,B01
201800017427,1,07,000,00,2,3,15,A01
201800017427,2,02,000,00,2,1,01,B01
201800017428,1,02,000,08,0,1,01,A01
201800017429,1,07,000,00,1,2,19,A01
201800017430,2,07,000,00,0,4,00,B01
201800017430,2,07,000,00,2,1,02,A01
201800017431,0,07,000,00,1,1,15,A01
201800017432,0,10,000,00,1,6,04,A01
201800017433,0,07,000,13,0,2,01,A01
201800017434,2,07,000,00,2,3,15,A01
201800017434,2,07,000,00,2,1,01,B01
201800017435,2,07,000,13,0,9,01,A01
201800017436,0,07,000,13,0,2,01,A01
201800017437,1,07,000,13,0,1,01,A01
201800017438,1,15,000,00,1,1,01,A01
201800017439,0,07,000,02,0,1,01,A01
201800017440,1,07,000,00,2,8,00,A01
201800017440,2,07,000,00,2,1,01,B01
201800017441,0,02,000,01,2,7,01,A01
201800017441,0,07,000,00,2,1,01,B01
201800017442,0,02,000,00,0,7,01,A01
201800017443,1,07,000,00,1,2,15,A01
201800017444,2,07,000,00,2,1,02,A01
201800017444,2,07,000,00,0,4,01,B01
201800017445,0,33,000,00,0,1,01,B01
201800017445,0,07,000,00,0,1,09,A01
201800017446,0,07,000,00,1,1,15,A01
201800017447,1,10,000,13,0,3,00,A01
201800017448,0,02,000,13,0,0,01,A01
201800017449,1,07,000,00,2,1,13,A01
201800017449,2,15,000,00,2,1,01,B01
201800017450,2,07,000,00,1,2,16,A01
201800017451,1,07,000,00,2,1,01,A01
201800017451,1,01,000,00,0,4,01,C01
201800017451,1,01,000,00,0,4,01,B01
201800017452,0,07,000,00,2,1,00,B01
201800017452,0,02,000,00,2,1,11,A01
201800017453,1,01,000,00,0,0,01,A01
201800017454,1,99,000,00,1,2,17,A01
201800017455,0,07,000,00,2,2,01,B01
201800017455,0,07,000,00,2,1,01,A01
201800017456,2,07,000,13,0,1,01,A01
201800017457,0,02,000,00,0,7,16,A01
201800017458,0,03,000,01,0,1,00,A01
201800017459,0,07,000,00,1,2,01,A01
201800017460,2,07,000,08,0,1,05,A01
201800017461,0,07,000,00,1,1,15,A01
201800017462,1,36,000,15,0,7,01,A01
201800017463,0,10,000,00,2,3,01,B01
201800017463,0,07,000,00,2,3,01,A01
201800017464,1,07,000,00,0,3,13,A01
201800017464,2,15,000,00,0,3,01,B01
201800017465,2,10,000,00,2,3,00,A01
201800017465,1,07,000,00,2,3,01,B01
201800017466,0,07,000,00,2,7,19,A01
201800017466,1,33,000,00,2,2,01,B01
201800017467,0,33,000,00,0,1,01,A01
201800017468,2,07,000,00,2,0,23,B01
201800017468,1,07,000,14,0,1,01,A01
201800017469,1,10,000,00,2,8,01,B01
201800017469,2,07,000,00,2,3,01,A01
201800017470,0,01,000,00,9,1,01,A01
201800017470,0,01,000,00,9,1,01,B01
201800017471,1,01,000,00,1,1,01,A01
201800017472,0,33,000,12,0,7,01,A01
201800017473,0,01,000,12,0,1,01,A01
201800017474,0,07,000,00,1,1,01,A01
201800017475,0,07,000,06,0,1,01,A01
201800017476,2,33,000,14,0,7,14,A01
201800017477,0,07,000,00,2,7,15,A01
201800017477,0,01,000,00,2,1,00,B01
201800017478,2,07,000,13,0,3,01,A01
201800017479,2,02,000,00,0,7,01,B01
201800017479,1,07,000,00,2,2,15,A01
201800017480,1,33,000,12,0,0,01,A01
201800017481,1,33,000,00,2,2,17,B01
201800017481,1,21,000,00,2,8,15,A01
201800017482,0,07,000,06,0,3,01,A01
201800017483,1,07,000,00,2,1,01,B01
201800017483,2,07,000,00,2,1,13,A01
201800017484,0,07,000,00,0,3,01,A01
201800017485,0,37,002,00,2,2,01,B01
201800017485,0,07,000,00,2,1,13,A01
201800017486,1,15,000,00,0,4,23,B01
201800017486,1,15,000,00,2,1,01,A01
201800017487,0,07,000,13,0,2,01,A01
201800017488,0,14,000,02,0,3,01,A01
201800017489,1,33,000,03,0,2,01,A01
201800017490,2,34,000,00,2,1,01,B01
201800017490,1,14,000,00,2,1,13,A01
201800017491,1,17,000,00,2,1,13,A01
201800017491,1,07,000,00,2,1,01,B01
201800017492,2,10,000,13,2,1,01,B01
201800017492,1,07,000,13,2,2,01,A01
201800017493,1,07,000,00,2,1,01,B01
201800017493,2,07,000,00,2,7,19,A01
201800017494,1,07,000,06,0,9,01,A01
201800017495,1,33,000,00,2,1,01,B01
201800017495,0,10,000,00,2,7,19,A01
201800017496,1,33,000,00,2,1,17,A01
201800017496,1,07,000,00,2,6,15,B01
201800017497,1,33,000,00,0,3,01,B01
201800017497,1,33,000,00,0,2,01,A01
201800017498,1,07,000,00,2,6,23,A01
201800017498,1,02,000,01,0,1,02,B01
201800017499,2,07,000,05,0,2,01,A01
201800017500,0,33,000,00,2,1,01,B01
201800017500,0,33,000,00,2,3,09,A01
201800017501,2,07,000,00,2,7,01,B01
201800017501,2,33,000,00,2,3,09,A01
201800017502,2,33,000,02,0,9,01,A01
201800017503,0,99,000,00,0,0,01,A01
201800017504,0,07,000,08,0,1,14,A01
201800017505,0,07,000,02,0,1,01,A01
201800017506,1,31,000,00,2,1,01,A01
201800017506,1,14,000,00,2,4,23,B01
201800017507,1,07,000,00,9,2,02,A01
201800017507,1,01,000,00,2,1,02,B01
201800017508,0,33,000,13,0,8,01,A01
201800017509,1,07,000,00,2,1,01,B01
201800017509,2,07,000,00,2,1,15,A01
201800017510,1,07,000,02,0,3,01,A01
201800017511,1,07,000,00,2,2,01,B01
201800017511,2,07,000,06,2,2,17,A01
201800017512,1,07,000,16,0,9,01,A01
201800017513,2,07,000,00,2,1,01,B01
201800017513,2,07,000,00,2,8,01,A01
201800017514,1,10,000,08,0,1,01,A01
201800017515,1,02,000,00,0,8,01,A01
201800017516,1,07,000,15,0,9,01,A01
201800017517,0,02,000,00,2,8,01,B01
201800017517,0,07,000,00,2,8,01,A01
201800017518,0,10,000,09,1,8,00,A01
201800017519,1,07,000,13,0,1,01,A01
201800017520,1,31,000,13,2,5,13,A01
201800017520,2,07,000,00,0,2,01,B01
201800017521,0,02,000,00,2,1,17,B01
201800017521,0,02,000,00,2,8,15,A01
201800017522,0,02,000,08,0,1,15,A01
201800017523,0,07,000,00,2,1,01,A01
201800017523,2,30,000,00,2,8,01,B01
201800017524,1,02,000,00,0,8,01,A01
201800017525,0,07,000,06,0,1,01,A01
201800017526,1,07,000,00,2,1,02,A01
201800017526,1,07,000,00,2,4,02,B01
201800017527,0,07,000,00,1,8,01,A01
201800017528,0,33,000,00,0,0,23,A01
201800017529,0,07,000,13,0,3,01,A01
201800017530,0,07,000,13,0,1,01,A01
201800017531,1,07,000,00,2,1,05,A01
201800017531,1,07,000,00,2,1,01,B01
201800017532,0,10,000,00,2,3,01,B01
201800017532,0,07,000,00,2,3,01,A01
201800017533,1,15,000,15,2,8,13,A01
201800017533,2,15,000,00,0,3,01,B01
201800017534,1,02,000,00,2,1,02,A01
201800017534,1,07,000,00,0,6,02,B01
201800017535,1,33,000,12,0,0,01,A01
201800017536,1,07,000,00,2,1,01,A01
201800017536,2,15,000,00,2,1,01,B01
201800017537,1,02,000,00,2,8,01,B01
201800017537,1,07,000,00,2,7,11,A01
201800017538,2,07,000,02,0,0,01,A01
201800017539,2,07,000,00,2,8,15,B01
201800017539,2,07,000,13,2,2,17,A01
201800017540,1,07,000,15,0,9,01,A01
201800017541,2,07,000,00,2,3,15,B01
201800017541,1,33,000,00,2,2,01,A01
201800017542,1,07,000,08,0,8,00,A01
201800017543,2,07,000,13,0,1,13,A01
201800017544,1,13,000,00,0,3,01,A01
201800017544,1,02,000,00,0,4,01,B01
201800017545,1,07,000,00,2,3,15,B01
201800017545,1,02,000,15,2,2,17,A01
201800017546,0,07,000,00,2,1,01,C01
201800017546,0,07,000,00,2,3,13,A01
201800017546,0,07,000,00,2,3,01,B01
201800017547,0,07,000,13,0,0,01,A01
201800017548,0,07,000,00,2,3,13,A01
201800017548,0,07,000,00,2,1,01,B01
201800017549,0,33,000,08,0,1,01,A01
201800017550,2,07,000,06,0,1,01,A01
201800017551,0,07,000,00,0,8,15,A01
201800017551,0,02,000,00,2,2,01,B01
201800017552,0,33,000,00,2,1,01,A01
201800017552,0,07,000,00,0,4,01,B01
201800017553,1,02,000,00,2,1,13,A01
201800017553,2,07,000,00,2,2,01,B01
201800017554,2,07,000,08,0,1,13,A01
201800017555,2,07,000,00,2,2,02,A01
201800017555,2,02,000,00,2,4,02,B01
201800017556,0,07,000,00,2,7,19,A01
201800017556,0,07,000,00,2,1,01,B01
201800017557,2,07,000,00,2,3,13,A01
201800017557,1,07,000,00,0,3,01,B01
201800017558,1,33,000,00,2,1,21,B01
201800017558,2,07,000,00,2,1,09,A01
201800017559,2,02,000,00,0,2,01,A01
201800017560,1,07,000,02,0,9,00,A01
201800017561,1,33,000,00,0,3,00,A01
201800017562,2,33,000,00,2,1,01,B01
201800017562,1,07,000,00,2,1,15,A01
201800017563,2,07,000,00,0,4,15,B01
201800017563,2,07,000,00,2,1,01,A01
201800017564,2,33,000,00,0,0,01,A01
201800017565,1,07,000,00,0,1,01,A01
201800017566,1,07,000,02,0,1,01,A01
201800017567,2,07,000,00,2,8,01,B01
201800017567,1,01,000,00,2,1,01,A01
201800017568,1,07,000,02,0,3,01,A01
201800017569,1,33,000,10,0,1,01,A01
201800017569,1,33,000,10,0,1,01,B01
201800017570,1,10,000,00,2,1,01,A01
201800017570,2,10,000,00,2,1,13,B01
201800017571,1,33,000,07,9,7,16,A01
201800017572,1,07,000,13,0,1,01,A01
201800017573,1,07,000,00,2,3,13,B01
201800017573,2,33,000,00,2,1,01,A01
201800017574,0,07,000,00,1,3,01,A01
201800017575,1,07,000,00,1,2,01,A01
201800017576,1,02,000,00,2,2,19,B01
201800017576,2,07,000,00,2,3,01,A01
201800017577,1,07,000,00,2,1,13,A01
201800017577,2,07,000,00,2,8,01,B01
201800017578,2,33,000,00,2,1,17,B01
201800017578,2,03,000,00,2,3,15,A01
201800017579,1,07,000,00,0,2,01,A01
201800017580,1,07,000,02,0,1,14,A01
201800017581,2,07,000,00,0,0,01,A01
201800017582,1,07,000,02,0,9,17,A01
201800017583,1,07,000,02,0,9,14,A01
201800017584,1,07,000,02,0,2,01,A01
201800017585,1,02,000,00,0,0,21,A01
201800017586,1,07,000,00,2,3,01,B01
201800017586,2,07,000,00,2,9,01,A01
201800017587,2,07,000,02,0,3,01,A01
201800017588,1,07,000,06,0,1,13,A01
201800017589,0,07,000,00,1,2,15,A01
201800017590,2,07,000,00,2,1,13,B01
201800017590,1,07,000,00,0,3,01,A01
201800017591,2,07,000,13,0,2,01,A01
201800017592,1,02,000,00,2,3,01,A01
201800017592,2,07,000,00,2,3,01,B01
201800017593,1,07,000,07,0,0,02,A01
201800017594,1,10,000,00,2,2,01,B01
201800017594,2,07,000,00,2,5,13,A01
201800017595,2,07,000,00,2,3,01,B01
201800017595,1,01,000,13,2,3,01,A01
201800017596,2,01,000,12,2,4,02,B01
201800017596,2,07,000,00,9,2,02,A01
201800017597,1,07,000,02,0,2,01,A01
201800017598,2,07,000,05,0,1,13,A01
201800017599,2,10,000,13,0,1,05,A01
201800017600,1,07,000,13,0,2,02,A01
201800017601,1,07,000,00,2,3,11,A01
201800017601,2,07,000,00,2,3,01,B01
201800017602,2,07,000,06,0,2,01,A01
201800017603,0,07,000,00,2,1,09,A01
201800017603,0,01,000,00,2,2,01,B01
201800017604,1,21,000,00,0,6,15,B01
201800017604,1,33,000,00,2,1,17,A01
201800017605,2,07,000,01,0,1,14,A01
201800017606,1,33,000,00,2,1,02,B01
201800017606,1,07,000,00,0,5,02,A01
201800017607,2,07,000,00,2,1,01,B01
201800017607,1,07,000,00,2,8,19,A01
201800017608,1,33,000,02,0,1,00,A01
201800017609,1,01,000,00,2,4,01,B01
201800017609,1,07,000,00,9,1,01,A01
201800017610,0,07,000,00,2,6,01,A01
201800017610,0,32,000,00,2,1,01,B01
201800017611,2,07,000,00,2,1,01,B01
201800017611,1,10,000,00,2,1,13,A01
201800017612,0,07,000,00,1,0,20,A01
201800017613,0,07,000,00,1,3,01,A01
201800017614,0,07,000,00,9,1,01,A01
201800017614,0,01,000,00,2,1,05,B01
201800017615,1,07,000,00,2,1,01,B01
201800017615,,07,000,00,2,3,19,A01
201800017616,2,02,000,00,2,1,13,B01
201800017616,1,07,000,00,2,1,00,A01
201800017617,0,31,000,00,0,8,01,A01
201800017618,1,07,000,00,2,3,01,B01
201800017618,2,07,000,00,2,1,01,A01
201800017619,2,07,000,00,2,3,13,A01
201800017619,2,10,000,00,2,2,01,B01
201800017620,2,07,000,00,0,9,00,A01
201800017621,2,07,000,00,2,3,10,A01
201800017621,2,02,000,00,2,1,01,B01
201800017622,2,07,000,13,0,1,01,A01
201800017623,1,10,000,00,1,1,01,A01
201800017624,1,02,000,00,6,1,01,A01
201800017625,2,07,000,00,1,1,01,A01
201800017626,2,07,000,00,2,7,01,B01
201800017626,1,32,000,00,2,7,19,A01
201800017627,2,07,000,00,2,1,01,B01
201800017627,1,33,000,00,2,1,01,A01
201800017628,1,07,000,02,0,3,02,A01
201800017629,1,07,000,00,9,3,15,B01
201800017629,1,33,000,14,2,1,01,A01
201800017630,1,33,000,12,0,1,01,A01
201800017631,2,07,000,15,0,9,00,A01
201800017632,2,07,000,00,2,2,19,A01
201800017632,2,33,000,00,2,1,01,B01
201800017633,2,07,000,00,1,2,01,A01
201800017634,0,07,000,02,0,8,01,A01
201800017635,0,33,000,00,0,0,13,A01
201800017636,2,07,000,00,2,1,15,A01
201800017636,1,33,000,00,2,1,01,B01
201800017637,2,07,000,00,1,2,02,A01
201800017638,1,07,000,00,2,8,15,B01
201800017638,1,07,000,00,2,2,17,A01
201800017639,2,07,000,00,2,7,13,A01
201800017639,1,07,000,00,2,2,01,B01
201800017640,2,07,000,00,2,1,01,B01
201800017640,2,07,000,00,2,2,21,C01
201800017640,1,07,000,00,2,1,13,A01
201800017641,0,07,000,00,1,6,20,A01
201800017642,0,07,000,01,0,4,20,A01
201800017642,0,07,000,00,2,3,22,B01
201800017643,1,07,000,00,2,1,13,A01
201800017643,2,07,000,00,2,1,01,B01
201800017644,2,10,000,00,2,3,13,A01
201800017644,1,07,000,00,2,3,01,B01
201800017645,1,07,000,00,2,1,13,A01
201800017645,2,17,000,00,2,1,01,B01
201800017646,2,07,000,13,0,0,14,A01
201800017647,2,07,000,15,0,1,14,A01
201800017648,1,07,000,00,2,8,01,C01
201800017648,2,07,000,08,2,8,13,A01
201800017648,1,07,000,00,2,8,01,B01
201800017649,2,07,000,00,2,8,01,B01
201800017649,0,07,000,00,2,1,19,A01
201800017650,2,99,000,00,0,0,13,A01
201800017650,1,07,000,00,0,9,21,B01
201800017651,2,17,000,00,2,1,01,B01
201800017651,1,07,000,00,2,1,13,A01
201800017652,2,07,000,01,0,2,01,A01
201800017653,2,07,000,00,2,6,01,B01
201800017653,1,03,000,00,2,1,13,A01
201800017653,2,07,000,00,2,1,01,D01
201800017653,2,07,000,00,2,2,01,C01
201800017654,2,07,000,00,2,8,02,D01
201800017654,2,07,000,03,2,2,02,A01
201800017654,2,07,000,00,2,2,02,B01
201800017654,2,07,000,00,2,1,02,C01
201800017655,1,07,000,03,2,2,01,A01
201800017655,1,10,000,00,2,1,01,C01
201800017655,1,07,000,00,2,4,23,B01
201800017656,1,07,000,00,2,2,15,A01
201800017656,2,33,000,00,2,1,01,B01
201800017657,2,07,000,00,1,2,01,A01
201800017658,1,15,000,00,1,1,01,A01