Num_Acc,senc,catv,occutc,obs,obsm,choc,manv,num_veh
201800018838,1,07,000,00,1,2,01,A01
201800018839,2,07,000,02,0,3,00,A01
201800018840,2,07,000,00,0,8,15,A01
201800018840,2,33,000,00,0,1,17,B01
201800018841,2,07,000,00,0,5,15,A01
201800018841,1,33,000,00,2,1,01,B01
201800018842,2,07,000,00,2,3,01,B01
201800018842,1,33,000,00,2,1,13,A01
201800018843,2,07,000,13,0,3,16,A01
201800018844,1,01,000,00,2,1,15,B01
201800018844,2,07,000,00,9,3,01,A01
201800018845,0,02,000,00,2,1,01,B01
201800018845,0,02,000,00,2,1,01,A01
201800018846,0,07,000,01,1,1,01,A01
201800018847,2,07,000,00,9,2,01,A01
201800018847,2,01,000,00,2,4,01,B01
201800018848,2,33,000,00,2,3,01,A01
201800018848,1,17,000,00,2,3,01,B01
201800018849,2,14,000,13,0,6,01,B01
201800018849,2,07,000,00,2,1,01,A01
201800018850,0,33,000,00,2,1,09,A01
201800018850,0,07,000,00,2,7,01,B01
201800018851,2,01,000,00,2,4,02,B01
201800018851,2,17,000,00,2,2,02,A01
201800018852,0,01,000,00,0,3,02,B01
201800018852,0,99,000,00,2,2,02,A01
201800018853,1,07,000,09,2,7,13,A01
201800018853,2,07,000,00,2,1,01,B01
201800018854,2,07,000,00,1,2,01,A01
201800018855,1,07,000,06,0,2,01,A01
201800018856,1,07,000,08,0,1,17,A01
201800018857,1,01,000,00,2,4,02,B01
201800018857,1,07,000,00,2,2,02,A01
201800018858,2,07,000,00,0,6,01,B01
201800018858,1,07,000,00,2,3,13,A01
201800018859,0,01,000,00,2,8,02,B01
201800018859,0,07,000,00,2,7,17,A01
201800018860,2,07,000,00,2,1,05,A01
201800018860,1,15,000,00,2,3,01,B01
201800018861,2,10,000,00,2,1,01,B01
201800018861,1,07,000,00,2,7,01,A01
201800018862,2,02,000,01,0,1,02,A01
201800018863,1,07,000,13,0,2,01,A01
201800018864,1,33,000,13,0,8,01,A01
201800018865,1,07,000,16,0,6,01,A01
201800018866,1,07,000,15,0,2,13,A01
201800018867,1,07,000,00,2,2,15,A01
201800018867,2,02,000,00,2,1,01,B01
201800018868,1,07,000,13,0,1,01,A01
201800018869,2,07,000,00,2,5,15,A01
201800018869,1,02,000,00,2,2,01,B01
201800018870,0,07,000,08,0,2,01,A01
201800018871,2,07,000,02,0,7,01,A01
201800018872,2,07,000,08,0,2,14,A01
201800018873,0,02,000,00,0,8,01,A01
201800018874,2,02,000,00,0,3,16,A01
201800018875,0,07,000,02,0,2,14,A01
201800018876,2,02,000,12,0,1,14,A01
201800018877,2,07,000,00,2,3,21,B01
201800018877,1,10,000,00,2,3,13,A01
201800018878,1,07,000,02,0,1,02,A01
201800018879,0,07,000,02,0,3,01,A01
201800018880,2,07,000,00,2,1,15,A01
201800018880,1,07,000,03,2,1,01,B01
201800018881,2,07,000,00,0,3,01,A01
201800018882,1,33,000,00,0,8,01,A01
201800018883,2,07,000,13,0,2,01,A01
201800018884,1,07,000,00,2,3,01,A01
201800018884,2,07,000,13,2,1,01,C01
201800018884,2,07,000,00,2,3,01,B01
201800018885,2,07,000,00,2,1,21,A01
201800018885,2,07,000,00,2,1,21,C01
201800018885,2,07,000,14,0,1,21,B01
201800018885,2,07,000,00,2,4,21,D01
201800018886,1,07,000,02,0,7,14,A01
201800018887,1,33,000,03,2,1,01,B01
201800018887,2,07,000,00,2,7,15,A01
201800018888,0,07,000,00,1,3,01,A01
201800018889,1,07,000,02,0,1,13,A01
201800018890,1,07,000,13,0,1,13,A01
201800018891,1,07,000,00,2,1,11,B01
201800018891,1,33,000,03,0,6,01,A01
201800018892,1,33,000,00,2,2,17,B01
201800018892,1,07,000,00,2,3,15,A01
201800018893,0,02,000,00,0,0,00,A01
201800018894,0,01,000,00,6,0,01,A01
201800018895,0,07,000,15,0,3,01,A01
201800018896,2,07,000,13,0,0,00,A01
201800018897,2,07,000,02,0,1,01,A01
201800018898,2,07,000,13,0,2,14,A01
201800018899,1,17,000,03,0,3,00,A01
201800018900,0,07,000,00,1,1,01,A01
201800018901,0,31,000,00,0,4,02,B01
201800018901,0,07,000,00,2,1,02,A01
201800018902,0,99,000,06,0,1,01,A01
201800018903,0,07,000,08,0,3,01,A01
201800018904,2,10,000,16,0,2,01,A01
201800018905,1,07,000,00,2,3,13,B01
201800018905,2,07,000,00,2,3,01,A01
201800018906,1,02,000,00,2,4,02,B01
201800018906,1,07,000,03,2,2,02,A01
201800018907,1,07,000,15,0,1,14,A01
201800018908,2,02,000,00,6,1,19,A01
201800018909,1,31,000,00,2,1,01,B01
201800018909,2,07,000,00,2,2,15,A01
201800018910,2,02,000,12,0,2,01,A01
201800018911,1,07,000,03,0,0,00,A01
201800018912,0,07,000,13,0,1,21,A01
201800018913,1,07,000,02,0,9,14,A01
201800018914,1,07,000,00,2,4,15,B01
201800018914,1,07,000,00,2,1,01,A01
201800018914,2,07,000,00,2,1,01,C01
201800018915,2,07,000,00,2,1,01,B01
201800018915,1,07,000,00,2,1,13,A01
201800018916,1,33,000,00,9,1,17,B01
201800018916,1,01,000,00,0,6,15,A01
201800018917,1,31,000,00,2,1,01,B01
201800018917,2,07,000,00,2,6,19,A01
201800018918,0,30,000,08,0,1,01,A01
201800018919,1,07,000,00,2,2,15,A01
201800018919,2,07,000,00,2,1,01,B01
201800018920,2,02,000,06,0,0,16,A01
201800018921,2,02,000,00,0,0,01,A01
201800018922,1,07,000,00,2,3,13,B01
201800018922,2,33,000,00,2,3,13,A01
201800018923,1,03,000,00,2,1,01,B01
201800018923,1,07,000,00,0,4,15,A01
201800018924,1,07,000,00,2,8,01,C01
201800018924,2,07,000,00,0,6,23,B01
201800018924,2,33,000,14,2,1,01,A01
201800018925,2,07,000,06,0,2,01,A01
201800018926,0,07,000,00,0,0,01,A01
201800018927,1,01,000,00,2,5,01,B01
201800018927,1,07,000,00,2,3,09,A01
201800018928,2,07,000,00,2,1,01,B01
201800018928,1,07,000,00,2,1,13,A01
201800018929,2,07,000,00,1,8,01,A01
201800018930,2,17,000,00,2,3,01,B01
201800018930,1,07,000,00,9,1,05,A01
201800018931,1,07,000,00,2,1,01,B01
201800018931,2,02,000,00,2,1,01,A01
201800018932,2,21,000,13,0,1,16,A01
201800018933,0,07,000,00,0,4,00,A01
201800018933,0,07,000,01,0,1,00,B01
201800018934,2,07,000,13,0,1,01,A01
201800018935,2,07,000,13,0,1,01,A01
201800018936,1,33,000,00,0,0,01,A01
201800018937,2,07,000,03,0,1,02,A01
201800018938,2,07,000,00,2,7,19,B01
201800018938,2,33,000,00,2,1,01,A01
201800018939,0,07,000,00,1,2,01,A01
201800018940,0,07,000,00,2,3,01,A01
201800018940,0,02,000,00,2,1,01,B01
201800018941,2,31,000,00,0,0,01,A01
201800018942,2,01,000,00,0,0,00,A01
201800018943,0,03,000,15,0,3,01,A01
201800018944,2,07,000,02,0,5,01,A01
201800018945,1,07,000,00,2,3,01,B01
201800018945,2,07,000,00,2,3,15,A01
201800018946,1,07,000,00,0,9,00,A01
201800018947,2,07,000,00,0,0,01,A01
201800018948,1,07,000,00,1,3,01,A01
201800018949,1,07,000,00,1,2,01,A01
201800018950,1,02,000,11,0,1,01,A01
201800018951,2,07,000,00,1,2,02,A01
201800018952,2,21,000,00,2,6,01,A01
201800018952,2,32,000,00,2,7,17,B01
201800018953,2,07,000,00,2,1,15,A01
201800018953,1,07,000,00,2,7,01,B01
201800018954,2,38,062,00,1,7,04,A01
201800018955,1,21,000,15,0,1,01,A01
201800018956,2,33,000,00,1,8,01,A01
201800018957,2,33,000,00,2,1,13,A01
201800018957,1,07,000,00,2,3,21,B01
201800018958,1,33,000,00,2,1,01,B01
201800018958,1,07,000,00,0,8,09,A01
201800018959,1,10,000,02,0,3,00,A01
201800018960,1,10,000,00,9,1,09,A01
201800018960,2,01,000,00,2,7,01,B01
201800018961,1,02,000,00,0,0,01,A01
201800018962,2,07,000,02,0,3,01,A01
201800018963,1,07,000,02,0,1,01,A01
201800018964,1,07,000,13,0,1,19,A01
201800018965,1,07,000,00,2,3,01,B01
201800018965,2,07,000,00,2,1,05,A01
201800018966,2,07,000,06,0,1,01,A01
201800018967,1,07,000,07,0,1,01,A01
201800018968,2,31,000,00,2,1,01,B01
201800018968,1,07,000,00,2,7,20,A01
201800018969,1,07,000,02,0,2,01,A01
201800018970,1,07,000,13,0,7,01,A01
201800018971,0,10,000,00,0,9,01,A01
201800018972,2,33,000,00,2,1,01,B01
201800018972,0,07,000,00,2,8,19,A01
201800018973,1,07,000,00,0,9,01,A01
201800018974,1,07,000,00,2,1,01,A01
201800018974,0,07,000,00,2,3,19,B01
201800018975,2,32,000,13,0,1,00,A01
201800018976,2,07,000,00,2,2,15,B01
201800018976,1,33,000,00,2,1,01,A01
201800018977,2,33,000,00,2,1,17,A01
201800018977,2,33,000,00,9,1,01,B01
201800018977,1,07,000,00,2,3,01,C01
201800018978,0,07,000,08,0,3,02,A01
201800018979,1,07,000,00,0,6,01,A01
201800018979,1,07,000,00,2,1,02,B01
201800018980,1,07,000,00,1,3,01,A01
201800018981,0,07,000,02,0,2,01,A01
201800018982,2,07,000,00,1,1,01,A01
201800018983,0,07,000,15,1,3,13,A01
201800018984,1,07,000,00,2,2,01,B01
201800018984,0,01,000,00,2,8,19,A01
201800018985,0,02,000,00,2,1,17,A01
201800018985,0,07,000,00,0,3,15,B01
201800018986,1,07,000,15,0,1,01,A01
201800018987,2,07,000,06,0,1,01,A01
201800018988,2,07,000,00,1,2,15,A01
201800018989,2,07,000,00,2,1,01,B01
201800018989,1,07,000,00,2,1,05,A01
201800018990,2,10,000,13,0,3,00,A01
201800018991,2,07,000,00,2,1,01,B01
201800018991,1,07,000,00,2,1,13,A01
201800018992,1,07,000,00,0,0,01,A01
201800018993,1,07,000,08,0,3,14,A01
201800018994,0,07,000,00,2,3,01,B01
201800018994,0,03,000,00,2,1,15,A01
201800018995,2,07,000,00,1,1,01,A01
201800018996,2,17,000,00,2,4,04,A01
201800018996,2,02,000,00,2,1,23,B01
201800018997,1,02,000,00,2,1,01,A01
201800018997,1,07,000,00,2,8,00,B01
201800018998,1,07,000,00,2,3,01,A01
201800018998,2,07,000,00,2,3,01,B01
201800018999,1,07,000,06,2,8,15,B01
201800018999,2,15,000,06,2,3,01,A01
201800019000,1,07,000,00,2,1,01,B01
201800019000,2,07,000,00,2,3,13,A01
201800019001,0,07,000,00,2,1,19,B01
201800019001,1,07,000,00,2,1,01,A01
201800019002,2,02,000,00,0,4,16,B01
201800019002,2,07,000,00,2,1,01,A01
201800019003,1,01,000,00,2,4,01,B01
201800019003,1,07,000,00,2,2,09,A01
201800019004,2,01,000,00,2,1,01,B01
201800019004,1,07,000,00,9,1,15,A01
201800019005,1,07,000,00,2,3,13,A01
201800019005,2,07,000,00,2,2,01,B01
201800019006,2,07,000,00,2,2,01,B01
201800019006,1,33,000,00,2,2,15,A01
201800019007,2,07,000,00,2,1,15,A01
201800019007,1,07,000,06,1,3,01,B01
201800019008,2,07,000,06,0,4,01,A01
201800019009,2,10,000,00,2,1,01,B01
201800019009,1,10,000,00,2,8,19,A01
201800019010,2,07,000,00,2,1,01,A01
201800019010,2,07,000,00,0,4,01,B01
201800019011,1,07,000,13,0,1,01,A01
201800019012,1,07,000,00,2,4,23,B01
201800019012,1,33,000,01,0,1,01,A01
201800019013,0,07,000,02,0,1,14,A01
201800019014,2,15,000,00,2,4,23,C01
201800019014,2,15,000,00,2,1,01,A01
201800019014,2,07,000,00,2,4,23,B01
201800019015,0,34,000,00,2,2,17,A01
201800019015,0,10,000,00,2,3,01,B01
201800019016,1,07,000,00,2,0,09,Z01
201800019016,2,34,000,00,2,7,01,A01
201800019017,2,02,000,00,2,3,00,B01
201800019017,1,07,000,00,2,8,17,A01
201800019018,2,07,000,00,2,2,01,A01
201800019018,1,07,000,00,2,3,01,B01
201800019019,1,02,000,00,2,1,13,A01
201800019019,2,07,000,00,2,3,01,B01
201800019020,1,07,000,13,0,2,14,A01
201800019021,0,10,000,00,2,8,01,B01
201800019021,0,33,000,00,2,6,13,A01
201800019022,1,31,000,00,6,1,00,A01
201800019023,2,07,000,13,0,0,01,A01
201800019024,0,21,000,00,2,6,13,A01
201800019024,0,31,000,00,2,8,01,B01
201800019025,2,07,000,01,0,1,15,A01
201800019026,2,07,000,13,0,2,01,A01
201800019027,0,07,000,02,0,1,01,A01
201800019028,1,07,000,00,2,1,01,B01
201800019028,2,07,000,00,2,1,13,A01
201800019029,0,07,000,06,0,3,15,A01
201800019030,1,07,000,00,2,3,15,B01
201800019030,1,33,000,13,2,1,17,A01
201800019031,0,01,000,00,2,6,16,B01
201800019031,0,07,000,00,9,2,16,A01
201800019032,1,33,000,00,2,1,01,B01
201800019032,2,07,000,03,2,3,15,A01
201800019033,2,07,000,00,2,1,01,B01
201800019033,1,10,000,00,2,1,05,A01
201800019034,2,30,000,00,2,1,01,B01
201800019034,1,07,000,00,2,2,15,A01
201800019035,0,02,000,08,0,8,01,A01
201800019036,0,07,000,08,2,7,01,B01
201800019036,0,03,000,00,2,1,14,A01
201800019037,2,07,000,02,0,1,01,A01
201800019038,2,02,000,06,0,0,01,A01
201800019039,1,07,000,00,2,4,01,A01
201800019039,0,07,000,00,2,2,24,C01
201800019039,2,07,000,00,2,1,01,B01
201800019040,0,07,000,06,2,1,24,B01
201800019040,0,07,000,01,1,1,20,A01
201800019041,1,07,000,02,0,2,13,A01
201800019042,2,07,000,06,0,1,01,A01
201800019043,2,07,000,13,0,3,01,A01
201800019044,0,07,000,00,2,2,19,A01
201800019044,1,33,000,00,2,1,15,B01
201800019045,0,33,000,00,2,2,01,A01
201800019045,2,07,000,00,2,3,09,B01
201800019046,0,07,000,00,2,3,01,B01
201800019046,0,02,000,00,2,1,01,A01
201800019047,1,07,000,13,0,2,01,A01
201800019048,1,07,000,00,9,2,01,A01
201800019048,2,01,000,00,2,1,15,B01
201800019049,2,07,000,00,2,3,13,B01
201800019049,1,07,000,00,2,3,01,A01
201800019050,2,07,000,00,0,1,01,B01
201800019050,1,07,000,00,0,5,01,A01
201800019051,2,07,000,00,2,2,15,A01
201800019051,1,10,000,00,2,1,01,B01
201800019052,0,07,000,00,1,1,21,A01
201800019053,2,07,000,00,2,3,00,B01
201800019053,1,10,000,00,2,2,13,A01
201800019054,1,36,000,01,0,2,16,A01
201800019055,1,07,000,08,0,1,01,A01
201800019056,2,07,000,00,2,1,01,B01
201800019056,1,07,000,00,2,3,13,A01
201800019057,1,02,000,06,0,2,01,A01
201800019058,2,07,000,00,2,1,01,B01
201800019058,1,07,000,00,0,7,13,A01
201800019059,2,01,000,13,5,1,21,B01
201800019060,2,07,000,00,2,3,13,A01
201800019060,1,07,000,00,2,3,01,B01
201800019061,2,33,000,00,2,1,13,A01
201800019061,1,07,000,00,2,3,01,B01
201800019062,1,07,000,00,0,0,01,B01
201800019062,1,30,000,12,0,0,01,A01
201800019063,2,07,000,00,2,2,15,B01
201800019063,2,02,000,00,2,1,01,A01
201800019064,1,07,000,00,0,0,01,C01
201800019064,2,07,000,00,2,3,13,A01
201800019064,1,31,000,00,2,1,01,B01
201800019065,1,07,000,12,0,1,00,A01
201800019066,2,31,000,00,2,1,05,B01
201800019066,1,07,000,00,0,6,15,A01
201800019067,2,07,000,00,2,7,15,A01
201800019067,2,33,000,00,2,1,01,B01
201800019068,2,07,000,00,9,3,01,B01
201800019068,1,33,000,00,2,1,13,A01
201800019069,1,02,000,00,2,1,02,A01
201800019069,2,07,000,00,2,3,05,C01
201800019069,1,07,000,00,0,6,02,B01
201800019070,0,07,000,00,0,3,00,A01
201800019071,1,07,000,02,0,3,13,A01
201800019072,0,15,000,00,2,3,01,B01
201800019072,0,07,000,00,2,3,13,A01
201800019073,0,07,000,13,0,2,01,A01
201800019074,1,07,000,00,2,3,17,A01
201800019074,1,07,000,00,2,8,01,B01
201800019074,2,10,000,00,2,8,01,D01
201800019074,2,07,000,00,2,9,01,C01
201800019075,1,07,000,00,1,1,01,A01
201800019076,0,36,000,00,0,0,01,A01
201800019077,2,02,000,06,0,1,00,A01
201800019078,1,07,000,00,9,5,01,A01
201800019078,1,01,000,00,2,0,05,B01
201800019079,1,33,000,00,0,0,00,A01
201800019079,1,33,000,00,0,0,01,B01
201800019080,2,07,000,13,2,3,05,A01
201800019080,1,07,000,00,0,3,01,B01
201800019081,1,07,000,00,2,1,14,A01
201800019081,2,07,000,00,2,2,14,B01
201800019082,2,07,000,00,0,9,01,A01
201800019083,1,38,001,00,0,1,01,A01
201800019083,0,01,000,00,0,7,15,B01
201800019084,2,02,000,00,2,1,01,B01
201800019084,1,07,000,00,2,3,01,A01
201800019085,2,07,000,00,0,0,01,A01
201800019086,1,07,000,08,0,9,01,A01
201800019087,1,31,000,03,0,3,13,A01
201800019088,1,02,000,01,0,1,00,A01
201800019089,1,01,000,00,2,3,15,A01
201800019089,1,17,000,00,2,5,01,B01
201800019090,0,07,000,13,0,0,02,A01
201800019091,2,07,000,00,1,1,01,A01
201800019092,0,07,000,13,0,9,13,A01
201800019093,0,07,000,00,0,1,00,B01
201800019093,0,07,000,00,0,1,00,A01
201800019094,0,07,000,13,0,3,00,A01
201800019095,0,33,000,00,9,1,01,C01
201800019095,0,07,000,00,0,4,01,A01
201800019096,1,14,000,00,2,1,02,C01
201800019096,2,07,000,00,2,1,05,A01
201800019096,1,07,000,00,2,1,01,B01
201800019097,0,15,000,00,0,8,01,B01
201800019097,0,07,000,04,2,1,17,A01
201800019098,0,33,000,16,0,0,00,A01
201800019099,0,21,000,00,2,6,15,B01
201800019099,0,07,000,00,2,3,17,A01
201800019100,0,07,000,00,0,7,01,A01
201800019100,0,01,000,00,2,1,05,B01
201800019101,0,33,000,00,0,0,00,A01
201800019102,1,07,000,00,2,1,17,B01
201800019102,1,07,000,00,2,3,15,A01
201800019103,0,07,000,00,1,3,01,A01
201800019104,0,07,000,00,1,2,01,A01
201800019105,0,07,000,06,0,1,01,A01
201800019106,0,15,000,00,0,0,00,A01
201800019107,1,07,000,02,0,9,13,A01
201800019108,2,02,000,00,2,1,01,A01
201800019108,1,07,000,00,2,2,15,B01
201800019109,1,36,000,00,0,0,01,A01
201800019110,1,10,000,00,2,3,01,B01
201800019110,2,07,000,00,2,3,05,A01
201800019111,2,07,000,00,2,1,01,A01
201800019111,2,07,000,00,2,1,01,C01
201800019111,1,17,000,00,2,1,01,B01
201800019112,1,15,000,00,1,2,02,A01
201800019113,1,07,000,06,0,3,01,A01
201800019114,1,07,000,00,2,2,15,A01
201800019114,0,07,000,00,2,3,00,B01
201800019115,2,07,000,00,0,0,00,A01
201800019116,1,07,000,00,2,2,05,B01
201800019116,2,07,000,00,2,2,05,A01
201800019116,1,07,000,00,2,1,02,C01
201800019117,1,07,000,00,0,9,01,A01
201800019118,0,07,000,00,0,9,01,A01
201800019119,2,07,000,13,0,3,00,A01
201800019120,1,07,000,12,0,7,15,A01
201800019120,2,33,000,00,2,1,01,B01
201800019121,1,01,000,00,2,8,02,B01
201800019121,1,07,000,00,9,7,02,A01
201800019122,1,01,000,00,2,6,01,B01
201800019122,1,07,000,00,9,2,01,A01
201800019123,1,07,000,00,9,2,01,B01
201800019123,2,01,000,00,2,1,01,A01
201800019124,1,33,000,00,6,1,01,A01
201800019125,2,33,000,08,0,1,00,A01
201800019126,1,07,000,00,0,9,14,A01
201800019127,2,17,000,00,2,1,01,B01
201800019127,1,07,000,00,2,1,13,A01
201800019128,1,01,000,00,0,4,02,C01
201800019128,1,07,000,00,9,2,02,A01
201800019128,1,01,000,00,0,4,02,B01
201800019129,1,33,000,00,2,1,01,B01
201800019129,2,07,000,00,2,3,19,A01
201800019129,1,33,000,00,2,1,01,C01
201800019130,1,07,000,01,0,1,01,B01
201800019130,2,07,000,00,9,6,13,A01
201800019131,0,31,000,00,5,0,01,A01
201800019132,1,07,000,00,2,7,01,B01
201800019132,1,17,000,00,2,5,01,A01
201800019133,2,07,000,13,0,9,17,A01
201800019134,2,15,000,00,2,1,01,B01
201800019134,1,07,000,00,2,1,05,A01
201800019135,1,07,000,00,1,3,01,A01
201800019136,2,33,000,16,0,2,13,A01
201800019137,2,07,000,13,0,2,14,A01
201800019138,1,07,000,00,2,1,11,A01
201800019138,2,07,000,00,2,1,01,B01
201800019139,1,07,000,00,2,2,15,A01
201800019139,2,07,000,00,2,1,01,B01
201800019140,0,07,000,00,2,1,01,B01
201800019140,0,07,000,00,2,7,19,A01
201800019141,2,07,000,02,0,1,13,A01
201800019142,2,07,000,00,0,9,00,A01
201800019143,2,07,000,00,2,1,19,A01
201800019143,1,13,000,00,2,8,01,B01
201800019144,0,02,000,00,0,2,01,A01
201800019145,1,01,000,00,2,3,02,B01
201800019145,1,07,000,00,2,2,02,A01
201800019146,0,07,000,00,9,8,01,B01
201800019146,0,01,000,00,2,1,00,A01
201800019147,2,07,000,06,0,1,01,A01
201800019148,2,10,000,00,2,1,01,A01
201800019148,2,07,000,00,0,4,23,B01
201800019149,2,02,000,00,2,1,01,A01
201800019149,1,02,000,05,2,1,01,B01
201800019150,0,02,000,00,0,7,01,A01
201800019151,2,07,000,00,2,3,19,A01
201800019151,2,07,000,07,2,1,01,B01
201800019152,2,07,000,00,2,3,01,B01
201800019152,1,31,000,00,2,1,13,A01
201800019153,1,07,000,02,0,3,13,A01
201800019154,1,33,000,07,0,1,13,A01
201800019155,2,07,000,13,0,1,01,A01
201800019156,2,32,000,01,0,3,01,A01
201800019157,1,33,000,13,0,1,19,A01
201800019158,2,07,000,02,0,1,00,A01
201800019159,1,07,000,02,0,1,00,A01
201800019160,1,07,000,00,2,1,01,B01
201800019160,2,07,000,00,2,1,13,A01
201800019161,1,07,000,05,0,1,01,A01
201800019162,0,10,000,00,2,1,00,A01
201800019162,0,10,000,00,2,8,00,B01
201800019163,1,07,000,00,2,3,19,A01
201800019163,2,33,000,00,2,1,01,B01
201800019164,1,32,000,00,2,1,13,A01
201800019164,2,14,000,00,2,2,01,B01
201800019165,1,07,000,13,0,0,01,A01
201800019166,2,07,000,00,2,3,01,A01
201800019166,1,33,000,00,2,1,01,B01
201800019167,1,03,000,00,2,3,13,A01
201800019167,2,07,000,00,2,3,01,B01
201800019168,1,31,000,00,2,1,01,B01
201800019168,0,07,000,00,2,7,01,A01
201800019169,0,07,000,00,2,1,19,A01
201800019169,0,07,000,02,0,7,01,B01
201800019170,2,15,000,00,2,1,01,B01
201800019170,2,03,000,00,2,1,13,A01
201800019171,1,07,000,00,2,5,15,A01
201800019171,2,01,000,00,2,1,01,B01
201800019172,1,07,000,00,2,1,01,B01
201800019172,2,07,000,00,2,5,00,A01
201800019173,2,07,000,16,0,3,01,A01
201800019174,1,07,000,00,2,1,01,B01
201800019174,2,07,000,00,2,1,13,A01
201800019175,2,07,000,00,2,3,13,A01
201800019175,2,07,000,15,2,2,17,B01
201800019176,1,14,000,13,0,1,01,A01
201800019177,2,07,000,02,0,9,13,A01
201800019178,2,07,000,02,0,1,01,A01
201800019179,1,31,000,00,0,0,00,A01
201800019180,2,07,000,00,2,3,01,B01
201800019180,1,07,000,00,2,3,05,A01
201800019180,2,07,000,00,2,1,01,C01
201800019181,2,02,000,00,2,6,01,B01
201800019181,1,07,000,00,2,3,15,A01
201800019182,1,07,000,00,9,8,16,A01
201800019182,1,01,000,00,2,7,01,B01
201800019183,1,30,000,01,0,1,01,B01
201800019183,1,15,000,00,2,6,01,A01
201800019184,2,07,000,08,0,2,00,A01
201800019185,2,07,000,03,0,1,01,A01
201800019186,1,07,000,02,0,3,14,A01
201800019187,2,07,000,00,0,8,01,B01
201800019187,1,07,000,00,2,9,01,A01
201800019188,2,07,000,07,0,3,01,B01
201800019188,2,07,000,07,2,1,15,A01
201800019189,0,20,000,00,9,2,02,A01
201800019189,0,01,000,00,0,4,02,B01
201800019189,0,01,000,00,0,4,02,C01
201800019190,2,15,000,00,0,2,24,B01
201800019190,1,07,000,01,0,1,13,A01
201800019191,1,01,000,00,0,4,02,A01
201800019191,1,07,000,00,2,1,01,B01
201800019192,2,07,000,00,0,3,01,B01
201800019192,1,07,000,00,2,3,13,A01
201800019193,0,07,000,02,0,8,01,A01
201800019194,2,07,000,00,2,1,01,A01
201800019194,1,01,000,00,2,8,14,B01
201800019195,1,07,000,13,0,1,01,A01
201800019196,1,07,000,00,2,8,10,A01
201800019196,1,21,000,00,2,1,11,B01
201800019197,1,07,000,00,2,8,15,A01
201800019197,1,37,001,00,2,1,17,B01
201800019198,1,07,000,08,0,1,01,A01
201800019199,0,07,000,00,9,3,01,A01
201800019200,2,33,000,14,2,1,17,A01
201800019200,2,07,000,00,2,4,15,B01
201800019201,1,31,000,00,2,1,01,A01
201800019201,1,31,000,00,0,4,14,B01
201800019202,2,07,000,15,1,1,01,A01
201800019203,2,07,000,00,0,1,15,A01
201800019203,1,07,000,00,2,1,01,B01
201800019204,1,07,000,02,0,1,01,A01
201800019205,1,07,000,00,2,2,15,A01
201800019205,2,07,000,00,2,3,01,B01
201800019206,2,07,000,00,2,1,02,A01
201800019206,1,07,000,02,2,1,05,B01
201800019207,2,07,000,00,2,1,00,A01
201800019207,1,07,000,00,2,7,01,B01
201800019207,1,07,000,00,2,1,01,C01
201800019207,1,07,000,00,2,2,01,D01
201800019208,2,07,000,02,0,1,01,A01
201800019209,1,15,000,00,2,3,01,B01
201800019209,2,15,000,00,2,6,01,A01
201800019210,1,07,000,16,0,1,01,A01
201800019211,1,33,000,00,6,1,00,A01
201800019212,2,07,000,00,2,3,01,B01
201800019212,1,10,000,00,2,3,01,A01
201800019213,1,10,000,00,2,1,01,A01
201800019213,1,10,000,00,2,3,15,B01
201800019214,1,02,000,00,2,1,01,B01
201800019214,1,07,000,00,2,4,11,A01
201800019215,0,07,000,13,2,6,01,A01
201800019215,0,07,000,00,2,2,02,B01
201800019216,2,07,000,12,2,2,13,A01
201800019216,1,07,000,00,2,2,01,B01
201800019217,0,10,000,00,1,7,01,A01
201800019218,1,33,000,00,0,9,17,A01
201800019219,0,07,000,13,2,3,01,B01
201800019219,0,07,000,00,2,1,15,A01
201800019220,0,07,000,00,2,1,05,A01
201800019220,0,07,000,00,2,1,01,B01
201800019221,0,07,000,00,1,4,04,A01
201800019222,0,07,000,00,2,3,13,A01
201800019222,0,07,000,00,2,1,01,B01
201800019223,0,07,000,00,2,1,15,A01
201800019223,0,01,000,00,2,1,01,B01
201800019224,1,07,000,01,1,1,01,A01
201800019225,0,32,000,00,2,1,03,A01
201800019225,0,14,000,00,2,3,01,C01
201800019225,0,33,000,00,0,9,03,B01
201800019226,0,33,000,00,2,1,02,B01
201800019226,0,07,000,00,0,6,10,A01
201800019227,0,07,000,00,2,1,17,A01
201800019227,0,33,000,00,2,1,01,B01
201800019228,0,07,000,00,1,2,01,A01
201800019229,1,07,000,00,2,6,15,B01
201800019229,1,01,000,00,2,1,01,A01
201800019230,0,07,000,00,2,6,01,A01
201800019230,0,32,000,00,2,1,02,B01
201800019231,0,07,000,07,0,2,01,A01
201800019232,0,07,000,00,1,3,01,A01
201800019233,1,33,000,00,2,1,01,B01
201800019233,0,07,000,00,2,8,15,A01
201800019234,2,02,000,00,2,4,09,A01
201800019234,1,07,000,00,2,3,01,B01
201800019235,2,07,000,00,1,3,01,A01
201800019236,1,33,000,00,2,1,01,B01
201800019236,1,07,000,00,0,4,02,A01
201800019237,2,33,000,00,2,1,01,A01
201800019237,1,07,000,00,2,3,13,B01
201800019238,1,33,000,16,0,9,01,A01
201800019239,0,01,000,16,0,1,01,A01
201800019240,2,07,000,00,0,1,01,B01
201800019240,1,07,000,00,2,1,13,A01
201800019241,2,07,000,01,0,2,01,A01