Num_Acc,senc,catv,occutc,obs,obsm,choc,manv,num_veh
201800019241,2,07,000,00,2,4,23,B01
201800019242,1,07,000,00,2,3,15,A01
201800019242,1,02,000,00,2,1,01,B01
201800019243,2,07,000,00,2,8,10,A01
201800019243,1,30,000,00,2,1,01,B01
201800019244,1,07,000,02,0,8,13,A01
201800019245,0,07,000,00,2,3,02,A01
201800019245,0,07,000,00,2,4,02,B01
201800019245,0,07,000,00,2,1,01,C01
201800019246,1,33,000,00,2,1,01,A01
201800019246,2,07,000,00,2,1,23,B01
201800019247,2,07,000,00,2,5,10,A01
201800019247,1,33,000,00,2,1,01,B01
201800019248,1,07,000,13,0,3,00,A01
201800019249,0,07,000,00,2,7,01,A01
201800019249,0,07,000,00,2,1,01,B01
201800019250,2,07,000,00,0,0,21,A01
201800019251,1,07,000,02,0,2,00,A01
201800019252,1,15,000,09,0,8,16,A01
201800019253,1,07,000,00,2,1,01,A01
201800019253,1,07,000,00,2,4,00,B01
201800019254,2,38,029,02,0,2,01,A01
201800019255,1,33,000,00,2,1,01,C01
201800019255,1,33,000,00,2,1,17,A01
201800019255,2,07,000,00,2,1,01,B01
201800019256,1,07,000,00,0,0,17,A01
201800019256,1,07,000,08,0,1,17,B01
201800019257,2,07,000,02,2,5,17,B01
201800019257,2,07,000,00,2,3,17,A01
201800019258,2,33,000,03,0,2,01,A01
201800019259,2,33,000,00,2,4,02,B01
201800019259,2,99,000,00,2,2,02,A01
201800019260,1,07,000,13,0,9,13,A01
201800019261,1,33,000,00,2,1,00,B01
201800019261,2,07,000,00,2,1,11,A01
201800019262,2,07,000,00,0,0,13,A01
201800019262,1,16,000,13,0,2,21,B01
201800019263,1,33,000,03,0,0,01,A01
201800019264,2,07,000,00,0,6,15,B01
201800019264,2,07,000,00,2,2,01,A01
201800019265,2,07,000,00,2,3,01,B01
201800019265,1,10,000,00,2,3,17,A01
201800019266,0,07,000,13,0,1,10,A01
201800019267,1,07,000,00,2,3,13,A01
201800019267,2,07,000,00,2,3,01,B01
201800019268,2,07,000,00,2,1,13,A01
201800019268,2,07,000,00,2,8,01,B01
201800019268,2,07,000,00,2,1,01,C01
201800019269,1,07,000,00,0,1,01,A01
201800019270,0,02,000,00,0,0,01,A01
201800019271,1,07,000,00,0,0,00,A01
201800019272,1,07,000,00,2,1,01,B01
201800019272,2,07,000,15,2,2,13,A01
201800019273,2,07,000,00,2,3,13,A01
201800019273,1,07,000,00,2,1,01,C01
201800019273,1,07,000,00,2,3,01,B01
201800019274,2,07,000,13,0,1,01,A01
201800019275,2,07,000,00,2,3,01,B01
201800019275,2,07,000,00,2,1,19,A01
201800019276,1,07,000,00,9,2,15,A01
201800019276,2,33,000,00,2,1,00,B01
201800019277,1,10,000,00,2,1,05,A01
201800019277,1,07,000,00,2,1,01,B01
201800019278,2,07,000,00,2,1,01,B01
201800019278,1,07,000,00,2,1,13,A01
201800019279,1,07,000,00,1,3,02,A01
201800019280,2,07,000,13,0,9,01,A01
201800019281,0,07,000,14,2,2,13,A01
201800019281,0,07,000,14,2,1,01,B01
201800019282,2,07,000,00,2,3,13,A01
201800019282,1,07,000,00,0,3,01,B01
201800019283,2,30,000,00,2,1,05,A01
201800019283,2,07,000,00,2,2,05,B01
201800019284,1,10,000,00,2,3,01,A01
201800019284,2,07,000,00,2,2,17,B01
201800019285,0,07,000,00,2,0,01,A01
201800019285,0,01,000,00,2,0,10,B01
201800019286,1,07,000,00,1,7,01,A01
201800019287,1,07,000,00,2,8,01,A01
201800019287,1,33,000,00,2,7,17,B01
201800019288,0,07,000,00,2,1,15,A01
201800019288,1,33,000,00,2,3,01,B01
201800019289,2,07,000,06,9,3,00,A01
201800019290,1,07,000,00,9,1,15,A01
201800019290,1,01,000,00,2,1,01,B01
201800019291,1,07,000,00,2,3,01,A01
201800019291,2,07,000,05,2,3,01,B01
201800019292,2,07,000,15,2,3,02,A01
201800019292,2,07,000,00,2,5,15,B01
201800019292,1,07,000,00,2,1,01,C01
201800019293,1,07,000,00,2,3,09,A01
201800019293,1,07,000,00,2,2,01,B01
201800019294,1,07,000,00,0,1,01,A01
201800019295,1,02,000,00,0,2,01,A01
201800019296,2,07,000,00,2,5,10,A01
201800019296,1,31,000,00,2,3,01,B01
201800019297,1,07,000,03,0,2,01,A01
201800019298,1,07,000,00,0,0,01,A01
201800019299,1,07,000,00,2,1,01,A01
201800019299,2,07,000,00,2,3,01,B01
201800019300,2,07,000,03,0,1,00,A01
201800019301,2,33,000,03,0,1,02,A01
201800019302,1,07,000,00,2,1,17,A01
201800019302,2,07,000,00,0,1,01,B01
201800019303,1,07,000,00,2,3,09,A01
201800019303,1,30,000,00,2,8,02,B01
201800019304,1,33,000,03,0,7,01,A01
201800019305,2,07,000,13,0,0,01,A01
201800019306,1,07,000,02,0,1,13,A01
201800019307,2,07,000,00,0,9,01,A01
201800019308,1,07,000,00,2,5,15,A01
201800019308,2,32,000,00,2,1,01,B01
201800019309,1,07,000,06,0,3,00,A01
201800019310,1,07,000,16,0,1,01,A01
201800019311,1,99,000,00,2,1,01,B01
201800019311,2,07,000,00,2,1,05,A01
201800019312,1,07,000,13,0,1,01,A01
201800019313,2,07,000,02,0,3,13,A01
201800019314,1,07,000,08,0,8,01,A01
201800019315,1,07,000,13,0,1,00,A01
201800019316,2,33,000,00,2,1,17,A01
201800019316,2,07,000,00,0,6,15,B01
201800019317,0,02,000,03,0,1,01,A01
201800019318,2,07,000,00,4,1,01,A01
201800019318,1,39,060,00,2,2,01,B01
201800019319,1,33,000,00,0,8,01,A01
201800019320,2,33,000,00,2,1,01,B01
201800019320,1,21,000,00,0,1,01,C01
201800019320,0,07,000,00,2,1,15,A01
201800019321,0,07,000,00,1,1,01,A01
201800019322,1,07,000,00,2,1,02,A01
201800019322,1,07,000,00,2,4,01,B01
201800019322,1,07,000,00,2,4,01,C01
201800019323,1,07,000,00,0,0,17,A01
201800019323,1,01,000,00,0,0,02,B01
201800019324,2,07,000,00,2,1,00,A01
201800019324,1,07,000,00,2,3,00,B01
201800019325,1,07,000,00,1,2,01,A01
201800019326,2,17,000,00,0,6,05,B01
201800019326,2,07,000,00,2,0,05,D01
201800019326,1,07,000,00,2,3,13,A01
201800019326,2,07,000,00,2,1,05,C01
201800019327,0,07,000,08,0,1,01,A01
201800019328,2,07,000,03,0,3,00,A01
201800019329,2,07,000,00,2,1,01,B01
201800019329,1,07,000,00,0,1,05,A01
201800019330,1,07,000,09,0,1,00,A01
201800019331,1,07,000,00,2,7,13,A01
201800019331,2,07,000,00,2,3,01,B01
201800019332,1,07,000,02,0,1,01,A01
201800019333,1,07,000,06,0,1,01,A01
201800019334,1,07,000,00,1,7,01,A01
201800019335,1,07,000,00,2,1,13,A01
201800019335,2,07,000,00,2,1,01,B01
201800019336,1,33,000,00,0,2,01,A01
201800019337,1,07,000,00,1,4,04,A01
201800019338,2,07,000,00,2,1,19,A01
201800019338,1,36,000,00,2,1,01,B01
201800019339,0,07,000,00,1,4,20,A01
201800019340,1,07,000,03,0,2,01,A01
201800019341,1,07,000,03,0,0,00,A01
201800019342,2,07,000,00,1,3,00,A01
201800019343,1,07,000,00,1,7,01,A01
201800019344,2,10,000,00,2,2,15,A01
201800019344,1,02,000,00,2,1,01,B01
201800019345,1,07,000,00,2,1,01,B01
201800019345,2,07,000,00,0,8,19,A01
201800019346,1,01,000,00,0,4,01,B01
201800019346,1,07,000,00,9,2,14,A01
201800019347,0,07,000,00,0,7,17,A01
201800019347,0,01,000,00,0,3,01,B01
201800019348,0,07,000,10,0,1,01,A01
201800019349,0,07,000,02,0,3,00,A01
201800019350,2,07,000,00,2,7,01,A01
201800019350,1,07,000,00,2,3,01,B01
201800019351,1,07,000,00,2,1,10,A01
201800019351,1,33,000,00,2,1,01,B01
201800019352,1,33,000,12,0,1,01,A01
201800019353,1,07,000,00,1,2,01,A01
201800019354,2,07,000,00,2,3,13,A01
201800019354,1,07,000,00,2,3,01,B01
201800019355,1,33,000,02,0,0,13,A01
201800019356,2,07,000,00,2,3,15,B01
201800019356,2,07,000,02,2,5,17,A01
201800019357,1,07,000,00,1,2,01,A01
201800019358,2,07,000,00,2,1,05,A01
201800019358,1,07,000,00,2,1,01,B01
201800019359,2,07,000,00,2,1,15,A01
201800019359,1,02,000,00,2,1,01,B01
201800019360,1,07,000,06,2,3,01,A01
201800019360,2,07,000,06,2,3,01,B01
201800019361,0,33,000,00,2,1,01,B01
201800019361,1,07,000,00,2,8,09,A01
201800019362,0,33,000,00,2,1,00,B01
201800019362,0,07,000,00,2,3,15,A01
201800019363,2,07,000,00,0,3,00,A01
201800019363,1,33,000,00,0,1,01,B01
201800019364,2,07,000,02,0,1,01,A01
201800019365,1,33,000,00,0,1,17,A01
201800019366,1,07,000,08,0,5,17,A01
201800019367,2,07,000,00,2,3,15,B01
201800019367,2,31,000,00,2,1,17,A01
201800019368,0,02,000,00,2,1,01,A01
201800019368,0,07,000,00,2,3,19,B01
201800019369,0,01,000,01,0,1,01,A01
201800019370,2,07,000,00,2,1,13,A01
201800019370,1,07,000,00,2,1,01,B01
201800019371,0,07,000,00,2,1,15,A01
201800019371,0,02,000,00,2,1,01,B01
201800019372,1,07,000,00,2,3,01,A01
201800019372,2,31,000,00,2,5,01,B01
201800019373,2,10,000,00,2,3,01,B01
201800019373,1,10,000,00,2,1,05,A01
201800019374,1,07,000,00,1,3,02,A01
201800019375,0,33,000,00,2,0,00,B01
201800019375,0,14,000,00,2,3,01,A01
201800019376,2,31,000,00,2,1,17,B01
201800019376,2,07,000,00,2,8,01,C01
201800019376,1,07,000,00,2,3,15,A01
201800019377,0,07,000,00,2,1,02,B01
201800019377,0,07,000,00,0,4,23,A01
201800019378,2,02,000,15,0,0,01,A01
201800019379,2,07,000,13,2,1,01,C01
201800019379,2,07,000,13,0,4,01,A01
201800019379,2,07,000,00,2,5,01,B01
201800019380,2,07,000,03,0,1,13,A01
201800019381,1,07,000,00,2,3,01,A01
201800019381,2,38,002,00,2,3,01,B01
201800019382,1,17,000,00,2,1,13,A01
201800019382,2,17,000,00,2,1,01,B01
201800019382,2,15,000,00,2,1,01,C01
201800019382,1,17,000,00,2,8,01,D01
201800019382,1,17,000,06,2,3,01,E01
201800019383,1,07,000,00,2,3,13,A01
201800019383,2,38,044,00,2,3,01,B01
201800019384,2,38,026,13,0,7,01,A01
201800019385,0,07,000,00,0,4,01,A01
201800019385,0,33,000,00,2,1,01,B01
201800019386,0,07,000,13,2,2,01,B01
201800019386,0,07,000,13,2,3,13,A01
201800019387,0,07,000,00,2,1,13,A01
201800019387,0,07,000,00,2,1,01,B01
201800019388,1,07,000,13,0,2,01,A01
201800019389,0,07,000,00,0,9,01,A01
201800019390,0,07,000,00,0,2,01,A01
201800019391,0,07,000,00,0,2,01,A01
201800019391,0,02,000,00,0,3,01,B01
201800019392,1,07,000,00,2,1,13,A01
201800019392,2,15,000,13,2,1,01,B01
201800019393,0,07,000,00,1,2,01,A01
201800019394,0,07,000,00,2,2,01,A01
201800019394,0,07,000,00,0,2,01,B01
201800019395,0,07,000,00,1,5,04,A01
201800019396,1,07,000,00,2,3,18,A01
201800019396,1,07,000,00,2,2,18,B01
201800019397,2,07,000,00,2,3,10,A01
201800019397,2,33,000,00,2,7,17,B01
201800019398,2,07,000,00,0,4,02,B01
201800019398,2,07,000,00,2,1,02,A01
201800019399,1,15,000,00,1,3,05,A01
201800019400,2,07,000,00,2,5,02,B01
201800019400,2,07,000,00,2,3,02,A01
201800019401,1,07,000,00,2,1,01,B01
201800019401,1,07,000,02,0,4,01,A01
201800019402,0,07,000,13,0,3,01,A01
201800019403,1,33,000,00,2,1,01,B01
201800019403,2,07,000,00,2,2,15,A01
201800019404,2,02,000,08,0,1,01,A01
201800019405,1,07,000,00,2,7,09,B01
201800019405,1,33,000,00,2,1,01,A01
201800019406,1,07,000,00,1,0,01,A01
201800019407,1,30,000,00,2,2,17,B01
201800019407,1,07,000,00,2,8,15,A01
201800019408,2,07,000,00,2,3,00,A01
201800019408,1,07,000,00,2,3,01,B01
201800019409,0,07,000,00,2,6,04,A01
201800019409,0,33,000,00,2,8,01,B01
201800019410,2,07,000,00,2,2,15,A01
201800019410,1,02,000,00,2,1,01,B01
201800019411,1,07,000,13,0,1,00,A01
201800019412,1,07,000,02,0,0,01,A01
201800019413,0,07,000,00,1,1,01,A01
201800019414,1,07,000,00,0,1,01,D01
201800019414,1,07,000,00,0,3,01,B01
201800019414,2,07,000,00,2,3,17,A01
201800019414,2,07,000,00,0,6,01,C01
201800019415,1,07,000,00,1,1,01,A01
201800019416,2,07,000,00,2,3,01,B01
201800019416,2,07,000,00,2,3,17,A01
201800019417,1,07,000,00,2,3,00,A01
201800019417,2,34,000,00,2,1,00,B01
201800019418,1,07,000,12,2,2,15,B01
201800019418,2,07,000,12,2,3,01,A01
201800019419,1,07,000,00,2,3,05,A01
201800019419,2,07,000,00,2,3,01,B01
201800019420,1,07,000,00,2,3,01,B01
201800019420,2,07,000,00,2,3,13,A01
201800019421,1,07,000,00,0,1,15,B01
201800019421,1,07,000,00,0,3,01,A01
201800019422,1,07,000,00,0,3,15,A01
201800019422,2,31,000,00,0,0,01,B01
201800019423,2,07,000,13,0,1,01,A01
201800019424,1,01,000,06,0,1,00,A01
201800019425,1,07,000,13,0,9,00,A01
201800019426,2,07,000,00,2,1,05,A01
201800019426,1,07,000,00,2,1,02,C01
201800019426,1,07,000,00,2,6,02,B01
201800019427,2,02,000,00,2,1,19,A01
201800019427,1,07,000,00,2,1,01,B01
201800019428,1,07,000,02,0,1,14,A01
201800019429,0,07,000,00,2,8,16,A01
201800019429,0,33,000,00,2,2,16,B01
201800019430,2,07,000,00,2,4,23,C01
201800019430,2,14,000,00,2,1,02,D01
201800019430,2,07,000,00,2,4,23,A01
201800019430,2,07,000,00,2,4,23,B01
201800019431,1,07,000,00,0,4,23,C01
201800019431,1,07,000,00,2,1,01,A01
201800019431,1,07,000,00,2,4,23,B01
201800019432,1,33,000,15,0,1,01,A01
201800019433,1,07,000,00,2,5,14,A01
201800019433,2,10,000,00,2,1,01,B01
201800019434,1,07,000,02,0,3,13,A01
201800019435,2,02,000,00,2,1,01,B01
201800019435,0,07,000,00,2,2,15,A01
201800019436,1,07,000,08,0,7,17,A01
201800019437,2,07,000,13,2,3,01,B01
201800019437,1,07,000,00,2,1,17,A01
201800019438,2,33,000,00,2,2,01,A01
201800019438,2,07,000,00,2,3,15,B01
201800019439,2,21,000,00,0,1,15,B01
201800019439,1,33,000,00,0,1,01,A01
201800019440,2,33,000,08,0,1,01,A01
201800019441,1,07,000,00,0,0,21,C01
201800019441,2,07,000,00,2,7,17,B01
201800019441,2,07,000,00,2,8,17,A01
201800019442,2,07,000,00,2,2,05,A01
201800019442,1,07,000,00,2,2,01,B01
201800019443,2,07,000,03,2,1,00,A01
201800019443,1,07,000,00,2,1,00,B01
201800019444,1,02,000,00,2,8,01,B01
201800019444,2,07,000,00,2,3,01,A01
201800019445,0,36,000,00,9,0,00,A01
201800019446,1,07,000,13,0,0,01,A01
201800019447,2,07,000,00,2,3,01,A01
201800019447,2,20,000,13,0,5,15,B01
201800019448,1,07,000,02,0,3,01,A01
201800019449,0,07,000,00,1,4,00,A01
201800019450,0,07,000,00,9,1,01,A01
201800019451,1,07,000,00,2,1,15,A01
201800019451,2,07,000,00,2,1,01,B01
201800019451,2,30,000,00,2,1,01,C01
201800019452,2,07,000,00,2,3,01,B01
201800019452,1,07,000,00,2,3,01,A01
201800019453,0,07,000,11,0,3,01,A01
201800019454,0,33,000,00,2,1,17,B01
201800019454,0,07,000,00,2,3,10,A01
201800019455,0,32,000,00,2,1,01,A01
201800019455,0,07,000,00,2,1,01,B01
201800019456,1,02,000,00,2,3,10,A01
201800019456,1,07,000,00,9,2,01,B01
201800019457,2,01,000,00,2,3,00,B01
201800019457,2,07,000,00,9,3,15,A01
201800019458,1,07,000,00,2,1,01,B01
201800019458,2,07,000,00,2,1,13,A01
201800019459,2,33,000,00,2,1,02,A01
201800019459,2,07,000,00,9,3,15,B01
201800019460,1,07,000,00,2,8,09,A01
201800019460,2,34,000,00,2,1,01,B01
201800019461,1,33,000,00,2,1,13,A01
201800019461,2,01,000,00,2,1,01,B01
201800019462,2,07,000,00,0,6,13,B01
201800019462,2,33,000,00,2,1,17,A01
201800019463,2,07,000,13,0,3,01,A01
201800019464,0,07,000,00,2,8,09,A01
201800019464,0,01,000,00,2,7,21,B01
201800019465,2,07,000,00,1,2,01,A01
201800019466,0,02,000,00,1,1,00,A01
201800019467,2,07,000,00,0,8,13,A01
201800019467,1,02,000,00,2,8,01,B01
201800019468,1,07,000,00,2,1,13,A01
201800019468,2,07,000,00,2,6,01,B01
201800019468,2,10,000,02,2,3,01,C01
201800019469,1,07,000,00,2,3,13,A01
201800019469,2,07,000,13,2,3,01,B01
201800019470,1,07,000,00,2,3,19,A01
201800019470,2,07,000,00,2,2,01,B01
201800019471,2,07,000,06,0,1,00,A01
201800019472,1,07,000,13,0,1,13,A01
201800019473,2,07,000,00,2,1,13,A01
201800019473,1,17,000,00,2,3,01,B01
201800019474,1,07,000,00,2,8,01,A01
201800019474,1,07,000,00,2,1,01,B01
201800019474,1,07,000,00,2,5,01,C01
201800019475,2,14,000,00,2,1,02,A01
201800019475,2,07,000,00,2,9,23,B01
201800019475,2,17,000,00,0,4,23,D01
201800019476,2,33,000,00,0,7,01,A01
201800019477,1,15,000,04,0,3,13,A01
201800019478,1,07,000,00,2,3,01,C01
201800019478,1,07,000,00,2,3,01,A01
201800019478,1,33,000,00,2,4,01,B01
201800019479,1,07,000,00,2,2,15,A01
201800019479,0,07,000,00,2,1,01,B01
201800019480,1,07,000,00,9,8,17,A01
201800019480,2,01,000,00,2,8,01,B01
201800019481,1,07,000,00,9,1,15,A01
201800019481,2,01,000,00,2,8,01,B01
201800019482,1,33,000,00,2,7,17,A01
201800019482,1,07,000,00,2,8,15,B01
201800019483,1,07,000,00,1,3,01,A01
201800019484,2,03,000,00,0,9,01,A01
201800019485,0,07,000,00,2,2,15,A01
201800019485,0,02,000,00,2,1,01,B01
201800019486,2,07,000,08,0,0,01,A01
201800019487,0,02,000,00,2,5,16,A01
201800019487,0,07,000,00,2,3,00,B01
201800019488,0,07,000,00,9,2,01,A01
201800019488,0,01,000,00,2,3,00,B01
201800019489,1,07,000,15,2,1,01,B01
201800019489,2,07,000,00,2,1,13,A01
201800019490,0,07,000,03,0,9,01,A01
201800019491,0,07,000,00,1,2,01,A01
201800019492,1,33,000,00,2,7,01,A01
201800019492,0,07,000,00,2,1,15,B01
201800019493,2,07,000,00,2,1,01,B01
201800019493,1,07,000,00,2,1,13,A01
201800019494,2,10,000,00,1,1,01,A01
201800019495,1,37,050,00,1,6,01,A01
201800019496,0,30,000,00,2,1,23,B01
201800019496,1,07,000,00,2,3,01,A01
201800019497,2,07,000,06,0,1,01,A01
201800019498,2,07,000,00,1,1,01,A01
201800019499,2,07,000,01,0,2,01,A01
201800019499,2,17,000,00,2,6,24,B01
201800019500,1,07,000,00,1,1,01,A01
201800019501,1,07,000,02,0,2,13,A01
201800019502,0,07,000,00,1,4,20,A01
201800019503,1,07,000,16,0,7,01,A01
201800019504,1,07,000,00,2,1,13,A01
201800019504,2,07,000,00,2,3,01,B01
201800019505,1,07,000,01,0,2,21,A01
201800019506,2,07,000,00,2,7,10,B01
201800019506,1,33,000,00,2,1,01,A01
201800019507,2,07,000,00,2,4,02,A01
201800019507,2,14,000,00,2,1,02,B01
201800019508,1,07,000,00,2,1,13,A01
201800019508,2,07,000,00,2,1,01,B01
201800019509,1,07,000,00,2,1,13,A01
201800019509,2,33,000,00,2,1,02,B01
201800019510,1,07,000,00,1,1,01,A01
201800019511,2,07,000,00,2,6,15,A01
201800019511,2,33,000,00,2,1,17,B01
201800019512,1,07,000,00,2,1,13,A01
201800019512,2,07,000,00,2,1,01,B01
201800019513,1,07,000,00,1,1,23,A01
201800019513,1,07,000,00,2,1,01,B01
201800019514,1,33,000,01,0,1,14,A01
201800019515,1,14,000,00,2,4,04,A01
201800019515,1,30,000,00,2,1,01,B01
201800019516,2,02,000,16,0,1,01,A01
201800019517,2,07,000,06,0,3,01,A01
201800019518,2,07,000,00,2,3,01,A01
201800019518,2,30,000,00,2,1,01,B01
201800019519,2,07,000,03,0,1,21,A01
201800019519,1,07,000,,,,05,B02
201800019520,1,07,000,00,2,1,01,A01
201800019520,2,07,000,00,2,3,01,B01
201800019521,2,01,000,00,2,1,05,A01
201800019521,1,07,000,00,2,1,01,B01
201800019522,1,07,000,08,0,1,14,A01
201800019523,1,01,000,00,1,1,01,A01
201800019524,2,30,000,00,2,3,17,A01
201800019524,2,37,002,00,2,3,15,B01
201800019525,2,07,000,00,2,3,20,A01
201800019525,2,30,000,00,2,2,02,B01
201800019526,2,07,000,00,2,1,02,A01
201800019526,2,07,000,00,2,4,23,B01
201800019527,2,07,000,01,0,1,01,A01
201800019527,1,01,000,00,2,7,23,B01
201800019528,2,01,000,12,0,1,14,A01
201800019529,1,01,000,00,2,4,01,B01
201800019529,1,07,000,00,2,0,00,A01
201800019530,2,07,000,16,0,2,15,A01
201800019531,1,07,000,01,2,1,19,A01
201800019531,1,07,000,06,2,7,01,B01
201800019532,1,02,000,00,2,1,15,B01
201800019532,2,07,000,00,2,8,16,A01
201800019533,2,02,000,00,2,1,01,B01
201800019533,2,07,000,00,2,3,16,A01
201800019534,2,07,000,00,2,1,17,A01
201800019534,2,07,000,00,2,8,15,B01
201800019535,1,07,000,01,0,1,01,A01
201800019535,1,07,000,00,0,4,23,B01
201800019535,1,07,000,00,2,8,24,C01
201800019536,2,33,000,00,1,1,01,A01
201800019537,1,07,000,00,2,7,15,A01
201800019537,2,01,000,00,2,1,01,B01
201800019537,1,07,000,00,2,3,23,C01
201800019538,1,10,000,00,2,1,01,A01
201800019538,1,07,000,00,2,7,01,B01
201800019539,1,30,000,12,0,9,01,A01
201800019540,1,07,000,00,2,1,02,A01
201800019540,1,07,000,00,2,4,02,B01
201800019541,2,33,000,00,2,1,01,B01
201800019541,2,07,000,00,2,5,15,A01
201800019542,1,07,000,00,2,1,15,A01
201800019542,2,02,000,00,2,1,01,B01
201800019543,0,31,000,00,0,0,00,A01
201800019544,1,07,000,13,0,3,01,A01
201800019545,2,07,000,13,0,2,01,A01
201800019546,0,21,000,00,2,6,04,A01
201800019546,0,01,000,00,2,1,00,B01
201800019547,2,07,000,00,2,2,01,B01
201800019547,0,07,000,09,0,8,01,A01
201800019548,1,07,000,00,1,2,15,A01
201800019549,0,07,000,00,2,1,19,B01
201800019549,0,31,000,00,2,3,01,A01
201800019550,0,07,000,00,1,6,20,A01
201800019551,1,07,000,00,2,2,09,A01
201800019551,2,30,000,00,2,1,01,B01
201800019552,0,07,000,00,2,3,15,A01
201800019552,0,31,000,00,2,1,01,B01
201800019553,0,33,000,00,2,1,03,B01
201800019553,0,07,000,00,2,1,06,A01
201800019554,1,07,000,00,2,3,01,B01
201800019554,2,07,000,00,2,3,13,A01
201800019555,2,20,000,00,2,3,01,B01
201800019555,2,07,000,00,9,2,01,A01
201800019556,2,07,000,00,2,3,15,A01
201800019556,2,33,000,00,2,1,01,B01
201800019557,2,07,000,00,0,2,13,A01
201800019558,1,33,000,01,9,2,02,A01
201800019559,2,20,000,00,1,3,00,A01
201800019560,0,07,000,00,1,2,01,A01
201800019561,0,07,000,00,2,3,15,A01
201800019561,0,32,000,07,2,3,01,B01
201800019562,0,07,000,00,2,2,10,A01
201800019562,0,31,000,00,2,1,01,B01
201800019563,1,07,000,06,0,1,13,A01
201800019564,1,01,000,00,2,7,01,B01
201800019564,1,07,000,00,2,1,09,A01
201800019565,1,03,000,00,2,1,13,A01
201800019565,2,07,000,00,2,3,01,B01
201800019566,1,33,000,00,1,1,01,A01
201800019567,2,07,000,00,2,1,13,A01
201800019567,1,07,000,00,2,1,01,B01
201800019568,2,07,000,00,2,1,01,B01
201800019568,0,07,000,00,2,3,15,A01
201800019569,1,33,000,16,0,8,14,A01
201800019570,2,07,000,00,2,5,01,A01
201800019570,2,01,000,00,2,8,01,B01
201800019571,1,07,000,00,1,1,01,A01
201800019572,2,35,000,08,0,1,14,A01
201800019573,2,07,000,02,0,1,01,A01
201800019574,1,07,000,00,1,1,01,Z01
201800019575,2,07,000,00,2,3,13,A01
201800019575,1,07,000,00,2,2,01,B01
201800019576,2,07,000,00,2,1,01,A01
201800019576,0,99,000,00,2,8,19,B01
201800019577,2,33,000,00,2,1,02,A01
201800019577,2,07,000,00,2,4,01,B01
201800019578,2,07,000,00,2,2,09,A01
201800019578,0,01,000,00,2,5,01,B01
201800019579,1,01,000,00,2,7,01,B01
201800019579,2,07,000,00,2,1,09,A01
201800019580,2,07,000,00,2,3,13,A01
201800019580,1,07,000,00,2,3,01,B01
201800019581,1,33,000,00,2,1,01,A01
201800019581,2,07,000,00,2,5,15,B01
201800019582,1,07,000,00,1,3,16,A01
201800019583,1,07,000,00,2,3,09,A01
201800019583,2,01,000,00,2,4,16,B01
201800019584,1,01,000,01,0,1,01,A01
201800019585,1,07,000,01,0,2,02,A01
201800019586,1,01,000,02,2,1,13,A01
201800019586,2,01,000,02,2,1,01,B01
201800019587,1,07,000,00,1,7,01,A01
201800019588,1,07,000,00,1,1,01,A01
201800019589,1,07,000,00,2,2,02,A01
201800019589,1,07,000,03,2,2,02,B01
201800019589,1,07,000,00,2,4,02,C01
201800019590,1,07,000,00,2,1,09,A01
201800019590,1,01,000,00,2,7,02,B01
201800019591,2,07,000,00,2,1,02,A01
201800019591,2,07,000,00,2,4,02,B01
201800019591,2,07,000,00,2,4,02,C01
201800019591,2,07,000,00,2,4,02,D01
201800019592,1,34,000,00,2,5,16,B01
201800019592,1,10,000,00,2,3,09,A01
201800019593,1,07,000,00,2,1,01,A01
201800019593,1,07,000,00,2,4,01,B01
201800019594,1,07,000,00,2,4,09,A01
201800019594,1,07,000,00,2,1,09,B01
201800019595,1,07,000,00,2,1,02,A01
201800019595,1,07,000,00,2,4,02,B01
201800019596,1,07,000,00,0,9,13,A01
201800019597,1,07,000,00,2,3,13,A01
201800019597,2,33,000,00,2,3,01,B01
201800019598,1,07,000,00,2,2,15,A01
201800019598,2,01,000,00,2,1,01,B01
201800019599,1,07,000,00,1,1,02,A01
201800019600,1,30,000,00,9,1,01,A01
201800019600,2,01,000,00,2,8,15,B01
201800019601,1,07,000,00,9,5,01,A01
201800019601,1,37,010,00,2,3,11,B01
201800019602,1,07,000,00,1,5,04,A01
201800019603,1,07,000,01,2,4,20,A01
201800019603,1,02,000,01,2,1,19,B01
201800019604,2,07,000,02,0,1,14,A01
201800019605,1,34,000,00,2,1,00,A01
201800019605,1,01,000,00,2,7,19,B01
201800019606,1,07,000,00,2,8,15,A01
201800019606,2,07,000,00,2,3,01,B01
201800019607,1,07,000,00,2,3,09,A01
201800019607,1,31,000,00,2,7,01,B01
201800019608,1,07,000,00,2,1,02,A01
201800019608,1,07,000,00,2,4,02,B01
201800019608,1,07,000,00,2,4,02,C01
201800019609,1,30,000,11,2,2,02,A01
201800019609,1,07,000,00,2,3,02,B01
201800019610,2,07,000,00,2,2,02,A01
201800019610,2,07,000,00,2,6,02,B01
201800019611,1,07,000,00,2,6,02,A01
201800019611,1,07,000,00,2,1,02,B01
201800019612,1,30,000,00,2,1,17,A01
201800019612,1,07,000,00,2,3,15,B01
201800019613,1,31,000,00,2,1,07,A01
201800019613,1,07,000,00,2,5,16,B01
201800019614,1,01,000,00,2,1,02,A01
201800019614,1,07,000,00,2,5,02,B01
201800019615,1,01,000,00,2,3,23,A01
201800019615,1,07,000,00,2,3,16,B01
201800019616,1,07,000,00,2,2,21,A01