Num_Acc,senc,catv,occutc,obs,obsm,choc,manv,num_veh
201800019988,1,07,000,02,0,1,13,A01
201800019989,1,07,000,00,2,2,15,A01
201800019989,2,07,000,00,2,3,14,B01
201800019990,1,03,000,00,2,6,15,A01
201800019990,1,36,000,00,2,2,17,B01
201800019991,0,07,000,00,1,0,01,A01
201800019992,1,07,000,00,2,1,13,A01
201800019992,2,07,000,00,2,1,01,B01
201800019993,2,07,000,00,2,1,02,A01
201800019993,2,01,000,00,0,4,02,B01
201800019994,1,07,000,13,0,1,01,A01
201800019995,1,30,000,00,2,1,17,B01
201800019995,1,07,000,00,2,8,15,A01
201800019996,0,07,000,00,2,3,19,A01
201800019996,0,07,000,00,2,1,01,B01
201800019997,1,07,000,02,0,7,00,A01
201800019998,1,07,000,00,0,8,19,A01
201800019998,1,07,000,00,2,1,01,B01
201800019999,1,10,000,00,0,0,01,A01
201800019999,2,07,000,00,9,1,01,B01
201800020000,1,07,000,00,0,9,00,A01
201800020001,2,07,000,00,2,7,13,A01
201800020001,1,07,000,00,2,1,01,B01
201800020002,0,07,000,00,0,2,01,A01
201800020002,0,07,000,00,0,3,01,B01
201800020003,2,07,000,02,0,8,01,A01
201800020004,1,07,000,00,0,1,13,A01
201800020004,2,07,000,00,0,8,21,B01
201800020004,0,07,000,00,0,1,00,C01
201800020005,2,33,000,16,0,1,01,A01
201800020006,1,10,000,00,1,3,01,A01
201800020007,0,07,000,00,0,3,19,A01
201800020007,2,33,000,00,2,1,17,B01
201800020008,1,02,000,01,0,2,02,A01
201800020009,1,07,000,00,2,2,02,A01
201800020009,1,01,000,00,0,4,01,B01
201800020010,2,02,000,06,0,7,14,A01
201800020011,2,07,000,13,0,9,01,A01
201800020012,1,10,000,00,2,3,01,A01
201800020012,2,21,000,00,2,1,15,B01
201800020013,1,01,000,00,2,1,01,A01
201800020013,2,07,000,00,2,2,01,B01
201800020014,2,36,000,06,0,2,10,A01
201800020015,0,07,000,00,2,8,09,B01
201800020015,0,07,000,00,2,1,09,A01
201800020016,1,07,000,00,2,1,01,B01
201800020016,2,07,000,00,2,2,01,A01
201800020017,1,07,000,00,2,8,01,A01
201800020017,2,17,000,00,2,1,01,B01
201800020018,1,07,000,00,2,2,01,A01
201800020018,2,07,000,00,2,2,15,B01
201800020019,2,07,000,02,0,1,01,A01
201800020020,0,33,000,00,2,2,17,A01
201800020020,1,07,000,00,2,8,15,B01
201800020021,1,07,000,00,2,1,01,A01
201800020021,2,07,000,00,0,1,01,B01
201800020022,1,17,000,00,2,8,17,A01
201800020022,1,33,000,00,2,0,17,C01
201800020023,1,07,000,00,2,1,03,A01
201800020023,1,07,000,00,2,1,01,B01
201800020024,1,07,000,00,2,1,13,A01
201800020024,2,07,000,00,2,1,01,B01
201800020025,1,07,000,00,2,7,15,A01
201800020025,2,07,000,00,2,2,01,B01
201800020026,1,07,000,00,2,1,02,A01
201800020026,1,07,000,00,0,4,02,B01
201800020027,1,07,000,06,0,1,13,A01
201800020028,0,07,000,00,1,7,01,A01
201800020029,1,07,000,00,2,2,17,A01
201800020029,1,01,000,00,0,8,02,B01
201800020029,1,01,000,00,0,8,02,C01
201800020030,1,21,000,00,0,0,01,A01
201800020031,2,07,000,00,0,0,01,A01
201800020032,0,01,000,00,5,1,01,A01
201800020033,1,07,000,00,0,4,23,B01
201800020033,1,33,000,00,2,1,21,A01
201800020034,0,02,000,00,0,7,01,A01
201800020035,2,01,000,00,0,1,01,A01
201800020036,1,33,000,00,0,8,17,A01
201800020037,1,07,000,00,2,3,01,A01
201800020037,2,07,000,00,2,3,01,B01
201800020038,1,07,000,00,2,3,13,A01
201800020038,2,33,000,00,2,3,01,B01
201800020039,1,99,000,00,2,7,05,A01
201800020039,2,07,000,00,2,2,05,B01
201800020040,0,07,000,00,2,8,19,A01
201800020040,0,07,000,00,2,7,01,B01
201800020041,0,07,000,00,2,2,19,A01
201800020041,1,32,000,00,2,1,01,B01
201800020042,1,30,000,00,2,1,01,A01
201800020042,2,07,000,00,2,8,15,B01
201800020043,0,07,000,00,1,2,01,A01
201800020044,0,07,000,06,0,1,00,A01
201800020045,1,02,000,00,2,1,13,A01
201800020045,2,07,000,00,2,1,01,B01
201800020046,1,10,000,00,9,2,00,A01
201800020046,0,30,000,00,2,3,00,B01
201800020047,2,33,000,00,2,1,17,A01
201800020047,2,07,000,00,2,6,17,B01
201800020048,2,07,000,00,2,1,15,B01
201800020048,2,07,000,00,2,2,01,A01
201800020049,2,07,000,02,0,2,19,A01
201800020050,1,07,000,02,0,1,14,A01
201800020051,1,10,000,00,2,1,13,A01
201800020051,2,10,000,00,2,1,01,B01
201800020052,1,07,000,00,2,2,01,A01
201800020052,2,07,000,00,2,2,05,B01
201800020053,0,07,000,00,2,6,02,A01
201800020053,0,07,000,00,2,3,15,B01
201800020054,2,07,000,00,2,1,15,A01
201800020054,1,07,000,01,2,8,01,B01
201800020054,2,07,000,00,2,1,23,C01
201800020055,2,07,000,00,2,3,13,A01
201800020055,1,15,000,00,2,8,01,B01
201800020055,1,15,000,00,2,3,01,C01
201800020056,0,07,000,00,0,2,01,A01
201800020056,1,07,000,00,2,1,01,B01
201800020057,1,07,000,09,2,2,17,A01
201800020057,2,07,000,00,2,3,15,B01
201800020058,1,07,000,00,2,1,13,A01
201800020058,2,07,000,00,2,1,01,B01
201800020059,1,07,000,00,0,9,21,A01
201800020060,1,07,000,02,0,1,01,A01
201800020060,1,07,000,00,2,1,01,B01
201800020061,2,07,000,00,2,8,09,A01
201800020061,0,02,000,00,2,1,01,B01
201800020062,1,02,000,00,0,1,02,A01
201800020062,1,02,000,00,0,4,02,B01
201800020063,1,07,000,00,2,1,13,A01
201800020063,2,07,000,00,2,1,01,B01
201800020064,1,33,000,00,2,1,01,A01
201800020064,1,07,000,00,2,4,01,B01
201800020065,1,07,000,00,1,1,01,A01
201800020066,1,07,000,00,2,7,01,B01
201800020066,1,07,000,00,2,8,01,A01
201800020066,2,07,000,00,2,3,23,C01
201800020067,2,07,000,00,1,3,01,A01
201800020068,2,07,000,00,2,1,01,A01
201800020068,2,02,000,00,2,4,01,B01
201800020068,2,07,000,00,2,4,01,C01
201800020069,1,07,000,02,0,1,14,A01
201800020070,2,07,000,00,2,8,15,A01
201800020070,2,07,000,00,2,1,01,B01
201800020071,2,17,000,00,2,1,01,B01
201800020071,2,07,000,00,2,7,01,A01
201800020072,2,07,000,00,1,1,00,A01
201800020073,1,07,000,02,0,1,01,A01
201800020074,1,07,000,00,2,7,13,A01
201800020074,2,07,000,00,2,1,01,B01
201800020075,1,07,000,00,0,3,16,A01
201800020076,2,07,000,00,2,1,01,B01
201800020076,0,07,000,00,2,8,19,A01
201800020077,0,31,000,13,0,1,01,A01
201800020078,0,02,000,00,2,1,01,A01
201800020078,0,07,000,00,2,8,10,B01
201800020079,1,07,000,02,0,4,00,A01
201800020080,1,07,000,00,1,2,01,A01
201800020081,0,14,000,00,2,8,19,B01
201800020081,0,10,000,00,2,1,19,A01
201800020082,1,14,000,00,2,3,01,B01
201800020082,2,10,000,00,2,3,13,A01
201800020083,2,07,000,07,0,1,01,A01
201800020084,2,07,000,00,0,8,01,A01
201800020084,2,07,000,04,2,3,01,B01
201800020085,1,15,000,00,2,2,02,A01
201800020085,1,15,000,00,2,4,00,B01
201800020085,1,15,000,00,2,1,00,C01
201800020085,1,07,000,00,2,0,00,D01
201800020085,1,07,000,00,2,0,00,E01
201800020085,1,07,000,00,2,0,00,F01
201800020085,1,07,000,00,2,0,00,G01
201800020085,1,07,000,00,2,0,00,H01
201800020085,1,10,000,00,2,0,00,I01
201800020085,1,07,000,00,2,4,00,J01
201800020085,1,07,000,00,2,0,00,K01
201800020085,1,07,000,00,2,0,00,L01
201800020086,1,07,000,03,0,1,00,A01
201800020087,1,07,000,06,0,3,00,A01
201800020088,2,07,000,00,0,6,01,A01
201800020089,2,07,000,07,0,0,01,A01
201800020090,1,07,000,00,2,1,02,A01
201800020090,1,07,000,00,2,4,02,B01
201800020091,1,15,000,00,1,3,02,A01
201800020092,1,33,000,00,0,0,01,A01
201800020093,2,07,000,00,0,0,13,A01
201800020094,0,33,000,07,0,1,01,A01
201800020095,1,07,000,13,0,3,01,A01
201800020096,0,07,000,00,2,1,10,A01
201800020096,0,33,000,00,2,7,01,B01
201800020097,1,07,000,00,2,2,15,A01
201800020097,2,34,000,00,2,1,01,B01
201800020098,1,32,000,00,2,1,01,A01
201800020098,0,07,000,00,2,1,15,B01
201800020099,0,02,000,00,2,1,01,B01
201800020099,0,10,000,00,2,2,15,A01
201800020100,1,07,000,00,0,7,19,A01
201800020100,2,01,000,00,2,1,01,B01
201800020101,0,30,000,00,0,6,15,B01
201800020101,0,33,000,00,2,1,13,A01
201800020102,0,07,000,00,2,1,09,A01
201800020102,0,01,000,00,2,7,01,B01
201800020103,1,02,000,00,0,1,01,B01
201800020103,2,07,000,00,0,2,11,A01
201800020104,2,07,000,00,2,1,01,B01
201800020104,1,31,000,00,2,3,13,A01
201800020105,0,07,000,00,1,1,01,A01
201800020106,1,01,000,00,0,0,01,A01
201800020106,0,07,000,00,0,0,15,B01
201800020107,2,07,000,00,0,6,23,B01
201800020107,2,02,000,01,0,1,01,A01
201800020108,2,07,000,00,2,1,13,A01
201800020108,1,07,000,00,2,1,01,B01
201800020109,1,07,000,00,2,1,13,A01
201800020109,2,07,000,00,2,1,01,B01
201800020110,1,13,000,16,0,7,01,A01
201800020111,2,07,000,13,0,9,01,A01
201800020112,1,07,000,13,0,1,05,A01
201800020113,1,07,000,02,0,0,00,A01
201800020114,1,07,000,00,1,2,21,A01
201800020115,1,07,000,00,9,8,01,C01
201800020115,1,07,000,00,2,3,01,B01
201800020115,2,07,000,00,2,3,13,A01
201800020116,0,07,000,13,0,9,01,A01
201800020117,1,07,000,00,2,3,10,A01
201800020117,1,07,000,02,2,7,01,B01
201800020118,2,07,000,02,0,3,19,A01
201800020119,2,07,000,00,1,1,01,A01
201800020120,2,07,000,00,2,3,15,A01
201800020120,2,33,000,00,2,2,17,B01
201800020121,1,07,000,08,0,1,14,A01
201800020122,2,07,000,00,2,3,01,A01
201800020122,2,36,000,00,0,5,15,B01
201800020123,1,14,000,00,1,3,00,A01
201800020124,1,07,000,08,0,9,06,A01
201800020125,1,07,000,13,0,1,01,A01
201800020126,2,15,000,16,0,8,14,A01
201800020126,2,10,000,14,2,1,01,B01
201800020127,2,33,000,13,0,1,01,A01
201800020128,1,07,000,13,0,0,01,A01
201800020129,2,01,000,13,0,1,01,A01
201800020130,1,10,000,00,2,1,01,B01
201800020130,0,07,000,00,0,8,00,A01
201800020131,2,17,000,00,2,1,01,A01
201800020131,2,07,000,00,0,4,23,D01
201800020131,2,07,000,00,0,4,01,B01
201800020131,2,07,000,00,0,4,01,C01
201800020132,0,07,000,00,1,1,00,A01
201800020133,2,07,000,00,2,1,15,A01
201800020133,1,02,000,00,2,7,01,B01
201800020134,0,07,000,00,2,1,01,A01
201800020134,0,07,000,00,2,1,01,B01
201800020135,1,07,000,02,0,1,01,A01
201800020136,1,07,000,02,0,2,21,A01
201800020137,2,07,000,02,0,1,01,A01
201800020138,1,02,000,00,2,1,13,A01
201800020138,1,07,000,00,2,2,01,B01
201800020139,1,07,000,13,0,3,13,A01
201800020140,1,38,005,09,2,3,13,A01
201800020140,2,07,000,00,2,1,01,B01
201800020141,1,02,000,00,2,4,01,B01
201800020141,2,07,000,00,2,0,09,A01
201800020142,1,07,000,03,0,2,00,A01
201800020143,2,02,000,00,0,0,01,A01
201800020144,2,07,000,00,2,3,15,A01
201800020144,1,33,000,00,2,1,01,B01
201800020145,1,07,000,13,0,3,13,A01
201800020146,2,07,000,00,1,1,01,A01
201800020147,1,02,000,00,2,1,01,B01
201800020147,0,21,000,00,2,2,19,A01
201800020148,2,07,000,02,0,2,01,A01
201800020149,0,07,000,00,0,0,00,A01
201800020150,2,07,000,06,0,1,01,A01
201800020151,1,07,000,00,1,2,00,A01
201800020152,2,10,000,00,2,3,13,A01
201800020152,1,15,000,00,2,1,01,B01
201800020153,1,10,000,00,2,3,01,A01
201800020153,2,17,000,00,0,0,01,B01
201800020154,1,07,000,00,2,1,05,A01
201800020154,2,07,000,00,2,1,01,B01
201800020155,1,07,000,00,2,1,01,A01
201800020155,2,13,000,00,2,1,01,B01
201800020156,1,07,000,00,2,1,05,A01
201800020156,2,07,000,00,2,1,01,B01
201800020157,0,07,000,00,1,3,05,A01
201800020158,1,07,000,00,2,1,15,A01
201800020158,2,07,000,00,2,1,01,B01
201800020159,2,07,000,00,2,3,01,A01
201800020159,1,07,000,00,2,3,01,B01
201800020160,1,07,000,06,0,1,01,A01
201800020161,1,07,000,13,0,1,01,A01
201800020162,2,21,000,00,2,8,15,A01
201800020162,2,07,000,00,2,2,17,B01
201800020163,2,07,000,00,2,1,05,A01
201800020163,1,07,000,00,2,1,01,B01
201800020164,1,31,000,00,0,1,01,B01
201800020164,0,07,000,00,2,3,10,A01
201800020165,1,07,000,00,2,1,01,B01
201800020165,1,10,000,00,2,3,16,A01
201800020166,1,33,000,00,2,2,17,A01
201800020166,1,10,000,00,0,8,15,B01
201800020167,1,33,000,00,2,1,01,A01
201800020167,0,07,000,00,0,8,01,B01
201800020168,2,07,000,00,2,2,01,A01
201800020168,0,07,000,00,2,3,16,B01
201800020169,0,07,000,13,0,3,01,A01
201800020170,2,07,000,00,1,3,09,A01
201800020171,0,07,000,00,0,8,23,C01
201800020171,0,17,000,00,0,3,01,B01
201800020171,0,33,000,00,2,1,13,A01
201800020172,2,10,000,02,0,1,01,A01
201800020173,0,07,000,00,0,2,01,A01
201800020173,0,01,000,00,2,1,13,B01
201800020174,1,07,000,00,2,1,13,A01
201800020174,2,07,000,00,2,1,01,B01
201800020175,2,07,000,02,0,2,01,A01
201800020176,0,07,000,00,2,8,01,A01
201800020176,0,34,000,00,2,8,13,B01
201800020177,2,38,001,00,0,0,17,B01
201800020177,2,01,000,00,0,0,01,A01
201800020178,1,07,000,04,0,2,01,A01
201800020179,2,07,000,13,0,1,05,A01
201800020180,0,07,000,02,0,0,00,A01
201800020181,0,07,000,02,0,1,00,A01
201800020182,2,33,000,14,9,1,06,A01
201800020183,1,07,000,00,2,7,19,B01
201800020183,2,07,000,00,2,1,01,A01
201800020184,2,33,000,00,2,1,17,A01
201800020184,1,07,000,00,2,2,01,B01
201800020185,0,07,000,00,1,1,01,A01
201800020186,1,07,000,00,2,8,17,A01
201800020186,1,07,000,02,2,9,17,B01
201800020187,1,07,000,00,2,1,13,A01
201800020187,2,07,000,00,2,2,01,C01
201800020187,2,07,000,00,2,1,01,B01
201800020188,1,07,000,00,0,1,01,A01
201800020189,1,07,000,00,2,7,05,A01
201800020189,2,14,000,00,2,2,01,B01
201800020190,1,13,000,02,2,3,01,B01
201800020190,2,07,000,00,2,1,13,A01
201800020191,0,07,000,02,0,4,01,A01
201800020192,1,07,000,13,0,1,01,A01
201800020193,0,07,000,00,0,5,15,B01
201800020193,0,30,000,00,0,1,01,A01
201800020194,2,07,000,02,0,1,14,A01
201800020195,0,07,000,00,1,2,01,A01
201800020196,2,07,000,13,0,1,00,A01
201800020197,2,07,000,00,2,3,15,A01
201800020197,1,33,000,00,2,1,01,B01
201800020198,1,07,000,00,2,3,01,B01
201800020198,2,07,000,00,2,3,13,A01
201800020199,1,07,000,00,2,3,13,A01
201800020199,2,10,000,00,2,3,01,B01
201800020200,2,07,000,00,0,1,01,B01
201800020200,1,07,000,00,2,8,01,A01
201800020201,0,07,000,00,0,1,00,A01
201800020202,1,07,000,00,0,4,02,B01
201800020202,1,07,000,00,2,5,02,A01
201800020202,1,31,000,00,2,1,02,C01
201800020203,1,07,000,02,0,1,01,A01
201800020204,1,07,000,00,2,4,02,B01
201800020204,1,38,001,00,2,1,02,A01
201800020205,0,07,000,00,2,6,02,A01
201800020205,0,33,000,00,2,2,02,B01
201800020206,1,10,000,00,2,8,10,A01
201800020206,1,33,000,00,2,1,02,B01
201800020207,2,07,000,00,2,1,15,A01
201800020207,1,07,000,00,2,2,01,B01
201800020208,1,07,000,00,2,1,13,A01
201800020208,2,07,000,00,2,1,21,B01
201800020209,0,07,000,00,2,6,00,A01
201800020209,0,33,000,00,2,1,01,B01
201800020210,0,07,000,00,0,3,15,A01
201800020210,0,01,000,00,0,7,01,B01
201800020211,2,07,000,00,0,1,01,A01
201800020212,2,07,000,00,2,7,15,A01
201800020212,1,02,000,00,2,1,00,B01
201800020213,1,07,000,00,2,3,17,A01
201800020213,1,31,000,00,2,2,01,B01
201800020214,2,07,000,00,2,3,09,B01
201800020214,1,33,000,00,2,1,01,A01
201800020215,1,07,000,06,0,1,02,A01
201800020216,2,01,000,00,0,0,17,A01
201800020217,0,07,000,13,0,9,01,A01
201800020218,1,07,000,00,0,7,01,A01
201800020219,1,33,000,13,0,8,15,A01
201800020220,1,33,000,04,0,2,01,A01
201800020221,0,07,000,02,0,0,01,A01
201800020222,2,07,000,13,0,1,01,A01
201800020223,1,10,000,00,2,3,01,A01
201800020223,2,33,000,00,2,1,13,B01
201800020224,0,21,000,00,1,5,00,A01
201800020225,1,31,000,13,0,8,01,A01
201800020226,2,07,000,12,0,3,00,A01
201800020227,2,31,000,03,0,0,01,A01
201800020228,1,07,000,00,1,8,19,A01
201800020229,0,07,000,12,0,8,16,A01
201800020230,2,07,000,00,1,2,01,A01
201800020231,2,07,000,08,0,2,19,A01
201800020231,1,07,000,08,0,3,01,B01
201800020232,2,07,000,00,1,8,16,A01
201800020233,1,07,000,00,1,7,00,A01
201800020234,0,01,000,00,2,8,01,B01
201800020234,0,07,000,00,2,3,15,A01
201800020235,1,07,000,00,2,8,19,A01
201800020235,1,33,000,00,2,1,02,B01
201800020236,1,33,000,00,2,8,01,B01
201800020236,1,10,000,00,2,7,19,A01
201800020237,1,10,000,00,2,3,01,B01
201800020237,0,30,000,00,2,1,17,A01
201800020238,1,07,000,00,2,6,00,A01
201800020238,1,33,000,00,2,1,17,Z01
201800020239,1,07,000,00,2,4,02,B01
201800020239,1,07,000,00,2,1,02,A01
201800020240,1,34,000,01,0,1,00,A01
201800020241,1,33,000,00,2,1,01,B01
201800020241,2,07,000,00,2,5,15,A01
201800020242,0,02,000,00,2,1,13,B01
201800020242,1,07,000,00,2,3,16,A01
201800020243,0,07,000,01,0,4,00,B01
201800020243,0,07,000,08,0,4,00,C01
201800020243,1,07,000,01,0,1,14,A01
201800020244,2,07,000,00,1,7,02,A01
201800020245,2,07,000,01,1,2,17,A01
201800020246,2,07,000,00,2,3,00,A01
201800020246,1,07,000,00,2,3,01,B01
201800020247,0,07,000,02,0,1,13,A01
201800020248,1,07,000,00,2,4,23,B01
201800020248,1,02,000,00,2,1,00,A01
201800020249,1,07,000,00,1,1,01,A01
201800020250,1,10,000,00,1,1,01,A01
201800020251,1,07,000,06,0,1,13,A01
201800020252,0,10,000,02,0,1,13,A01
201800020253,2,01,000,00,2,4,02,B01
201800020253,2,14,000,00,2,2,02,A01
201800020254,0,07,000,08,0,2,05,A01
201800020255,2,07,000,00,2,1,02,A01
201800020255,2,07,000,08,0,4,23,B01
201800020255,1,07,000,00,2,1,01,C01
201800020256,1,07,000,00,2,5,11,A01
201800020256,1,33,000,00,2,1,01,B01
201800020257,1,07,000,08,0,8,01,B01
201800020257,1,07,000,00,2,1,01,A01
201800020258,1,10,000,00,2,7,16,B01
201800020258,0,33,000,00,2,1,03,A01
201800020259,0,33,000,00,2,3,05,A01
201800020259,0,07,000,00,2,1,15,B01
201800020260,1,01,000,00,2,1,01,B01
201800020260,2,30,000,00,2,1,01,A01
201800020261,2,02,000,00,2,1,01,B01
201800020261,1,07,000,00,2,1,01,A01
201800020262,2,01,000,00,2,4,01,B01
201800020262,2,01,000,00,2,4,01,C01
201800020262,2,07,000,00,2,3,21,A01
201800020263,1,07,000,00,1,1,11,A01
201800020264,0,07,000,00,1,2,00,A01
201800020265,0,01,000,00,2,1,01,A01
201800020265,0,07,000,00,6,1,15,B01
201800020266,1,10,000,00,2,1,02,A01
201800020266,1,10,000,00,2,1,01,B01
201800020266,1,10,000,00,2,4,02,C01
201800020267,1,07,000,00,2,8,15,A01
201800020267,2,02,000,00,2,1,01,B01
201800020268,2,17,000,01,0,4,01,C01
201800020268,2,17,000,01,0,4,24,B01
201800020268,2,17,000,00,2,1,01,D01
201800020268,2,17,000,00,0,4,23,A01
201800020269,0,07,000,06,2,3,13,A01
201800020269,0,07,000,00,2,1,01,B01
201800020270,2,07,000,08,0,7,01,A01
201800020271,1,07,000,00,2,3,01,B01
201800020271,2,07,000,00,2,3,13,A01
201800020272,0,33,000,00,0,8,01,A01
201800020273,1,02,000,00,0,0,15,A01
201800020274,2,33,000,13,0,1,01,A01
201800020275,2,07,000,00,2,8,19,A01
201800020275,1,07,000,00,2,1,01,B01
201800020276,2,07,000,00,2,2,17,A01
201800020276,2,07,000,00,2,6,01,B01
201800020277,1,07,000,04,0,1,01,A01
201800020278,1,07,000,00,2,1,01,A01
201800020278,1,07,000,00,2,4,01,B01
201800020279,1,07,000,03,2,6,14,B01
201800020279,1,07,000,00,2,2,21,A01
201800020280,2,07,000,16,0,9,01,A01
201800020281,1,07,000,00,0,4,02,B01
201800020281,1,07,000,00,2,1,02,A01
201800020282,1,07,000,13,0,1,00,A01
201800020283,1,07,000,03,0,8,17,A01
201800020284,2,07,000,00,2,3,13,A01
201800020284,1,15,000,00,2,3,01,B01
201800020284,1,07,000,00,2,3,01,D01
201800020285,2,07,000,03,0,7,21,A01
201800020286,1,07,000,00,2,1,01,A01
201800020286,1,17,000,00,0,4,01,B01
201800020287,2,07,000,13,0,9,13,A01
201800020288,1,02,000,00,2,0,02,B01
201800020288,1,07,000,00,2,2,02,A01
201800020289,1,14,000,03,0,2,01,A01
201800020290,1,07,000,13,0,9,01,A01
201800020291,1,33,000,00,2,1,02,A01
201800020291,1,99,000,00,2,4,02,B01
201800020292,1,07,000,03,2,7,12,A01
201800020292,1,07,000,00,2,8,01,B01
201800020293,1,07,000,00,2,1,01,B01
201800020293,2,07,000,00,2,1,00,A01
201800020294,2,07,000,00,2,1,01,A01
201800020294,2,15,000,00,0,4,01,B01
201800020295,1,10,000,00,2,2,01,D01
201800020295,1,07,000,00,0,3,02,B01
201800020295,1,07,000,03,2,1,02,A01
201800020295,1,07,000,00,2,2,02,C01
201800020296,2,07,000,11,0,1,01,A01
201800020297,1,07,000,08,0,8,01,A01
201800020298,2,07,000,02,0,5,01,A01
201800020299,1,07,000,03,2,3,01,B01
201800020299,2,07,000,03,2,3,01,A01
201800020300,2,07,000,00,2,3,01,C01
201800020300,1,07,000,00,2,8,13,A01
201800020300,2,07,000,00,2,3,01,B01
201800020301,1,02,000,00,2,1,01,B01
201800020301,2,07,000,00,2,1,15,A01
201800020302,0,07,000,13,2,8,00,B01
201800020302,2,10,000,08,2,1,01,A01
201800020303,1,07,000,13,0,1,01,A01
201800020304,1,17,000,06,0,1,13,A01
201800020305,1,17,000,00,0,1,01,B01
201800020305,2,07,000,00,2,8,13,A01
201800020306,2,07,000,00,2,6,15,B01
201800020306,2,32,000,12,2,7,17,A01
201800020307,1,07,000,00,2,1,17,A01
201800020307,2,15,000,00,2,1,01,B01
201800020308,2,07,000,16,0,0,01,A01
201800020309,1,07,000,00,2,1,01,B01
201800020309,2,07,000,00,2,1,13,A01
201800020310,2,07,000,02,0,3,13,A01
201800020311,1,15,000,03,2,4,01,B01
201800020311,1,07,000,03,2,1,00,A01
201800020312,1,07,000,03,2,1,14,A01
201800020312,1,15,000,00,2,4,02,B01
201800020313,1,07,000,00,2,1,02,A01
201800020313,1,38,007,00,2,4,02,B01
201800020314,1,17,000,01,0,4,02,A01
201800020314,1,10,000,01,0,9,02,B01
201800020314,1,10,000,00,0,9,02,C01
201800020314,1,10,000,00,2,9,02,D01
201800020314,1,17,000,01,2,1,02,E01
201800020315,2,10,000,00,2,2,02,A01
201800020315,2,07,000,00,0,6,02,B01
201800020316,2,07,000,00,2,3,02,A01
201800020316,2,07,000,00,0,4,02,B01
201800020317,2,07,000,01,1,1,00,B01
201800020317,2,07,000,01,2,3,01,A01
201800020318,2,07,000,00,2,1,05,A01
201800020318,1,17,000,00,2,1,01,B01
201800020319,2,07,000,03,0,9,01,A01
201800020320,2,07,000,13,0,9,01,A01
201800020321,1,15,000,00,2,4,01,B01
201800020321,1,07,000,00,2,1,02,A01
201800020322,2,10,000,03,0,3,01,A01
201800020323,2,07,000,03,0,2,02,A01
201800020324,2,07,000,00,2,4,01,B01
201800020324,2,07,000,00,2,1,02,A01
201800020325,1,07,000,03,0,1,01,A01
201800020326,1,07,000,04,0,8,00,A01
201800020327,1,07,000,13,0,2,01,A01
201800020328,1,07,000,00,2,1,02,A01
201800020328,1,07,000,13,2,4,02,B01
201800020329,1,07,000,03,0,3,00,A01
201800020330,1,33,000,00,0,9,02,A01
201800020331,1,07,000,03,2,0,00,A01
201800020331,1,07,000,00,0,2,01,B01
201800020332,1,10,000,04,0,3,13,A01
201800020332,1,07,000,00,2,3,02,B01
201800020333,1,07,000,00,2,3,02,A01
201800020333,1,07,000,00,2,4,02,B01
201800020333,1,07,000,00,0,4,02,C01
201800020334,2,07,000,00,2,1,02,A01
201800020334,2,07,000,00,2,4,02,B01
201800020334,2,07,000,00,2,5,02,C01
201800020334,2,07,000,00,2,4,02,D01
201800020334,2,07,000,00,0,4,02,E01
201800020335,1,07,000,03,0,1,17,A01
201800020336,1,07,000,00,2,1,02,A01
201800020336,1,07,000,00,0,4,02,B01
201800020337,1,07,000,00,2,1,01,B01
201800020337,1,17,000,00,2,6,17,A01
201800020338,2,07,000,07,0,1,01,A01
201800020339,2,07,000,00,2,3,01,B01
201800020339,2,07,000,00,2,1,01,C01
201800020339,2,07,000,03,0,1,01,A01
201800020340,1,07,000,04,0,2,01,A01
201800020341,1,07,000,13,0,2,01,A01
201800020342,1,07,000,04,0,1,01,A01
201800020342,1,07,000,00,2,1,01,B01
201800020343,1,07,000,15,0,9,21,A01
201800020344,1,07,000,00,2,4,23,C01
201800020344,1,07,000,14,0,1,01,B01
201800020344,1,07,000,00,2,1,01,D01
201800020344,1,07,000,03,0,1,01,A01
201800020345,1,07,000,00,2,2,11,A01
201800020345,1,07,000,00,0,6,01,B01
201800020346,1,07,000,00,2,3,01,A01
201800020346,1,07,000,00,0,5,01,B01
201800020347,2,07,000,00,2,0,17,A01
201800020347,2,07,000,00,2,0,01,B01
201800020348,1,07,000,03,0,2,01,A01
201800020349,1,07,000,02,0,7,01,A01
201800020350,2,07,000,06,0,1,02,A01
201800020351,1,10,000,04,0,2,14,A01
201800020352,2,07,000,00,2,1,05,A01
201800020352,1,07,000,00,2,3,01,C01
201800020352,1,07,000,00,2,1,01,B01
201800020353,2,33,000,00,0,8,01,A01
201800020354,2,07,000,00,2,5,02,B01
201800020354,2,14,000,00,2,3,02,A01
201800020355,1,07,000,03,2,3,17,B01
201800020355,1,07,000,00,2,8,01,A01
201800020356,1,10,000,04,2,4,02,B01
201800020356,1,07,000,00,2,2,02,A01
201800020357,1,07,000,04,2,1,01,A01
201800020357,1,07,000,00,0,4,01,B01
201800020358,1,07,000,16,0,1,01,A01
201800020359,1,07,000,00,2,3,01,B01
201800020359,1,07,000,03,0,2,01,A01
201800020360,1,10,000,00,0,4,24,B01
201800020360,1,07,000,00,2,1,14,A01
201800020361,1,07,000,03,2,1,17,B01
201800020361,1,07,000,03,2,4,13,A01
201800020362,1,07,000,00,2,1,02,A01
201800020362,1,07,000,00,2,9,02,B01
201800020363,1,07,000,00,2,1,02,A01
201800020363,1,07,000,00,2,6,02,B01
201800020363,1,07,000,14,0,1,11,C01
201800020363,1,07,000,14,0,2,13,D01