Num_Acc,senc,catv,occutc,obs,obsm,choc,manv,num_veh
201800020364,1,10,000,03,2,3,02,A01
201800020364,1,07,000,00,2,7,17,C01
201800020364,1,07,000,00,2,5,02,B01
201800020365,2,07,000,00,9,7,13,B01
201800020365,1,07,000,04,0,3,17,A01
201800020366,1,17,000,00,0,0,24,B01
201800020366,1,07,000,00,2,1,01,A01
201800020367,2,17,000,00,2,6,01,B01
201800020367,2,07,000,00,2,2,00,A01
201800020368,1,07,000,00,2,2,02,A01
201800020368,1,33,000,00,0,6,02,B01
201800020369,1,07,000,02,0,1,14,A01
201800020370,1,07,000,01,0,6,24,B01
201800020370,1,07,000,01,1,3,01,A01
201800020371,2,07,000,04,0,3,01,A01
201800020372,2,07,000,13,0,6,02,B01
201800020372,2,07,000,00,2,2,02,A01
201800020373,2,15,000,03,0,2,13,A01
201800020373,2,07,000,01,9,7,00,C01
201800020373,2,07,000,01,0,1,01,D01
201800020373,2,15,000,00,2,2,00,B01
201800020374,0,21,000,00,0,9,01,A01
201800020375,1,07,000,00,2,1,17,A01
201800020375,2,07,000,00,2,3,01,B01
201800020376,0,33,000,00,0,0,00,A01
201800020377,1,07,000,00,2,2,01,A01
201800020377,0,01,000,00,2,8,02,B01
201800020378,0,01,000,00,2,1,15,B01
201800020378,0,07,000,00,9,3,01,A01
201800020379,1,07,000,00,1,2,19,A01
201800020380,2,07,000,00,2,2,17,A01
201800020380,2,01,000,00,0,4,01,B01
201800020381,0,14,000,00,2,1,15,A01
201800020381,0,02,000,00,2,1,01,B01
201800020382,1,01,000,00,0,1,00,B01
201800020382,2,07,000,00,0,0,00,A01
201800020383,1,07,000,00,1,1,00,A01
201800020384,0,07,000,00,1,1,01,A01
201800020385,2,10,000,00,0,7,15,A01
201800020385,1,14,000,00,2,1,01,B01
201800020386,1,07,000,13,0,3,01,A01
201800020387,1,33,000,03,0,8,16,A01
201800020388,2,07,000,00,0,2,01,A01
201800020389,2,17,000,02,0,7,01,A01
201800020390,2,07,000,00,2,1,01,A01
201800020390,1,14,000,00,2,3,01,B01
201800020391,2,07,000,03,0,9,01,A01
201800020392,1,07,000,03,0,1,01,A01
201800020393,1,07,000,00,2,2,02,A01
201800020393,1,02,000,00,0,6,02,B01
201800020394,1,07,000,14,0,4,23,D01
201800020394,1,07,000,00,0,4,23,B01
201800020394,1,07,000,14,0,5,23,C01
201800020394,1,07,000,14,0,6,23,E01
201800020394,1,10,000,00,2,4,23,F01
201800020394,1,07,000,00,0,4,23,A01
201800020394,1,10,000,14,2,3,02,G01
201800020395,1,10,000,13,2,3,09,A01
201800020395,1,07,000,00,2,2,01,C01
201800020395,1,07,000,03,2,2,01,B01
201800020396,1,07,000,00,0,4,02,B01
201800020396,1,07,000,00,2,1,02,A01
201800020397,1,07,000,00,0,4,01,A01
201800020397,1,07,000,00,2,1,01,B01
201800020398,2,33,000,00,2,1,02,C01
201800020398,2,07,000,00,2,1,01,B01
201800020398,2,07,000,00,2,1,01,A01
201800020399,1,07,000,00,2,3,01,B01
201800020399,2,07,000,00,2,3,01,A01
201800020400,2,07,000,03,0,7,01,A01
201800020401,2,33,000,00,2,1,17,A01
201800020401,1,14,000,00,2,2,01,B01
201800020402,1,33,000,00,2,8,01,B01
201800020402,1,07,000,00,2,7,12,A01
201800020403,2,38,001,00,9,8,01,A01
201800020403,0,01,000,00,2,1,01,B01
201800020404,1,07,000,00,6,1,01,A01
201800020405,2,07,000,02,0,7,01,A01
201800020406,1,07,000,07,0,7,01,A01
201800020407,2,07,000,00,0,4,02,B01
201800020407,2,07,000,00,2,1,01,A01
201800020408,1,07,000,00,2,7,17,C01
201800020408,1,17,000,00,2,3,01,B01
201800020408,1,07,000,00,2,4,09,A01
201800020409,2,02,000,00,0,4,01,A01
201800020409,2,15,000,00,2,2,02,B01
201800020410,1,02,000,00,2,1,01,B01
201800020410,1,07,000,00,2,3,13,A01
201800020411,1,02,000,00,2,1,01,B01
201800020411,1,07,000,00,2,5,15,A01
201800020412,2,07,000,00,2,2,01,B01
201800020412,0,07,000,00,2,1,01,A01
201800020413,1,07,000,00,2,3,01,B01
201800020413,2,07,000,00,2,3,13,A01
201800020414,1,33,000,00,2,1,17,A01
201800020414,1,07,000,00,2,6,15,B01
201800020415,2,07,000,00,2,3,01,B01
201800020415,1,07,000,00,2,3,13,A01
201800020416,1,07,000,00,0,5,19,A01
201800020416,1,31,000,00,2,1,01,B01
201800020417,1,07,000,00,2,3,01,B01
201800020417,2,07,000,00,2,3,13,A01
201800020418,2,07,000,00,0,0,01,C01
201800020418,1,07,000,00,2,1,01,D01
201800020418,2,33,000,00,2,1,01,B01
201800020418,1,33,000,00,2,1,17,A01
201800020419,1,02,000,07,0,1,13,A01
201800020420,2,07,000,13,0,2,01,A01
201800020421,0,31,000,00,2,1,01,B01
201800020421,0,07,000,00,2,8,15,A01
201800020422,0,10,000,00,1,3,01,A01
201800020423,0,07,000,13,0,8,01,A01
201800020424,0,07,000,02,0,1,01,A01
201800020425,1,07,000,00,1,1,01,A01
201800020426,1,17,000,00,2,4,02,A01
201800020426,1,07,000,00,2,1,02,B01
201800020427,1,07,000,07,0,1,14,A01
201800020428,2,10,000,00,2,2,02,C01
201800020428,2,07,000,00,2,1,02,A01
201800020428,2,07,000,00,2,4,02,B01
201800020429,0,33,000,00,2,4,23,A01
201800020429,0,07,000,00,2,1,02,B01
201800020430,2,07,000,13,0,6,02,A01
201800020430,2,07,000,00,2,2,02,B01
201800020431,2,07,000,13,1,4,00,A01
201800020432,2,10,000,16,0,1,01,A01
201800020433,2,07,000,00,2,2,11,A01
201800020433,2,07,000,00,2,7,01,B01
201800020434,2,07,000,03,1,0,01,A01
201800020435,2,07,000,04,0,3,13,A01
201800020436,2,07,000,03,0,2,01,A01
201800020437,2,07,000,00,2,8,00,A01
201800020437,2,14,000,00,2,3,01,B01
201800020438,1,07,000,02,0,2,01,A01
201800020439,2,07,000,01,0,2,14,A01
201800020439,2,15,000,00,2,6,24,B01
201800020440,2,07,000,01,2,3,02,A01
201800020440,2,07,000,00,2,1,01,C01
201800020441,1,07,000,13,0,1,01,A01
201800020442,2,07,000,00,2,1,12,A01
201800020442,2,07,000,03,0,4,16,B01
201800020443,1,10,000,01,0,1,01,A01
201800020443,1,10,000,00,0,4,24,B01
201800020444,1,07,000,02,2,2,21,A01
201800020444,1,07,000,00,2,8,01,B01
201800020445,2,07,000,13,0,2,17,A01
201800020445,2,07,000,00,2,7,13,B01
201800020446,1,07,000,03,2,1,12,A01
201800020446,1,03,000,00,0,4,01,B01
201800020447,2,07,000,09,0,2,01,A01
201800020448,2,07,000,13,0,2,14,A01
201800020449,2,10,000,03,9,3,00,A01
201800020450,2,07,000,13,0,9,01,A01
201800020451,2,07,000,00,2,3,05,A01
201800020451,1,10,000,00,2,3,01,B01
201800020452,1,07,000,07,0,7,14,A01
201800020453,1,07,000,00,2,3,03,A01
201800020453,1,21,000,00,0,4,02,B01
201800020454,2,07,000,13,0,9,01,A01
201800020455,1,07,000,13,0,9,01,A01
201800020456,1,07,000,00,2,1,01,B01
201800020456,1,07,000,00,2,7,19,A01
201800020457,2,07,000,01,0,9,13,A01
201800020458,2,07,000,00,2,5,15,A01
201800020458,1,07,000,00,2,1,01,B01
201800020459,2,10,000,00,2,3,15,B01
201800020459,2,33,000,00,2,1,01,A01
201800020460,2,07,000,00,2,1,01,B01
201800020460,1,07,000,00,2,1,13,A01
201800020461,0,10,000,00,2,6,00,B01
201800020461,1,34,000,01,0,1,14,A01
201800020462,1,30,000,00,2,7,19,A01
201800020462,1,30,000,00,2,1,01,B01
201800020463,2,01,000,00,0,0,00,A01
201800020464,2,07,000,00,2,1,17,A01
201800020464,2,38,001,00,0,6,15,C01
201800020464,2,07,000,00,0,6,01,B01
201800020465,0,07,000,00,2,4,02,B01
201800020465,0,07,000,00,2,1,02,A01
201800020466,1,07,000,00,1,3,00,A01
201800020467,1,37,001,00,1,1,15,A01
201800020468,2,07,000,00,6,1,00,A01
201800020468,2,01,000,00,2,8,01,B01
201800020469,2,07,000,13,0,1,19,A01
201800020470,2,10,000,00,2,8,16,A01
201800020470,2,31,000,00,2,1,01,B01
201800020471,2,10,000,00,6,1,01,A01
201800020471,0,01,000,00,2,8,01,B01
201800020472,1,10,000,00,2,3,15,A01
201800020472,2,31,000,00,2,1,01,B01
201800020473,0,07,000,00,1,1,17,A01
201800020474,1,07,000,00,2,1,01,B01
201800020474,2,07,000,00,2,1,13,A01
201800020475,1,01,000,00,2,3,01,A01
201800020475,2,07,000,00,2,1,15,B01
201800020476,2,07,000,00,0,8,22,A01
201800020476,1,02,000,01,0,1,01,B01
201800020477,2,07,000,00,2,3,13,A01
201800020477,2,07,000,00,2,3,01,B01
201800020478,0,36,000,13,0,1,01,A01
201800020479,1,03,000,13,0,2,01,A01
201800020480,0,07,000,13,0,7,00,A01
201800020481,2,07,000,00,2,5,15,A01
201800020481,0,07,000,00,2,1,16,B01
201800020482,1,02,000,00,2,2,01,A01
201800020482,2,31,000,00,2,1,01,B01
201800020483,1,07,000,00,2,1,15,A01
201800020483,2,33,000,00,2,3,01,B01
201800020484,0,07,000,00,2,3,01,A01
201800020484,0,02,000,00,2,1,01,B01
201800020485,1,14,000,00,2,2,15,B01
201800020485,1,31,000,00,2,3,01,A01
201800020486,1,01,000,00,2,8,15,B01
201800020486,1,07,000,00,2,1,01,A01
201800020487,0,07,000,00,2,1,19,B01
201800020487,2,07,000,13,2,8,01,A01
201800020488,0,99,000,00,1,7,02,A01
201800020489,0,07,000,00,2,1,23,C01
201800020489,0,07,000,00,2,1,01,B01
201800020489,0,07,000,00,2,1,19,A01
201800020490,0,02,000,00,2,1,01,B01
201800020490,0,07,000,00,2,3,21,A01
201800020491,2,07,000,13,2,1,01,B01
201800020491,1,07,000,00,2,3,01,A01
201800020492,2,01,000,00,5,1,01,A01
201800020493,0,07,000,00,9,2,15,A01
201800020493,0,01,000,00,2,1,01,B01
201800020494,0,07,000,00,2,3,15,A01
201800020494,0,33,000,00,2,1,05,B01
201800020495,1,07,000,00,2,3,15,B01
201800020495,1,33,000,00,2,1,01,A01
201800020496,1,07,000,13,0,9,01,A01
201800020497,0,07,000,00,2,1,19,A01
201800020497,0,07,000,00,2,1,01,B01
201800020498,1,07,000,15,0,9,01,A01
201800020499,1,07,000,00,2,1,01,A01
201800020499,1,02,000,00,2,4,01,B01
201800020500,1,07,000,13,0,1,01,B01
201800020500,1,07,000,00,0,0,01,A01
201800020501,0,33,000,00,2,1,01,B01
201800020501,0,07,000,00,0,6,01,A01
201800020502,0,07,000,16,0,3,21,A01
201800020503,0,33,000,00,2,2,00,B01
201800020503,0,07,000,00,0,6,00,A01
201800020504,1,02,000,08,0,0,00,A01
201800020505,1,07,000,08,0,9,01,A01
201800020506,2,07,000,00,2,1,01,A01
201800020506,2,16,000,00,2,1,01,B01
201800020507,2,07,000,00,2,3,01,C01
201800020507,1,07,000,00,2,5,23,B01
201800020507,1,07,000,00,2,1,01,A01
201800020508,1,07,000,00,1,3,01,A01
201800020509,1,33,000,00,2,1,02,B01
201800020509,1,10,000,00,2,4,02,A01
201800020510,2,10,000,00,2,3,16,A01
201800020510,1,10,000,00,2,2,01,B01
201800020511,0,02,000,00,2,0,01,B01
201800020511,1,07,000,00,2,0,00,A01
201800020512,2,07,000,13,0,2,01,A01
201800020513,1,07,000,00,2,3,01,A01
201800020513,2,01,000,00,2,1,01,B01
201800020514,0,07,000,00,2,3,05,A01
201800020514,0,07,000,00,2,3,05,B01
201800020515,2,07,000,13,0,2,01,A01
201800020516,1,07,000,,2,1,,C01
201800020516,2,07,000,,,,15,B01
201800020516,2,07,000,00,2,1,02,A01
201800020517,1,07,000,00,2,2,15,A01
201800020517,2,10,000,00,2,1,01,B01
201800020518,1,07,000,00,0,6,01,A01
201800020518,1,07,000,00,2,1,02,B01
201800020519,0,07,000,00,0,8,23,A01
201800020519,0,07,000,12,2,1,01,B01
201800020520,1,07,000,13,0,7,01,A01
201800020521,,07,000,,,,,A01
201800020522,2,07,000,00,1,1,01,A01
201800020523,2,33,000,13,0,0,01,A01
201800020524,2,07,000,00,2,2,01,B01
201800020524,2,07,000,00,2,3,00,A01
201800020525,2,07,000,02,0,3,17,A01
201800020526,1,07,000,00,2,6,19,A01
201800020526,2,31,000,00,2,1,01,B01
201800020527,2,07,000,00,2,7,19,A01
201800020527,2,33,000,00,2,1,01,B01
201800020528,1,01,000,00,0,0,01,A01
201800020529,1,07,000,00,2,1,01,B01
201800020529,2,07,000,00,2,1,05,A01
201800020530,0,07,000,00,2,1,09,A01
201800020530,1,01,000,00,2,8,01,B01
201800020531,0,07,000,00,2,1,01,B01
201800020531,0,01,000,00,2,1,01,A01
201800020532,0,07,000,00,0,3,00,B01
201800020532,2,07,000,01,0,3,01,A01
201800020533,1,02,000,00,1,1,19,A01
201800020534,2,07,000,01,0,2,01,A01
201800020535,1,34,000,00,0,2,01,A01
201800020536,1,07,000,00,1,1,01,A01
201800020537,0,07,000,00,1,1,19,A01
201800020538,1,07,000,13,0,1,01,A01
201800020539,1,07,000,00,0,6,01,B01
201800020539,1,07,000,00,0,3,01,C01
201800020539,2,07,000,00,2,3,13,A01
201800020540,2,07,000,00,2,3,13,A01
201800020540,1,07,000,00,2,3,01,B01
201800020540,1,07,000,00,2,2,01,C01
201800020541,1,33,000,15,0,7,01,A01
201800020542,2,07,000,00,2,1,01,C01
201800020542,2,07,000,00,2,6,01,B01
201800020542,1,07,000,00,2,1,19,A01
201800020543,2,07,000,00,2,2,01,A01
201800020543,2,07,000,00,2,3,09,B01
201800020544,2,33,000,00,9,3,01,B01
201800020544,1,33,000,00,2,0,01,A01
201800020545,1,07,000,00,2,7,17,A01
201800020545,1,07,000,00,2,8,13,B01
201800020546,2,07,000,13,0,2,00,A01
201800020547,0,01,000,00,0,3,01,B01
201800020547,0,07,000,00,9,2,17,A01
201800020548,1,32,000,12,0,0,01,A01
201800020549,0,33,000,13,0,1,01,A01
201800020550,0,07,000,02,0,0,01,A01
201800020551,0,07,000,14,2,1,17,B01
201800020551,0,07,000,14,2,3,15,A01
201800020552,0,07,000,00,2,3,01,A01
201800020552,0,07,000,00,2,3,05,B01
201800020553,0,07,000,00,1,1,01,A01
201800020554,0,07,000,00,1,5,01,A01
201800020555,1,38,007,00,2,3,01,A01
201800020555,2,36,000,00,2,3,13,B01
201800020556,1,02,000,12,0,1,01,A01
201800020557,1,07,000,00,2,1,01,A01
201800020557,1,07,000,00,2,4,23,B01
201800020558,1,07,000,00,2,3,11,A01
201800020558,1,31,000,00,2,0,01,B01
201800020559,1,07,000,00,2,1,01,A01
201800020559,2,07,000,00,2,4,01,B01
201800020560,1,07,000,00,1,1,01,A01
201800020561,1,07,000,13,0,9,01,A01
201800020562,2,07,000,00,1,7,01,A01
201800020563,2,01,000,00,2,1,17,B01
201800020563,1,10,000,00,2,8,09,A01
201800020564,1,07,000,00,1,4,04,A01
201800020565,1,07,000,00,2,7,15,A01
201800020565,1,07,000,00,2,1,01,B01
201800020566,1,07,000,00,2,1,02,A01
201800020566,1,07,000,00,2,4,23,B01
201800020567,2,33,000,00,2,1,01,B01
201800020567,1,03,000,00,2,1,15,A01
201800020568,2,07,000,06,0,1,01,A01
201800020569,2,02,000,00,2,1,01,B01
201800020569,2,07,000,00,2,1,09,A01
201800020570,1,33,000,00,2,4,02,B01
201800020570,1,33,000,00,2,1,02,A01
201800020571,1,07,000,09,0,1,01,A01
201800020572,2,07,000,00,2,7,15,A01
201800020572,2,07,000,00,2,1,01,B01
201800020573,2,30,000,00,2,5,01,B01
201800020573,2,07,000,00,2,3,09,A01
201800020574,1,07,000,00,1,1,01,A01
201800020575,1,07,000,00,2,4,23,B01
201800020575,1,30,000,00,2,1,02,A01
201800020576,2,07,000,00,2,7,01,B01
201800020576,2,07,000,00,2,1,09,A01
201800020577,1,07,000,00,2,4,23,B01
201800020577,1,30,000,00,2,1,02,A01
201800020578,2,07,000,00,2,4,23,B01
201800020578,2,07,000,00,2,1,02,A01
201800020579,2,07,000,00,2,4,23,B01
201800020579,2,10,000,00,2,1,02,A01
201800020580,2,07,000,00,2,2,01,B01
201800020580,2,07,000,00,2,3,19,A01
201800020581,1,07,000,15,0,2,01,A01
201800020582,0,07,000,00,2,1,09,A01
201800020582,0,33,000,00,2,7,01,B01
201800020583,0,07,000,08,0,1,01,A01
201800020584,2,32,000,00,2,1,17,B01
201800020584,2,07,000,00,2,2,09,A01
201800020585,1,07,000,00,2,1,02,A01
201800020585,1,07,000,00,2,4,23,B01
201800020586,1,07,000,00,2,1,01,A01
201800020586,2,07,000,00,2,8,19,B01
201800020587,2,33,000,00,2,4,23,B01
201800020587,2,07,000,00,2,1,02,A01
201800020588,1,30,000,00,2,1,02,A01
201800020588,1,07,000,00,2,4,01,B01
201800020589,2,07,000,00,2,7,01,B01
201800020589,2,30,000,00,2,1,01,A01
201800020590,1,07,000,00,2,3,01,B01
201800020590,1,07,000,00,2,1,01,A01
201800020591,1,07,000,00,2,8,01,A01
201800020591,1,02,000,00,2,2,01,B01
201800020592,1,07,000,00,2,4,23,C01
201800020592,1,10,000,00,2,1,02,A01
201800020592,1,07,000,00,2,4,23,B01
201800020593,2,02,000,00,2,7,01,B01
201800020593,2,07,000,00,2,8,13,A01
201800020594,2,07,000,00,2,1,15,A01
201800020594,1,07,000,00,2,1,01,B01
201800020595,2,07,000,00,2,2,15,A01
201800020595,1,33,000,00,2,1,01,B01
201800020596,2,07,000,00,2,3,15,A01
201800020596,2,07,000,00,2,3,01,B01
201800020597,1,07,000,00,2,7,15,A01
201800020597,2,07,000,00,2,1,01,B01
201800020598,1,30,000,00,1,1,01,A01
201800020599,1,07,000,00,2,1,17,A01
201800020599,2,07,000,00,2,3,15,B01
201800020600,1,07,000,00,2,1,02,A01
201800020600,1,07,000,00,2,4,23,C01
201800020600,1,07,000,00,2,4,23,B01
201800020601,1,07,000,00,2,1,09,A01
201800020601,2,33,000,00,2,1,17,B01
201800020602,2,07,000,00,1,3,15,A01
201800020603,2,31,000,08,0,9,01,A01
201800020604,1,07,000,00,2,4,23,B01
201800020604,1,07,000,00,2,1,02,A01
201800020605,1,30,000,00,0,7,21,A01
201800020606,2,10,000,00,2,1,13,A01
201800020606,2,07,000,00,2,1,23,B01
201800020607,1,30,000,00,2,1,09,A01
201800020607,1,07,000,00,0,1,01,B01
201800020608,2,33,000,00,2,1,01,B01
201800020608,1,07,000,00,2,2,01,A01
201800020609,2,33,000,01,2,3,18,A01
201800020609,2,07,000,00,2,2,16,B01
201800020610,0,07,000,00,2,8,09,A01
201800020610,1,33,000,00,2,1,01,B01
201800020611,1,07,000,00,1,1,01,A01
201800020612,1,33,000,00,2,1,01,B01
201800020612,2,07,000,00,2,5,15,A01
201800020613,1,07,000,00,2,2,19,A01
201800020613,1,07,000,00,2,3,01,B01
201800020614,1,07,000,00,2,3,01,B01
201800020614,1,07,000,00,2,3,15,A01
201800020615,1,07,000,00,2,1,13,A01
201800020615,2,07,000,00,2,3,01,B01
201800020616,1,07,000,00,2,6,02,B01
201800020616,1,02,000,00,2,2,02,A01
201800020617,1,07,000,01,0,1,14,A01
201800020618,2,07,000,00,2,2,09,A01
201800020618,2,07,000,00,2,2,01,C01
201800020618,1,31,000,00,2,1,17,B01
201800020619,1,07,000,00,2,6,15,B01
201800020619,1,30,000,00,2,1,17,A01
201800020620,2,07,000,00,2,2,15,A01
201800020620,1,36,000,00,2,1,01,B01
201800020621,1,07,000,00,2,1,01,B01
201800020621,2,01,000,00,2,7,01,A01
201800020622,1,07,000,00,2,8,15,B01
201800020622,1,02,000,00,2,1,17,A01
201800020623,1,10,000,00,1,8,01,A01
201800020624,2,02,000,00,2,7,17,B01
201800020624,1,07,000,00,2,1,09,A01
201800020625,1,07,000,00,2,4,23,B01
201800020625,1,07,000,00,2,1,02,A01
201800020625,1,07,000,00,2,4,23,C01
201800020626,2,07,000,00,1,1,01,A01
201800020627,1,07,000,00,1,1,01,A01
201800020628,1,07,000,00,2,1,02,A01
201800020628,1,07,000,00,2,4,23,B01
201800020629,1,01,000,00,2,1,01,B01
201800020629,2,07,000,00,2,1,15,A01
201800020630,0,13,000,00,2,4,15,C01
201800020630,0,07,000,00,2,4,23,B01
201800020630,0,14,000,00,2,1,01,A01
201800020631,2,02,000,00,2,1,01,B01
201800020631,1,07,000,00,2,1,19,A01
201800020632,0,10,000,00,1,4,04,A01
201800020633,1,07,000,00,2,2,09,A01
201800020633,1,07,000,00,2,1,01,B01
201800020634,1,07,000,00,2,1,02,A01
201800020634,1,03,000,00,2,4,02,B01
201800020634,1,07,000,00,2,4,02,C01
201800020635,2,07,000,00,2,4,02,B01
201800020635,2,07,000,00,2,1,02,A01
201800020636,2,07,000,00,1,8,01,A01
201800020637,1,07,000,00,2,3,00,A01
201800020637,2,07,000,00,2,3,01,B01
201800020638,1,07,000,00,1,1,01,A01
201800020639,1,07,000,00,1,1,01,A01
201800020640,1,07,000,00,2,1,01,A01
201800020640,1,07,000,00,2,4,23,B01
201800020641,1,07,000,00,2,1,01,B01
201800020641,1,30,000,00,2,1,15,A01
201800020642,1,02,000,00,2,3,01,B01
201800020642,2,07,000,00,2,1,09,A01
201800020643,2,07,000,00,2,1,01,B01
201800020643,1,07,000,00,2,1,15,A01
201800020644,1,07,000,00,2,1,05,A01
201800020644,2,07,000,00,2,3,01,B01
201800020645,0,01,000,00,2,1,19,B01
201800020645,0,07,000,00,9,3,01,A01
201800020646,0,07,000,00,2,1,01,A01
201800020646,0,07,000,00,0,4,23,B01
201800020647,0,07,000,00,2,1,00,A01
201800020647,2,07,000,03,2,3,00,B01
201800020648,0,33,000,12,0,7,02,A01
201800020649,1,07,000,13,0,3,13,A01
201800020650,0,10,000,00,2,8,15,A01
201800020650,0,02,000,00,2,8,01,B01
201800020651,1,07,000,00,9,3,01,A01
201800020651,0,01,000,00,2,7,19,B01
201800020652,1,07,000,13,0,1,16,A01
201800020653,1,99,000,00,2,0,00,R01
201800020653,1,07,000,00,2,1,14,A01
201800020654,1,07,000,06,0,6,24,B01
201800020654,1,07,000,01,0,2,14,A01
201800020655,2,01,000,09,0,1,00,A01
201800020656,1,07,000,02,0,3,13,A01
201800020657,1,07,000,13,0,2,16,A01
201800020658,2,07,000,00,0,2,14,A01
201800020659,2,01,000,12,0,1,01,A01
201800020660,1,07,000,00,2,3,01,B01
201800020660,2,07,000,00,2,3,11,A01
201800020661,2,07,000,00,2,1,00,A01
201800020661,0,07,000,00,2,2,00,B01
201800020662,1,07,000,00,1,3,00,A01
201800020663,0,07,000,06,0,1,01,A01
201800020664,1,07,000,00,1,3,15,A01
201800020665,1,07,000,00,2,3,01,A01
201800020665,2,07,000,00,2,1,13,B01
201800020666,2,07,000,00,0,4,02,B01
201800020666,1,07,000,00,2,1,02,A01
201800020667,2,07,000,00,1,2,01,A01
201800020668,0,02,000,00,2,7,00,B01
201800020668,0,07,000,00,2,1,09,A01
201800020669,0,07,000,00,2,0,15,A01
201800020669,0,31,000,00,2,1,00,B01
201800020670,1,07,000,00,1,1,01,A01
201800020671,1,07,000,00,1,3,15,A01
201800020672,2,33,000,06,0,1,00,A01
201800020673,2,07,000,00,1,3,00,A01
201800020674,0,01,000,00,2,1,01,B01
201800020674,0,07,000,00,6,2,01,A01
201800020675,1,07,000,00,2,3,15,A01
201800020675,1,02,000,00,2,1,02,B01
201800020676,0,07,000,00,1,3,01,A01
201800020677,2,07,000,00,2,3,01,B01
201800020677,2,07,000,00,2,3,13,A01
201800020678,1,02,000,00,2,1,01,B01
201800020678,2,07,000,00,2,5,15,A01
201800020678,1,02,000,00,2,0,15,C01
201800020679,1,07,000,06,0,5,14,A01
201800020680,1,07,000,00,2,7,21,B01
201800020680,1,07,000,06,2,1,19,A01
201800020681,1,01,000,00,2,4,02,B01
201800020681,1,07,000,00,2,1,02,Z01
201800020682,1,07,000,00,1,2,01,A01
201800020683,2,07,000,00,2,2,09,A01
201800020683,2,13,000,00,2,1,23,C01
201800020683,1,07,000,00,2,3,23,B01
201800020684,1,30,000,06,0,1,00,A01
201800020685,2,01,000,00,2,3,15,B01
201800020685,1,07,000,00,2,2,01,A01
201800020686,1,07,000,00,2,2,22,B01
201800020686,1,01,000,00,2,2,14,A01
201800020687,1,01,000,00,0,0,10,B01
201800020687,1,07,000,00,2,2,16,A01
201800020688,1,07,000,00,2,1,02,B01
201800020688,1,10,000,00,2,4,02,C01
201800020688,1,07,000,00,2,1,02,A01
201800020689,2,02,000,00,2,1,01,B01
201800020689,2,07,000,00,2,6,15,A01
201800020690,0,07,000,00,0,4,02,D01
201800020690,0,10,000,14,0,1,02,A01
201800020690,0,07,000,14,0,4,02,B01
201800020690,0,07,000,14,0,4,02,C01
201800020691,2,07,000,00,2,7,01,B01
201800020691,1,07,000,00,2,3,19,A01
201800020692,2,07,000,01,0,6,20,A01
201800020693,2,10,000,00,2,2,08,A01
201800020693,1,01,000,00,2,1,05,B01
201800020694,1,02,000,00,2,2,19,A01
201800020694,1,07,000,00,2,1,01,B01
201800020695,2,07,000,00,1,1,01,A01
201800020696,0,07,000,00,2,3,15,A01
201800020696,0,02,000,00,2,1,01,B01
201800020697,1,33,000,00,1,1,01,A01
201800020698,1,07,000,00,2,1,15,A01
201800020698,0,99,000,00,2,0,00,R01
201800020699,2,07,000,00,2,2,01,A01
201800020699,1,02,000,00,2,1,01,B01
201800020700,1,01,000,00,2,2,19,A01
201800020700,1,07,000,00,2,1,07,B01
201800020701,2,33,000,08,2,1,17,B01
201800020701,2,07,000,00,2,2,15,A01
201800020702,1,07,000,00,2,3,15,A01
201800020702,2,01,000,00,2,1,01,B01
201800020703,1,07,000,00,2,2,15,A01
201800020703,2,01,000,00,2,1,01,B01
201800020704,1,14,000,00,1,1,15,A01
201800020705,1,07,000,00,1,2,15,A01
201800020706,1,40,000,00,2,7,01,B01
201800020706,0,07,000,07,4,1,01,A01
201800020707,1,40,010,00,2,2,01,B01
201800020707,0,01,000,00,4,6,19,A01
201800020708,1,40,010,00,1,1,01,A01
201800020709,1,07,000,00,1,2,01,A01
201800020710,2,10,000,00,2,3,01,A01
201800020710,1,37,001,00,2,8,15,B01
201800020711,1,31,000,08,1,1,01,A01
201800020712,1,40,000,00,1,3,01,A01
201800020713,1,07,000,00,2,1,01,B01
201800020713,1,33,000,00,2,3,09,A01
201800020714,1,10,000,00,2,1,02,A01
201800020714,1,01,000,00,2,4,02,B01
201800020715,1,30,000,00,2,2,01,A01
201800020715,2,07,000,00,2,1,01,B01
201800020716,1,07,000,00,2,7,17,A01
201800020716,1,01,000,00,2,8,01,B01
201800020717,1,07,000,00,4,8,01,A01
201800020717,2,40,042,00,2,1,01,B01
201800020718,1,07,000,00,1,4,20,A01
201800020719,1,07,000,00,2,5,01,B01
201800020719,1,30,000,00,2,1,00,A01
201800020720,1,07,000,00,1,2,01,A01
201800020721,1,07,000,00,1,2,01,A01
201800020722,2,07,000,00,2,3,15,A01
201800020722,1,31,000,00,2,1,01,B01
201800020723,1,02,000,00,2,3,01,B01
201800020723,0,07,000,00,2,1,16,A01
201800020724,1,07,000,00,1,4,04,A01
201800020725,1,07,000,00,1,3,15,A01
201800020726,1,07,000,00,2,3,01,B01
201800020726,1,02,000,00,2,1,01,A01
201800020727,2,33,000,00,2,1,01,B01
201800020727,0,07,000,00,2,5,15,A01
201800020728,1,31,000,00,2,8,01,A01
201800020728,1,07,000,00,2,2,01,B01
201800020729,1,07,000,00,1,3,01,A01
201800020730,1,32,000,00,1,0,00,Z01
201800020731,1,33,000,00,2,1,01,B01
201800020731,0,07,000,00,2,2,19,A01
201800020732,1,07,000,00,1,3,00,A01