Num_Acc,senc,catv,occutc,obs,obsm,choc,manv,num_veh
201800021107,2,07,000,00,2,1,09,A01
201800021107,2,30,000,00,2,7,02,B01
201800021108,1,07,000,00,2,2,02,A01
201800021108,1,07,000,00,2,4,09,B01
201800021109,1,01,000,00,2,2,02,B01
201800021109,1,07,000,00,2,3,09,A01
201800021110,2,10,000,00,1,2,01,A01
201800021111,2,07,000,14,0,1,02,A01
201800021111,2,07,000,00,0,4,23,B01
201800021112,1,07,000,00,2,1,13,A01
201800021112,2,07,000,00,2,1,01,B01
201800021113,1,07,000,13,0,2,14,A01
201800021114,1,01,000,00,6,8,19,A01
201800021115,1,07,000,00,2,3,15,A01
201800021115,2,01,000,00,2,1,01,B01
201800021116,0,07,000,00,2,1,15,A01
201800021116,0,01,000,00,2,7,01,B01
201800021117,2,07,000,00,2,1,16,A01
201800021117,0,02,000,00,2,7,00,B01
201800021118,1,07,000,00,2,3,09,A01
201800021118,1,02,000,00,2,7,02,B01
201800021119,1,07,000,00,2,2,17,A01
201800021119,1,01,000,00,2,8,02,B01
201800021120,1,07,000,00,2,2,16,A01
201800021120,0,01,000,00,0,8,00,B01
201800021121,1,07,000,00,2,1,02,A01
201800021121,1,07,000,00,2,4,20,B01
201800021122,0,14,000,00,1,7,04,A01
201800021123,2,07,000,00,2,1,01,A01
201800021123,1,01,000,00,2,0,19,B01
201800021124,0,07,000,00,1,3,00,A01
201800021125,2,07,000,00,2,1,15,A01
201800021125,1,07,000,00,2,3,01,B01
201800021126,2,07,000,00,1,1,01,A01
201800021127,1,30,000,00,1,1,01,A01
201800021128,0,33,000,00,2,1,02,A01
201800021128,0,02,000,00,2,7,02,B01
201800021129,1,07,000,00,2,7,01,B01
201800021129,0,07,000,00,2,7,19,A01
201800021130,1,07,000,00,2,3,15,A01
201800021130,2,07,000,00,2,3,01,B01
201800021131,1,07,000,00,2,1,01,A01
201800021131,0,07,000,08,0,3,01,B01
201800021132,0,33,000,08,0,0,15,A01
201800021133,1,07,000,00,2,3,01,A01
201800021133,2,07,000,00,2,3,01,B01
201800021134,2,07,000,00,9,3,01,A01
201800021134,1,01,000,00,2,1,15,B01
201800021135,0,07,000,02,0,1,01,A01
201800021136,0,01,000,00,2,8,06,B01
201800021136,0,07,000,00,9,1,01,A01
201800021137,0,07,000,00,1,3,01,A01
201800021138,0,07,000,00,2,1,01,B01
201800021138,0,07,000,00,2,1,13,A01
201800021139,2,07,000,00,1,2,01,A01
201800021140,0,07,000,00,2,7,01,A01
201800021140,0,10,000,00,2,1,01,B01
201800021141,1,07,000,00,2,1,01,A01
201800021141,0,07,000,00,2,7,01,B01
201800021142,1,07,000,00,2,1,13,A01
201800021142,2,07,000,00,2,1,01,B01
201800021143,0,07,000,02,0,1,01,A01
201800021144,1,07,000,00,2,3,13,A01
201800021144,2,33,000,00,2,1,00,B01
201800021145,1,07,000,13,0,1,01,A01
201800021146,0,01,000,00,2,8,01,C01
201800021146,0,01,000,00,2,8,01,B01
201800021146,0,21,000,00,9,3,13,A01
201800021147,1,33,000,00,0,7,01,A01
201800021148,0,07,000,15,0,3,14,A01
201800021149,0,01,000,00,2,1,02,A01
201800021149,0,07,000,00,9,4,02,B01
201800021150,1,07,000,00,1,3,16,A01
201800021151,1,33,000,00,2,1,01,B01
201800021151,2,07,000,00,2,2,15,A01
201800021152,2,07,000,13,0,1,13,A01
201800021153,0,07,000,00,1,1,00,A01
201800021154,1,07,000,13,0,2,01,A01
201800021155,1,07,000,00,2,1,01,C01
201800021155,2,14,000,00,2,3,01,B01
201800021155,1,07,000,00,2,1,13,A01
201800021156,2,07,000,00,2,7,17,A01
201800021156,2,01,000,00,2,8,02,B01
201800021157,1,07,000,00,2,2,01,B01
201800021157,0,02,000,00,2,1,09,A01
201800021158,2,07,000,00,2,1,02,B01
201800021158,1,07,000,00,2,1,05,A01
201800021159,2,07,000,00,2,8,01,B01
201800021159,2,07,000,00,2,1,00,A01
201800021160,1,07,000,00,0,9,14,A01
201800021161,1,07,000,08,0,8,01,A01
201800021162,1,07,000,00,0,1,01,A01
201800021163,2,07,000,06,0,1,13,A01
201800021164,1,07,000,00,1,2,01,A01
201800021165,0,07,000,00,0,0,00,A01
201800021166,1,07,000,06,0,7,01,A01
201800021167,2,33,000,00,2,1,02,A01
201800021167,2,33,000,00,0,4,02,B01
201800021168,2,33,000,00,2,7,17,A01
201800021168,2,07,000,00,2,6,15,B01
201800021169,1,07,000,00,2,3,19,A01
201800021169,1,07,000,00,2,1,01,B01
201800021170,1,07,000,00,2,3,19,A01
201800021170,1,07,000,00,2,5,01,B01
201800021171,2,07,000,00,2,2,05,A01
201800021171,1,07,000,00,2,7,00,B01
201800021171,1,07,000,00,2,1,01,C01
201800021172,2,07,000,06,0,1,01,A01
201800021173,0,02,000,13,0,8,01,A01
201800021174,1,07,000,00,2,2,01,A01
201800021174,2,01,000,00,2,1,05,B01
201800021175,2,07,000,13,0,9,01,A01
201800021176,0,07,000,00,2,3,02,A01
201800021176,0,33,000,00,2,1,02,B01
201800021177,0,07,000,00,1,2,01,A01
201800021178,2,07,000,00,2,3,15,A01
201800021178,1,02,000,00,2,1,01,B01
201800021179,0,07,000,00,1,7,01,A01
201800021180,1,14,000,00,2,3,15,A01
201800021180,2,02,000,00,2,1,01,B01
201800021181,1,07,000,00,2,1,19,B01
201800021181,1,07,000,00,2,3,01,A01
201800021182,2,02,000,13,0,3,01,A01
201800021183,0,01,000,00,0,4,00,A01
201800021183,0,07,000,00,9,2,02,B01
201800021184,0,07,000,00,1,3,01,A01
201800021185,0,07,000,07,0,1,09,A01
201800021186,1,07,000,00,0,5,12,A01
201800021186,1,33,000,00,2,3,03,B01
201800021187,0,07,000,00,2,8,19,A01
201800021187,0,10,000,00,2,1,01,B01
201800021188,0,07,000,07,0,1,01,A01
201800021188,0,07,000,00,2,3,23,C01
201800021188,0,39,001,00,4,3,01,B01
201800021189,0,07,000,00,2,2,20,A01
201800021189,0,02,000,00,2,1,01,B01
201800021190,2,07,000,00,2,3,01,A01
201800021190,1,07,000,00,2,3,01,B01
201800021191,1,07,000,00,1,1,01,A01
201800021192,2,07,000,00,1,2,06,A01
201800021193,0,01,000,12,0,1,01,A01
201800021194,1,07,000,00,1,2,01,A01
201800021195,0,02,000,00,0,1,01,A01
201800021196,1,07,000,00,1,2,01,A01
201800021197,0,02,000,00,1,1,02,A01
201800021198,1,03,000,03,2,1,01,A01
201800021198,2,07,000,03,2,1,01,B01
201800021199,2,07,000,03,2,1,01,A01
201800021199,1,33,000,03,2,1,01,B01
201800021200,2,37,001,00,2,1,02,A01
201800021200,2,07,000,00,2,4,02,B01
201800021200,2,07,000,00,2,4,02,C01
201800021201,2,07,000,03,2,3,13,A01
201800021201,1,15,000,00,2,3,01,B01
201800021202,0,02,000,00,2,3,13,A01
201800021202,0,07,000,00,2,3,01,B01
201800021203,0,07,000,01,1,2,01,A01
201800021204,2,13,000,00,2,8,01,C01
201800021204,1,07,000,00,2,3,01,B01
201800021204,2,07,000,00,2,3,17,A01
201800021205,0,07,000,00,0,1,01,A01
201800021206,1,07,000,00,2,1,13,A01
201800021206,2,07,000,00,2,1,01,B01
201800021207,1,07,000,00,2,3,01,B01
201800021207,2,07,000,00,2,3,13,A01
201800021208,1,10,000,08,0,3,13,A01
201800021209,2,10,000,00,1,4,04,A01
201800021210,1,10,000,00,2,5,01,B01
201800021210,1,33,000,00,2,1,01,A01
201800021211,0,10,000,00,1,1,15,A01
201800021212,2,32,000,13,0,0,19,A01
201800021213,2,07,000,00,1,1,14,A01
201800021214,1,33,000,00,2,1,05,B01
201800021214,1,21,000,00,0,6,15,A01
201800021215,0,07,000,00,2,3,13,A01
201800021215,0,02,000,00,2,1,14,B01
201800021216,2,14,000,13,0,2,06,A01
201800021217,2,02,000,00,2,1,01,B01
201800021217,0,07,000,00,2,8,15,A01
201800021218,1,33,000,00,0,2,01,A01
201800021219,1,10,000,13,0,1,01,A01
201800021220,1,07,000,02,0,3,01,A01
201800021221,1,33,000,13,0,0,01,A01
201800021222,1,07,000,00,2,1,17,A01
201800021222,2,30,000,00,2,1,01,B01
201800021223,1,07,000,00,1,1,01,A01
201800021224,2,07,000,00,2,1,02,A01
201800021224,2,07,000,00,2,4,02,B01
201800021224,2,07,000,00,2,4,02,C01
201800021225,2,10,000,00,1,1,01,A01
201800021226,2,07,000,00,2,1,01,B01
201800021226,1,07,000,00,2,1,13,A01
201800021227,1,07,000,00,2,3,01,A01
201800021227,2,07,000,00,2,2,15,B01
201800021228,2,07,000,00,1,1,01,A01
201800021229,1,07,000,00,2,1,09,A01
201800021229,1,07,000,09,2,1,01,B01
201800021230,0,07,000,00,1,4,04,A01
201800021231,2,07,000,00,1,1,01,A01
201800021232,2,07,000,00,1,1,01,A01
201800021233,1,07,000,00,0,1,01,A01
201800021234,2,07,000,00,2,1,01,A01
201800021234,1,07,000,00,2,7,15,B01
201800021235,0,31,000,00,1,1,01,A01
201800021236,2,10,000,00,2,2,01,A01
201800021236,1,07,000,00,2,3,19,B01
201800021237,0,32,000,15,0,1,01,A01
201800021238,2,07,000,06,0,1,01,A01
201800021239,1,07,000,00,2,2,15,A01
201800021239,1,02,000,00,2,1,01,B01
201800021240,2,07,000,00,1,3,01,A01
201800021241,2,33,000,00,2,1,06,A01
201800021241,1,07,000,00,2,2,15,B01
201800021242,2,07,000,00,0,0,13,A01
201800021243,0,01,000,00,2,1,19,A01
201800021243,2,07,000,00,2,3,01,B01
201800021244,2,99,000,00,1,3,01,Z01
201800021245,1,07,000,00,2,1,00,B01
201800021245,0,10,000,00,2,3,19,A01
201800021246,1,07,000,00,2,3,09,A01
201800021246,1,30,000,00,2,1,00,B01
201800021247,0,07,000,00,1,1,01,A01
201800021248,0,07,000,00,2,1,01,B01
201800021248,0,31,000,00,2,8,19,M01
201800021249,,07,000,00,1,2,01,A01
201800021250,0,07,000,00,2,1,13,A01
201800021250,0,30,000,00,2,1,00,B01
201800021251,0,07,000,00,2,1,00,A01
201800021251,0,07,000,00,2,1,01,B01
201800021252,1,31,000,00,2,8,01,B01
201800021252,1,07,000,00,2,1,19,A01
201800021253,0,07,000,00,2,1,09,A01
201800021253,0,01,000,00,2,7,00,B01
201800021254,0,07,000,00,2,1,21,A01
201800021254,0,07,000,00,2,1,00,B01
201800021255,1,07,000,00,2,2,01,A01
201800021255,0,02,000,00,2,3,01,B01
201800021256,1,07,000,00,1,7,01,A01
201800021257,1,03,000,00,2,7,00,A01
201800021257,0,02,000,00,2,4,00,B01
201800021258,0,07,000,00,2,1,00,A01
201800021258,0,37,010,00,2,7,00,B01
201800021259,1,10,000,00,2,2,00,B01
201800021259,0,07,000,00,2,1,00,A01
201800021260,2,07,000,00,2,1,00,A01
201800021260,2,07,000,00,2,3,00,B01
201800021261,1,07,000,00,2,4,02,B01
201800021261,1,07,000,00,2,1,02,A01
201800021262,0,07,000,00,2,1,00,A01
201800021262,0,34,000,00,2,2,00,B01
201800021263,0,07,000,00,2,0,00,A01
201800021263,1,01,000,00,2,0,00,B01
201800021264,0,07,000,00,2,2,05,A01
201800021264,0,07,000,00,2,1,01,B01
201800021265,1,07,000,00,1,1,01,A01
201800021266,2,07,000,00,1,3,01,A01
201800021267,1,07,000,00,1,2,01,A01
201800021268,1,37,001,00,2,5,15,A01
201800021268,1,32,000,00,2,1,01,B01
201800021269,0,07,000,00,1,4,01,A01
201800021270,2,07,000,00,2,3,10,A01
201800021270,1,33,000,00,2,1,01,B01
201800021271,2,07,000,00,2,0,15,A01
201800021271,1,07,000,00,2,0,01,B01
201800021272,0,02,000,00,2,1,15,B01
201800021272,0,07,000,00,2,3,01,A01
201800021273,2,07,000,00,2,7,17,A01
201800021273,2,07,000,00,2,0,01,B01
201800021274,0,07,000,00,1,1,01,A01
201800021275,0,31,000,05,0,1,00,A01
201800021276,0,07,000,00,2,2,15,A01
201800021276,0,07,000,00,2,3,01,B01
201800021277,0,01,000,00,2,0,09,A01
201800021277,0,07,000,00,2,0,01,B01
201800021278,1,07,000,00,2,1,13,A01
201800021278,2,07,000,00,2,1,01,B01
201800021279,0,07,000,00,1,1,01,A01
201800021280,0,07,000,00,2,3,15,A01
201800021280,0,33,000,00,2,7,01,B01
201800021281,2,07,000,13,0,0,01,A01
201800021282,0,07,000,00,1,3,00,A01
201800021282,0,07,000,00,0,3,23,B01
201800021283,0,07,000,00,2,1,00,A01
201800021283,0,07,000,00,2,2,15,B01
201800021284,1,07,000,00,2,9,01,A01
201800021284,1,07,000,04,2,7,17,B01
201800021285,1,07,000,00,2,7,01,A01
201800021285,2,07,000,00,2,1,01,B01
201800021286,0,07,000,00,2,2,15,A01
201800021286,0,01,000,00,2,1,01,B01
201800021287,2,07,000,00,2,1,01,A01
201800021287,1,07,000,00,2,3,01,B01
201800021288,0,37,025,00,1,2,08,A01
201800021289,0,07,000,00,2,5,13,A01
201800021289,0,07,000,00,2,1,01,B01
201800021290,1,31,000,00,2,1,17,B01
201800021290,0,07,000,00,2,3,15,A01
201800021291,0,07,000,00,2,1,13,A01
201800021291,0,02,000,00,2,1,01,B01
201800021292,1,10,000,15,0,1,01,A01
201800021293,0,32,000,00,2,1,05,A01
201800021293,0,07,000,00,2,1,01,B01
201800021294,1,07,000,00,1,1,01,A01
201800021295,2,33,000,00,2,1,01,B01
201800021295,0,07,000,00,2,3,09,A01
201800021296,1,33,000,00,2,1,01,B01
201800021296,2,07,000,00,2,3,09,A01
201800021297,2,07,000,03,0,9,01,A01
201800021298,1,07,000,00,2,1,02,A01
201800021298,0,07,000,00,2,4,23,B01
201800021299,0,07,000,00,2,1,01,A01
201800021299,0,07,000,00,2,1,01,B01
201800021300,1,07,000,00,1,2,01,A01
201800021300,1,07,000,00,1,1,01,B01
201800021300,1,07,000,00,1,1,01,C01
201800021301,0,30,000,00,2,0,01,B01
201800021301,0,07,000,00,2,0,09,A01
201800021302,2,07,000,00,2,1,09,A01
201800021302,0,01,000,00,2,7,01,B01
201800021303,2,07,000,00,2,0,13,A01
201800021303,2,33,000,00,2,2,17,B01
201800021304,0,07,000,00,2,1,01,A01
201800021304,0,07,000,00,2,1,01,B01
201800021305,0,07,000,00,2,1,13,A01
201800021305,0,15,000,00,2,1,01,B01
201800021306,0,01,000,00,2,1,01,B01
201800021306,0,07,000,00,2,3,09,A01
201800021307,2,07,000,00,1,3,01,A01
201800021308,0,07,000,00,1,2,01,A01
201800021309,2,10,000,00,2,3,10,A01
201800021309,2,33,000,00,2,9,17,B01
201800021310,0,38,001,00,2,8,01,B01
201800021310,0,07,000,00,2,1,16,A01
201800021311,1,99,000,00,2,2,02,Z01
201800021311,1,33,000,00,2,4,02,A01
201800021312,0,07,000,00,2,1,01,A01
201800021312,0,01,000,00,2,1,01,B01
201800021313,1,07,000,00,1,2,01,A01
201800021314,0,02,000,00,2,3,16,A01
201800021314,0,07,000,00,2,3,15,B01
201800021315,0,21,000,00,0,0,00,A01
201800021315,0,33,000,00,0,0,02,B01
201800021316,2,07,000,13,0,2,02,A01
201800021317,0,02,000,00,2,1,00,A01
201800021317,0,10,000,00,2,7,15,B01
201800021318,0,07,000,00,1,2,01,A01
201800021319,0,07,000,00,9,3,01,A01
201800021319,0,01,000,00,2,3,13,B01
201800021320,2,33,000,00,2,8,15,A01
201800021320,1,07,000,00,2,2,01,B01
201800021321,0,33,000,13,0,2,01,A01
201800021322,2,33,000,00,2,3,17,A01
201800021322,1,07,000,00,9,3,01,B01
201800021323,0,33,000,00,2,1,17,A01
201800021323,0,13,000,00,2,1,15,B01
201800021324,1,07,000,00,2,1,00,A01
201800021324,2,10,000,00,2,1,01,B01
201800021325,0,07,000,00,2,1,13,A01
201800021325,0,07,000,00,2,1,01,B01
201800021326,1,07,000,06,0,3,14,A01
201800021327,0,33,000,04,0,4,01,A01
201800021328,0,07,000,00,9,3,16,A01
201800021328,0,01,000,00,2,1,01,B01
201800021329,1,10,000,00,2,2,01,A01
201800021329,2,01,000,00,2,8,00,B01
201800021330,1,33,000,00,2,8,00,A01
201800021330,2,07,000,00,2,8,00,B01
201800021331,0,07,000,00,0,3,15,A01
201800021331,0,33,000,00,2,1,01,B01
201800021332,1,07,000,00,2,1,01,A01
201800021332,2,02,000,00,2,1,13,B01
201800021333,1,07,000,00,2,2,15,A01
201800021333,2,02,000,00,2,1,01,B01
201800021334,0,02,000,00,2,8,15,A01
201800021334,0,07,000,00,2,1,01,B01
201800021335,1,31,000,00,0,7,01,A01
201800021336,1,33,000,00,0,7,02,A01
201800021337,0,07,000,02,0,8,14,A01
201800021338,0,07,000,00,0,3,01,A01
201800021338,0,07,000,00,0,3,01,B01
201800021339,0,33,000,06,0,1,15,A01
201800021340,1,33,000,00,0,0,17,A01
201800021341,2,33,000,03,0,1,01,A01
201800021342,1,07,000,00,0,9,00,A01
201800021343,0,07,000,00,9,2,01,A01
201800021343,0,01,000,00,2,1,00,B01
201800021344,2,07,000,00,2,6,23,B01
201800021344,2,33,000,00,2,1,01,A01
201800021345,1,07,000,00,2,1,17,A01
201800021345,1,01,000,00,0,4,02,B01
201800021346,1,07,000,00,0,0,02,A01
201800021346,1,07,000,00,0,6,14,B01
201800021346,1,33,000,00,2,1,02,C01
201800021347,0,02,000,00,0,0,00,A01
201800021348,2,33,000,12,0,1,01,A01
201800021349,0,07,000,13,0,1,00,A01
201800021350,1,07,000,00,2,1,02,A01
201800021350,1,07,000,00,0,4,02,B01
201800021351,0,99,000,00,1,2,02,A01
201800021352,0,99,000,00,2,1,09,B01
201800021352,0,10,000,00,9,1,01,A01
201800021353,2,07,000,06,0,3,14,A01
201800021354,1,33,000,05,0,2,19,A01
201800021355,2,33,000,00,2,1,01,B01
201800021355,0,07,000,00,2,3,15,A01
201800021356,1,07,000,00,2,7,13,A01
201800021356,1,07,000,00,2,1,01,B01
201800021357,1,02,000,00,2,1,13,A01
201800021357,1,07,000,00,2,3,01,B01
201800021358,1,17,000,00,2,2,15,A01
201800021358,2,30,000,00,2,1,01,B01
201800021359,1,07,000,13,0,1,01,A01
201800021360,1,16,000,13,0,1,00,A01
201800021361,1,07,000,00,1,2,01,A01
201800021362,1,07,000,00,2,7,00,A01
201800021362,2,07,000,00,2,1,01,B01
201800021363,0,02,000,00,0,0,01,A01
201800021364,0,07,000,01,1,4,04,A01
201800021365,2,33,000,02,0,2,01,A01
201800021366,2,33,000,00,2,2,01,A01
201800021366,2,07,000,00,2,1,09,B01
201800021367,1,10,000,02,0,1,01,A01
201800021368,0,07,000,00,2,3,01,B01
201800021368,0,07,000,00,2,1,01,A01
201800021369,0,02,000,00,0,4,15,A01
201800021369,0,02,000,00,2,1,02,B01
201800021370,2,02,000,00,2,1,01,B01
201800021370,2,07,000,00,0,8,16,A01
201800021371,2,07,000,00,2,1,01,B01
201800021371,1,07,000,00,2,1,11,A01
201800021372,2,07,000,00,2,1,02,A01
201800021372,2,07,000,00,0,4,02,B01
201800021373,2,07,000,02,0,9,01,A01
201800021374,1,07,000,04,0,3,01,A01
201800021375,2,07,000,13,0,1,01,A01
201800021376,1,07,000,04,0,3,01,A01
201800021377,2,38,057,04,0,3,01,A01
201800021378,1,07,000,13,0,1,00,A01
201800021379,1,07,000,15,0,1,01,A01
201800021380,2,07,000,16,0,2,01,A01
201800021381,2,07,000,14,0,1,01,C01
201800021381,2,07,000,00,0,4,01,B01
201800021381,2,10,000,00,2,1,21,A01
201800021382,2,07,000,00,2,1,01,B01
201800021382,2,07,000,00,1,4,13,A01
201800021383,2,07,000,00,2,2,14,A01
201800021383,2,17,000,00,0,6,01,B01
201800021384,0,07,000,00,2,1,01,B01
201800021384,0,30,000,00,2,8,09,A01
201800021385,0,07,000,00,2,1,16,A01
201800021385,0,10,000,00,0,4,01,B01
201800021386,0,10,000,00,2,1,15,A01
201800021386,0,07,000,00,0,7,01,B01
201800021387,0,07,000,00,1,3,16,A01
201800021388,0,07,000,00,1,1,01,A01
201800021389,2,07,000,00,2,1,09,A01
201800021389,1,07,000,00,2,4,19,B01
201800021390,0,07,000,00,2,1,01,A01
201800021390,0,07,000,00,0,1,15,B01
201800021391,2,07,000,00,1,1,02,A01
201800021392,1,07,000,00,2,3,00,A01
201800021392,2,07,000,00,2,3,00,B01
201800021393,1,07,000,00,2,3,13,A01
201800021393,2,07,000,00,0,3,01,B01
201800021394,0,07,000,00,2,1,02,A01
201800021394,0,07,000,00,0,4,02,B01
201800021395,2,10,000,00,1,1,19,A01
201800021396,2,07,000,00,2,4,24,A01
201800021396,1,07,000,01,0,1,02,B01
201800021397,1,07,000,00,2,1,00,A01
201800021397,2,02,000,00,2,7,00,B01
201800021398,0,03,000,00,2,1,02,A01
201800021398,0,07,000,00,0,4,01,B01
201800021399,0,07,000,00,2,1,02,A01
201800021399,0,07,000,00,0,4,02,B01
201800021400,2,30,000,00,2,1,01,B01
201800021400,0,07,000,00,2,3,15,A01
201800021401,0,07,000,00,2,1,01,B01
201800021401,0,07,000,00,2,3,15,A01
201800021402,0,07,000,00,2,3,01,A01
201800021402,0,07,000,00,2,3,01,B01
201800021403,0,33,000,00,2,1,17,A01
201800021403,0,10,000,00,2,8,15,B01
201800021404,1,07,000,00,1,2,02,A01
201800021405,0,07,000,00,2,1,09,A01
201800021405,0,33,000,00,2,7,01,B01
201800021406,0,07,000,14,2,1,02,A01
201800021406,0,01,000,14,2,7,02,B01
201800021407,0,07,000,01,2,1,13,A01
201800021407,0,07,000,00,2,1,01,C01
201800021408,0,07,000,00,2,1,16,A01
201800021408,0,02,000,00,2,1,09,B01
201800021409,0,07,000,00,2,2,15,A01
201800021409,0,33,000,00,2,1,01,B01
201800021410,0,07,000,00,1,1,17,A01
201800021411,2,14,000,00,2,7,09,A01
201800021411,0,33,000,00,2,7,09,B01
201800021412,0,07,000,00,1,1,01,A01
201800021413,1,07,000,00,2,1,02,A01
201800021413,1,07,000,00,2,4,02,B01
201800021414,0,02,000,00,0,7,01,B01
201800021414,0,07,000,00,2,1,15,A01
201800021415,0,07,000,00,2,1,02,A01
201800021415,0,07,000,00,2,4,02,B01
201800021415,0,07,000,01,0,4,02,C01
201800021416,0,07,000,00,2,1,02,A01
201800021416,0,07,000,00,2,4,02,B01
201800021416,0,07,000,00,2,4,02,C01
201800021417,0,07,000,01,0,2,01,A01
201800021418,0,07,000,00,1,1,01,A01
201800021419,0,07,000,00,2,1,15,A01
201800021419,0,33,000,00,2,7,01,B01
201800021420,1,07,000,00,2,3,15,A01
201800021420,0,07,000,00,2,3,01,B01
201800021420,0,10,000,01,0,0,00,C01
201800021420,0,07,000,01,0,0,00,D01
201800021420,0,07,000,01,0,0,00,E01
201800021421,1,07,000,00,2,1,02,A01
201800021421,0,07,000,00,2,4,02,B01
201800021421,0,07,000,00,2,1,02,C01
201800021422,0,07,000,00,2,1,09,A01
201800021422,0,07,000,00,2,4,02,B01
201800021422,0,07,000,00,0,4,02,C01
201800021423,1,07,000,00,2,1,02,A01
201800021423,1,07,000,00,0,4,23,B01
201800021424,0,07,000,00,1,1,01,A01
201800021425,0,07,000,00,0,4,01,B01
201800021425,0,07,000,00,2,1,02,A01
201800021426,0,03,000,00,2,1,02,A01
201800021426,0,07,000,00,0,4,15,B01
201800021427,0,07,000,00,2,1,15,A01
201800021427,0,31,000,00,0,8,01,B01
201800021428,0,07,000,00,2,1,09,A01
201800021428,0,07,000,09,2,8,01,B01
201800021429,0,07,000,00,2,1,01,A01
201800021429,0,07,000,00,0,1,01,B01
201800021430,0,07,000,00,2,7,09,A01
201800021430,0,33,000,00,2,1,00,B01
201800021431,0,07,000,00,1,1,00,A01
201800021432,2,07,000,00,2,1,09,A01
201800021432,2,33,000,00,2,0,00,B01
201800021433,0,07,000,00,1,1,00,A01
201800021434,0,07,000,00,2,1,02,A01
201800021434,0,33,000,00,2,4,02,B01
201800021435,0,30,000,00,2,1,02,A01
201800021435,0,07,000,00,0,4,02,B01
201800021436,0,31,000,00,0,2,01,B01
201800021436,0,37,046,00,2,3,09,A01
201800021437,0,07,000,00,1,1,01,A01
201800021438,0,37,005,00,2,1,02,A01
201800021438,0,07,000,00,0,4,01,B01
201800021439,0,07,000,00,2,1,00,A01
201800021439,0,01,000,00,0,4,09,B01
201800021440,2,07,000,00,2,2,15,A01
201800021440,1,07,000,00,2,1,01,B01
201800021441,0,30,000,00,2,1,18,A01
201800021441,0,07,000,00,0,0,00,B01
201800021442,1,10,000,00,2,1,02,A01
201800021442,1,07,000,00,0,4,23,B01
201800021443,0,07,000,00,2,1,02,A01
201800021443,0,07,000,00,2,4,02,B01
201800021444,0,02,000,00,2,5,00,A01
201800021444,0,07,000,00,2,1,01,B01
201800021445,0,07,000,01,2,1,01,A01
201800021445,0,07,000,00,2,4,20,B01
201800021446,0,03,000,00,1,7,00,A01
201800021447,0,10,000,00,2,1,02,A01
201800021447,0,07,000,00,2,4,02,B01
201800021447,0,07,000,00,0,4,01,C01
201800021448,0,31,000,00,2,0,01,A01
201800021448,0,07,000,00,2,8,01,B01
201800021448,0,07,000,00,2,8,01,C01
201800021449,0,07,000,00,2,5,09,A01
201800021449,0,31,000,00,2,1,01,B01
201800021450,0,07,000,00,2,1,01,A01
201800021450,0,10,000,00,2,4,09,B01
201800021451,0,07,000,00,2,1,02,A01
201800021451,0,07,000,00,2,4,02,B01
201800021452,0,07,000,16,0,1,01,A01
201800021453,2,07,000,00,2,8,01,B01
201800021453,2,07,000,00,2,1,15,A01
201800021454,0,07,000,00,1,3,19,A01
201800021455,1,07,000,00,2,1,02,A01
201800021455,1,07,000,00,2,4,23,B01
201800021455,1,07,000,00,2,4,23,C01
201800021456,1,07,000,00,2,1,02,A01
201800021456,1,07,000,00,5,1,01,B01
201800021457,0,07,000,00,2,3,02,A01
201800021457,0,33,000,00,2,5,17,B01
201800021458,0,07,000,00,2,1,02,A01
201800021458,0,07,000,00,0,4,01,B01
201800021459,0,33,000,00,2,1,13,A01
201800021459,0,07,000,00,2,1,01,B01
201800021460,0,07,000,00,1,1,01,A01
201800021461,0,33,000,00,2,1,01,B01
201800021461,0,07,000,00,2,3,15,A01
201800021462,0,07,000,00,1,1,01,A01
201800021463,0,10,000,00,2,5,01,A01
201800021463,0,07,000,00,2,3,18,B01
201800021464,0,07,000,00,2,1,02,A01
201800021464,0,07,000,00,2,4,01,B01
201800021465,0,07,000,00,2,3,13,A01
201800021465,0,07,000,00,2,3,01,B01
201800021466,0,07,000,00,1,2,01,A01
201800021467,0,07,000,00,2,1,01,A01
201800021467,0,07,000,00,0,4,01,B01
201800021468,1,07,000,02,0,3,00,A01
201800021469,2,07,000,00,2,3,17,A01
201800021469,1,33,000,00,2,8,01,B01
201800021470,2,07,000,05,0,2,01,A01
201800021471,2,33,000,00,2,1,01,A01
201800021471,2,07,000,00,2,8,15,B01
201800021472,1,07,000,02,0,1,01,A01
201800021473,0,07,000,16,0,9,01,A01
201800021474,0,10,000,00,1,1,16,A01
201800021475,2,07,000,00,1,1,01,A01
201800021476,1,07,000,00,2,1,17,A01
201800021476,1,14,000,00,2,6,01,C01
201800021476,2,07,000,00,2,1,01,B01
201800021477,1,07,000,00,9,2,01,A01
201800021477,1,01,000,00,2,8,16,B01
201800021478,1,30,000,02,0,1,01,A01
201800021479,2,07,000,02,0,1,14,A01
201800021480,1,07,000,00,2,3,01,B01
201800021480,2,10,000,00,2,2,15,A01
201800021481,1,36,000,01,0,1,01,A01
201800021482,1,07,000,00,1,3,01,A01
201800021483,2,07,000,00,1,1,01,A01
201800021484,2,31,000,00,2,1,01,B01
201800021484,1,07,000,00,9,8,15,A01
201800021485,1,07,000,00,2,7,14,A01
201800021485,1,99,000,00,2,0,00,R01
201800021486,2,31,000,00,2,1,02,A01