Num_Acc,senc,catv,occutc,obs,obsm,choc,manv,num_veh
201800021486,2,07,000,00,2,2,09,B01
201800021487,0,07,000,02,0,1,21,A01
201800021488,1,33,000,00,2,1,17,A01
201800021488,1,07,000,00,2,3,15,B01
201800021489,2,07,000,08,0,1,14,A01
201800021490,2,07,000,02,0,1,01,A01
201800021491,1,35,000,00,2,1,01,A01
201800021491,2,07,000,00,2,5,01,B01
201800021492,2,07,000,00,2,3,02,B01
201800021492,1,07,000,00,2,1,00,A01
201800021493,1,07,000,00,2,1,01,B01
201800021493,0,07,000,00,2,2,00,A01
201800021494,0,07,000,00,1,1,01,A01
201800021495,1,07,000,00,2,1,01,A01
201800021495,1,07,000,00,2,4,01,B01
201800021495,1,07,000,00,2,4,23,C01
201800021496,0,07,000,08,2,6,01,A01
201800021496,0,07,000,12,2,1,01,B01
201800021497,1,07,000,00,1,0,00,A01
201800021498,1,10,000,00,1,1,15,A01
201800021499,0,33,000,00,2,1,01,B01
201800021499,0,07,000,00,2,7,01,A01
201800021500,2,07,000,01,0,1,01,A01
201800021500,0,07,000,01,2,7,00,B01
201800021500,0,07,000,01,0,4,00,C01
201800021501,1,07,000,00,2,1,15,A01
201800021501,2,33,000,00,2,1,00,B01
201800021502,0,07,000,00,2,4,00,B01
201800021502,0,07,000,00,2,1,00,A01
201800021503,1,07,000,01,0,1,14,A01
201800021503,0,10,000,01,2,5,00,B01
201800021503,0,07,000,01,0,7,00,C01
201800021504,0,30,000,00,2,1,01,A01
201800021504,0,07,000,00,2,3,15,B01
201800021505,0,07,000,00,2,1,01,A01
201800021505,0,07,000,00,2,8,01,B01
201800021506,1,07,000,13,0,0,01,A01
201800021507,0,07,000,00,2,1,01,A01
201800021507,0,07,000,00,2,8,01,B01
201800021508,2,07,000,00,2,2,00,B01
201800021508,1,30,000,00,2,9,01,A01
201800021509,1,30,000,12,0,1,14,A01
201800021510,1,07,000,00,2,5,15,A01
201800021510,2,33,000,00,2,1,01,B01
201800021511,1,13,000,00,1,5,01,A01
201800021512,1,33,000,00,2,1,17,A01
201800021512,1,07,000,00,2,5,15,B01
201800021513,2,07,000,00,2,1,00,B01
201800021513,1,33,000,00,2,1,01,C01
201800021513,1,07,000,00,2,3,15,A01
201800021514,2,07,000,00,2,1,02,A01
201800021514,2,30,000,00,2,1,23,B01
201800021514,2,07,000,00,2,4,23,C01
201800021515,1,10,000,00,2,1,01,A01
201800021515,1,02,000,00,2,6,01,B01
201800021516,1,07,000,11,0,1,14,A01
201800021517,0,14,000,00,2,4,01,A01
201800021517,0,07,000,00,6,3,01,B01
201800021518,0,07,000,02,0,9,01,A01
201800021519,1,07,000,00,2,4,01,A01
201800021519,1,30,000,00,2,1,01,B01
201800021520,2,30,000,00,2,1,17,A01
201800021520,2,07,000,00,2,8,15,B01
201800021521,1,15,000,12,0,3,01,A01
201800021522,2,37,005,12,0,1,13,A01
201800021523,1,07,000,02,0,1,14,A01
201800021524,2,07,000,03,2,4,02,D01
201800021524,2,07,000,00,1,1,02,B01
201800021524,2,07,000,03,2,1,02,C01
201800021524,2,07,000,00,2,3,02,A01
201800021525,1,07,000,00,2,4,02,A01
201800021525,1,07,000,00,2,1,02,B01
201800021526,2,07,000,02,0,1,13,A01
201800021527,2,07,000,00,0,0,00,A01
201800021528,0,07,000,00,1,1,01,A01
201800021529,1,07,000,08,0,1,01,A01
201800021530,1,07,000,00,1,1,01,A01
201800021531,2,07,000,00,2,8,17,A01
201800021531,1,34,000,00,2,1,01,B01
201800021532,2,33,000,00,2,1,01,A01
201800021532,1,07,000,00,2,1,01,B01
201800021533,1,34,000,15,0,2,01,A01
201800021534,2,02,000,00,2,1,01,A01
201800021534,2,10,000,00,0,4,15,B01
201800021535,0,07,000,00,2,3,15,A01
201800021535,0,33,000,00,2,1,01,B01
201800021536,2,02,000,00,2,3,13,A01
201800021536,1,07,000,00,2,3,01,B01
201800021537,2,02,000,00,2,1,01,A01
201800021537,0,07,000,00,2,3,15,B01
201800021538,1,07,000,00,2,2,10,A01
201800021538,1,07,000,00,2,2,01,B01
201800021539,2,07,000,06,2,5,01,B01
201800021539,,07,000,,,,,A01
201800021540,2,07,000,00,2,1,05,A01
201800021540,1,07,000,00,2,1,01,B01
201800021541,1,10,000,00,1,5,04,A01
201800021542,1,07,000,00,1,2,16,A01
201800021543,1,07,000,01,0,7,16,A01
201800021543,1,31,000,00,2,6,23,B01
201800021544,0,07,000,07,0,9,14,A01
201800021545,0,33,000,00,2,1,17,A01
201800021545,0,07,000,00,2,6,17,B01
201800021546,0,30,000,00,2,1,01,A01
201800021546,0,07,000,00,2,2,15,B01
201800021547,0,33,000,00,0,8,01,A01
201800021548,0,30,000,00,0,8,09,A01
201800021549,1,01,000,00,2,2,01,A01
201800021549,0,07,000,00,6,3,15,B01
201800021550,0,07,000,10,0,1,01,A01
201800021551,1,07,000,02,0,2,13,A01
201800021552,1,07,000,06,0,1,01,A01
201800021553,0,07,000,06,2,1,09,A01
201800021553,0,07,000,06,2,2,19,B01
201800021554,1,07,000,00,2,4,23,A01
201800021554,1,13,000,00,2,1,01,B01
201800021555,0,07,000,00,2,1,17,A01
201800021555,1,07,000,00,2,6,15,B01
201800021556,2,07,000,00,1,0,00,A01
201800021557,2,07,000,00,0,1,01,A01
201800021558,1,07,000,00,1,0,00,A01
201800021559,1,01,000,00,2,1,01,B01
201800021559,0,07,000,00,6,3,15,A01
201800021560,1,07,000,00,1,1,01,A01
201800021561,1,07,000,00,1,2,00,A01
201800021562,0,31,000,00,2,1,05,A01
201800021562,0,07,000,00,2,3,15,B01
201800021562,0,37,050,00,2,3,16,C01
201800021563,0,07,000,00,2,8,00,A01
201800021563,0,07,000,00,2,0,00,B01
201800021564,0,07,000,00,2,1,01,B01
201800021564,0,07,000,00,2,2,01,A01
201800021565,0,07,000,00,2,2,01,A01
201800021565,0,07,000,00,2,5,00,B01
201800021566,0,07,000,00,1,2,00,A01
201800021567,1,07,000,00,2,2,01,A01
201800021567,0,07,000,00,2,3,15,B01
201800021568,1,07,000,00,2,7,01,A01
201800021568,1,07,000,00,2,1,01,B01
201800021569,0,33,000,00,2,1,17,A01
201800021569,0,07,000,00,2,1,09,B01
201800021570,1,07,000,00,1,1,02,A01
201800021571,0,07,000,00,1,2,00,A01
201800021572,1,07,000,02,0,1,13,A01
201800021573,0,07,000,00,2,3,19,A01
201800021573,0,99,000,00,2,8,19,B01
201800021574,0,01,000,00,1,1,00,A01
201800021575,2,33,000,00,2,6,01,B01
201800021575,0,07,000,00,2,1,16,A01
201800021576,1,02,000,00,2,1,19,A01
201800021576,2,07,000,00,2,2,01,B01
201800021576,1,07,000,00,9,3,01,C01
201800021577,2,33,000,13,0,1,01,A01
201800021578,1,07,000,00,2,1,01,A01
201800021578,1,07,000,00,2,7,01,B01
201800021579,2,31,000,00,2,3,13,A01
201800021579,1,07,000,00,2,3,01,B01
201800021580,2,07,000,00,2,1,01,B01
201800021580,1,07,000,07,0,5,01,A01
201800021581,2,07,000,00,2,3,05,A01
201800021581,1,33,000,00,2,1,01,B01
201800021582,2,07,000,00,2,3,01,A01
201800021582,2,07,000,00,2,8,01,B02
201800021583,1,07,000,00,2,3,09,A01
201800021583,2,01,000,00,0,4,01,B01
201800021584,2,10,000,04,0,2,00,A01
201800021585,1,15,000,00,2,8,02,A01
201800021585,1,10,000,00,2,7,09,B01
201800021585,1,10,000,00,2,7,02,C01
201800021586,2,07,000,00,2,1,05,A01
201800021586,2,13,000,00,2,1,01,B01
201800021587,1,07,000,00,2,3,01,A01
201800021587,2,14,000,00,2,3,01,B01
201800021588,2,33,000,11,2,1,17,A01
201800021588,2,15,000,00,2,8,01,B01
201800021589,1,07,000,04,0,8,00,A01
201800021590,2,07,000,00,0,0,01,A01
201800021590,1,07,000,00,9,1,01,B01
201800021591,1,07,000,03,2,8,01,B01
201800021591,2,15,000,03,2,7,06,A01
201800021591,1,07,000,03,2,8,01,C01
201800021592,2,07,000,00,9,1,01,B01
201800021592,1,07,000,03,0,3,01,A01
201800021593,2,07,000,13,0,2,01,A01
201800021594,1,07,000,00,1,2,19,A01
201800021595,0,38,010,00,1,5,01,A01
201800021596,0,07,000,00,1,2,01,A01
201800021597,0,33,000,00,0,0,23,A01
201800021598,0,07,000,00,2,3,01,A01
201800021598,0,07,000,00,2,2,15,B01
201800021599,0,07,000,04,2,3,01,A01
201800021599,0,07,000,00,2,3,01,B01
201800021600,0,34,000,00,0,0,00,A01
201800021601,0,01,000,13,0,1,01,B01
201800021601,0,14,000,00,0,0,21,A01
201800021602,0,10,000,00,2,1,01,A01
201800021602,0,07,000,02,2,4,02,B01
201800021603,0,31,000,00,2,3,01,B01
201800021603,0,07,000,00,2,3,15,A01
201800021604,2,07,000,00,2,4,23,B01
201800021604,2,07,000,00,2,1,01,A01
201800021604,2,07,000,00,2,4,23,C01
201800021605,0,10,000,00,2,5,15,B01
201800021605,0,01,000,00,2,1,01,A01
201800021606,0,99,000,00,2,1,01,A01
201800021606,0,99,000,00,2,1,01,B01
201800021607,2,07,000,02,0,2,14,A01
201800021608,1,33,000,03,0,0,01,A01
201800021609,2,07,000,03,0,0,01,A01
201800021610,2,07,000,04,0,3,17,A01
201800021611,2,07,000,13,0,1,17,A01
201800021612,2,07,000,00,2,4,23,C01
201800021612,2,07,000,00,2,1,02,A01
201800021612,2,07,000,00,2,4,02,B01
201800021613,2,07,000,00,0,2,00,A01
201800021614,2,07,000,00,9,1,00,B01
201800021614,2,17,000,01,0,2,00,A01
201800021615,1,07,000,00,2,2,21,B01
201800021615,1,07,000,04,0,2,01,A01
201800021616,2,07,000,00,2,4,02,B01
201800021616,2,07,000,00,2,1,02,A01
201800021617,2,15,000,00,2,4,02,B01
201800021617,2,07,000,00,2,1,02,A01
201800021618,2,07,000,00,2,3,13,A01
201800021618,1,14,000,00,2,3,01,B01
201800021619,1,07,000,13,0,9,17,A01
201800021620,1,14,000,00,2,1,13,A01
201800021620,2,07,000,00,2,1,01,B01
201800021621,1,07,000,04,0,1,02,A01
201800021622,2,17,000,00,2,4,02,B01
201800021622,2,10,000,00,2,1,02,A01
201800021623,1,07,000,03,9,3,13,A01
201800021624,2,07,000,00,2,2,02,A01
201800021624,2,15,000,00,0,6,02,B01
201800021625,1,07,000,00,2,6,01,B01
201800021625,2,07,000,00,2,1,05,A01
201800021625,1,10,000,00,2,3,02,C01
201800021626,1,07,000,00,9,1,01,B01
201800021626,2,07,000,00,0,0,01,A01
201800021627,2,07,000,03,2,2,17,A01
201800021627,2,17,000,00,0,6,02,B01
201800021627,2,07,000,00,2,1,02,C01
201800021628,2,07,000,03,2,2,12,A01
201800021628,2,17,000,00,0,6,02,B01
201800021629,2,07,000,15,0,1,13,A01
201800021630,1,33,000,00,2,1,01,B01
201800021630,2,07,000,00,2,8,15,A01
201800021631,2,07,000,00,1,3,15,A01
201800021632,0,99,000,00,0,0,00,A01
201800021633,1,99,000,00,1,2,15,A01
201800021634,1,07,000,00,2,1,02,A01
201800021634,1,01,000,00,2,1,19,B01
201800021635,1,38,005,00,1,2,02,A01
201800021636,1,07,000,00,2,3,09,A01
201800021636,1,30,000,00,2,1,02,B01
201800021637,0,30,000,00,2,1,01,A01
201800021637,0,10,000,00,2,2,16,B01
201800021638,1,07,000,00,6,6,11,A01
201800021638,1,02,000,00,2,1,02,B01
201800021639,1,07,000,00,1,2,15,Z01
201800021640,1,07,000,00,2,4,02,B01
201800021640,1,33,000,00,2,1,02,A01
201800021641,2,07,000,00,2,1,00,B01
201800021641,1,07,000,00,2,1,15,A01
201800021642,1,02,000,00,2,1,13,B01
201800021642,2,07,000,00,2,2,09,A01
201800021643,2,01,000,00,2,0,01,B01
201800021643,2,21,000,00,2,6,01,A01
201800021644,0,07,000,00,2,6,11,A01
201800021644,0,02,000,00,2,1,01,B01
201800021645,0,01,000,00,0,0,01,B01
201800021645,1,15,000,00,0,0,24,A01
201800021646,0,33,000,00,2,1,01,A01
201800021646,0,01,000,00,2,7,19,B01
201800021647,0,07,000,00,2,8,02,B01
201800021647,1,31,000,00,2,3,02,A01
201800021648,0,01,000,00,2,1,01,B01
201800021648,1,10,000,00,2,2,00,A01
201800021649,2,07,000,00,2,1,00,B01
201800021649,1,07,000,00,2,1,13,A01
201800021650,2,17,000,00,2,5,00,A01
201800021650,1,07,000,00,2,2,00,B01
201800021651,1,07,000,00,2,2,01,A01
201800021652,0,33,000,08,0,0,17,A01
201800021653,2,07,000,00,6,4,00,A01
201800021653,2,30,000,00,2,0,01,B01
201800021654,1,07,000,00,1,3,00,A01
201800021655,2,07,000,01,1,1,00,A01
201800021656,1,07,000,00,1,1,00,A01
201800021657,0,07,000,,1,,,A01
201800021658,1,07,000,00,6,2,19,A01
201800021658,1,32,000,00,6,2,01,B01
201800021659,2,07,000,02,0,1,17,A01
201800021660,1,07,000,00,2,1,01,B01
201800021660,0,07,000,09,2,7,09,A01
201800021661,1,21,000,02,0,3,01,A01
201800021662,2,07,000,00,2,7,17,A01
201800021662,2,01,000,00,2,8,13,B01
201800021663,1,07,000,06,0,1,00,A01
201800021664,0,07,000,06,0,1,01,A01
201800021665,1,07,000,00,2,3,05,A01
201800021665,2,07,000,00,2,1,21,B01
201800021666,1,02,000,00,2,1,01,B01
201800021666,0,10,000,00,2,2,15,A01
201800021667,1,17,000,00,2,1,00,E01
201800021667,2,07,000,00,2,6,00,B01
201800021668,2,07,000,00,2,3,13,A01
201800021668,1,10,000,00,0,3,01,B01
201800021669,2,07,000,00,1,2,16,A01
201800021670,0,07,000,00,1,5,20,A01
201800021671,2,07,000,00,2,3,15,A01
201800021671,1,07,000,00,2,1,01,B01
201800021672,,07,000,00,1,3,15,A01
201800021673,1,07,000,00,2,3,13,A01
201800021673,0,07,000,00,2,3,01,B01
201800021673,0,07,000,00,2,3,02,C01
201800021674,2,07,000,00,2,3,00,B01
201800021674,1,07,000,00,2,3,13,A01
201800021675,2,33,000,00,2,3,00,A01
201800021675,2,07,000,00,2,6,01,B01
201800021676,0,07,000,01,1,4,20,A01
201800021677,1,07,000,00,1,1,09,A01
201800021678,1,07,000,04,0,3,01,A01
201800021679,1,33,000,00,2,1,02,A01
201800021679,1,07,000,00,0,4,01,B01
201800021680,1,07,000,04,0,3,01,A01
201800021681,1,15,000,03,2,8,01,B01
201800021681,1,07,000,00,2,7,14,A01
201800021682,2,07,000,13,0,1,14,A01
201800021683,1,07,000,00,2,2,02,A01
201800021683,1,17,000,00,2,6,01,B01
201800021684,1,07,000,00,1,1,01,B01
201800021684,1,07,000,00,1,1,01,C01
201800021685,2,07,000,04,0,3,01,A01
201800021686,2,33,000,00,9,5,01,A01
201800021687,1,07,000,00,2,1,01,B01
201800021687,2,07,000,00,2,1,13,A01
201800021688,2,07,000,03,2,7,14,A01
201800021688,2,07,000,04,2,8,01,B01
201800021689,1,07,000,00,2,7,01,B01
201800021689,0,07,000,00,2,1,19,A01
201800021690,2,07,000,00,2,2,12,A01
201800021690,2,07,000,00,0,6,01,B01
201800021691,0,07,000,00,9,3,01,A01
201800021691,0,01,000,00,2,7,01,B01
201800021692,0,32,000,00,2,1,01,A01
201800021692,0,07,000,00,2,6,01,B01
201800021693,0,07,000,00,2,2,02,B01
201800021693,0,32,000,00,2,3,01,A01
201800021694,2,07,000,00,2,5,02,B01
201800021694,2,07,000,00,2,1,02,A01
201800021695,1,07,000,00,2,1,01,B01
201800021695,2,07,000,00,2,1,01,A01
201800021696,0,07,000,00,9,1,01,A01
201800021696,0,01,000,00,2,4,01,B01
201800021697,2,07,000,13,0,0,01,C01
201800021697,2,07,000,00,0,3,13,A01
201800021697,1,07,000,00,0,3,01,B01
201800021698,1,07,000,16,0,0,00,A01
201800021699,1,33,000,14,0,0,17,A01
201800021700,0,07,000,13,0,1,00,A01
201800021701,2,33,000,00,2,1,01,B01
201800021701,1,07,000,00,2,1,10,A01
201800021702,0,07,000,00,1,2,01,A01
201800021703,0,01,000,00,2,7,01,B01
201800021703,0,07,000,00,9,3,01,A01
201800021704,1,07,000,00,1,2,02,A01
201800021705,2,07,000,00,2,1,01,A01
201800021705,1,07,000,00,2,2,01,B01
201800021706,0,16,000,00,2,2,16,A01
201800021706,0,01,000,00,2,0,00,B01
201800021707,2,02,000,00,2,1,13,B01
201800021707,1,07,000,00,2,3,01,C01
201800021707,1,07,000,00,2,3,17,A01
201800021708,1,07,000,00,2,2,01,A01
201800021708,2,07,000,00,0,1,23,C01
201800021708,0,07,000,00,2,1,15,B01
201800021709,2,07,000,11,0,9,17,A01
201800021710,1,33,000,13,0,3,14,A01
201800021711,2,07,000,00,2,5,19,A01
201800021711,1,02,000,00,2,1,01,B01
201800021712,2,07,000,13,0,1,01,A01
201800021713,2,07,000,00,2,3,06,A01
201800021713,1,07,000,00,2,2,01,B01
201800021714,0,07,000,13,0,7,21,A01
201800021715,0,07,000,00,1,5,02,A01
201800021716,1,07,000,13,0,1,11,A01
201800021717,2,07,000,06,0,1,01,A01
201800021718,1,07,000,00,1,1,01,A01
201800021719,1,07,000,00,2,1,17,A01
201800021719,2,33,000,00,2,1,01,B01
201800021720,1,17,000,03,0,3,01,A01
201800021721,2,07,000,03,2,1,21,A01
201800021721,2,07,000,03,0,5,23,B01
201800021722,2,07,000,03,0,1,01,A01
201800021722,2,07,000,00,2,1,01,B01
201800021723,2,07,000,03,0,1,01,A01
201800021724,2,07,000,03,0,1,01,A01
201800021725,2,07,000,13,0,7,01,A01
201800021726,1,07,000,13,0,1,01,A01
201800021726,1,07,000,00,9,1,01,B01
201800021727,2,07,000,00,2,1,02,A01
201800021727,2,07,000,00,2,4,02,B01
201800021728,2,07,000,00,1,7,21,A01
201800021729,2,07,000,00,2,5,12,A01
201800021729,2,33,000,00,2,8,12,B01
201800021730,2,07,000,13,0,9,14,A01
201800021731,1,07,000,00,2,1,01,A01
201800021731,1,07,000,00,0,4,01,B01
201800021732,2,07,000,13,0,2,17,A01
201800021733,1,07,000,00,2,1,02,A01
201800021733,1,07,000,00,0,4,02,B01
201800021734,2,07,000,16,0,8,16,A01
201800021735,1,07,000,00,0,4,01,A01
201800021735,1,07,000,00,2,1,01,B01
201800021736,1,17,000,00,0,8,01,C01
201800021736,1,07,000,00,0,4,01,B01
201800021736,1,07,000,00,2,1,01,A01
201800021736,1,07,000,00,2,1,01,D01
201800021737,1,07,000,02,0,8,01,A01
201800021738,1,07,000,00,2,3,01,B01
201800021738,1,07,000,00,0,4,02,C01
201800021738,1,07,000,00,2,1,02,A01
201800021739,1,07,000,01,0,1,01,A01
201800021739,1,07,000,00,0,4,24,B01
201800021740,1,07,000,13,0,2,01,A01
201800021741,1,07,000,13,0,2,14,A01
201800021742,2,36,000,00,0,3,16,A01
201800021743,2,07,000,00,2,5,17,A01
201800021743,2,15,000,13,2,3,01,B01
201800021744,2,07,000,00,0,4,02,A01
201800021744,2,07,000,00,2,1,02,B01
201800021745,2,07,000,00,2,1,02,A01
201800021745,2,07,000,00,2,4,02,B01
201800021746,2,07,000,13,0,1,02,A01
201800021746,2,07,000,00,2,8,24,B01
201800021746,2,07,000,00,0,5,21,C01
201800021746,2,07,000,01,2,7,21,D01
201800021747,2,07,000,03,2,2,00,A01
201800021747,2,10,000,13,0,6,00,B01
201800021748,1,10,000,00,2,1,02,B01
201800021748,1,07,000,00,0,6,01,A01
201800021748,1,07,000,00,0,1,02,C01
201800021749,1,07,000,03,2,2,02,A01
201800021749,1,17,000,00,0,6,02,B01
201800021750,2,07,000,03,0,3,01,A01
201800021751,1,07,000,00,2,1,02,A01
201800021751,1,10,000,00,0,4,02,B01
201800021752,1,07,000,00,2,4,01,A01
201800021752,1,07,000,03,2,4,01,B01
201800021752,1,07,000,00,2,4,01,C01
201800021753,1,07,000,03,0,1,13,A01
201800021754,2,07,000,00,0,4,00,C01
201800021754,2,07,000,00,2,4,00,B01
201800021754,2,07,000,00,2,1,00,A01
201800021755,1,07,000,00,2,4,23,B01
201800021755,1,07,000,00,2,1,00,A01
201800021755,1,07,000,00,0,4,23,C01
201800021756,2,07,000,03,2,3,17,A01
201800021756,2,17,000,00,2,3,01,B01
201800021757,1,07,000,13,0,1,00,A01
201800021758,1,07,000,13,0,6,01,A01
201800021759,2,07,000,00,2,7,00,A01
201800021759,2,07,000,03,0,9,02,B01
201800021760,1,07,000,00,0,3,02,A01
201800021760,1,07,000,00,2,1,02,B01
201800021760,1,07,000,00,2,4,02,C01
201800021760,1,07,000,00,2,1,01,D01
201800021761,1,07,000,13,0,2,01,A01
201800021762,1,10,000,00,5,1,01,A01
201800021763,2,07,000,13,0,2,01,A01
201800021764,1,07,000,00,2,1,17,A01
201800021764,1,07,000,00,0,4,02,B01
201800021765,1,07,000,00,5,2,01,A01
201800021765,1,07,000,00,5,1,01,B01
201800021765,1,07,000,00,5,1,01,C01
201800021765,1,07,000,00,5,7,01,D01
201800021765,1,07,000,00,5,1,01,E01
201800021765,1,07,000,00,5,3,01,F01
201800021766,1,07,000,00,0,9,01,A01
201800021767,1,07,000,00,2,1,01,A01
201800021767,1,07,000,00,2,4,01,B01
201800021768,2,07,000,00,0,4,23,B01
201800021768,2,07,000,00,2,1,01,A01
201800021769,2,20,000,02,0,2,01,A01
201800021770,1,10,000,00,0,4,01,B01
201800021770,1,10,000,00,2,1,02,A01
201800021771,2,07,000,13,0,1,01,A01
201800021772,2,33,000,00,2,4,01,A01
201800021772,2,33,000,00,2,1,02,B01
201800021773,1,07,000,14,0,1,02,B01
201800021773,1,07,000,14,0,1,02,G01
201800021773,1,07,000,14,0,1,02,F01
201800021773,1,07,000,14,0,1,02,I01
201800021773,1,16,000,00,0,0,01,J01
201800021773,1,07,000,14,0,1,02,E01
201800021773,1,07,000,14,0,1,02,H01
201800021773,1,07,000,14,0,1,01,A01
201800021773,1,07,000,14,0,1,02,C01
201800021773,1,07,000,14,0,1,02,D01
201800021774,1,31,000,00,2,1,03,A01
201800021774,1,07,000,00,2,2,12,B01
201800021775,1,07,000,07,0,2,14,A01
201800021776,1,10,000,13,0,2,01,A01
201800021777,1,15,000,00,2,8,01,B01
201800021777,1,07,000,00,2,1,17,A01
201800021778,1,07,000,00,2,1,01,B01
201800021778,1,07,000,00,2,4,09,A01
201800021779,1,07,000,00,2,8,01,B01
201800021779,1,07,000,00,2,2,12,A01
201800021780,2,07,000,00,2,6,01,B01
201800021780,2,07,000,00,2,2,01,A01
201800021781,1,14,000,06,0,2,01,A01
201800021782,2,07,000,00,2,4,01,B01
201800021782,2,33,000,00,0,1,01,A01
201800021783,2,10,000,04,0,0,01,A01
201800021784,2,07,000,00,0,9,17,A01
201800021785,1,14,000,04,0,3,02,A01
201800021786,2,07,000,00,2,7,13,A01
201800021786,1,17,000,00,2,1,01,B01
201800021787,2,07,000,00,2,3,13,A01
201800021787,1,07,000,00,2,3,01,B01
201800021788,2,07,000,00,2,1,01,A01
201800021788,1,07,000,00,2,1,05,B01
201800021789,1,07,000,16,0,9,01,A01
201800021790,1,07,000,00,0,4,01,A01
201800021790,1,07,000,00,2,1,01,B01
201800021791,0,01,000,00,2,7,16,B01
201800021791,0,07,000,00,2,3,09,A01
201800021792,0,33,000,00,0,0,01,A01
201800021793,2,33,000,00,0,0,01,A01
201800021794,0,07,000,15,1,5,01,A01
201800021795,1,07,000,00,0,5,19,A01
201800021795,2,33,000,00,2,1,01,B01
201800021796,2,07,000,02,0,1,01,A01
201800021797,2,07,000,13,2,3,00,A01
201800021797,1,07,000,00,2,2,01,B01
201800021798,0,31,000,00,1,2,01,A01
201800021799,0,33,000,14,2,1,06,A01
201800021799,0,07,000,00,0,8,01,B01
201800021800,1,07,000,00,2,1,02,A01
201800021800,1,07,000,00,2,4,02,B01
201800021801,1,07,000,02,0,1,01,A01
201800021802,1,07,000,04,2,9,00,A01
201800021802,1,07,000,00,2,2,01,B01
201800021802,1,07,000,00,2,1,01,C01
201800021803,1,07,000,16,0,1,01,A01
201800021804,1,07,000,00,0,0,00,A01
201800021805,1,02,000,00,2,1,17,B01
201800021805,1,07,000,00,0,3,01,A01
201800021806,2,15,000,03,0,7,15,A01
201800021807,0,07,000,00,1,1,15,A01
201800021808,1,07,000,00,0,0,00,A01
201800021809,1,07,000,01,0,4,02,A01
201800021809,1,07,000,01,0,1,02,B01
201800021810,1,07,000,00,0,0,01,A01
201800021811,0,07,000,08,0,1,01,A01
201800021812,1,07,000,00,2,3,01,B01
201800021812,2,03,000,00,2,3,02,A01
201800021813,1,07,000,00,2,2,02,A01
201800021813,1,02,000,00,2,1,02,B01
201800021814,2,07,000,00,2,1,17,A01
201800021814,2,07,000,00,2,1,01,B01
201800021815,1,07,000,00,1,3,01,A01
201800021816,0,07,000,00,0,5,15,A01
201800021816,0,01,000,00,2,1,01,B01
201800021817,1,07,000,00,2,1,11,A01
201800021817,2,07,000,00,2,1,01,B01
201800021818,0,10,000,06,1,1,23,A01
201800021819,2,33,000,00,0,8,01,A01
201800021820,0,99,000,00,2,0,00,R01
201800021820,1,07,000,00,2,1,01,A01
201800021821,0,07,000,00,2,4,02,C01
201800021821,0,07,000,00,2,1,02,A01
201800021821,0,07,000,00,2,4,02,B01
201800021822,2,07,000,00,2,1,13,A01
201800021822,1,07,000,00,2,3,01,B01
201800021823,2,02,000,11,0,1,06,A01
201800021824,1,02,000,00,2,7,01,B01
201800021824,1,07,000,00,2,3,15,A01
201800021825,1,33,000,00,2,1,17,A01
201800021825,1,07,000,00,2,3,15,B01
201800021826,1,07,000,00,2,2,18,A01
201800021826,1,01,000,00,2,8,13,B01
201800021827,1,07,000,08,0,7,00,A01
201800021828,0,07,000,00,0,8,10,A01
201800021828,2,32,000,00,2,1,10,B01
201800021829,2,07,000,00,2,1,01,B01
201800021829,1,02,000,00,2,1,17,A01
201800021830,1,33,000,00,1,1,01,A01
201800021831,1,07,000,00,1,1,00,A01
201800021832,0,01,000,00,0,1,01,A01
201800021833,2,07,000,00,2,8,01,A01
201800021833,1,02,000,00,2,3,01,B01
201800021834,1,07,000,00,2,7,10,A01
201800021834,2,33,000,00,2,1,01,B01
201800021835,2,07,000,00,2,3,01,A01
201800021835,1,07,000,00,2,3,01,B01
201800021836,1,07,000,02,0,2,01,A01
201800021837,0,07,000,00,2,1,01,A01
201800021837,0,07,000,00,2,3,16,B01
201800021838,1,07,000,00,2,1,01,A01
201800021838,2,31,000,00,2,1,13,B01
201800021839,2,10,000,00,2,1,19,A01
201800021839,1,01,000,00,2,7,01,B01
201800021840,1,07,000,02,0,8,01,A01
201800021841,1,07,000,00,2,2,17,B01
201800021841,1,07,000,00,2,3,15,A01
201800021842,2,07,000,00,2,2,15,A01
201800021842,1,07,000,00,2,1,01,B01
201800021843,2,33,000,00,6,1,01,A01
201800021844,1,07,000,02,0,3,19,A01
201800021845,1,07,000,00,2,1,15,B01
201800021845,1,07,000,00,2,8,15,A01
201800021846,1,15,000,00,2,6,19,A01
201800021846,2,07,000,00,2,1,01,B01
201800021847,2,02,000,00,1,1,17,A01
201800021848,1,07,000,16,0,1,01,A01
201800021849,0,36,000,13,0,2,01,A01
201800021850,2,33,000,00,2,1,01,A01
201800021850,0,07,000,00,2,8,19,B01
201800021851,2,21,000,00,2,0,00,B01
201800021851,1,07,000,00,2,1,01,A01
201800021852,0,03,000,01,0,1,01,A01
201800021853,1,07,000,02,0,7,01,A01
201800021854,1,07,000,00,0,9,01,A01
201800021855,1,07,000,00,2,2,01,A01
201800021855,1,01,000,00,9,4,02,C01
201800021855,1,01,000,00,2,4,02,B01
201800021856,1,17,000,00,2,3,01,B01
201800021856,2,07,000,00,2,3,13,A01
201800021857,2,07,000,00,1,2,01,A01
201800021858,1,07,000,00,2,2,15,A01
201800021858,2,07,000,00,2,1,01,B01