Num_Acc,senc,catv,occutc,obs,obsm,choc,manv,num_veh
201800022636,2,10,000,00,2,8,13,B01
201800022637,1,07,000,00,2,3,15,A01
201800022637,1,33,000,00,2,1,05,B01
201800022638,1,33,000,00,2,4,02,B01
201800022638,1,07,000,00,2,1,02,A01
201800022639,1,07,000,00,2,1,01,A01
201800022639,2,10,000,00,2,3,01,B01
201800022640,1,07,000,00,2,8,01,A01
201800022640,2,07,000,00,2,8,15,B01
201800022641,1,07,000,08,0,3,00,A01
201800022642,0,07,000,00,1,1,01,A01
201800022643,0,07,000,00,2,0,00,C01
201800022643,0,07,000,00,2,0,00,B01
201800022643,0,07,000,00,2,0,00,A01
201800022643,0,07,000,00,2,0,00,D01
201800022644,2,07,000,13,0,2,01,A01
201800022645,2,07,000,00,2,1,15,A01
201800022645,1,07,000,00,2,3,01,B01
201800022646,1,07,000,00,2,2,00,A01
201800022646,2,07,000,00,2,2,00,B01
201800022647,0,07,000,00,0,4,00,A01
201800022647,0,07,000,00,2,1,01,B01
201800022648,1,07,000,13,0,8,13,A01
201800022649,1,07,000,00,2,3,13,A01
201800022649,2,10,000,00,2,2,21,B01
201800022650,0,07,000,09,0,8,00,A01
201800022651,0,32,000,00,0,8,01,A01
201800022652,2,07,000,00,0,4,15,A01
201800022652,2,02,000,14,0,1,02,B01
201800022653,2,07,000,00,2,1,13,A01
201800022653,1,07,000,00,2,1,01,B01
201800022654,2,02,000,00,0,3,01,B01
201800022654,1,07,000,00,0,2,15,A01
201800022655,2,07,000,13,0,9,13,A01
201800022656,2,07,000,02,0,2,02,A01
201800022657,1,07,000,03,0,3,05,A01
201800022658,1,07,000,00,2,3,13,A01
201800022658,2,07,000,00,2,3,01,B01
201800022659,1,07,000,06,9,1,14,A01
201800022660,1,07,000,00,2,1,13,A01
201800022660,2,33,000,00,2,1,01,B01
201800022661,1,07,000,02,0,1,01,A01
201800022662,1,07,000,00,2,3,13,A01
201800022662,2,07,000,00,2,3,01,B01
201800022663,1,07,000,00,0,5,15,A01
201800022663,2,33,000,00,2,1,01,B01
201800022664,1,07,000,13,0,1,01,A01
201800022665,1,07,000,00,2,2,15,A01
201800022665,2,31,000,00,2,1,01,B01
201800022666,1,33,000,13,0,1,01,A01
201800022667,1,07,000,00,2,1,01,B01
201800022667,2,07,000,00,2,1,19,A01
201800022668,1,07,000,00,2,3,13,A01
201800022668,2,15,000,00,2,3,01,B01
201800022669,2,10,000,01,0,1,02,A01
201800022669,2,10,000,00,0,4,24,B01
201800022670,2,07,000,13,0,3,14,A01
201800022671,1,33,000,02,0,1,01,A01
201800022672,1,07,000,00,2,1,01,B01
201800022672,0,07,000,00,0,8,19,A01
201800022673,2,07,000,00,0,3,23,B01
201800022673,1,07,000,00,2,3,15,A01
201800022673,2,33,000,00,0,8,01,C01
201800022674,0,07,000,00,2,3,19,A01
201800022674,0,07,000,00,0,2,01,B01
201800022675,2,07,000,00,2,3,13,A01
201800022675,1,07,000,00,2,3,01,B01
201800022676,2,33,000,16,0,0,00,A01
201800022677,1,07,000,00,2,1,19,A01
201800022677,2,07,000,00,2,1,01,B01
201800022677,2,07,000,00,2,8,01,C01
201800022678,1,07,000,00,2,1,01,B01
201800022678,1,07,000,00,2,2,17,A01
201800022679,1,07,000,03,2,8,01,B01
201800022679,1,17,000,03,2,8,13,A01
201800022680,1,07,000,13,0,6,00,A01
201800022681,2,07,000,00,2,1,01,A01
201800022681,1,07,000,00,2,1,01,B01
201800022682,1,07,000,00,2,1,01,A01
201800022682,2,07,000,00,2,1,05,B01
201800022683,2,07,000,02,0,1,17,A01
201800022684,1,21,000,00,0,8,01,A01
201800022685,1,02,000,00,0,0,01,A01
201800022686,2,07,000,00,1,1,19,A01
201800022687,2,07,000,16,0,2,01,A01
201800022688,1,07,000,00,2,2,13,B01
201800022688,2,07,000,00,2,3,09,C01
201800022689,1,07,000,00,0,1,01,A01
201800022689,0,07,000,06,0,3,15,B01
201800022690,1,07,000,00,2,1,15,A01
201800022690,2,07,000,00,2,3,01,B01
201800022691,2,07,000,00,2,3,01,B01
201800022691,1,02,000,00,2,1,05,A01
201800022692,1,21,000,00,0,4,02,B01
201800022692,1,07,000,00,2,1,02,A01
201800022693,2,07,000,00,1,2,01,A01
201800022694,2,07,000,03,0,7,01,A01
201800022695,1,07,000,00,2,1,01,A01
201800022695,1,17,000,00,2,4,02,B01
201800022696,2,07,000,00,2,1,06,A01
201800022696,1,14,000,00,2,3,01,B01
201800022697,1,07,000,04,2,9,00,A01
201800022697,1,07,000,00,2,8,00,B01
201800022698,1,33,000,00,2,1,01,A01
201800022698,1,07,000,00,0,7,14,B01
201800022699,2,07,000,00,2,2,14,A01
201800022699,2,10,000,00,0,6,01,B01
201800022699,2,07,000,00,0,7,01,C01
201800022700,2,07,000,00,0,4,01,A01
201800022700,2,07,000,00,2,1,01,B01
201800022701,1,07,000,01,1,1,00,A01
201800022701,1,07,000,14,2,6,01,C01
201800022702,1,07,000,01,0,1,14,A01
201800022702,1,17,000,00,0,4,24,B01
201800022703,1,07,000,00,0,0,05,A01
201800022703,2,07,000,04,0,3,21,B01
201800022704,2,07,000,03,0,2,00,A01
201800022705,2,07,000,04,0,3,00,A01
201800022706,1,07,000,00,1,1,01,A01
201800022707,1,07,000,00,0,0,01,A01
201800022708,2,07,000,02,0,8,13,A01
201800022709,1,15,000,00,2,3,01,A01
201800022709,2,10,000,00,2,8,01,B01
201800022710,1,01,000,08,0,8,16,A01
201800022711,1,10,000,00,2,8,01,A01
201800022711,2,02,000,00,2,1,01,B01
201800022712,1,10,000,00,2,1,13,A01
201800022712,2,07,000,00,2,1,01,B01
201800022712,2,07,000,00,2,1,01,C01
201800022713,2,07,000,00,2,8,09,A01
201800022713,1,14,000,00,2,2,01,B01
201800022714,2,01,000,00,2,4,01,A01
201800022714,1,14,000,00,2,2,01,B01
201800022715,2,10,000,06,0,2,01,A01
201800022716,2,10,000,00,2,3,17,B01
201800022716,0,07,000,00,2,1,09,A01
201800022717,1,07,000,02,0,1,01,A01
201800022718,2,33,000,00,1,2,01,A01
201800022719,1,33,000,00,2,1,05,A01
201800022719,2,07,000,00,2,1,01,B01
201800022720,2,36,000,00,2,8,01,B01
201800022720,1,07,000,00,2,3,13,A01
201800022721,1,07,000,00,2,2,15,A01
201800022721,2,33,000,00,2,2,01,B01
201800022722,1,07,000,13,0,1,17,A01
201800022723,1,07,000,00,2,2,01,B01
201800022723,2,10,000,00,2,2,17,A01
201800022724,2,07,000,00,2,1,09,A01
201800022724,2,07,000,00,2,2,01,B01
201800022725,1,02,000,00,2,1,02,A01
201800022725,2,07,000,00,2,4,02,B01
201800022726,2,31,000,00,2,8,01,B01
201800022726,1,07,000,00,2,8,13,A01
201800022727,0,02,000,06,0,1,01,A01
201800022728,1,07,000,00,0,1,01,B01
201800022728,2,07,000,08,9,2,15,A01
201800022729,1,07,000,02,2,3,01,A01
201800022729,2,07,000,00,2,3,01,B01
201800022730,1,07,000,13,0,3,01,A01
201800022731,0,36,000,00,0,9,01,A01
201800022732,1,07,000,00,2,1,13,A01
201800022732,2,07,000,00,2,3,01,B01
201800022733,1,03,000,00,2,7,01,A01
201800022733,0,07,000,00,2,1,01,B01
201800022734,1,07,000,00,1,1,01,A01
201800022735,2,07,000,06,0,1,01,A01
201800022736,2,07,000,06,2,3,01,B01
201800022736,1,07,000,00,2,3,13,A01
201800022737,1,17,000,00,2,6,01,B01
201800022737,1,07,000,13,2,2,14,A01
201800022738,1,07,000,13,0,1,01,A01
201800022739,0,10,000,00,2,5,04,A01
201800022739,0,01,000,00,2,1,01,B01
201800022740,0,10,000,15,0,1,01,A01
201800022741,0,30,000,13,0,1,01,A01
201800022742,1,07,000,00,2,1,01,B01
201800022742,2,07,000,00,2,1,13,A01
201800022742,1,07,000,00,2,8,01,C01
201800022742,1,07,000,00,2,7,01,D01
201800022743,1,07,000,00,0,3,15,B01
201800022743,1,07,000,00,2,3,17,A01
201800022744,0,33,000,00,2,1,02,A01
201800022744,0,07,000,00,0,6,02,B01
201800022745,1,07,000,00,0,6,01,B01
201800022745,0,07,000,00,2,1,19,A01
201800022746,1,07,000,13,0,2,21,B01
201800022746,0,07,000,16,0,3,19,A01
201800022747,0,33,000,12,0,1,01,A01
201800022748,0,33,000,06,0,0,00,A01
201800022749,2,33,000,15,0,1,01,A01
201800022750,0,07,000,00,2,2,05,A01
201800022750,0,07,000,00,2,3,05,B01
201800022750,0,02,000,00,2,1,01,C01
201800022751,1,07,000,00,0,5,01,B01
201800022751,0,07,000,00,2,1,01,A01
201800022752,0,32,000,00,2,1,13,A01
201800022752,0,07,000,00,2,1,01,B01
201800022753,1,02,000,00,2,5,21,A01
201800022753,1,07,000,00,2,3,06,B01
201800022754,0,02,000,00,2,1,16,A01
201800022754,0,07,000,00,2,2,01,B01
201800022755,2,07,000,00,2,3,17,A01
201800022755,2,07,000,00,2,3,13,B01
201800022756,1,07,000,00,2,1,05,A01
201800022756,2,07,000,00,2,1,01,B01
201800022757,2,99,000,00,2,2,02,A01
201800022757,2,01,000,00,2,4,02,B01
201800022758,0,07,000,01,2,5,04,A01
201800022758,0,07,000,00,2,2,02,B01
201800022759,2,32,000,00,2,6,01,B01
201800022759,1,07,000,00,2,3,19,A01
201800022760,0,07,000,00,0,3,01,B01
201800022760,0,07,000,00,2,1,01,A01
201800022761,0,36,000,00,1,2,14,A01
201800022762,0,07,000,00,0,0,14,A01
201800022763,1,07,000,00,2,1,01,A01
201800022763,2,07,000,00,2,1,05,B01
201800022763,2,07,000,00,2,8,01,C01
201800022764,0,07,000,00,2,1,15,B01
201800022764,0,02,000,00,2,1,01,A01
201800022765,2,99,000,00,2,5,00,A01
201800022765,2,07,000,00,2,3,01,B01
201800022766,2,14,000,00,2,8,13,B01
201800022766,1,07,000,00,2,3,13,A01
201800022767,1,99,000,00,2,7,13,B01
201800022767,1,02,000,00,2,8,01,A01
201800022768,1,07,000,00,2,1,15,B01
201800022768,2,33,000,12,2,3,01,A01
201800022769,1,33,000,00,2,1,15,A01
201800022769,2,07,000,00,2,2,01,B01
201800022770,1,07,000,00,1,1,01,A01
201800022771,1,07,000,00,0,9,24,B01
201800022771,1,10,000,01,2,2,01,A01
201800022772,1,07,000,00,2,1,01,B01
201800022772,2,07,000,00,2,7,10,A01
201800022773,2,07,000,00,2,3,15,B01
201800022773,2,02,000,00,2,2,17,A01
201800022774,1,07,000,00,2,3,01,B01
201800022774,2,07,000,00,2,3,13,A01
201800022775,1,07,000,00,2,2,01,B01
201800022775,2,07,000,00,2,2,17,A01
201800022776,1,07,000,02,0,0,01,A01
201800022777,1,07,000,00,0,4,02,A01
201800022777,1,07,000,14,0,1,02,B01
201800022778,1,10,000,04,0,6,17,A01
201800022779,2,10,000,00,2,2,21,B01
201800022779,1,07,000,03,2,5,13,A01
201800022780,1,07,000,08,0,9,01,A01
201800022781,0,07,000,00,1,2,01,A01
201800022782,1,07,000,03,0,0,00,A01
201800022782,1,10,000,00,2,1,01,B01
201800022783,1,07,000,00,2,0,02,C01
201800022783,2,07,000,00,2,3,01,B01
201800022783,2,31,000,00,2,1,17,A01
201800022784,2,33,000,00,2,1,01,B01
201800022784,2,07,000,13,2,8,19,A01
201800022785,1,07,000,00,2,3,01,A01
201800022785,2,14,000,00,2,3,01,B01
201800022786,2,03,000,00,0,4,02,B01
201800022786,2,07,000,00,2,1,02,A01
201800022787,2,02,000,00,0,8,01,A01
201800022788,2,07,000,00,0,6,02,A01
201800022788,2,33,000,00,2,1,01,B01
201800022789,2,10,000,00,2,8,01,A01
201800022789,0,36,000,00,2,1,01,B01
201800022790,2,07,000,13,0,1,01,A01
201800022791,1,10,000,00,0,8,15,A01
201800022791,1,33,000,00,2,1,17,B01
201800022792,0,07,000,00,1,1,00,A01
201800022793,1,10,000,00,2,7,17,A01
201800022793,1,01,000,00,2,8,00,B01
201800022794,1,07,000,00,2,7,17,A01
201800022794,1,01,000,00,2,8,01,B01
201800022795,0,01,000,00,5,1,01,A01
201800022796,2,07,000,00,1,1,01,A01
201800022797,1,01,000,00,2,1,01,B01
201800022797,2,31,000,00,9,7,00,A01
201800022798,1,33,000,00,0,0,01,A01
201800022799,0,01,000,00,0,0,00,A01
201800022800,0,07,000,00,2,3,01,A01
201800022800,0,30,000,00,2,1,01,B01
201800022801,2,07,000,00,9,2,02,B01
201800022801,1,01,000,00,9,4,02,A01
201800022802,1,14,000,00,2,3,15,A01
201800022802,2,07,000,00,2,3,01,B01
201800022803,0,99,000,00,1,5,01,A01
201800022804,2,07,000,00,2,1,01,B01
201800022804,1,07,000,03,2,1,05,A01
201800022805,2,01,000,00,2,1,05,B01
201800022805,1,07,000,00,9,2,02,A01
201800022806,1,07,000,00,2,4,01,C01
201800022806,1,07,000,00,2,4,01,B01
201800022806,1,07,000,00,2,1,01,A01
201800022807,1,07,000,12,0,9,18,A01
201800022808,2,07,000,00,2,6,09,A01
201800022808,1,31,000,00,2,2,09,B01
201800022809,1,07,000,00,2,1,13,B01
201800022809,1,07,000,00,2,2,09,A01
201800022810,2,07,000,00,2,2,17,A01
201800022810,2,07,000,00,2,8,15,B01
201800022811,1,07,000,00,2,4,23,B01
201800022811,1,07,000,14,2,1,02,A01
201800022812,1,07,000,00,0,1,14,A01
201800022813,2,07,000,00,2,1,01,A01
201800022813,2,07,000,00,2,3,15,B01
201800022814,2,07,000,00,2,2,16,B01
201800022814,2,32,000,00,2,3,01,A01
201800022815,0,07,000,00,0,9,02,A01
201800022816,0,01,000,00,2,1,00,B01
201800022816,0,07,000,00,2,3,01,A01
201800022817,0,07,000,02,0,3,13,A01
201800022818,1,30,000,00,2,1,16,A01
201800022818,1,02,000,00,2,3,18,B01
201800022819,1,30,000,00,2,2,00,A01
201800022819,1,07,000,00,2,3,16,B01
201800022820,1,07,000,00,2,1,02,A01
201800022820,1,07,000,00,2,4,02,B01
201800022821,0,10,000,00,2,1,01,B01
201800022821,0,07,000,00,2,7,19,A01
201800022822,1,07,000,00,2,3,15,A01
201800022822,1,02,000,00,2,2,15,B01
201800022823,0,07,000,06,2,4,16,B01
201800022823,0,07,000,00,2,1,00,A01
201800022824,0,07,000,00,2,1,00,A01
201800022824,0,07,000,00,2,4,15,B01
201800022824,0,07,000,00,2,3,01,C01
201800022825,2,07,000,00,2,3,20,A01
201800022825,2,31,000,00,2,7,01,B01
201800022826,0,07,000,00,2,5,13,A01
201800022826,0,07,000,00,2,3,01,B01
201800022827,0,07,000,00,2,4,15,B01
201800022827,0,07,000,00,2,3,21,A01
201800022827,0,07,000,00,2,3,00,C01
201800022828,0,07,000,12,0,1,00,A01
201800022829,1,07,000,13,0,2,01,A01
201800022830,1,07,000,15,0,7,13,A01
201800022831,0,07,000,03,0,1,02,B01
201800022831,0,07,000,03,0,2,16,A01
201800022832,0,07,000,00,2,3,13,A01
201800022832,0,07,000,00,2,3,01,B01
201800022833,2,07,000,00,2,1,02,A01
201800022833,2,07,000,00,2,4,02,B01
201800022834,2,07,000,00,1,3,15,A01
201800022835,1,30,000,00,0,3,01,A01
201800022836,0,01,000,01,0,1,16,A01
201800022836,0,07,000,00,6,1,23,B01
201800022837,0,07,000,00,0,1,00,A01
201800022838,0,07,000,00,1,7,01,A01
201800022839,0,07,000,00,2,3,09,A01
201800022839,0,07,000,00,2,2,01,B01
201800022840,0,07,000,00,2,3,23,A01
201800022840,0,33,000,00,2,3,01,B01
201800022841,0,30,000,00,0,3,15,A01
201800022841,0,07,000,00,2,2,01,B01
201800022842,0,31,000,12,0,1,05,A01
201800022843,2,07,000,00,0,3,01,A01
201800022843,2,07,000,00,2,2,19,B01
201800022844,0,02,000,00,1,1,01,A01
201800022845,1,07,000,00,0,4,15,A01
201800022845,1,07,000,00,2,1,01,B01
201800022846,0,02,000,00,2,8,09,A01
201800022846,0,07,000,00,2,8,09,B01
201800022847,1,07,000,00,2,1,14,A01
201800022847,1,01,000,00,0,4,14,B01
201800022848,2,07,000,00,2,1,02,A01
201800022848,2,20,000,00,0,4,01,B01
201800022849,0,07,000,00,0,3,09,A01
201800022849,0,01,000,00,2,7,00,B01
201800022850,0,07,000,00,1,1,01,A01
201800022851,0,07,000,00,1,3,00,A01
201800022852,1,07,000,00,2,3,21,B01
201800022852,1,07,000,00,2,3,00,C01
201800022852,2,07,000,00,2,3,19,A01
201800022853,1,33,000,00,2,1,01,A01
201800022853,2,07,000,00,0,8,00,B01
201800022854,0,07,000,02,0,1,00,A01
201800022855,2,07,000,00,2,1,02,A01
201800022855,2,10,000,00,0,4,23,C01
201800022855,2,07,000,00,2,4,23,B01
201800022856,1,07,000,00,1,1,01,A01
201800022857,0,07,000,00,0,9,00,A01
201800022858,2,07,000,00,2,1,15,A01
201800022858,1,01,000,00,2,8,01,B01
201800022859,1,07,000,00,2,1,15,A01
201800022859,2,31,000,00,2,8,01,B01
201800022860,2,07,000,00,2,7,16,B01
201800022860,2,33,000,00,2,1,18,A01
201800022861,1,07,000,00,2,3,13,A01
201800022861,2,37,001,00,2,3,01,B01
201800022862,2,07,000,00,2,1,01,B01
201800022862,1,37,001,00,2,8,09,A01
201800022863,0,07,000,00,2,9,00,A01
201800022863,0,07,000,00,2,9,01,B01
201800022864,1,07,000,00,2,1,01,C01
201800022864,1,07,000,00,2,9,01,B01
201800022864,1,07,000,00,2,9,01,A01
201800022865,1,07,000,00,2,1,05,A01
201800022865,1,10,000,00,2,1,01,B01
201800022866,1,33,000,03,0,7,01,A01
201800022867,2,07,000,00,2,4,02,B01
201800022867,2,07,000,00,2,4,02,C01
201800022867,2,07,000,00,2,1,01,A01
201800022868,1,07,000,00,1,1,01,A01
201800022869,1,07,000,00,2,4,15,B01
201800022869,1,02,000,00,2,3,01,A01
201800022870,2,07,000,00,2,3,15,B01
201800022870,1,33,000,00,2,1,01,A01
201800022871,2,10,000,00,2,8,09,B01
201800022871,1,07,000,00,2,8,01,C01
201800022871,2,07,000,00,2,1,01,A01
201800022872,1,02,000,01,0,1,14,A01
201800022873,1,07,000,00,2,1,01,A01
201800022873,1,07,000,00,2,4,01,B01
201800022874,1,07,000,00,1,8,01,B01
201800022874,1,07,000,00,1,1,01,A01
201800022875,1,01,000,01,0,1,01,A01
201800022876,2,07,000,00,0,0,15,Z01
201800022876,2,31,000,16,0,7,09,A01
201800022877,1,33,000,00,2,7,12,A01
201800022877,1,07,000,00,2,8,01,B01
201800022877,1,07,000,00,2,4,01,C01
201800022878,1,14,000,00,2,4,01,B01
201800022878,1,31,000,00,2,1,01,A01
201800022879,1,07,000,00,1,1,01,A01
201800022880,1,07,000,00,1,1,01,A01
201800022881,1,07,000,00,1,8,01,A01
201800022882,1,07,000,00,2,1,01,B01
201800022882,1,07,000,00,2,1,05,A01
201800022883,1,07,000,00,2,1,01,B01
201800022883,1,07,000,00,2,8,10,A01
201800022884,1,07,000,00,1,1,01,A01
201800022885,2,02,000,00,2,1,01,B01
201800022885,1,07,000,00,2,2,15,A01
201800022886,2,07,000,06,0,1,13,A01
201800022887,1,10,000,00,1,1,04,A01
201800022888,1,10,000,00,2,1,02,A01
201800022888,1,07,000,00,2,4,02,B01
201800022889,2,07,000,00,2,1,02,A01
201800022889,2,07,000,00,2,4,02,D01
201800022889,1,07,000,00,2,4,02,B01
201800022889,2,10,000,00,2,4,02,C01
201800022890,1,33,000,00,2,1,01,B01
201800022890,1,07,000,00,2,3,15,A01
201800022891,2,07,000,00,2,6,01,A01
201800022891,2,07,000,00,2,2,17,Z01
201800022892,1,33,000,00,2,1,05,A01
201800022892,2,07,000,00,2,2,01,B01
201800022893,1,07,000,00,2,4,02,B01
201800022893,2,07,000,00,2,1,02,A01
201800022894,1,17,000,00,2,1,01,A01
201800022894,1,07,000,00,2,4,01,B01
201800022895,1,01,000,00,2,0,01,B01
201800022895,1,10,000,00,2,3,09,A01
201800022896,1,07,000,00,2,1,09,A01
201800022896,1,07,000,00,2,2,01,B01
201800022897,1,07,000,00,0,9,01,A01
201800022898,2,07,000,00,1,1,01,A01
201800022899,1,10,000,00,2,1,01,A01
201800022899,1,07,000,00,2,9,01,B01
201800022899,1,07,000,00,2,4,01,C01
201800022900,2,07,000,00,2,4,01,A01
201800022900,2,07,000,00,2,1,00,Z01
201800022901,1,07,000,00,2,1,01,A01
201800022901,1,07,000,00,2,4,01,B01
201800022902,2,07,000,00,2,4,02,B01
201800022902,2,31,000,00,2,1,01,A01
201800022903,1,07,000,00,2,2,09,A01
201800022903,1,02,000,00,2,6,09,B01
201800022904,2,10,000,00,2,1,01,A01
201800022904,2,10,000,00,2,4,02,B01
201800022904,2,10,000,00,2,4,02,C01
201800022905,1,07,000,00,2,1,02,A01
201800022905,1,07,000,00,2,4,02,B01
201800022906,2,07,000,00,2,0,15,Z01
201800022906,1,07,000,00,2,1,01,A01
201800022907,1,10,000,00,2,5,01,B01
201800022907,1,02,000,00,2,1,09,A01
201800022908,1,07,000,00,1,1,01,A01
201800022909,1,07,000,00,1,1,15,A01
201800022910,1,07,000,00,2,4,17,Z01
201800022910,1,07,000,00,2,4,01,B01
201800022911,1,02,000,00,1,1,01,A01
201800022912,1,07,000,00,1,1,01,A01
201800022913,1,07,000,02,0,3,01,A01
201800022914,1,07,000,00,1,2,01,A01
201800022915,1,31,000,00,2,8,16,A01
201800022915,1,07,000,00,2,3,01,B01
201800022916,1,07,000,00,1,3,01,A01
201800022917,1,07,000,00,2,0,01,B01
201800022917,1,07,000,00,2,7,01,A01
201800022917,1,07,000,00,2,1,01,C01
201800022918,1,07,000,00,2,4,01,B01
201800022918,1,10,000,00,2,1,01,A01
201800022919,1,07,000,00,1,1,01,A01
201800022920,1,07,000,00,2,1,01,A01
201800022920,1,07,000,00,2,4,01,B01
201800022921,1,07,000,00,2,4,23,B01
201800022921,1,07,000,00,2,1,01,A01
201800022922,1,07,000,00,1,4,20,A01
201800022923,2,31,000,00,2,8,21,A01
201800022923,2,07,000,00,2,2,23,B01
201800022924,1,07,000,00,2,2,01,A01
201800022924,1,07,000,00,2,6,01,B01
201800022925,1,07,000,00,2,4,15,A01
201800022925,2,07,000,00,2,2,01,B01
201800022926,0,07,000,08,0,1,15,A01
201800022927,0,07,000,00,0,7,01,A01
201800022928,0,07,000,00,2,1,02,A01
201800022928,0,07,000,00,2,4,02,B01
201800022928,0,07,000,00,2,4,02,C01
201800022929,1,01,000,00,1,1,01,B01
201800022930,0,07,000,00,9,8,09,A01
201800022930,0,01,000,00,2,8,01,B01
201800022931,0,07,000,00,2,3,16,B01
201800022931,0,31,000,00,2,1,01,A01
201800022932,1,07,000,00,1,1,01,A01
201800022933,0,07,000,00,1,3,01,A01
201800022934,0,33,000,00,2,0,00,B01
201800022934,0,10,000,00,2,6,11,A01
201800022935,2,07,000,00,2,1,09,B01
201800022935,1,02,000,00,2,2,17,A01
201800022936,0,10,000,00,2,8,23,A01
201800022936,1,31,000,01,0,1,01,B01
201800022937,1,33,000,00,2,1,17,A01
201800022937,1,07,000,00,2,8,15,B01
201800022938,1,07,000,00,1,3,01,A01
201800022939,1,07,000,00,2,2,15,A01
201800022939,2,31,000,00,2,9,01,B01
201800022940,1,07,000,00,2,0,01,B01
201800022940,1,33,000,00,2,1,01,A01
201800022941,1,07,000,00,2,1,09,A01
201800022941,1,33,000,00,2,9,01,B01
201800022941,1,07,000,00,2,8,24,C01
201800022942,1,07,000,00,9,9,01,A01
201800022943,1,14,000,00,1,8,01,A01
201800022944,1,07,000,00,2,1,01,A01
201800022944,1,07,000,00,2,3,15,B01
201800022945,2,01,000,00,2,1,01,B01
201800022945,1,07,000,00,2,1,13,A01
201800022946,1,07,000,00,2,3,01,B01
201800022946,1,07,000,00,2,2,01,A01
201800022947,1,07,000,00,2,4,01,B01
201800022947,1,33,000,00,2,1,01,A01
201800022948,1,33,000,00,9,0,15,A01
201800022949,1,07,000,00,1,1,01,A01
201800022950,1,07,000,00,9,9,01,A01
201800022951,1,01,000,00,2,8,01,B01
201800022951,1,07,000,00,2,2,16,A01
201800022952,1,07,000,00,2,1,09,A01
201800022952,1,33,000,00,2,3,01,B01
201800022953,1,14,000,00,2,1,12,A01
201800022953,1,07,000,00,2,8,01,B01
201800022953,1,07,000,00,2,2,01,C01
201800022954,1,07,000,00,2,3,09,A01
201800022954,1,33,000,00,2,8,01,B01
201800022954,2,07,000,00,2,1,01,C01
201800022955,1,33,000,00,1,1,01,A01
201800022956,1,07,000,00,1,3,01,B01
201800022957,1,07,000,00,2,7,15,A01
201800022957,2,33,000,00,2,1,01,B01
201800022958,1,07,000,00,0,9,00,A01
201800022959,2,07,000,00,2,1,01,B01
201800022959,1,10,000,00,2,3,13,A01
201800022960,2,07,000,00,2,3,01,B01
201800022960,1,02,000,00,2,3,13,A01
201800022961,1,07,000,00,2,1,14,A01
201800022961,1,07,000,00,2,8,14,B01
201800022962,1,07,000,00,2,2,01,A01
201800022962,1,07,000,00,2,6,01,B01
201800022963,1,07,000,00,2,3,01,B01
201800022963,1,07,000,03,2,9,01,A01
201800022964,1,07,000,00,2,1,01,A01
201800022964,1,07,000,00,2,8,01,B01
201800022965,1,07,000,00,2,1,05,A01
201800022965,1,07,000,00,2,1,01,B01
201800022966,1,07,000,00,2,1,05,A01
201800022966,2,07,000,00,2,1,01,B01
201800022967,1,33,000,00,0,8,16,A01
201800022968,1,10,000,00,1,4,04,A01
201800022969,1,07,000,00,1,3,01,A01
201800022970,1,33,000,00,2,1,02,B01
201800022970,1,07,000,00,2,6,01,A01
201800022971,1,07,000,00,1,1,01,A01
201800022972,1,07,000,00,2,1,01,A01
201800022972,1,07,000,00,2,1,01,C01
201800022972,1,07,000,00,2,9,01,B01
201800022973,2,07,000,00,2,1,01,B01
201800022973,1,01,000,00,2,9,19,A01
201800022974,1,07,000,00,2,1,15,B01
201800022974,1,02,000,00,2,7,17,A01
201800022975,2,01,000,00,2,1,01,B01
201800022975,1,10,000,00,2,2,15,A01
201800022976,1,37,000,00,1,2,01,A01
201800022977,1,07,000,00,2,3,15,A01
201800022977,1,01,000,00,2,1,01,B01
201800022978,1,07,000,00,2,1,02,A01
201800022978,1,07,000,00,2,4,02,B01
201800022979,1,07,000,00,2,1,01,A01
201800022979,2,01,000,00,2,1,17,B01
201800022980,1,07,000,00,2,4,02,D01
201800022980,1,10,000,00,2,1,02,A01
201800022980,1,07,000,00,2,4,02,C01
201800022980,1,07,000,00,2,4,02,E01
201800022980,1,07,000,00,2,4,02,B01
201800022981,1,07,000,00,2,4,02,B01
201800022981,1,07,000,00,2,1,02,A01
201800022981,1,07,000,00,2,1,02,C01
201800022981,1,07,000,00,2,1,02,D01
201800022982,1,33,000,00,2,1,01,A01
201800022982,2,07,000,00,2,7,15,B01
201800022983,2,02,000,00,2,1,13,A01
201800022983,1,07,000,00,2,2,01,B01
201800022984,1,07,000,04,0,1,01,A01
201800022985,1,10,000,00,2,2,15,A01
201800022985,2,33,000,00,2,1,01,B01
201800022986,1,07,000,00,2,1,02,A01
201800022986,1,10,000,00,2,4,02,C01
201800022986,1,07,000,00,2,4,02,B01
201800022987,1,34,000,00,2,1,02,A01
201800022987,1,07,000,00,2,5,02,B01
201800022988,1,07,000,00,2,1,01,A01
201800022988,0,01,000,00,2,7,19,B01
201800022989,1,07,000,00,2,7,01,A01
201800022989,1,07,000,00,9,0,02,C01
201800022989,1,07,000,00,2,1,01,B01
201800022990,2,02,000,12,0,1,01,A01
201800022991,1,07,000,00,2,0,01,Z01
201800022991,1,02,000,00,2,8,01,A01
201800022992,1,07,000,00,2,4,02,C01
201800022992,1,07,000,00,2,1,02,A01
201800022992,1,07,000,00,2,4,02,B01
201800022993,1,10,000,01,0,1,01,A01
201800022993,1,15,000,00,2,4,23,B01