Num_Acc,senc,catv,occutc,obs,obsm,choc,manv,num_veh
201800024461,1,10,000,00,0,6,23,B01
201800024461,1,07,000,00,2,2,01,A01
201800024462,2,07,000,00,2,8,15,A01
201800024462,2,32,000,00,2,1,01,B01
201800024463,1,07,000,01,1,4,20,A01
201800024464,1,07,000,00,2,3,01,A01
201800024464,1,01,000,00,2,4,01,B01
201800024465,1,40,030,00,2,5,01,B01
201800024465,1,07,000,00,4,1,01,A01
201800024466,1,07,000,00,2,8,22,A01
201800024466,2,02,000,00,2,1,17,B01
201800024467,1,07,000,00,2,2,15,A01
201800024467,1,32,000,00,2,8,01,B01
201800024468,2,10,000,00,2,2,16,B01
201800024468,0,07,000,01,0,8,00,C01
201800024468,2,33,000,00,2,3,18,A01
201800024469,2,32,000,00,0,7,01,A01
201800024470,2,33,000,00,2,1,01,A01
201800024470,2,07,000,00,0,6,15,B01
201800024471,0,10,000,00,2,8,00,A01
201800024471,1,02,000,00,2,2,17,B01
201800024472,1,07,000,00,1,1,01,A01
201800024473,1,07,000,00,1,3,01,A01
201800024474,0,10,000,00,1,4,20,A01
201800024475,1,33,000,00,2,1,00,A01
201800024475,1,07,000,00,2,1,00,B01
201800024476,1,07,000,00,2,1,02,B01
201800024476,1,30,000,08,2,1,19,A01
201800024477,1,07,000,00,1,3,19,A01
201800024478,0,07,000,00,2,1,02,A01
201800024478,0,07,000,00,2,4,02,B01
201800024479,0,10,000,00,1,4,04,A01
201800024480,2,07,000,15,4,1,23,C01
201800024480,1,10,000,00,2,8,15,A01
201800024480,1,40,001,00,2,2,01,B01
201800024481,2,07,000,00,1,1,01,A01
201800024482,1,07,000,00,1,1,01,A01
201800024483,0,07,000,00,1,3,11,A01
201800024484,1,07,000,00,1,3,19,A01
201800024485,2,07,000,00,2,1,01,B01
201800024485,1,07,000,00,2,8,15,A01
201800024486,1,30,000,12,0,8,01,A01
201800024487,1,07,000,00,2,8,10,A01
201800024487,1,32,000,00,2,1,01,B01
201800024488,0,01,000,00,2,2,01,B01
201800024488,0,07,000,00,2,3,00,A01
201800024489,2,07,000,08,0,1,14,A01
201800024490,2,07,000,00,2,5,01,B01
201800024490,1,07,000,00,2,1,00,A01
201800024491,1,07,000,09,0,1,13,A01
201800024492,2,07,000,00,2,1,01,A01
201800024492,2,31,000,00,0,4,23,B01
201800024493,2,07,000,00,2,4,23,B01
201800024493,1,07,000,00,0,4,23,C01
201800024493,1,07,000,00,2,1,01,A01
201800024494,1,07,000,00,2,3,01,B01
201800024494,1,07,000,00,2,8,15,Z01
201800024495,2,33,000,08,0,1,13,A01
201800024496,2,07,000,00,2,5,16,B01
201800024496,2,30,000,00,2,1,01,A01
201800024497,2,07,000,00,2,1,15,A01
201800024497,2,33,000,00,2,8,01,B01
201800024498,2,07,000,00,2,2,19,A01
201800024498,1,32,000,00,2,1,01,B01
201800024499,0,07,000,00,2,1,01,A01
201800024499,0,07,000,00,0,4,01,B01
201800024500,0,31,000,00,2,1,17,A01
201800024500,1,07,000,00,2,1,01,B01
201800024501,1,10,000,00,2,7,15,A01
201800024501,2,33,000,00,2,1,01,B01
201800024502,2,01,000,08,2,1,01,A01
201800024502,1,07,000,00,2,1,01,B01
201800024503,0,07,000,00,2,3,01,B01
201800024503,0,33,000,00,2,7,16,A01
201800024504,0,30,000,00,2,1,01,A01
201800024504,0,07,000,00,2,4,02,B01
201800024505,1,01,000,00,2,6,13,A01
201800024505,1,07,000,00,6,2,00,B01
201800024506,1,07,000,00,2,8,15,A01
201800024506,1,32,000,00,2,2,17,B01
201800024507,0,31,000,00,0,0,01,A01
201800024508,0,07,000,00,1,2,01,A01
201800024509,1,30,000,00,2,1,02,A01
201800024509,1,07,000,00,2,4,23,B01
201800024510,0,33,000,00,0,7,01,A01
201800024511,2,07,000,00,2,6,13,A01
201800024511,2,33,000,00,2,1,01,B01
201800024512,0,33,000,01,1,3,13,A01
201800024513,1,07,000,00,2,8,13,A01
201800024513,2,07,000,00,2,8,01,B01
201800024514,0,07,000,00,1,2,16,A01
201800024515,0,34,000,00,1,1,01,A01
201800024516,2,07,000,00,1,2,01,B01
201800024517,1,10,000,00,1,1,01,A01
201800024518,2,01,000,00,2,8,00,B01
201800024518,1,07,000,00,2,1,13,A01
201800024519,0,07,000,00,1,2,01,A01
201800024520,1,07,000,08,0,1,01,A01
201800024521,0,07,000,00,2,2,20,B01
201800024521,2,07,000,00,2,1,01,A01
201800024522,1,07,000,00,1,1,02,A01
201800024523,1,07,000,08,0,9,13,A01
201800024524,2,33,000,00,2,1,01,A01
201800024524,1,07,000,00,2,7,15,B01
201800024525,2,02,000,00,2,1,01,B01
201800024525,2,07,000,00,2,8,15,A01
201800024526,2,07,000,00,1,2,01,A01
201800024527,1,07,000,00,2,5,15,A01
201800024527,2,33,000,00,2,9,01,B01
201800024528,2,07,000,00,1,4,04,A01
201800024529,1,07,000,00,2,1,00,A01
201800024529,1,32,000,00,2,0,02,B01
201800024529,1,07,000,00,2,2,02,C01
201800024530,0,07,000,00,1,0,02,A01
201800024531,1,02,000,00,1,2,01,A01
201800024532,2,07,000,00,2,1,01,A01
201800024532,2,07,000,08,2,2,01,B01
201800024533,1,10,000,00,2,3,13,A01
201800024533,1,10,000,00,2,1,01,D01
201800024533,1,10,000,00,2,8,01,B01
201800024533,1,07,000,00,2,3,01,C01
201800024534,2,07,000,00,2,1,19,A01
201800024534,1,02,000,00,2,1,01,B01
201800024535,1,07,000,00,2,1,15,A01
201800024535,2,33,000,00,2,3,01,B01
201800024536,2,07,000,00,1,3,01,A01
201800024537,0,07,000,14,0,1,19,A01
201800024538,1,07,000,00,2,1,01,A01
201800024538,1,07,000,00,2,7,01,B01
201800024539,2,32,000,00,2,1,01,B01
201800024539,1,07,000,00,2,1,13,A01
201800024540,2,07,000,00,2,3,02,A01
201800024540,2,07,000,00,2,6,01,B01
201800024541,2,10,000,00,2,3,13,A01
201800024541,1,07,000,00,2,3,00,B01
201800024542,2,02,000,00,1,1,17,A01
201800024543,2,37,003,00,1,7,20,A01
201800024544,2,07,000,00,1,1,01,A01
201800024545,0,07,000,00,2,1,01,Z01
201800024545,2,07,000,00,2,3,15,B01
201800024546,1,07,000,00,2,6,15,B01
201800024546,1,33,000,00,2,6,17,A01
201800024547,1,07,000,00,2,0,20,A01
201800024547,1,07,000,00,2,2,01,B01
201800024548,2,07,000,00,2,3,09,B01
201800024548,2,07,000,00,2,2,01,Z01
201800024549,0,10,000,00,2,1,11,A01
201800024549,0,10,000,00,2,6,15,B01
201800024550,1,01,000,00,2,1,01,B01
201800024550,1,07,000,00,2,1,15,A01
201800024551,0,07,000,00,2,1,05,A01
201800024551,0,07,000,00,2,1,01,B01
201800024552,1,31,000,00,2,1,01,B01
201800024552,0,07,000,00,2,1,13,A01
201800024553,0,07,000,00,1,1,15,A01
201800024554,1,07,000,00,2,1,13,A01
201800024554,2,07,000,00,2,1,00,B01
201800024555,2,07,000,00,2,3,13,A01
201800024556,1,33,000,04,0,0,14,A01
201800024557,0,07,000,00,2,1,15,A01
201800024557,0,30,000,00,2,1,01,B01
201800024557,0,30,000,00,2,1,01,C01
201800024558,2,07,000,00,2,3,01,B01
201800024558,1,07,000,00,2,2,13,A01
201800024559,0,07,000,00,1,1,01,A01
201800024560,1,15,000,00,2,5,16,A01
201800024560,1,30,000,00,2,1,01,B01
201800024561,0,33,000,00,0,7,00,A01
201800024562,0,07,000,00,2,1,01,A01
201800024562,0,32,000,00,2,1,13,B01
201800024563,0,31,000,00,2,2,14,A01
201800024563,0,32,000,00,2,8,01,B01
201800024564,0,07,000,00,2,1,13,A01
201800024564,0,07,000,00,2,1,01,B01
201800024564,0,07,000,00,2,1,01,C01
201800024565,0,07,000,00,2,2,15,A01
201800024565,0,33,000,00,2,1,01,B01
201800024566,0,07,000,00,2,3,19,B01
201800024566,2,07,000,00,2,2,01,A01
201800024567,1,10,000,00,2,0,11,A01
201800024567,2,38,015,00,2,2,00,B01
201800024567,1,34,000,00,2,1,21,C01
201800024568,0,07,000,00,2,1,19,A01
201800024568,0,02,000,00,2,1,01,B01
201800024569,0,33,000,00,2,2,17,A01
201800024569,0,07,000,00,2,6,17,B01
201800024570,0,07,000,00,2,1,13,A01
201800024570,0,07,000,00,2,8,01,B01
201800024570,0,07,000,00,2,3,01,C01
201800024571,2,07,000,00,2,5,15,A01
201800024571,2,34,000,00,2,1,21,B01
201800024572,0,34,000,00,2,1,00,A01
201800024572,0,07,000,00,2,3,01,B01
201800024573,1,07,000,00,2,1,15,A01
201800024573,1,07,000,00,2,1,01,B01
201800024574,1,02,000,00,1,3,01,A01
201800024575,2,07,000,00,1,1,01,A01
201800024576,1,07,000,06,0,3,00,A01
201800024577,1,07,000,00,2,1,02,A01
201800024577,1,07,000,00,2,4,00,B01
201800024578,2,30,000,00,2,1,19,A01
201800024578,2,07,000,00,2,8,01,B01
201800024579,1,01,000,00,2,1,13,B01
201800024579,2,07,000,00,2,3,01,A01
201800024580,0,07,000,00,1,1,20,A01
201800024581,2,33,000,00,1,1,21,A01
201800024582,1,07,000,00,2,1,19,A01
201800024582,2,07,000,00,2,7,01,B01
201800024583,1,07,000,00,1,7,21,A01
201800024584,1,07,000,00,1,2,01,A01
201800024585,0,30,000,00,2,0,00,B01
201800024585,0,30,000,00,2,0,00,A01
201800024586,0,07,000,00,1,4,04,A01
201800024587,2,07,000,00,2,7,15,A01
201800024587,2,07,000,00,2,1,01,B01
201800024588,0,01,000,00,2,7,01,B01
201800024588,0,07,000,00,2,0,22,Z01
201800024589,1,07,000,00,2,4,02,B01
201800024589,1,07,000,00,2,1,01,A01
201800024590,0,07,000,14,0,0,01,A01
201800024591,2,07,000,00,2,3,15,B01
201800024591,2,07,000,06,2,2,17,Z01
201800024592,1,07,000,00,1,1,01,A01
201800024593,2,07,000,00,2,2,01,B01
201800024593,0,07,000,00,2,8,09,A01
201800024594,2,30,000,00,2,8,19,A01
201800024594,2,02,000,00,2,2,01,B01
201800024595,0,07,000,00,2,1,02,A01
201800024595,0,07,000,00,2,4,01,B01
201800024595,0,07,000,00,2,4,01,C01
201800024596,0,10,000,00,1,1,01,A01
201800024597,1,10,000,00,1,4,04,A01
201800024598,0,07,000,08,0,1,13,A01
201800024599,1,07,000,00,6,9,01,A01
201800024600,,01,000,00,2,5,01,B01
201800024600,0,07,000,00,2,8,16,A01
201800024601,2,07,000,00,2,6,15,B01
201800024601,1,33,000,00,2,1,01,A01
201800024602,2,07,000,00,2,4,01,B01
201800024602,2,07,000,00,2,1,02,D01
201800024602,2,07,000,00,2,1,02,C01
201800024602,2,07,000,00,2,0,01,E01
201800024602,2,07,000,00,2,0,01,F02
201800024602,2,07,000,00,2,1,02,A01
201800024603,0,07,000,00,2,4,23,B01
201800024603,0,07,000,00,2,3,23,C01
201800024603,0,33,000,00,2,1,02,A01
201800024604,1,07,000,00,2,4,01,B01
201800024604,1,07,000,03,2,1,02,A01
201800024605,0,33,000,00,0,0,00,A01
201800024606,1,01,000,00,2,1,01,B01
201800024606,1,07,000,00,2,8,16,A01
201800024607,2,07,000,00,2,1,02,A01
201800024607,2,07,000,00,2,4,01,B01
201800024608,0,07,000,00,2,4,01,B01
201800024608,0,10,000,00,2,1,02,A01
201800024609,2,07,000,00,2,2,15,A01
201800024609,1,02,000,00,2,1,01,B01
201800024610,0,07,000,00,2,4,01,B01
201800024610,0,07,000,00,2,1,02,A01
201800024611,0,10,000,00,1,1,,A01
201800024612,2,07,000,00,1,1,15,A01
201800024613,1,07,000,00,2,1,02,A01
201800024613,1,07,000,00,2,4,01,B01
201800024614,1,07,000,00,0,1,01,B01
201800024614,2,07,000,00,2,7,15,A01
201800024615,0,07,000,00,2,7,15,A01
201800024615,0,07,000,00,2,3,01,B01
201800024616,2,07,000,00,2,1,02,A01
201800024616,2,07,000,00,2,4,23,B01
201800024617,1,07,000,00,1,1,01,Z01
201800024618,0,07,000,00,2,7,19,A01
201800024618,0,07,000,00,2,3,01,B01
201800024619,2,07,000,00,2,7,16,A01
201800024619,2,01,000,00,2,3,01,B01
201800024620,0,01,000,00,2,7,01,B01
201800024620,0,07,000,00,2,6,09,A01
201800024621,0,07,000,00,2,1,02,A01
201800024621,0,07,000,00,2,4,23,B01
201800024622,0,07,000,00,1,4,20,A01
201800024623,1,37,002,00,2,2,01,B01
201800024623,1,07,000,00,2,3,15,A01
201800024624,0,07,000,00,1,8,01,A01
201800024625,0,01,000,00,2,8,01,B01
201800024625,0,07,000,00,2,7,14,A01
201800024626,1,17,000,01,0,9,14,A01
201800024627,0,07,000,00,2,8,16,A01
201800024627,0,07,000,00,2,2,01,B01
201800024628,1,07,000,00,2,1,02,D01
201800024628,1,07,000,00,2,4,01,B01
201800024628,1,07,000,00,2,1,02,A01
201800024628,1,07,000,00,2,4,01,C01
201800024629,0,07,000,00,1,1,15,A01
201800024630,1,07,000,00,2,1,02,A01
201800024630,1,07,000,00,2,4,01,B01
201800024631,0,07,000,00,1,1,01,A01
201800024632,1,07,000,00,2,1,09,A01
201800024632,1,07,000,00,2,4,01,B01
201800024633,2,07,000,12,0,3,01,A01
201800024634,0,01,000,00,2,5,01,B01
201800024634,0,07,000,00,2,5,09,A01
201800024635,2,07,000,00,2,1,01,B01
201800024635,1,07,000,03,2,2,14,A01
201800024636,2,07,000,00,2,0,02,C01
201800024636,2,07,000,00,2,0,02,E01
201800024636,2,07,000,00,2,0,02,D01
201800024636,2,07,000,00,2,9,02,F02
201800024636,2,07,000,00,2,0,02,B01
201800024636,2,07,000,00,2,0,01,A01
201800024637,0,07,000,07,1,2,00,A01
201800024638,0,07,000,00,1,1,01,A01
201800024639,0,02,000,00,2,4,01,B01
201800024639,0,07,000,00,2,1,02,A01
201800024640,0,07,000,00,2,8,10,B01
201800024640,0,02,000,00,2,1,17,A01
201800024641,0,07,000,09,0,1,13,A01
201800024642,0,07,000,00,1,3,01,A01
201800024643,0,07,000,00,2,3,13,A01
201800024643,0,37,002,00,2,1,01,B01
201800024644,0,07,000,09,2,2,01,A01
201800024644,0,07,000,00,2,1,01,B01
201800024645,1,07,000,00,2,6,13,A01
201800024645,1,07,000,00,2,2,01,B01
201800024646,0,33,000,00,2,1,02,A01
201800024646,0,07,000,00,2,4,01,B01
201800024647,1,07,000,00,2,1,02,A01
201800024647,1,07,000,00,2,4,01,B01
201800024648,2,07,000,00,1,1,01,A01
201800024649,2,07,000,00,2,4,01,B01
201800024649,2,07,000,00,2,1,02,A01
201800024650,0,07,000,00,2,3,01,B01
201800024650,0,07,000,00,2,3,05,A01
201800024651,0,07,000,09,0,1,01,A01
201800024652,0,01,000,00,2,1,01,A01
201800024652,0,07,000,00,2,7,16,B01
201800024653,1,07,000,00,2,3,13,A01
201800024653,2,03,000,00,2,1,01,B01
201800024654,2,07,000,00,2,6,10,B01
201800024654,2,33,000,00,2,1,17,A01
201800024655,0,07,000,00,2,7,15,A01
201800024655,0,07,000,00,2,1,01,B01
201800024656,0,07,000,00,2,3,09,A01
201800024656,0,31,000,00,2,1,01,B01
201800024657,0,02,000,00,0,0,01,A01
201800024658,0,02,000,00,0,0,01,A01
201800024659,0,07,000,00,2,2,01,B01
201800024659,0,07,000,00,2,1,01,A01
201800024660,2,07,000,00,2,2,15,A01
201800024660,1,01,000,00,2,0,01,B01
201800024661,1,07,000,00,2,4,01,C01
201800024661,1,07,000,00,2,1,02,A01
201800024661,1,07,000,00,2,4,01,D01
201800024661,1,07,000,00,2,9,01,B01
201800024662,1,34,000,00,0,1,01,A01
201800024663,2,07,000,10,2,2,01,A01
201800024663,2,07,000,00,2,8,15,B01
201800024664,1,07,000,00,1,7,01,A01
201800024665,0,07,000,00,2,8,15,B01
201800024665,0,02,000,00,2,1,17,A01
201800024666,1,07,000,00,2,4,23,B01
201800024666,1,07,000,00,2,1,02,A01
201800024667,1,07,000,00,2,4,09,A01
201800024667,1,07,000,00,2,1,01,B01
201800024668,2,07,000,00,2,4,23,C01
201800024668,2,07,000,00,2,1,01,A01
201800024668,2,07,000,00,2,4,23,B01
201800024669,0,07,000,00,1,4,04,A01
201800024670,0,02,000,00,2,1,17,A01
201800024670,0,07,000,00,2,1,01,B01
201800024671,0,07,000,00,1,2,01,A01
201800024672,2,07,000,00,2,4,23,A01
201800024672,2,07,000,00,2,1,02,B01
201800024673,0,07,000,00,1,1,01,A01
201800024674,0,07,000,00,1,1,01,A01
201800024675,0,07,000,00,9,1,01,B01
201800024675,0,10,000,00,2,0,01,A01
201800024676,0,02,000,00,2,1,01,B01
201800024676,0,01,000,00,2,8,19,A01
201800024677,2,07,000,00,0,1,01,A01
201800024678,0,07,000,00,2,1,02,A01
201800024678,0,07,000,00,2,4,23,B01
201800024679,0,07,000,00,1,2,20,A01
201800024680,1,07,000,00,2,4,10,A01
201800024680,2,02,000,00,2,1,21,B01
201800024681,2,07,000,00,2,4,23,C01
201800024681,2,07,000,00,2,4,23,B01
201800024681,2,07,000,00,2,1,02,A01
201800024682,2,07,000,00,2,1,02,A01
201800024682,2,07,000,00,2,4,15,C01
201800024682,2,07,000,00,2,4,23,B01
201800024683,2,07,000,00,0,9,01,A01
201800024684,2,07,000,00,2,1,01,A01
201800024684,2,07,000,00,2,4,01,B01
201800024685,1,02,000,00,0,9,01,A01
201800024686,0,99,000,00,1,1,00,A01
201800024687,0,01,000,00,2,1,01,A01
201800024687,0,07,000,00,2,4,23,B01
201800024688,1,07,000,01,0,1,21,A01
201800024689,0,07,000,00,2,2,15,A01
201800024689,0,33,000,00,2,1,01,B01
201800024690,1,07,000,00,2,4,01,B01
201800024690,1,10,000,00,2,1,02,A01
201800024691,0,07,000,00,1,1,17,A01
201800024692,2,07,000,00,2,4,23,B01
201800024692,2,07,000,00,2,1,02,A01
201800024693,1,07,000,00,2,3,09,A01
201800024693,1,02,000,00,2,1,01,B01
201800024694,1,10,000,00,2,1,01,C01
201800024694,1,07,000,00,2,1,01,E01
201800024694,1,07,000,00,2,4,14,D01
201800024694,1,10,000,00,2,4,14,B01
201800024694,1,07,000,00,2,4,01,A01
201800024695,1,07,000,00,2,1,02,A01
201800024695,1,07,000,00,2,4,23,B01
201800024696,1,01,000,00,0,0,01,A01
201800024697,0,07,000,00,2,1,01,B01
201800024697,0,07,000,00,2,8,15,A01
201800024698,0,07,000,00,2,4,23,B01
201800024698,0,07,000,00,2,1,02,A01
201800024699,0,07,000,00,1,1,01,A01
201800024700,2,07,000,00,0,9,14,A01
201800024701,0,07,000,00,2,1,15,A01
201800024701,0,07,000,00,2,8,01,B01
201800024702,0,01,000,00,2,8,18,B01
201800024702,0,07,000,00,2,2,01,A01
201800024703,0,07,000,13,0,1,01,A01
201800024704,0,13,000,00,2,2,16,B01
201800024704,0,01,000,00,2,0,01,A01
201800024705,0,07,000,08,0,1,01,A01
201800024706,2,07,000,03,0,1,01,A01
201800024707,0,07,000,00,2,1,02,A01
201800024707,0,01,000,00,2,4,15,B01
201800024708,0,07,000,00,1,3,01,A01
201800024709,0,01,000,00,2,4,01,B01
201800024709,0,07,000,00,2,2,09,A01
201800024710,0,01,000,00,2,8,19,B01
201800024710,0,07,000,00,2,1,01,A01
201800024711,0,01,000,00,2,8,16,B01
201800024711,0,07,000,00,2,1,01,A01
201800024712,1,33,000,12,0,1,01,A01
201800024713,0,07,000,00,1,1,01,A01
201800024714,0,02,000,00,2,1,01,B01
201800024714,1,07,000,00,2,8,01,A01
201800024715,0,07,000,00,2,4,02,B01
201800024715,0,07,000,00,2,1,02,A01
201800024716,1,07,000,00,1,2,00,A01
201800024717,1,07,000,00,2,1,02,A01
201800024717,1,15,000,00,2,4,02,B01
201800024718,1,37,001,00,1,1,08,A01
201800024719,1,33,000,00,0,0,00,A01
201800024720,1,07,000,00,2,4,02,B01
201800024720,1,07,000,00,2,1,02,A01
201800024721,0,10,000,00,2,1,02,A01
201800024721,0,10,000,00,2,4,00,B01
201800024721,0,10,000,00,2,4,02,C01
201800024722,2,07,000,00,2,8,01,B01
201800024722,1,07,000,00,2,1,15,A01
201800024723,0,07,000,00,1,1,00,A01
201800024724,0,37,001,00,2,2,01,B01
201800024724,0,07,000,00,2,3,01,A01
201800024725,0,07,000,00,2,2,12,A01
201800024725,0,07,000,00,2,6,01,B01
201800024726,1,07,000,13,0,1,00,A01
201800024727,0,33,000,00,0,9,16,A01
201800024728,1,07,000,00,2,4,01,B01
201800024728,1,07,000,00,2,1,02,A01
201800024728,1,07,000,00,2,4,01,C01
201800024729,0,07,000,00,2,3,15,A01
201800024729,0,01,000,00,2,8,01,B01
201800024730,0,07,000,00,2,8,01,A01
201800024730,0,01,000,00,2,1,01,B01
201800024731,2,33,000,00,2,7,17,A01
201800024731,2,07,000,00,2,3,13,B01
201800024732,2,07,000,00,1,1,01,A01
201800024733,1,07,000,08,2,6,23,B01
201800024733,2,07,000,08,2,1,15,A01
201800024734,1,10,000,00,2,4,02,B01
201800024734,1,10,000,00,2,1,02,A01
201800024735,1,07,000,00,1,1,00,A01
201800024736,2,07,000,00,2,8,17,A01
201800024736,2,31,000,00,2,7,17,B01
201800024737,2,07,000,00,2,3,22,A01
201800024737,2,01,000,01,0,1,01,B01
201800024738,1,07,000,00,2,2,15,A01
201800024738,2,01,000,00,2,3,01,B01
201800024739,2,01,000,01,,1,01,B01
201800024739,1,07,000,00,2,7,22,A01
201800024740,1,01,000,00,1,1,01,A01
201800024741,2,32,000,00,2,7,01,A01
201800024741,2,33,000,00,2,2,02,B01
201800024741,2,07,000,00,2,4,02,C01
201800024742,1,33,000,00,0,9,01,A01
201800024743,1,07,000,03,2,1,02,A01
201800024743,1,07,000,00,2,4,01,C01
201800024743,1,33,000,00,2,4,01,D01
201800024743,1,07,000,00,2,6,01,B01
201800024744,0,07,000,01,0,3,13,A01
201800024745,2,01,000,00,0,9,21,A01
201800024746,1,07,000,00,2,1,02,A01
201800024746,1,07,000,00,2,4,01,C01
201800024746,1,07,000,00,2,1,02,B01
201800024747,2,07,000,00,2,1,01,A01
201800024747,2,01,000,00,2,7,09,B01
201800024748,0,01,000,00,2,1,18,B01
201800024748,0,07,000,00,2,7,22,A01
201800024749,1,07,000,03,2,1,12,A01
201800024749,1,07,000,00,2,4,02,B01
201800024750,0,07,000,00,1,1,00,A01
201800024751,2,07,000,00,2,1,02,A01
201800024751,2,07,000,00,2,4,01,B01
201800024752,1,02,000,00,2,1,05,A01
201800024753,2,31,000,00,2,1,02,A01
201800024753,1,10,000,00,2,4,01,B01
201800024754,0,02,000,00,2,1,01,A01
201800024754,0,07,000,00,2,4,20,B01
201800024755,0,07,000,00,0,0,00,A01
201800024755,0,01,000,01,0,1,01,B01
201800024756,0,07,000,00,2,3,09,A01
201800024756,0,31,000,00,2,1,01,B01
201800024757,0,07,000,00,1,1,01,A01
201800024757,1,07,000,00,2,1,02,B01
201800024758,0,07,000,,2,3,15,B01
201800024758,0,01,000,00,2,0,15,A01
201800024759,1,07,000,00,2,3,09,A01
201800024759,0,37,050,00,2,2,15,B01
201800024760,0,07,000,08,0,8,08,A01
201800024761,1,07,000,12,0,3,01,A01
201800024762,1,34,000,00,2,1,02,A01
201800024762,1,07,000,00,2,4,01,B01
201800024763,0,10,000,00,0,0,00,B01
201800024763,1,10,000,00,2,1,19,A01
201800024764,1,10,000,00,2,4,02,B01
201800024764,1,10,000,00,2,4,02,C01
201800024764,1,10,000,00,2,1,09,A01
201800024764,1,10,000,00,2,4,02,D01
201800024765,0,01,000,00,2,1,01,A01
201800024765,0,07,000,00,2,5,01,B01
201800024766,0,30,000,00,2,7,19,A01
201800024766,0,37,025,00,2,1,01,B01
201800024767,1,07,000,00,0,4,02,B01
201800024767,0,37,035,00,2,1,02,A01
201800024768,1,07,000,03,0,7,14,A01
201800024769,0,07,000,00,2,1,00,A01
201800024769,0,14,000,00,2,4,20,B01
201800024770,1,07,000,00,2,7,01,A01
201800024770,1,01,000,00,2,8,11,B01
201800024771,1,07,000,00,2,8,24,A01
201800024771,1,01,000,01,0,1,01,B01
201800024772,0,33,000,00,2,8,00,B01
201800024772,0,07,000,00,0,2,00,A01
201800024773,0,07,000,00,1,1,00,A01
201800024774,0,34,000,00,1,1,00,A01
201800024775,1,07,000,00,2,4,23,B01
201800024775,1,17,000,00,2,2,14,A01
201800024776,2,33,000,00,2,1,01,B01
201800024776,1,07,000,00,2,5,04,A01
201800024777,2,07,000,09,0,3,14,A01
201800024778,0,01,000,00,2,7,01,B01
201800024778,0,07,000,00,2,1,09,A01
201800024779,0,07,000,02,2,0,01,B01
201800024779,0,10,000,00,2,0,09,A01
201800024780,0,07,000,00,2,7,01,B01
201800024780,0,07,000,00,2,7,00,A01
201800024781,1,07,000,00,2,2,16,A01
201800024781,2,01,000,00,2,8,01,B01
201800024782,1,02,000,00,2,7,01,A01
201800024782,1,07,000,00,2,3,09,B01
201800024783,1,01,000,00,2,1,01,B01
201800024783,0,07,000,00,2,3,16,A01
201800024784,1,07,000,00,2,7,14,A01
201800024784,1,15,000,00,2,8,01,B01
201800024785,0,30,000,00,2,3,17,A01
201800024785,0,07,000,00,2,3,15,B01
201800024786,1,15,000,00,2,1,02,A01
201800024786,1,07,000,00,2,4,02,B01
201800024787,0,01,000,00,2,4,00,B01
201800024787,0,07,000,00,6,2,00,A01
201800024788,1,34,000,04,2,2,09,A01
201800024788,1,07,000,00,2,6,01,B01
201800024789,0,99,000,00,2,1,19,A01
201800024789,0,07,000,00,0,0,00,B01
201800024790,2,01,000,00,2,1,01,B01
201800024790,1,07,000,00,2,1,15,A01
201800024791,0,30,000,00,0,8,15,A01
201800024792,0,07,000,00,2,8,16,A01
201800024792,0,34,000,00,2,2,21,B01
201800024793,1,15,000,00,5,5,02,A01
201800024793,1,01,000,00,2,3,02,B01
201800024794,0,01,000,09,0,1,16,A01
201800024795,1,01,000,00,2,1,01,B01
201800024795,1,10,000,00,2,2,16,A01
201800024796,0,07,000,00,0,4,24,B01
201800024796,0,07,000,01,0,2,01,A01
201800024797,0,07,000,00,2,1,01,B01
201800024797,0,07,000,00,2,2,15,A01
201800024798,1,01,000,00,1,3,01,A01
201800024799,0,07,000,01,0,3,16,A01
201800024800,0,07,000,00,2,6,23,B01
201800024800,0,31,000,14,2,1,09,A01
201800024801,0,01,000,00,2,1,00,A01
201800024801,0,07,000,00,2,2,01,B01
201800024802,1,30,000,00,2,1,01,B01
201800024802,1,10,000,00,2,4,01,A01
201800024803,0,31,000,00,2,1,01,A01
201800024803,0,07,000,00,2,5,20,B01
201800024804,1,07,000,00,2,4,01,B01
201800024804,1,10,000,00,2,1,02,A01
201800024805,0,07,000,00,2,3,15,B01
201800024805,0,01,000,00,2,1,00,A01
201800024806,1,07,000,03,0,2,02,B01
201800024806,1,17,000,00,2,1,02,A01
201800024807,1,07,000,00,1,3,01,A01
201800024808,0,07,000,10,1,2,16,A01
201800024809,1,07,000,03,2,6,01,B01
201800024809,1,07,000,00,2,2,14,A01
201800024810,2,07,000,00,2,1,01,A01
201800024810,0,07,000,00,2,4,23,B01
201800024810,0,07,000,00,2,4,23,C01
201800024810,2,07,000,00,0,4,23,D01
201800024811,2,07,000,00,1,3,01,A01
201800024812,2,07,000,00,1,3,01,A01
201800024813,1,01,000,01,1,1,00,A01
201800024814,0,32,000,00,2,3,00,B01
201800024814,1,07,000,00,2,2,00,A01
201800024815,1,07,000,00,2,7,22,A01
201800024815,0,01,000,01,0,0,00,B01
201800024816,1,07,000,00,2,2,15,A01
201800024816,0,34,000,14,2,1,01,B01
201800024817,0,07,000,08,1,2,14,A01
201800024818,0,07,000,00,2,7,00,B01
201800024818,0,07,000,00,2,1,00,A01
201800024819,1,07,000,14,1,1,19,A01
201800024820,2,32,000,14,0,1,01,A01
201800024821,2,07,000,00,2,4,02,B01