Num_Acc,senc,catv,occutc,obs,obsm,choc,manv,num_veh
201800025184,1,07,000,00,2,1,02,A01
201800025184,1,07,000,00,2,1,02,B01
201800025185,1,07,000,00,2,1,01,B01
201800025185,1,10,000,01,2,8,01,A01
201800025186,1,07,000,03,0,9,01,A01
201800025187,2,01,000,00,2,1,01,B01
201800025187,2,07,000,00,2,1,15,A01
201800025188,1,07,000,00,2,1,01,A01
201800025188,1,07,000,00,2,7,01,B01
201800025189,1,07,000,00,1,7,01,B01
201800025190,2,30,000,00,2,1,18,A01
201800025190,2,01,000,00,2,7,19,B01
201800025191,2,07,000,00,2,2,15,A01
201800025191,1,07,000,00,2,1,01,B01
201800025191,1,07,000,00,2,1,01,C01
201800025192,2,01,000,00,6,0,00,A01
201800025193,0,07,000,00,2,2,15,A01
201800025193,0,07,000,00,2,1,01,B01
201800025194,0,07,000,00,2,1,01,A01
201800025194,0,07,000,00,2,6,15,B01
201800025195,0,01,000,00,0,1,01,A01
201800025196,1,07,000,00,2,2,20,A01
201800025196,1,31,000,00,2,7,01,B01
201800025197,1,07,000,00,2,3,15,A01
201800025197,1,07,000,00,2,3,01,B01
201800025198,1,07,000,00,2,2,13,A01
201800025198,1,07,000,00,2,6,02,B01
201800025199,1,07,000,15,0,6,01,A01
201800025200,1,07,000,00,2,1,02,A01
201800025200,1,31,000,00,2,4,02,B01
201800025200,2,07,000,00,2,1,05,C01
201800025201,1,07,000,00,2,7,01,A01
201800025201,2,07,000,00,2,1,01,B01
201800025202,1,31,000,14,0,2,01,A01
201800025203,0,07,000,08,0,5,01,A01
201800025204,1,07,000,00,1,2,09,A01
201800025205,1,33,000,00,2,7,05,A01
201800025205,2,07,000,00,2,3,15,B01
201800025206,2,01,000,00,0,7,01,A01
201800025207,1,10,000,00,1,2,02,A01
201800025208,2,34,000,00,2,7,01,B01
201800025208,1,10,000,00,2,1,01,A01
201800025209,1,07,000,00,1,2,01,A01
201800025210,2,07,000,00,0,0,10,A01
201800025210,2,37,020,00,0,0,07,B01
201800025211,1,07,000,00,2,1,01,A01
201800025211,1,07,000,00,2,4,01,B01
201800025212,1,33,000,00,0,8,01,A01
201800025213,1,07,000,00,2,2,01,A01
201800025213,1,01,000,00,2,3,19,B01
201800025214,2,07,000,00,4,7,01,A01
201800025214,1,40,010,00,2,1,01,B01
201800025215,1,07,000,06,0,1,01,A01
201800025216,2,07,000,02,0,3,16,A01
201800025217,1,01,000,00,0,1,00,A01
201800025218,1,07,000,00,2,6,01,A01
201800025218,1,37,020,00,2,8,01,B01
201800025219,1,99,000,00,0,0,00,B01
201800025220,1,07,000,00,2,1,02,A01
201800025220,1,07,000,00,2,4,02,B01
201800025221,1,10,000,00,2,4,04,A01
201800025221,1,01,000,00,2,2,01,B01
201800025222,2,01,000,00,2,1,13,A01
201800025222,1,07,000,00,2,1,16,B01
201800025223,1,01,000,00,0,0,23,A01
201800025224,1,07,000,00,1,1,01,A01
201800025225,1,07,000,00,2,1,02,A01
201800025225,1,15,000,00,2,4,23,B01
201800025226,1,07,000,00,2,1,02,A01
201800025226,1,07,000,00,2,4,02,B01
201800025227,1,30,000,00,2,1,01,B01
201800025227,1,07,000,00,2,3,09,A01
201800025228,1,07,000,00,9,1,14,A01
201800025229,1,07,000,00,2,1,02,A01
201800025229,1,07,000,00,2,4,02,B01
201800025230,2,07,000,00,2,2,15,A01
201800025230,1,07,000,00,2,3,01,B01
201800025231,1,07,000,00,1,2,01,A01
201800025232,2,07,000,00,2,1,02,A01
201800025232,2,07,000,00,2,1,02,B01
201800025232,2,07,000,00,2,1,02,C01
201800025233,1,07,000,13,0,1,01,A01
201800025234,2,01,000,00,9,7,16,A01
201800025235,2,10,000,00,0,0,14,A01
201800025236,2,07,000,00,2,8,24,A01
201800025236,2,01,000,01,0,1,01,B01
201800025237,1,07,000,00,1,1,15,A01
201800025238,2,30,000,00,2,1,05,A01
201800025238,2,07,000,00,2,1,01,B01
201800025239,1,07,000,10,2,1,09,A01
201800025239,1,07,000,00,2,7,01,B01
201800025240,2,32,000,00,2,1,02,A01
201800025240,2,07,000,00,2,5,15,B01
201800025241,1,07,000,00,2,1,01,B01
201800025241,2,01,000,00,2,8,05,A01
201800025242,1,33,000,00,0,8,01,A01
201800025243,1,07,000,00,2,3,01,B01
201800025243,1,07,000,00,2,2,01,A01
201800025244,1,01,000,00,0,0,00,A01
201800025245,2,31,000,00,2,1,01,A01
201800025245,2,07,000,00,2,4,02,B01
201800025246,2,07,000,00,2,1,15,A01
201800025246,2,07,000,00,2,8,01,B01
201800025247,1,07,000,00,1,8,02,A01
201800025248,2,07,000,00,1,2,02,A01
201800025249,1,02,000,00,0,8,02,A01
201800025250,2,07,000,00,1,1,15,A01
201800025251,1,07,000,07,0,1,01,A01
201800025252,2,07,000,00,2,2,12,A01
201800025252,2,07,000,00,2,6,02,B01
201800025253,1,31,000,00,2,1,02,A01
201800025253,1,07,000,00,2,3,23,B01
201800025254,2,07,000,00,2,1,01,A01
201800025254,2,07,000,00,2,1,02,B01
201800025254,2,07,000,00,2,4,02,C01
201800025255,2,01,000,00,1,1,01,A01
201800025256,1,07,000,00,1,2,01,A01
201800025257,1,07,000,00,2,3,02,A01
201800025257,1,33,000,00,2,7,02,B01
201800025258,2,07,000,00,1,3,01,A01
201800025259,2,01,000,00,2,6,15,B01
201800025259,2,07,000,00,2,1,01,A01
201800025260,1,10,000,00,1,0,00,A01
201800025261,2,07,000,00,2,2,15,A01
201800025261,1,07,000,00,2,1,02,B01
201800025262,1,07,000,00,2,8,15,A01
201800025262,1,33,000,00,2,1,17,B01
201800025263,2,07,000,00,2,1,09,A01
201800025263,1,10,000,00,2,1,01,B01
201800025264,2,02,000,00,0,8,01,A01
201800025265,1,31,000,00,5,0,01,A01
201800025266,1,33,000,00,0,0,01,A01
201800025267,1,07,000,02,0,1,01,A01
201800025268,2,30,000,00,2,1,09,A01
201800025268,2,07,000,00,2,4,01,B01
201800025269,2,07,000,00,1,2,01,A01
201800025270,1,14,000,14,0,2,01,A01
201800025270,1,01,000,14,0,4,21,B01
201800025271,1,34,000,00,2,1,02,A01
201800025271,1,07,000,00,2,4,23,B01
201800025272,1,07,000,04,0,3,00,A01
201800025273,1,07,000,04,0,1,01,A01
201800025274,1,07,000,00,2,2,13,A01
201800025274,2,07,000,00,2,1,01,B01
201800025275,1,07,000,00,2,2,01,A01
201800025275,1,07,000,00,2,1,16,B01
201800025276,1,07,000,00,2,1,01,A01
201800025276,1,07,000,00,2,4,01,B01
201800025277,1,07,000,01,0,1,01,A01
201800025278,1,07,000,00,1,4,04,A01
201800025279,2,32,000,00,1,1,01,A01
201800025280,1,07,000,09,0,2,01,A01
201800025281,2,31,000,00,1,8,01,Z01
201800025282,1,07,000,01,2,8,01,B01
201800025282,1,07,000,01,2,1,01,A01
201800025283,2,07,000,00,2,1,02,A01
201800025283,2,07,000,00,2,4,01,B01
201800025283,2,07,000,00,2,4,01,C01
201800025283,2,07,000,00,2,4,01,D01
201800025284,1,30,000,00,0,0,01,A01
201800025285,1,07,000,00,2,1,15,A01
201800025285,2,07,000,00,2,1,01,B01
201800025285,1,07,000,00,2,1,01,C01
201800025286,1,07,000,00,1,4,04,A01
201800025287,2,01,000,00,2,1,01,A01
201800025287,2,10,000,00,2,5,15,B01
201800025288,1,10,000,00,1,2,21,A01
201800025289,1,07,000,15,0,1,13,A01
201800025290,2,32,000,00,2,3,13,A01
201800025290,1,07,000,00,2,3,01,B01
201800025291,1,07,000,00,2,2,02,A01
201800025291,1,01,000,00,2,4,02,B01
201800025292,1,07,000,00,1,3,01,A01
201800025293,2,10,000,00,1,2,01,A01
201800025294,1,34,000,00,0,7,01,A01
201800025295,2,10,000,00,1,1,01,A01
201800025296,2,40,020,00,1,3,01,A01
201800025297,1,01,000,00,0,0,01,A01
201800025298,2,37,010,00,1,2,01,A01
201800025299,1,07,000,00,2,1,02,A01
201800025299,1,07,000,00,2,4,23,B01
201800025300,1,30,000,00,0,0,14,A01
201800025301,1,32,000,11,0,0,17,A01
201800025302,1,30,000,00,2,8,01,A01
201800025302,2,07,000,00,2,3,01,B01
201800025303,1,10,000,00,2,1,02,A01
201800025303,1,07,000,00,2,1,02,D01
201800025303,1,10,000,00,2,5,02,C01
201800025303,1,10,000,00,2,9,02,B01
201800025303,1,07,000,00,2,4,02,E01
201800025304,1,07,000,00,2,8,22,A01
201800025304,1,01,000,01,0,1,02,B01
201800025305,1,07,000,00,1,2,16,A01
201800025306,2,07,000,00,1,1,02,A01
201800025307,1,10,000,00,1,3,09,A01
201800025308,1,40,100,00,1,2,01,A01
201800025309,2,99,000,00,2,1,00,A01
201800025309,1,07,000,00,2,2,19,B01
201800025310,2,37,001,00,1,7,00,A01
201800025311,1,33,000,00,2,1,01,A01
201800025311,2,07,000,00,2,1,15,B01
201800025312,1,01,000,00,2,7,16,A01
201800025312,2,01,000,00,2,1,21,B01
201800025313,1,07,000,00,2,1,01,A01
201800025313,1,01,000,00,2,8,19,B01
201800025314,2,33,000,00,0,1,05,A01
201800025315,1,30,000,00,0,8,01,A01
201800025316,1,07,000,00,0,1,16,A01
201800025317,2,07,000,00,2,2,22,A01
201800025317,2,01,000,00,2,1,01,B01
201800025318,1,07,000,00,1,7,01,A01
201800025319,2,10,000,00,2,1,02,A01
201800025319,2,07,000,00,2,4,02,B01
201800025320,1,10,000,00,2,2,11,A01
201800025320,1,07,000,00,1,2,01,B01
201800025321,1,07,000,00,2,1,01,A01
201800025321,1,07,000,00,2,3,01,B01
201800025322,2,34,000,00,2,1,01,B01
201800025322,2,07,000,00,2,7,19,A01
201800025323,1,33,000,00,2,1,01,A01
201800025323,0,07,000,00,2,7,15,B01
201800025324,2,07,000,00,2,2,10,A01
201800025324,1,33,000,00,2,1,01,B01
201800025325,2,07,000,00,2,1,23,A01
201800025325,1,07,000,14,0,1,13,B01
201800025326,1,30,000,00,2,3,00,A01
201800025326,1,07,000,00,2,6,01,B01
201800025327,1,37,002,01,0,7,17,A01
201800025327,1,37,001,00,2,6,24,B01
201800025328,1,33,000,00,0,8,15,A01
201800025329,1,07,000,13,0,1,01,A01
201800025330,0,37,001,00,2,2,01,B01
201800025330,0,07,000,00,2,3,16,A01
201800025331,2,07,000,00,1,1,01,A01
201800025332,2,07,000,00,2,1,02,A01
201800025332,2,07,000,00,2,4,02,B01
201800025333,0,07,000,00,2,2,16,A01
201800025333,0,99,000,00,2,1,01,B01
201800025334,1,07,000,00,1,0,16,A01
201800025335,1,07,000,00,2,1,00,A01
201800025335,1,07,000,14,2,4,01,B01
201800025336,2,37,001,00,1,5,00,A01
201800025337,1,07,000,06,0,1,15,A01
201800025338,1,02,000,00,2,1,01,A01
201800025338,1,07,000,00,2,4,01,B01
201800025339,1,07,000,00,1,1,01,A01
201800025340,1,01,000,11,0,1,01,A01
201800025341,1,07,000,00,2,1,01,A01
201800025341,1,07,000,00,2,1,01,B01
201800025341,1,07,000,00,2,6,01,C01
201800025342,1,07,000,00,0,0,16,A01
201800025342,1,01,000,00,0,0,01,B01
201800025343,2,07,000,01,0,2,00,A01
201800025343,2,07,000,01,2,4,00,B01
201800025344,2,14,000,00,2,1,13,A01
201800025344,1,07,000,00,2,3,01,B01
201800025345,1,01,000,14,0,1,02,A01
201800025346,2,07,000,00,2,1,21,A01
201800025346,2,07,000,00,2,4,02,B01
201800025347,1,07,000,00,2,1,02,A01
201800025347,1,01,000,00,2,4,02,B01
201800025348,1,07,000,12,0,1,01,A01
201800025349,1,01,000,06,0,1,01,A01
201800025350,2,10,000,00,1,2,02,A01
201800025351,1,01,000,00,2,1,02,A01
201800025351,1,07,000,00,2,4,02,B01
201800025352,1,07,000,00,2,2,13,A01
201800025352,2,07,000,00,2,1,01,B01
201800025352,1,07,000,00,2,1,01,C01
201800025353,2,01,000,00,1,1,01,A01
201800025354,1,07,000,00,1,1,01,A01
201800025355,2,07,000,00,1,2,02,A01
201800025356,2,07,000,01,0,1,14,A01
201800025357,1,07,000,00,2,1,01,A01
201800025357,2,07,000,00,2,8,15,B01
201800025358,1,07,000,11,2,1,13,A01
201800025358,1,07,000,00,2,3,01,B01
201800025359,1,01,000,00,2,1,01,A01
201800025359,1,07,000,00,2,1,15,B01
201800025360,2,30,000,00,0,3,01,A01
201800025361,1,07,000,00,2,1,02,A01
201800025361,1,07,000,00,2,9,02,B01
201800025361,1,07,000,00,2,4,02,C01
201800025362,2,07,000,00,2,1,02,A01
201800025362,2,07,000,00,2,4,02,B01
201800025363,1,07,000,00,1,8,00,A01
201800025364,1,01,000,00,0,0,01,A01
201800025365,1,07,000,00,1,3,01,A01
201800025366,1,07,000,08,0,1,01,A01
201800025367,2,07,000,01,0,1,14,A01
201800025368,2,07,000,00,2,1,01,A01
201800025368,2,10,000,00,2,4,02,B01
201800025369,1,30,000,00,0,0,00,A01
201800025370,2,02,000,00,0,1,01,A01
201800025371,0,01,000,00,0,0,00,A01
201800025372,1,07,000,01,0,1,14,A01
201800025373,1,10,000,00,1,3,01,A01
201800025374,1,30,000,00,0,7,02,A01
201800025375,1,02,000,00,0,0,02,A01
201800025376,1,07,000,00,1,1,15,A01
201800025377,2,07,000,00,2,3,15,A01
201800025377,2,30,000,00,2,1,01,B01
201800025378,1,07,000,00,2,6,09,A01
201800025378,1,15,000,00,2,2,01,B01
201800025379,1,02,000,00,2,1,01,A01
201800025379,1,07,000,00,2,5,01,B01
201800025380,2,07,000,00,2,2,02,A01
201800025380,2,07,000,01,2,9,20,B01
201800025381,1,01,000,00,2,1,01,A01
201800025381,1,07,000,00,2,2,16,B01
201800025382,1,07,000,00,2,3,01,B01
201800025382,1,07,000,00,2,2,01,A01
201800025383,1,07,000,00,2,5,15,A01
201800025383,1,07,000,00,2,1,02,B01
201800025384,1,07,000,00,2,3,15,B01
201800025384,1,01,000,00,2,1,01,A01
201800025385,1,07,000,16,0,1,01,A01
201800025386,2,07,000,00,2,8,19,B01
201800025386,2,07,000,00,2,1,19,A01
201800025387,1,07,000,00,2,3,09,A01
201800025387,0,07,000,00,2,9,01,B01
201800025388,1,07,000,09,2,1,01,A01
201800025388,2,07,000,00,2,8,15,B01
201800025389,1,02,000,00,2,3,01,B01
201800025389,2,07,000,00,2,8,15,A01
201800025390,1,07,000,00,2,7,01,A01
201800025390,1,31,000,00,2,1,01,B01
201800025391,1,10,000,00,1,8,02,A01
201800025392,1,07,000,00,2,3,13,A01
201800025392,2,07,000,00,2,3,02,B01
201800025393,1,33,000,00,2,5,01,B01
201800025393,2,07,000,00,2,2,15,A01
201800025394,1,10,000,00,2,1,01,A01
201800025394,1,07,000,00,2,4,01,B01
201800025395,1,07,000,00,2,1,15,A01
201800025395,2,07,000,00,2,1,01,B01
201800025396,1,37,010,00,1,2,02,A01
201800025397,2,07,000,00,2,1,01,A01
201800025397,2,07,000,00,2,3,16,B01
201800025398,2,07,000,00,2,3,19,A01
201800025398,0,07,000,00,2,7,19,B01
201800025399,2,07,000,00,2,1,02,A01
201800025399,2,07,000,00,2,4,02,B01
201800025399,2,07,000,00,2,4,02,C01
201800025399,2,07,000,00,2,4,02,D01
201800025400,0,07,000,00,6,2,14,A01
201800025401,2,33,000,00,0,7,01,A01
201800025402,2,07,000,00,2,1,13,A01
201800025402,1,34,000,00,2,1,01,B01
201800025403,1,07,000,06,0,4,00,A01
201800025404,2,07,000,00,2,1,19,A01
201800025404,0,33,000,00,2,7,00,B01
201800025405,1,07,000,00,2,7,16,A01
201800025405,2,01,000,00,2,8,00,B01
201800025406,1,10,000,00,2,7,22,A01
201800025406,1,01,000,00,2,1,18,B01
201800025407,2,01,000,00,2,1,00,A01
201800025407,2,07,000,00,6,4,23,B01
201800025408,2,10,000,00,2,1,02,A01
201800025408,2,10,000,00,2,4,02,B01
201800025409,1,07,000,00,2,3,15,A01
201800025409,1,33,000,00,2,1,01,B01
201800025410,2,07,000,12,1,2,00,A01
201800025411,2,07,000,00,2,1,13,A01
201800025411,1,10,000,00,2,3,01,B01
201800025412,2,07,000,00,1,7,01,A01
201800025413,2,30,000,00,1,8,01,A01
201800025414,2,07,000,00,2,1,01,A01
201800025414,2,07,000,03,2,4,02,B01
201800025414,2,07,000,00,2,4,02,C01
201800025415,1,30,000,00,2,1,05,A01
201800025415,1,01,000,00,2,7,19,B01
201800025416,2,07,000,00,2,2,02,A01
201800025416,0,01,000,00,2,8,19,B01
201800025417,0,07,000,00,2,1,01,A01
201800025417,0,07,000,06,2,4,15,B01
201800025418,1,30,000,12,0,8,14,A01
201800025419,2,07,000,00,1,2,01,A01
201800025420,1,07,000,00,2,1,02,A01
201800025420,1,07,000,00,2,4,23,B01
201800025420,1,07,000,00,2,4,23,C01
201800025421,1,07,000,00,2,1,02,A01
201800025421,1,07,000,00,2,4,01,B01
201800025422,1,07,000,00,2,6,12,A01
201800025422,1,37,002,00,2,1,01,B01
201800025423,0,07,000,08,0,3,14,A01
201800025424,1,30,000,00,2,1,02,A01
201800025424,1,30,000,00,2,4,02,B01
201800025425,1,14,000,00,2,1,02,A01
201800025425,1,07,000,00,2,4,02,C01
201800025425,1,07,000,00,2,4,02,B01
201800025426,2,07,000,06,2,1,01,A01
201800025426,2,07,000,00,2,4,01,B01
201800025427,2,10,000,00,2,1,01,A01
201800025427,2,07,000,00,2,4,01,B01
201800025427,2,07,000,00,2,4,01,C01
201800025428,1,34,000,00,2,2,14,A01
201800025428,1,07,000,00,2,6,02,B01
201800025429,2,07,000,00,4,3,01,A01
201800025429,0,40,001,00,2,1,01,B01
201800025430,2,30,000,00,2,1,02,A01
201800025430,2,07,000,00,2,5,02,B01
201800025431,2,07,000,00,4,8,05,A01
201800025431,1,40,001,00,2,2,01,B01
201800025432,2,07,000,00,2,1,01,A01
201800025432,1,07,000,00,2,1,15,B01
201800025433,1,02,000,00,0,8,00,A01
201800025434,1,07,000,00,2,1,02,A01
201800025434,1,07,000,00,2,4,02,B01
201800025435,1,07,000,00,2,2,01,B01
201800025435,1,07,000,00,2,3,09,A01
201800025436,1,07,000,00,2,7,15,A01
201800025436,1,33,000,00,2,1,01,B01
201800025437,2,07,000,00,2,1,19,A01
201800025437,2,07,000,00,2,6,01,B01
201800025438,1,07,000,15,0,3,13,A01
201800025439,1,40,001,00,1,3,01,A01
201800025440,1,07,000,00,2,1,01,A01
201800025440,1,31,000,00,2,1,01,B01
201800025441,1,07,000,00,2,2,16,A01
201800025441,1,01,000,00,2,1,01,B01
201800025442,1,07,000,00,2,1,02,A01
201800025442,1,07,000,00,2,4,02,B01
201800025442,1,07,000,00,2,4,02,C01
201800025442,1,33,000,00,2,4,02,D01
201800025443,1,03,000,00,2,3,15,A01
201800025443,2,01,000,00,2,3,02,B01
201800025444,1,07,000,00,2,1,01,A01
201800025444,1,07,000,15,2,1,01,B01
201800025445,2,07,000,00,2,3,15,A01
201800025445,2,33,000,00,2,7,01,B01
201800025446,0,07,000,00,2,7,17,A01
201800025446,0,33,000,00,2,1,17,B01
201800025447,0,30,000,00,2,7,01,A01
201800025447,0,07,000,00,2,1,15,B01
201800025448,1,07,000,00,2,1,01,A01
201800025448,1,01,000,00,2,3,16,B01
201800025449,1,07,000,00,2,1,02,A01
201800025449,1,07,000,00,2,4,23,B01
201800025450,1,01,000,06,0,1,00,A01
201800025451,2,07,000,00,2,1,19,Z01
201800025451,0,07,000,00,2,2,19,A01
201800025452,2,07,000,01,0,1,01,A01
201800025453,1,07,000,00,2,1,16,A01
201800025453,1,07,000,00,2,8,01,B01
201800025454,1,31,000,00,0,8,01,A01
201800025455,2,07,000,00,2,1,02,A01
201800025455,2,07,000,00,2,4,01,B01
201800025455,2,07,000,00,2,5,02,C01
201800025456,1,33,000,00,0,0,00,A01
201800025457,2,32,000,00,2,8,18,A01
201800025457,2,07,000,00,2,7,22,B01
201800025458,2,07,000,02,0,1,16,A01
201800025459,1,01,000,00,2,4,15,A01
201800025459,1,07,000,00,2,1,01,B01
201800025460,1,30,000,00,2,1,01,A01
201800025460,1,07,000,00,2,4,01,B01
201800025461,1,07,000,02,0,2,13,A01
201800025462,2,01,000,00,2,7,19,A01
201800025462,1,07,000,00,2,2,16,B01
201800025463,1,01,000,00,1,1,01,A01
201800025464,0,07,000,00,2,6,15,A01
201800025464,0,07,000,00,2,3,01,B01
201800025465,1,20,000,00,2,3,00,A01
201800025465,1,30,000,00,2,1,00,B01
201800025466,2,07,000,00,2,1,01,A01
201800025466,1,07,000,00,2,7,01,B01
201800025467,2,07,000,00,2,1,09,A01
201800025467,2,01,000,00,2,7,01,B01
201800025468,1,01,000,00,0,1,01,A01
201800025469,1,01,000,00,2,1,01,B01
201800025469,1,07,000,00,2,3,15,A01
201800025470,1,07,000,00,2,7,10,A01
201800025470,2,33,000,00,2,1,01,B01
201800025471,1,07,000,00,1,2,01,A01
201800025472,1,07,000,01,2,2,01,A01
201800025473,1,01,000,00,2,2,19,A01
201800025473,1,07,000,00,2,2,01,B01
201800025474,1,07,000,00,2,3,13,A01
201800025474,2,07,000,00,2,3,01,B01
201800025475,2,33,000,00,2,1,01,A01
201800025475,0,07,000,00,2,2,20,B01
201800025476,1,07,000,00,0,3,01,B01
201800025476,1,01,000,00,2,1,01,A01
201800025477,1,33,000,12,0,2,01,A01
201800025478,1,07,000,00,2,1,15,A01
201800025478,1,07,000,00,2,3,01,B01
201800025479,1,07,000,00,1,4,04,A01
201800025480,2,07,000,00,2,1,02,A01
201800025480,2,10,000,00,2,4,02,B01
201800025481,0,99,000,00,2,0,02,A01
201800025481,0,33,000,00,2,4,02,B01
201800025482,2,07,000,00,2,1,01,A01
201800025482,2,07,000,00,2,4,15,B01
201800025483,2,07,000,00,2,3,24,A01
201800025483,2,01,000,00,2,1,02,B01
201800025484,2,10,000,00,2,1,02,A01
201800025484,2,31,000,00,2,4,02,B01
201800025485,0,07,000,00,2,7,20,A01
201800025485,0,02,000,00,2,1,01,B01
201800025486,0,07,000,00,2,1,02,A01
201800025486,0,02,000,00,2,4,02,B01
201800025487,1,01,000,00,0,1,01,A01
201800025488,1,07,000,00,1,1,13,A01
201800025489,1,07,000,00,1,8,01,A01
201800025490,2,07,000,13,0,1,01,A01
201800025491,1,01,000,00,2,1,01,A01
201800025491,1,07,000,00,2,3,15,B01
201800025492,1,07,000,00,2,2,01,A01
201800025492,1,07,000,00,2,1,01,B01
201800025493,1,07,000,06,0,1,09,A01
201800025494,2,01,000,00,2,1,01,A01
201800025494,2,07,000,00,2,3,01,B01
201800025495,2,07,000,00,1,7,02,A01
201800025496,1,07,000,00,2,1,02,A01
201800025496,1,33,000,00,0,4,23,B01
201800025497,1,10,000,00,2,8,15,A01
201800025497,1,02,000,00,2,1,02,B01
201800025498,2,32,000,00,2,8,17,A01
201800025498,2,07,000,00,2,8,01,B01
201800025499,2,07,000,00,1,1,01,A01
201800025500,1,33,000,00,2,1,01,B01
201800025500,1,07,000,00,0,3,15,A01
201800025501,1,31,000,00,0,3,15,A01
201800025502,2,01,000,00,2,7,01,B01
201800025502,0,07,000,00,2,1,01,A01
201800025503,1,33,000,00,2,1,01,B01
201800025503,2,07,000,00,2,5,15,A01
201800025504,1,07,000,08,0,8,01,A01
201800025505,2,07,000,00,2,1,01,A01
201800025505,2,07,000,00,2,4,01,B01
201800025506,0,07,000,00,2,1,01,A01
201800025506,0,07,000,00,2,8,01,B01
201800025507,1,02,000,00,2,1,15,A01
201800025507,2,07,000,00,2,1,01,B01
201800025508,2,01,000,00,2,7,18,A01
201800025508,2,10,000,00,2,2,01,B01
201800025509,1,37,003,09,0,3,00,A01
201800025510,1,01,000,00,1,1,00,A01
201800025511,2,10,000,00,2,7,12,A01
201800025511,2,33,000,00,2,1,01,B01
201800025512,2,33,000,00,2,1,01,A01
201800025512,1,07,000,00,2,1,15,B01
201800025513,0,07,000,00,0,0,15,A01
201800025513,0,02,000,00,0,2,01,B01
201800025514,1,32,000,00,0,8,01,A01
201800025515,1,07,000,00,1,3,15,A01
201800025516,1,07,000,00,1,2,01,A01
201800025517,0,01,000,00,0,1,01,A01
201800025518,0,10,000,00,2,7,15,A01
201800025518,0,01,000,00,0,8,16,B01
201800025519,1,07,000,00,2,1,02,A01
201800025519,1,07,000,00,2,2,01,B01
201800025520,1,31,000,00,1,1,01,A01
201800025521,2,07,000,00,2,4,15,A01
201800025521,1,07,000,00,2,1,01,B01
201800025522,0,07,000,00,2,5,15,A01
201800025522,0,02,000,00,2,1,01,B01
201800025523,1,07,000,00,2,7,01,A01
201800025523,1,07,000,00,2,1,01,B01
201800025524,1,14,000,00,2,1,01,A01
201800025524,1,07,000,00,2,4,01,B01
201800025525,1,07,000,00,1,3,01,A01
201800025526,1,32,000,00,0,8,21,A01
201800025527,0,02,000,00,2,1,01,A01
201800025527,0,07,000,00,2,3,16,B01
201800025528,2,07,000,00,2,8,15,A01
201800025528,2,33,000,00,2,1,17,B01
201800025529,2,07,000,00,2,1,01,B01
201800025529,2,01,000,00,2,1,02,A01
201800025530,1,07,000,00,2,1,01,A01
201800025530,0,07,000,00,2,8,15,B01
201800025531,0,07,000,00,2,1,02,A01
201800025531,0,07,000,00,2,4,02,B01
201800025531,0,10,000,00,2,4,02,C01
201800025532,1,30,000,00,2,1,15,A01
201800025532,1,07,000,00,2,8,15,B01
201800025533,0,07,000,00,2,1,01,B01
201800025533,0,07,000,00,2,1,15,A01
201800025534,0,10,000,00,2,1,02,A01
201800025534,0,07,000,00,2,4,02,B01
201800025534,0,07,000,00,2,4,02,C01
201800025534,0,07,000,00,2,4,02,D01
201800025535,1,30,000,00,0,8,16,A01
201800025536,2,07,000,00,2,1,01,A01
201800025536,2,02,000,00,2,8,00,B01
201800025537,0,02,000,00,0,8,15,A01
201800025538,1,17,000,00,2,1,02,A01
201800025538,1,13,000,00,2,4,02,B01
201800025539,1,10,000,00,0,0,00,A01
201800025539,1,33,000,00,6,3,01,B01
201800025540,1,33,000,00,2,2,01,B01
201800025540,1,07,000,00,2,3,09,A01
201800025541,2,10,000,00,2,1,01,A01
201800025541,1,13,000,00,2,7,01,B01
201800025542,0,07,000,00,2,1,15,A01
201800025542,0,02,000,00,2,1,01,B01
201800025543,2,07,000,02,0,1,14,A01
201800025544,0,07,000,15,1,4,04,A01
201800025545,1,07,000,00,0,4,14,B01
201800025545,1,07,000,00,2,1,01,A01
201800025546,1,14,000,00,1,1,01,B01
201800025547,1,31,000,00,0,0,01,A01
201800025548,1,07,000,00,1,1,17,A01
201800025549,0,33,000,00,0,0,01,A01
201800025550,1,07,000,00,2,1,01,A01
201800025550,1,07,000,00,2,4,15,B01
201800025551,0,33,000,00,0,9,01,A01
201800025552,0,07,000,00,1,1,01,A01
201800025553,1,33,000,00,2,8,09,A01
201800025553,2,10,000,00,2,5,15,B01
201800025554,1,07,000,00,2,1,02,A01
201800025554,1,07,000,00,2,1,02,B01
201800025554,1,07,000,00,0,4,02,C01
201800025555,2,14,000,00,2,4,17,A01
201800025555,0,07,000,00,2,3,01,B01
201800025556,2,32,000,00,2,1,01,A01
201800025556,1,34,000,00,2,8,00,B01
201800025557,2,07,000,00,1,3,15,A01
201800025558,1,33,000,00,2,1,01,A01
201800025558,2,07,000,00,2,8,01,B01
201800025559,1,30,000,00,2,2,00,A01
201800025559,1,07,000,00,2,3,01,B01
201800025560,0,07,000,00,2,1,01,A01
201800025560,0,07,000,00,2,8,01,B01
201800025561,0,07,000,00,2,1,02,A01
201800025561,0,07,000,00,0,4,23,B01
201800025562,1,07,000,00,2,3,01,A01
201800025562,1,01,000,00,2,8,19,B01
201800025563,1,07,000,00,2,2,01,B01
201800025563,2,07,000,00,2,3,01,A01
201800025564,0,10,000,00,2,1,01,A01
201800025564,0,07,000,00,2,4,01,B01
201800025564,0,07,000,00,2,4,01,C01