Num_Acc,senc,catv,occutc,obs,obsm,choc,manv,num_veh
201800025947,0,07,000,06,0,1,01,A01
201800025948,1,07,000,00,1,1,16,A01
201800025949,1,07,000,00,2,1,15,A01
201800025949,1,07,000,00,2,2,01,B01
201800025950,0,07,000,15,0,1,00,A01
201800025951,1,07,000,00,1,2,01,A01
201800025952,1,07,000,13,0,9,01,A01
201800025953,0,10,000,13,0,1,01,A01
201800025954,1,07,000,00,1,1,01,A01
201800025955,0,07,000,00,2,1,02,B01
201800025955,2,07,000,00,2,4,02,A01
201800025956,1,07,000,00,2,1,01,B01
201800025956,2,07,000,00,2,1,15,A01
201800025957,2,01,000,00,0,0,00,B01
201800025957,1,07,000,00,2,1,15,A01
201800025958,0,02,000,00,2,1,05,B01
201800025958,0,07,000,00,2,5,15,A01
201800025959,1,07,000,13,0,0,00,A01
201800025960,1,07,000,00,1,3,15,A01
201800025961,1,03,000,00,2,3,01,A01
201800025961,1,07,000,00,2,4,15,B01
201800025961,1,14,000,00,2,1,02,C01
201800025962,2,33,000,06,0,1,16,A01
201800025963,1,07,000,00,2,2,01,A01
201800025963,0,10,000,00,2,1,09,B01
201800025964,1,07,000,00,2,4,15,C01
201800025964,1,07,000,00,2,5,02,B01
201800025964,1,07,000,00,2,3,02,A01
201800025965,1,07,000,01,1,1,17,A01
201800025966,2,15,000,00,2,1,02,A01
201800025966,2,07,000,00,0,4,02,C01
201800025966,2,07,000,00,2,4,02,B01
201800025967,1,01,000,00,2,7,01,B01
201800025967,2,07,000,00,9,3,09,A01
201800025968,0,07,000,00,2,8,19,A01
201800025968,1,02,000,00,2,1,01,B01
201800025969,2,07,000,00,2,1,15,A01
201800025969,1,07,000,00,2,8,01,B01
201800025970,1,07,000,00,1,1,16,A01
201800025971,1,10,000,00,2,1,02,B01
201800025971,1,07,000,00,2,4,23,A01
201800025972,0,07,000,01,0,7,06,A01
201800025973,0,07,000,00,2,7,15,A01
201800025973,0,34,000,00,2,8,00,B01
201800025974,0,07,000,00,1,0,15,A01
201800025975,0,03,000,00,1,3,15,A01
201800025976,1,07,000,00,2,1,01,C01
201800025976,1,07,000,00,2,1,01,B01
201800025976,1,07,000,00,2,4,01,D01
201800025976,1,07,000,00,2,1,01,A01
201800025977,2,07,000,15,2,3,01,B01
201800025977,1,07,000,00,2,3,15,A01
201800025978,0,07,000,01,1,1,20,A01
201800025979,1,07,000,00,1,1,00,Z01
201800025980,1,14,000,00,2,5,23,B01
201800025980,1,07,000,00,1,1,21,A01
201800025981,2,07,000,00,2,4,02,B01
201800025981,2,07,000,00,2,1,02,A01
201800025982,0,02,000,00,2,7,01,B01
201800025982,0,07,000,00,2,3,15,A01
201800025983,0,07,000,13,0,9,00,A01
201800025984,1,07,000,00,2,6,02,A01
201800025984,2,02,000,00,2,1,02,B01
201800025985,1,07,000,00,1,7,19,A01
201800025986,0,07,000,00,1,1,16,A01
201800025987,1,07,000,00,2,2,15,A01
201800025987,2,07,000,00,2,3,01,B01
201800025988,1,07,000,00,2,4,23,B01
201800025988,1,07,000,00,2,1,01,A01
201800025989,1,07,000,13,0,9,01,A01
201800025990,1,30,000,00,2,3,01,B01
201800025990,2,07,000,00,2,3,15,A01
201800025991,1,07,000,01,0,2,07,A01
201800025991,1,07,000,00,2,6,24,B01
201800025992,1,07,000,00,2,4,02,B01
201800025992,1,07,000,00,2,2,02,A01
201800025993,0,07,000,00,2,2,19,A01
201800025993,0,07,000,00,2,3,01,B01
201800025994,1,07,000,00,2,4,02,C01
201800025994,1,07,000,00,2,4,02,B01
201800025994,1,07,000,00,2,4,02,E01
201800025994,1,07,000,00,2,4,02,D01
201800025994,1,13,000,00,2,1,02,A01
201800025995,1,14,000,01,0,3,00,A01
201800025995,1,07,000,00,0,0,00,B01
201800025996,1,07,000,00,2,1,00,A01
201800025996,1,07,000,00,2,4,00,B01
201800025997,2,30,000,00,2,1,13,A01
201800025997,1,07,000,00,2,1,01,B01
201800025997,1,07,000,00,0,0,00,C01
201800025998,0,07,000,00,2,3,01,B01
201800025998,0,07,000,00,2,2,15,A01
201800025999,0,07,000,02,0,1,19,A01
201800026000,2,07,000,00,1,1,15,A01
201800026001,0,07,000,00,2,1,01,B01
201800026001,0,07,000,00,2,7,19,A01
201800026002,0,01,000,00,2,8,01,B01
201800026002,0,37,001,00,2,5,12,A01
201800026003,1,07,000,00,1,7,01,A01
201800026004,1,07,000,00,2,0,21,A01
201800026004,0,01,000,16,2,0,21,B01
201800026005,1,30,000,00,2,1,01,B01
201800026005,2,07,000,00,2,7,15,A01
201800026006,2,37,020,00,1,2,01,A01
201800026007,0,07,000,00,2,8,15,A01
201800026007,0,31,000,00,2,1,17,B01
201800026008,1,07,000,06,0,3,00,A01
201800026009,1,07,000,00,1,1,09,A01
201800026010,1,15,000,00,2,2,00,A01
201800026010,1,07,000,00,2,1,19,B01
201800026011,1,07,000,00,2,1,13,A01
201800026011,2,07,000,00,2,1,01,B01
201800026012,0,30,000,00,2,1,17,A01
201800026012,0,07,000,00,2,8,02,B01
201800026013,0,07,000,00,1,0,00,Z01
201800026014,0,33,000,00,2,1,01,B01
201800026014,0,07,000,00,2,2,19,A01
201800026015,2,07,000,00,2,3,01,B01
201800026015,1,07,000,00,2,1,13,A01
201800026016,2,07,000,00,1,2,16,A01
201800026017,1,07,000,00,1,3,01,A01
201800026018,0,07,000,08,0,1,02,A01
201800026019,2,34,000,00,2,1,01,B01
201800026019,1,07,000,00,2,6,10,A01
201800026020,1,99,000,00,1,0,00,A01
201800026021,2,10,000,00,2,4,00,C01
201800026021,2,10,000,00,2,4,23,B01
201800026021,2,10,000,00,2,1,00,A01
201800026022,1,07,000,00,2,7,01,B01
201800026022,2,07,000,00,2,1,19,A01
201800026023,0,01,000,00,2,1,19,A01
201800026023,0,07,000,00,0,1,00,B01
201800026024,0,07,000,00,1,8,00,A01
201800026025,2,10,000,04,0,3,13,A01
201800026026,2,02,000,00,2,0,00,A01
201800026026,0,07,000,00,2,2,00,B01
201800026027,0,07,000,00,2,5,00,B01
201800026027,1,02,000,00,1,0,00,A01
201800026028,1,07,000,00,2,2,01,B01
201800026028,1,07,000,00,2,1,15,A01
201800026029,1,07,000,00,2,3,15,A01
201800026029,2,30,000,00,2,1,00,B01
201800026030,1,07,000,00,2,2,15,A01
201800026030,2,01,000,00,2,0,00,B01
201800026031,1,07,000,00,2,3,15,B01
201800026031,1,07,000,00,2,7,15,A01
201800026032,1,07,000,00,2,1,01,B01
201800026032,2,07,000,00,2,7,01,A01
201800026033,2,02,000,00,2,1,00,B01
201800026033,1,07,000,00,2,3,09,A01
201800026034,2,07,000,00,1,1,00,A01
201800026035,2,07,000,00,2,3,01,C01
201800026035,2,07,000,00,2,1,01,D01
201800026035,1,07,000,00,2,1,01,B01
201800026035,1,07,000,00,2,1,17,A01
201800026036,0,07,000,02,0,1,14,A01
201800026037,2,07,000,01,2,1,10,A01
201800026037,1,07,000,09,0,8,00,B01
201800026038,2,07,000,00,2,0,00,B01
201800026038,1,07,000,00,2,1,01,A01
201800026039,1,07,000,00,1,2,19,A01
201800026040,0,07,000,00,0,0,00,B01
201800026040,1,07,000,00,2,1,01,A01
201800026041,0,07,000,00,2,3,19,A01
201800026041,0,30,000,00,0,0,00,B01
201800026042,1,07,000,00,2,2,00,A01
201800026043,2,07,000,00,1,1,01,A01
201800026044,1,07,000,00,2,1,00,A01
201800026044,1,07,000,00,0,4,23,B01
201800026045,1,07,000,00,2,8,13,A01
201800026045,2,07,000,00,2,8,01,B01
201800026046,2,07,000,00,1,2,00,A01
201800026047,2,30,000,00,2,1,01,B01
201800026047,2,07,000,00,6,3,19,A01
201800026048,1,07,000,00,6,2,09,A01
201800026048,1,32,000,00,2,2,00,B01
201800026049,2,07,000,00,2,3,19,A01
201800026049,2,32,000,00,2,1,01,B01
201800026050,1,07,000,08,2,6,09,A01
201800026050,0,07,000,00,2,2,00,B01
201800026051,1,33,000,06,0,1,17,A01
201800026052,0,07,000,00,2,2,00,A01
201800026052,0,01,000,00,2,7,00,B01
201800026053,0,10,000,00,2,1,21,B01
201800026053,0,02,000,00,2,1,13,A01
201800026054,0,07,000,00,0,4,23,D01
201800026054,0,07,000,00,2,4,01,C01
201800026054,0,07,000,00,2,1,01,B01
201800026054,0,07,000,00,2,1,01,A01
201800026055,0,07,000,00,2,7,01,B01
201800026055,0,07,000,00,2,1,15,A01
201800026056,1,33,000,00,2,1,02,A01
201800026056,1,07,000,00,0,6,02,B01
201800026057,1,07,000,00,2,1,09,A01
201800026057,1,02,000,00,2,7,01,B01
201800026058,0,07,000,00,2,1,15,A01
201800026058,0,01,000,00,2,7,01,B01
201800026059,2,07,000,00,2,8,00,B01
201800026059,1,07,000,00,2,2,15,A01
201800026060,1,07,000,00,2,1,15,A01
201800026060,2,02,000,00,2,8,01,B01
201800026061,2,07,000,00,1,2,01,A01
201800026062,1,17,000,00,2,3,00,B01
201800026062,2,07,000,00,2,3,13,A01
201800026063,0,07,000,00,1,1,01,A01
201800026064,2,10,000,00,2,3,01,B01
201800026064,2,07,000,00,2,1,15,A01
201800026065,0,31,000,00,0,0,00,A01
201800026066,2,03,000,00,2,1,19,A01
201800026066,1,10,000,00,2,8,19,B01
201800026067,1,34,000,06,0,3,01,A01
201800026068,2,07,000,00,2,3,01,B01
201800026068,1,07,000,00,2,3,13,A01
201800026068,2,07,000,00,2,3,01,C01
201800026069,2,07,000,00,1,1,01,A01
201800026070,2,02,000,00,2,0,05,Z01
201800026070,2,07,000,00,2,2,09,B01
201800026071,1,07,000,00,2,1,01,Z01
201800026071,1,07,000,00,2,8,01,B01
201800026072,2,07,000,00,2,8,01,B01
201800026072,1,07,000,00,2,8,13,A01
201800026073,2,40,002,00,1,2,01,A01
201800026074,1,07,000,00,1,2,01,A01
201800026075,2,02,000,00,2,1,01,B01
201800026075,2,07,000,00,2,3,15,A01
201800026076,1,07,000,00,2,1,09,A01
201800026076,1,07,000,12,2,7,01,B01
201800026077,2,07,000,00,0,9,15,A01
201800026078,2,07,000,00,1,3,19,A01
201800026079,2,07,000,00,1,2,11,A01
201800026080,1,07,000,00,1,1,19,A01
201800026081,1,07,000,00,1,4,20,A01
201800026082,1,07,000,00,2,0,01,A01
201800026083,1,07,000,00,2,1,01,B01
201800026083,2,07,000,00,2,7,09,A01
201800026084,1,01,000,00,2,6,01,B01
201800026084,2,07,000,00,2,2,17,Z01
201800026085,1,07,000,00,2,1,09,B01
201800026085,1,07,000,00,2,8,09,A01
201800026086,1,07,000,00,2,3,01,A01
201800026086,1,07,000,00,2,2,01,B01
201800026087,1,07,000,00,1,1,01,A01
201800026088,1,07,000,00,1,2,02,A01
201800026089,1,07,000,00,1,1,15,Z01
201800026090,1,34,000,00,2,2,15,A01
201800026090,2,07,000,00,2,1,01,B01
201800026091,1,01,000,00,1,1,02,A01
201800026092,1,07,000,00,2,4,02,B01
201800026092,1,07,000,00,2,1,02,A01
201800026093,2,37,001,00,2,1,01,B01
201800026093,2,07,000,00,2,8,09,A01
201800026094,2,07,000,00,2,5,02,B01
201800026094,2,02,000,00,2,1,02,A01
201800026095,1,07,000,00,2,1,19,A01
201800026095,2,07,000,00,2,3,01,B01
201800026096,2,31,000,00,2,4,02,B01
201800026096,2,07,000,00,2,1,02,A01
201800026097,2,07,000,00,2,1,01,B01
201800026097,1,07,000,00,2,5,01,A01
201800026098,1,01,000,00,2,4,01,B01
201800026098,1,07,000,00,2,1,01,Z01
201800026099,2,07,000,00,1,0,01,Z01
201800026100,2,07,000,00,1,3,01,A01
201800026101,1,07,000,00,2,8,01,B01
201800026101,1,07,000,00,2,1,09,A01
201800026102,1,07,000,00,2,1,09,A01
201800026102,2,07,000,00,2,6,01,B01
201800026103,2,01,000,00,2,4,16,A01
201800026103,1,07,000,00,2,2,01,B01
201800026104,2,10,000,00,2,1,01,A01
201800026104,2,07,000,00,2,4,23,D01
201800026104,2,07,000,00,2,4,23,B01
201800026104,2,07,000,00,2,4,23,C01
201800026105,1,07,000,00,1,0,00,Z01
201800026106,2,07,000,00,2,5,04,A01
201800026106,2,32,000,00,2,1,23,B01
201800026107,1,07,000,00,2,8,18,Z01
201800026107,1,01,000,00,2,7,01,B01
201800026108,2,07,000,00,2,2,01,B01
201800026108,2,07,000,01,2,7,01,A01
201800026109,1,07,000,00,2,1,09,A01
201800026109,1,07,000,00,2,8,09,B01
201800026110,1,07,000,00,2,1,01,Z01
201800026110,1,07,000,00,2,4,01,B01
201800026111,1,07,000,00,1,8,01,A01
201800026112,1,07,000,00,1,1,01,A01
201800026113,1,07,000,00,1,2,21,A01
201800026114,1,07,000,00,2,0,15,A01
201800026114,2,01,000,00,2,0,01,B01
201800026115,0,07,000,00,2,9,01,A01
201800026115,0,07,000,00,2,1,01,B01
201800026115,1,07,000,00,2,1,23,C01
201800026116,2,07,000,00,2,4,23,C01
201800026116,2,07,000,00,2,4,23,D01
201800026116,2,07,000,00,2,4,23,B01
201800026116,2,07,000,00,2,1,01,Z01
201800026117,2,07,000,00,1,3,00,A01
201800026118,1,01,000,00,1,1,00,A01
201800026119,2,07,000,00,1,1,15,A01
201800026120,1,33,000,11,0,1,01,A01
201800026121,1,01,000,00,2,4,01,B01
201800026121,1,07,000,00,2,2,02,A01
201800026122,2,07,000,00,2,0,16,A01
201800026122,2,01,000,00,2,0,01,B01
201800026123,1,17,000,00,2,5,09,A01
201800026123,1,07,000,00,2,1,09,B01
201800026124,2,07,000,00,1,1,00,A01
201800026125,2,07,000,00,2,2,01,B01
201800026125,1,07,000,00,2,1,01,A01
201800026126,1,07,000,00,2,3,01,A01
201800026126,2,07,000,00,2,1,01,B01
201800026127,2,32,000,11,0,1,01,A01
201800026128,2,10,000,00,1,1,01,A01
201800026129,0,07,000,00,2,2,00,A01
201800026129,0,33,000,00,2,1,00,B01
201800026130,1,01,000,01,0,1,22,B01
201800026130,1,07,000,01,0,1,00,A01
201800026131,1,07,000,00,2,4,16,Z01
201800026131,1,02,000,00,2,1,00,B01
201800026132,2,33,000,00,2,1,01,A01
201800026132,0,07,000,00,2,5,01,B01
201800026133,2,02,000,00,2,3,09,B01
201800026133,1,07,000,00,2,2,16,A01
201800026134,1,07,000,00,1,3,15,A01
201800026135,2,01,000,00,2,1,01,B01
201800026135,1,99,000,00,6,1,05,A01
201800026136,1,07,000,06,1,1,00,A01
201800026137,1,07,000,00,2,2,12,A01
201800026137,1,33,000,00,2,8,01,B01
201800026138,1,07,000,00,2,1,01,B01
201800026138,1,07,000,00,2,8,01,A01
201800026139,2,07,000,06,0,1,01,A01
201800026140,2,33,000,00,2,1,09,B01
201800026140,2,31,000,00,2,7,09,A01
201800026141,1,07,000,00,2,3,13,A01
201800026141,2,33,000,00,2,8,13,B01
201800026142,1,07,000,00,2,4,01,B01
201800026142,1,07,000,00,2,1,01,A01
201800026143,0,30,000,00,2,1,16,A01
201800026143,0,07,000,00,2,8,01,B01
201800026144,1,32,000,00,0,0,01,A01
201800026145,2,07,000,00,1,2,16,A01
201800026146,1,07,000,00,1,1,01,A01
201800026147,1,07,000,00,2,7,01,B01
201800026147,1,30,000,00,2,1,01,A01
201800026148,2,01,000,00,1,2,01,A01
201800026149,1,07,000,00,1,3,01,A01
201800026150,2,07,000,00,1,1,15,Z01
201800026151,1,07,000,00,1,1,15,A01
201800026152,2,07,000,00,1,3,15,A01
201800026153,2,07,000,00,2,8,13,A01
201800026153,1,07,000,00,2,8,15,B01
201800026154,0,07,000,00,2,0,00,A01
201800026154,0,07,000,00,2,0,00,B01
201800026155,2,07,000,00,2,1,01,B01
201800026155,1,07,000,00,2,8,01,A01
201800026156,1,07,000,00,1,2,01,A01
201800026157,1,07,000,06,0,1,01,A01
201800026158,1,07,000,00,2,7,15,A01
201800026158,2,31,000,00,2,1,01,B01
201800026159,2,33,000,00,0,1,01,A01
201800026160,2,07,000,00,1,2,01,A01
201800026161,2,07,000,01,2,6,16,B01
201800026161,2,07,000,00,2,2,01,A01
201800026162,1,40,001,00,1,1,01,A01
201800026163,2,07,000,00,1,2,01,A01
201800026164,2,07,000,00,2,2,15,A01
201800026164,1,07,000,00,2,3,01,B01
201800026165,0,07,000,00,1,1,01,A01
201800026166,1,07,000,00,2,8,15,B01
201800026166,1,33,000,00,2,1,17,A01
201800026167,2,07,000,00,2,3,13,A01
201800026167,1,07,000,00,2,3,01,B01
201800026168,2,31,000,00,0,0,00,A01
201800026169,1,07,000,00,2,4,01,B01
201800026169,1,07,000,00,6,4,01,C01
201800026169,1,07,000,00,2,1,02,A01
201800026170,2,10,000,00,2,1,00,A01
201800026170,1,07,000,00,2,3,00,B01
201800026171,2,07,000,00,1,2,01,A01
201800026172,1,31,000,00,2,1,01,B01
201800026172,1,07,000,00,2,3,16,A01
201800026173,2,07,000,00,1,2,02,A01
201800026174,1,07,000,00,1,2,13,A01
201800026175,2,07,000,01,0,7,01,B01
201800026175,1,07,000,00,2,1,16,A01
201800026176,2,07,000,00,2,2,10,A01
201800026176,2,33,000,00,2,1,01,B01
201800026177,1,07,000,00,2,4,01,B01
201800026177,1,07,000,00,2,1,00,A01
201800026178,2,07,000,00,1,4,04,A01
201800026179,1,07,000,00,1,3,15,A01
201800026180,1,07,000,00,2,6,00,B01
201800026180,1,30,000,01,0,1,01,A01
201800026181,1,07,000,00,2,7,16,B01
201800026181,1,33,000,00,2,8,18,A01
201800026182,1,07,000,00,1,1,00,A01
201800026183,1,07,000,00,1,2,00,A01
201800026184,2,10,000,00,2,4,01,B01
201800026184,2,10,000,00,2,1,00,A01
201800026185,2,10,000,00,1,3,00,A01
201800026186,1,07,000,00,2,9,01,A01
201800026186,2,07,000,00,2,8,01,B01
201800026187,2,36,000,01,0,1,01,A01
201800026187,0,07,000,00,2,3,20,B01
201800026188,0,07,000,00,2,2,01,A01
201800026188,0,07,000,00,0,3,20,B01
201800026189,0,07,000,00,2,1,02,B01
201800026189,0,07,000,00,2,3,00,C01
201800026189,0,07,000,01,2,4,20,A01
201800026190,2,07,000,00,1,1,00,A01
201800026191,1,07,000,00,2,8,15,B01
201800026191,1,31,000,00,2,7,17,A01
201800026192,2,10,000,00,2,2,15,A01
201800026192,1,07,000,00,2,8,01,B01
201800026193,2,07,000,00,1,2,01,A01
201800026194,0,07,000,00,2,2,17,A01
201800026194,1,33,000,00,2,0,15,B01
201800026195,0,10,000,13,0,3,14,A01
201800026196,0,07,000,00,2,2,01,A01
201800026196,0,07,000,00,2,5,00,B01
201800026197,0,33,000,00,2,1,02,A01
201800026197,0,07,000,00,0,6,10,B01
201800026198,1,20,000,00,6,3,00,A01
201800026198,2,01,000,00,2,1,13,B01
201800026199,2,07,000,00,6,3,10,A01
201800026199,1,02,000,00,2,1,02,B01
201800026200,1,10,000,00,2,5,13,B01
201800026200,1,99,000,00,2,0,00,A01
201800026201,2,07,000,00,2,4,01,C01
201800026201,2,07,000,00,2,1,05,A01
201800026201,1,07,000,00,2,3,16,B01
201800026201,2,07,000,00,2,0,01,T01
201800026202,1,07,000,00,2,6,00,A01
201800026202,1,07,000,00,2,1,01,B01
201800026203,2,07,000,00,2,3,15,B01
201800026203,2,07,000,00,2,2,17,A01
201800026204,2,07,000,14,0,4,01,A01
201800026204,2,07,000,00,2,1,01,C01
201800026204,2,07,000,00,2,4,01,B01
201800026205,0,07,000,00,1,2,00,A01
201800026206,2,07,000,00,2,3,13,A01
201800026206,1,07,000,00,2,3,01,B01
201800026207,0,07,000,00,2,3,01,B01
201800026207,0,07,000,00,2,3,01,A01
201800026208,2,02,000,00,2,5,01,B01
201800026208,1,07,000,00,2,5,15,A01
201800026209,0,07,000,00,1,0,00,A01
201800026210,1,07,000,00,1,1,01,A01
201800026211,1,07,000,00,1,0,15,A01
201800026212,2,07,000,06,0,3,01,A01
201800026213,2,07,000,00,1,1,01,A01
201800026214,2,01,000,00,1,1,01,A01
201800026215,1,33,000,00,2,1,01,B01
201800026215,1,07,000,00,2,3,15,A01
201800026216,1,07,000,00,1,3,01,A01
201800026217,1,07,000,00,2,8,19,B01
201800026217,1,30,000,00,2,1,01,A01
201800026218,1,07,000,00,2,6,23,B01
201800026218,1,02,000,00,2,8,21,A01
201800026219,1,07,000,00,1,1,01,A01
201800026220,1,07,000,00,2,3,01,A01
201800026220,1,07,000,00,2,1,01,B01
201800026221,2,02,000,00,1,3,21,A01
201800026222,2,02,000,00,2,7,17,A01
201800026222,2,07,000,00,2,8,15,B01
201800026223,2,07,000,00,1,2,16,A01
201800026224,1,31,000,00,2,1,01,B01
201800026224,1,07,000,00,2,2,19,A01
201800026225,0,30,000,06,0,8,21,A01
201800026226,1,07,000,00,2,1,20,A01
201800026226,2,33,000,00,2,8,01,B01
201800026227,1,01,000,00,5,1,01,A01
201800026228,2,07,000,00,2,3,15,A01
201800026228,2,33,000,00,2,1,01,B01
201800026229,2,33,000,00,2,3,02,A01
201800026229,2,07,000,00,2,4,01,B01
201800026230,1,07,000,00,1,3,01,A01
201800026231,1,30,000,00,1,1,01,A01
201800026232,1,10,000,00,1,1,20,A01
201800026233,1,07,000,00,2,1,01,A01
201800026233,2,07,000,00,2,1,01,B01
201800026234,1,31,000,00,2,1,02,A01
201800026234,1,07,000,00,2,4,23,B01
201800026235,1,07,000,00,1,1,15,A01
201800026236,1,02,000,00,2,1,01,B01
201800026236,1,07,000,00,2,3,15,A01
201800026237,1,07,000,09,1,1,05,A01
201800026238,1,07,000,00,1,1,15,A01
201800026239,1,01,000,00,2,0,00,B01
201800026239,2,07,000,00,2,3,09,A01
201800026240,1,07,000,00,2,2,00,A01
201800026240,1,99,000,00,2,1,02,B01
201800026241,1,01,000,00,2,1,01,B01
201800026241,1,10,000,00,2,2,15,A01
201800026242,1,01,000,00,2,7,01,B01
201800026242,2,07,000,00,9,2,15,A01
201800026243,1,07,000,00,0,3,15,A01
201800026243,1,34,000,00,2,1,21,B01
201800026244,0,07,000,13,0,7,01,A01
201800026245,1,07,000,00,0,0,01,A01
201800026246,0,01,000,00,6,0,01,B01
201800026246,0,07,000,00,6,0,01,A01
201800026247,2,07,000,00,1,1,00,A01
201800026248,2,01,000,00,2,5,05,A01
201800026248,1,07,000,00,6,2,01,B01
201800026249,2,07,000,01,0,3,24,A01
201800026249,2,01,000,01,0,1,02,B01
201800026250,2,07,000,06,1,1,21,A01
201800026251,1,01,000,00,2,1,01,B01
201800026251,2,07,000,00,2,2,15,A01
201800026252,1,07,000,00,1,3,01,A01
201800026253,0,07,000,00,1,1,00,A01
201800026254,1,07,000,00,1,2,01,A01
201800026255,0,07,000,00,2,0,01,A01
201800026255,2,01,000,00,2,0,01,B01
201800026256,2,14,000,03,2,6,01,B01
201800026256,2,10,000,00,2,2,17,A01
201800026257,2,10,000,00,0,4,01,B01
201800026257,2,10,000,00,2,1,01,A01
201800026258,1,07,000,01,2,3,00,B01
201800026258,2,30,000,12,2,1,05,A01
201800026259,0,07,000,00,1,0,00,Z01
201800026260,1,07,000,02,0,1,14,A01
201800026261,0,07,000,00,2,0,00,A01
201800026261,0,31,000,00,2,0,01,B01
201800026262,1,07,000,00,1,1,01,A01
201800026263,1,07,000,00,2,1,02,B01
201800026263,1,07,000,03,9,4,23,A01
201800026264,1,07,000,00,1,2,01,A01
201800026265,0,07,000,00,1,1,01,A01
201800026266,0,07,000,00,1,1,01,A01
201800026267,0,07,000,00,2,1,01,A01
201800026267,0,99,000,00,2,0,00,R01
201800026268,0,07,000,00,2,1,13,A01
201800026268,0,07,000,00,2,1,01,B01
201800026269,0,07,000,00,9,3,11,A01
201800026269,0,33,000,15,2,1,01,B01
201800026270,0,07,000,00,1,1,01,A01
201800026271,0,07,000,00,2,1,01,B01
201800026271,0,07,000,00,2,1,13,A01
201800026272,0,07,000,00,1,2,01,A01
201800026273,0,07,000,00,2,1,01,B01
201800026273,0,07,000,06,2,7,01,A01
201800026274,0,07,000,00,1,1,01,A01
201800026275,0,07,000,00,2,1,06,A01
201800026275,0,07,000,00,2,1,01,B01
201800026276,0,07,000,01,0,1,01,A01
201800026276,0,07,000,00,2,8,24,B01
201800026277,1,07,000,00,2,4,13,B01
201800026277,1,07,000,00,2,1,17,A01
201800026277,1,07,000,03,2,1,01,C01
201800026278,0,07,000,00,2,1,13,A01
201800026278,0,07,000,00,2,1,01,C01
201800026278,0,07,000,00,2,2,01,B01
201800026279,0,40,025,00,1,1,01,A01
201800026280,0,10,000,00,2,0,23,A01
201800026280,0,07,000,01,0,0,01,Z01
201800026281,0,30,000,00,2,1,02,A01
201800026281,0,07,000,00,2,9,02,B01
201800026281,0,07,000,00,2,4,02,C01
201800026282,0,07,000,00,1,1,01,A01
201800026283,0,07,000,00,1,4,04,A01
201800026284,0,07,000,00,1,1,16,A01
201800026285,0,07,000,06,0,1,01,A01
201800026286,0,01,000,00,9,0,01,B01
201800026286,0,30,000,00,9,0,01,A01
201800026287,0,07,000,00,2,1,02,A01
201800026287,0,07,000,00,2,4,02,B01
201800026288,0,33,000,00,2,1,01,B01
201800026288,0,07,000,00,9,5,10,A01
201800026289,0,07,000,00,9,2,15,A01
201800026289,0,99,000,00,2,1,01,B01
201800026290,0,07,000,00,2,6,01,C01
201800026290,0,07,000,00,2,1,07,A01
201800026290,0,07,000,00,2,3,15,B01
201800026291,0,07,000,00,2,1,01,B01
201800026291,0,07,000,00,2,1,05,Z01
201800026292,0,07,000,00,1,1,01,A01
201800026293,0,07,000,00,2,0,01,Z01
201800026293,0,99,000,00,2,1,01,B01
201800026294,0,07,000,00,2,1,02,A01
201800026294,0,07,000,00,2,4,23,B01
201800026295,0,07,000,00,1,1,16,A01
201800026296,0,30,000,00,2,1,01,A01
201800026296,0,07,000,00,9,3,15,B01
201800026297,0,01,000,00,2,8,15,A01
201800026297,0,14,000,00,9,2,01,B01
201800026298,0,10,000,00,1,1,00,A01
201800026299,0,07,000,00,2,3,01,B01
201800026299,0,07,000,00,2,1,01,A01
201800026300,0,07,000,00,0,0,24,B01
201800026300,0,07,000,14,1,1,17,A01
201800026301,1,07,000,07,0,1,14,A01
201800026302,0,07,000,00,1,0,00,A01
201800026303,1,07,000,04,2,1,01,A01
201800026303,1,07,000,03,2,6,02,B01
201800026304,2,07,000,00,1,2,01,A01
201800026305,0,34,000,14,0,0,01,A01
201800026306,0,07,000,00,1,1,01,A01
201800026307,0,07,000,00,2,1,02,A01
201800026307,0,07,000,00,2,4,02,B01
201800026308,0,01,000,00,9,1,01,B01
201800026308,0,32,000,00,9,1,05,A01
201800026309,0,01,000,00,1,1,01,A01
201800026310,1,15,000,00,2,2,02,A01
201800026310,1,07,000,00,2,1,02,B01
201800026310,1,10,000,00,2,6,02,C01
201800026311,0,37,015,00,2,3,01,C01
201800026311,0,07,000,14,2,1,01,A01
201800026311,0,07,000,06,2,6,09,B01
201800026312,2,07,000,08,0,1,01,A01
201800026313,0,07,000,00,1,1,01,A01
201800026314,2,07,000,00,2,8,01,B01
201800026314,2,14,000,00,2,2,12,A01
201800026315,0,07,000,00,1,1,01,A01
201800026316,1,34,000,00,1,1,01,A01
201800026317,0,07,000,00,1,1,01,A01
201800026318,1,07,000,00,2,3,01,B01
201800026318,2,07,000,00,2,1,15,A01
201800026319,1,07,000,00,2,1,01,A01
201800026319,1,07,000,00,2,1,01,B01
201800026320,0,07,000,00,2,3,19,A01
201800026320,0,01,000,00,2,1,01,B01
201800026321,0,07,000,00,2,8,24,B01
201800026321,0,07,000,01,2,1,02,A01
201800026321,0,10,000,00,2,4,02,C01
201800026322,1,07,000,00,1,7,01,A01
201800026323,0,07,000,00,2,3,01,B01
201800026323,0,32,000,00,2,1,01,A01
201800026324,1,07,000,00,1,3,16,A01
201800026325,0,07,000,00,2,1,01,B01
201800026325,0,30,000,00,2,1,13,A01
201800026326,2,33,000,13,0,1,01,A01