Num_Acc,senc,catv,occutc,obs,obsm,choc,manv,num_veh
201800027443,1,07,000,00,2,1,01,B01
201800027444,1,01,000,16,0,1,01,A01
201800027445,0,01,000,00,2,6,15,B01
201800027445,0,07,000,00,6,2,00,A01
201800027446,1,07,000,00,2,4,01,B01
201800027446,1,07,000,00,2,1,02,A01
201800027447,2,07,000,00,2,1,01,A01
201800027447,2,07,000,00,2,4,23,C01
201800027447,2,07,000,00,2,4,23,B01
201800027448,1,07,000,00,1,2,00,A01
201800027449,0,01,000,00,0,0,00,A01
201800027450,0,07,000,00,1,1,16,A01
201800027451,2,07,000,00,1,4,04,A01
201800027452,2,07,000,00,2,1,01,Z01
201800027452,2,07,000,00,2,4,23,A01
201800027453,1,01,000,00,0,1,01,A01
201800027454,2,33,000,00,2,1,02,A01
201800027454,2,07,000,00,2,4,02,B01
201800027455,0,07,000,02,0,1,00,A01
201800027456,1,01,000,00,0,1,00,A01
201800027457,1,07,000,00,2,1,01,B01
201800027457,1,07,000,00,2,2,19,A01
201800027458,0,07,000,00,6,2,00,A01
201800027458,0,01,000,00,2,4,11,B01
201800027459,2,03,000,00,2,3,01,B01
201800027459,1,07,000,00,2,2,15,A01
201800027460,1,07,000,00,2,7,16,A01
201800027460,1,33,000,00,2,8,01,B01
201800027461,1,01,000,00,0,1,01,A01
201800027462,1,07,000,00,2,4,01,C01
201800027462,1,07,000,00,2,1,01,A01
201800027462,0,07,000,00,2,4,01,B01
201800027463,1,07,000,00,2,2,16,A01
201800027463,1,01,000,00,2,3,16,B01
201800027464,1,07,000,00,2,1,01,A01
201800027464,1,07,000,00,2,8,01,B01
201800027465,0,07,000,00,2,1,00,A01
201800027465,1,01,000,00,2,7,01,B01
201800027466,1,10,000,00,2,2,01,A01
201800027466,1,01,000,00,2,8,01,B01
201800027467,0,32,000,14,1,1,00,A01
201800027468,1,07,000,03,0,1,00,A01
201800027469,2,01,000,01,0,3,22,B01
201800027469,1,07,000,00,2,3,22,A01
201800027470,1,01,000,00,0,0,01,A01
201800027471,0,99,000,00,2,4,01,B01
201800027471,1,07,000,00,2,2,01,A01
201800027472,2,07,000,00,2,3,01,A01
201800027472,1,07,000,00,2,7,01,B01
201800027473,1,07,000,00,2,6,24,B01
201800027473,1,13,000,01,0,2,02,A01
201800027474,1,07,000,00,2,7,15,A01
201800027474,1,07,000,00,2,1,15,B01
201800027475,2,07,000,00,2,3,01,A01
201800027475,2,01,000,00,2,1,01,B01
201800027476,1,30,000,00,0,1,01,A01
201800027477,1,02,000,00,2,7,01,B01
201800027477,1,03,000,00,2,1,01,A01
201800027478,1,99,000,00,0,0,01,A01
201800027479,2,02,000,00,2,3,01,B01
201800027479,2,07,000,00,2,2,01,A01
201800027480,0,02,000,00,2,8,00,B01
201800027480,0,07,000,00,6,2,00,A01
201800027481,1,07,000,08,0,1,15,A01
201800027482,0,33,000,00,0,8,00,A01
201800027483,2,01,000,00,0,0,00,A01
201800027484,2,01,000,00,0,0,01,A01
201800027485,2,07,000,00,2,3,09,A01
201800027485,2,01,000,00,2,1,09,B01
201800027486,1,07,000,00,2,1,13,A01
201800027486,2,07,000,00,2,1,00,B01
201800027487,1,07,000,08,0,1,01,A01
201800027488,1,01,000,00,0,1,01,A01
201800027489,1,01,000,00,0,1,01,A01
201800027490,1,07,000,00,1,7,01,A01
201800027491,2,02,000,00,2,1,02,B01
201800027491,2,07,000,00,2,4,02,A01
201800027492,1,40,001,00,1,2,01,A01
201800027493,0,07,000,00,2,4,20,A01
201800027493,0,02,000,00,2,7,01,B01
201800027494,2,07,000,00,2,1,19,A01
201800027494,0,01,000,00,2,3,00,B01
201800027495,1,02,000,00,1,1,01,A01
201800027496,2,01,000,00,0,1,01,A01
201800027497,1,07,000,00,2,1,01,B01
201800027497,0,07,000,00,2,7,19,A01
201800027498,1,02,000,00,1,1,11,A01
201800027499,2,01,000,00,0,0,00,A01
201800027500,0,07,000,05,0,1,00,A01
201800027501,1,02,000,00,0,0,00,A01
201800027502,0,02,000,00,2,1,00,A01
201800027502,0,07,000,15,0,4,00,B01
201800027503,1,02,000,12,0,1,01,A01
201800027504,2,07,000,00,2,1,02,A01
201800027504,2,02,000,00,2,4,02,B01
201800027505,0,07,000,00,2,3,00,B01
201800027505,0,07,000,00,2,1,00,A01
201800027506,2,01,000,12,0,0,00,A01
201800027507,0,02,000,00,2,1,00,A01
201800027507,0,07,000,14,0,4,00,B01
201800027508,0,07,000,00,6,2,00,A01
201800027508,0,37,030,00,2,3,00,B01
201800027509,1,07,000,00,2,2,00,B01
201800027509,2,07,000,00,2,8,09,A01
201800027510,0,07,000,00,2,4,00,B01
201800027510,0,01,000,00,2,1,00,A01
201800027511,0,07,000,00,6,6,00,A01
201800027511,0,30,000,00,2,4,00,B01
201800027512,1,01,000,12,0,1,02,A01
201800027513,2,01,000,00,2,1,01,B01
201800027513,1,07,000,00,2,1,15,A01
201800027514,2,07,000,00,2,4,02,B01
201800027514,2,07,000,00,2,1,01,A01
201800027515,0,07,000,00,1,1,00,A01
201800027516,2,01,000,00,2,1,12,A01
201800027516,2,01,000,00,2,7,01,B01
201800027517,0,07,000,00,2,1,00,A01
201800027517,0,07,000,00,2,0,00,B01
201800027518,1,07,000,00,2,1,15,A01
201800027518,2,07,000,00,2,1,01,B01
201800027519,2,07,000,00,0,0,00,A01
201800027520,0,01,000,00,2,1,00,B01
201800027520,0,07,000,00,6,1,00,A01
201800027521,1,33,000,12,0,1,01,A01
201800027522,2,01,000,00,2,1,01,B01
201800027522,1,07,000,00,2,0,00,A01
201800027523,1,02,000,00,2,1,01,B01
201800027523,2,07,000,00,2,1,15,A01
201800027524,1,07,000,00,2,9,23,B01
201800027524,1,07,000,00,2,1,01,A01
201800027524,1,07,000,00,2,4,23,C01
201800027524,1,32,000,00,2,9,23,D01
201800027525,0,07,000,00,2,1,00,B01
201800027525,0,07,000,00,2,1,00,A01
201800027525,0,07,000,00,2,4,00,C01
201800027526,1,07,000,00,2,2,20,A01
201800027526,1,07,000,00,2,3,01,B01
201800027527,1,07,000,00,2,1,01,A01
201800027527,1,07,000,00,2,4,01,B01
201800027528,2,07,000,00,0,1,00,A01
201800027529,1,07,000,00,2,4,23,A01
201800027529,1,01,000,14,0,1,01,B01
201800027530,1,07,000,00,2,4,15,B01
201800027530,1,07,000,00,2,1,01,A01
201800027531,1,07,000,00,2,4,02,D01
201800027531,1,07,000,00,2,1,02,C01
201800027531,1,07,000,00,2,4,02,B01
201800027531,1,07,000,00,2,1,02,A01
201800027532,1,02,000,00,2,1,01,B01
201800027532,1,07,000,00,2,1,00,A01
201800027533,1,07,000,00,2,3,01,A01
201800027533,1,33,000,00,2,5,00,B01
201800027534,1,02,000,00,2,0,15,B01
201800027534,1,07,000,00,2,1,01,A01
201800027535,1,07,000,00,1,2,01,A01
201800027536,1,07,000,00,2,1,15,A01
201800027536,2,07,000,00,2,3,01,B01
201800027537,2,01,000,00,2,4,19,B01
201800027537,1,07,000,00,2,1,16,A01
201800027538,1,07,000,00,2,1,02,C01
201800027538,1,07,000,00,2,4,01,B01
201800027538,1,07,000,00,2,1,02,A01
201800027539,0,07,000,00,6,1,00,A01
201800027539,0,01,000,00,6,4,00,B01
201800027540,2,02,000,00,2,3,01,B01
201800027540,1,07,000,00,2,2,15,A01
201800027541,1,01,000,00,2,4,21,B01
201800027541,1,07,000,00,2,1,01,A01
201800027542,2,07,000,00,2,1,01,B01
201800027542,1,07,000,00,2,1,15,A01
201800027543,1,07,000,01,0,1,01,A01
201800027544,0,07,000,00,2,1,00,A01
201800027544,0,07,000,00,2,4,00,B01
201800027545,2,07,000,00,2,3,01,B01
201800027545,1,07,000,00,2,1,15,A01
201800027546,1,02,000,00,0,0,00,A01
201800027547,2,07,000,00,0,0,00,A01
201800027548,2,02,000,00,0,0,00,A01
201800027549,0,07,000,00,2,1,00,A01
201800027549,0,07,000,00,2,4,00,C01
201800027549,0,07,000,00,2,4,00,B01
201800027550,1,01,000,00,0,0,00,A01
201800027551,1,07,000,00,2,4,01,B01
201800027551,1,07,000,00,2,1,01,A01
201800027551,1,07,000,00,2,4,01,C01
201800027552,1,02,000,00,2,1,01,A01
201800027552,2,07,000,00,2,7,00,B01
201800027553,1,07,000,00,1,2,01,A01
201800027554,1,07,000,00,2,1,01,A01
201800027554,1,07,000,00,2,4,01,B01
201800027555,2,07,000,04,0,1,01,A01
201800027556,1,07,000,00,1,2,01,A01
201800027557,1,07,000,00,1,1,11,A01
201800027558,1,01,000,00,2,0,01,B01
201800027558,1,07,000,00,2,4,10,A01
201800027559,1,07,000,00,2,2,15,A01
201800027559,2,07,000,00,2,1,01,B01
201800027560,1,07,000,00,2,1,01,A01
201800027560,1,01,000,00,2,1,01,B01
201800027561,1,07,000,01,0,1,00,A01
201800027562,1,07,000,00,2,3,01,B01
201800027562,1,07,000,00,2,2,10,A01
201800027563,0,07,000,00,2,4,00,C01
201800027563,0,07,000,00,2,1,00,B01
201800027563,0,07,000,00,2,1,00,A01
201800027564,1,07,000,00,2,4,01,B01
201800027564,1,07,000,00,2,1,01,A01
201800027565,0,30,000,00,2,1,00,B01
201800027565,0,07,000,00,6,3,00,A01
201800027566,2,02,000,00,2,1,01,B01
201800027566,2,07,000,00,2,3,15,A01
201800027567,2,07,000,00,2,4,01,B01
201800027567,2,07,000,00,2,1,01,A01
201800027568,1,02,000,00,0,7,00,A01
201800027569,1,07,000,00,2,1,01,A01
201800027569,1,07,000,00,2,4,01,B01
201800027570,1,01,000,00,2,7,01,B01
201800027570,1,07,000,00,2,3,00,A01
201800027571,1,07,000,00,2,6,10,A01
201800027571,1,31,000,00,2,1,01,B01
201800027572,1,07,000,00,2,4,01,B01
201800027572,1,07,000,00,2,1,01,A01
201800027573,1,07,000,00,2,1,01,A01
201800027573,1,01,000,00,2,4,01,B01
201800027574,1,01,000,00,2,0,00,B01
201800027574,1,07,000,00,2,0,00,A01
201800027575,1,07,000,00,0,8,00,A01
201800027576,1,07,000,00,1,1,01,A01
201800027577,1,02,000,00,2,1,01,A01
201800027577,2,07,000,00,2,2,15,B01
201800027578,0,01,000,00,2,1,00,B01
201800027578,0,07,000,00,6,8,00,A01
201800027579,1,07,000,00,1,1,01,A01
201800027580,2,01,000,00,2,8,15,B01
201800027580,2,07,000,00,2,2,01,A01
201800027581,1,10,000,00,1,4,04,A01
201800027582,1,33,000,00,2,7,01,B01
201800027582,1,07,000,00,2,8,15,A01
201800027583,2,30,000,00,2,1,09,B01
201800027583,1,07,000,00,2,3,09,A01
201800027584,1,07,000,00,2,2,01,B01
201800027584,1,07,000,00,2,6,04,A01
201800027585,1,07,000,00,2,1,13,A01
201800027585,2,07,000,00,2,1,01,B01
201800027586,1,33,000,06,0,1,14,A01
201800027587,0,01,000,00,2,1,09,B01
201800027587,0,15,000,00,2,5,01,A01
201800027588,1,07,000,00,2,3,10,A01
201800027588,1,33,000,01,2,7,21,B01
201800027589,2,07,000,00,2,2,09,B01
201800027589,2,07,000,00,2,3,09,A01
201800027590,2,07,000,00,2,1,14,A01
201800027590,1,07,000,00,2,1,15,B01
201800027591,1,07,000,00,2,3,15,A01
201800027591,2,02,000,00,2,1,01,B01
201800027592,2,33,000,00,2,1,01,B01
201800027592,1,07,000,00,2,5,15,A01
201800027593,2,07,000,00,2,7,17,A01
201800027593,2,01,000,00,2,8,01,B01
201800027594,2,07,000,06,0,2,14,A01
201800027595,2,30,000,00,2,4,23,B01
201800027595,2,30,000,00,2,1,01,A01
201800027596,2,33,000,12,0,1,21,A01
201800027597,1,33,000,00,2,5,21,B01
201800027597,1,33,000,00,2,3,21,A01
201800027598,2,31,000,00,2,1,01,A01
201800027598,1,07,000,00,2,3,16,B01
201800027599,1,33,000,00,2,1,01,B01
201800027599,2,07,000,00,2,3,09,A01
201800027600,2,30,000,00,0,0,01,A01
201800027601,2,20,000,00,2,8,00,A01
201800027601,1,33,000,00,2,1,01,B01
201800027602,1,33,000,00,0,7,01,A01
201800027603,2,10,000,00,2,2,16,A01
201800027603,2,02,000,00,2,1,18,B01
201800027604,1,30,000,00,0,8,01,A01
201800027605,2,07,000,00,2,2,16,A01
201800027605,2,01,000,00,2,1,01,B01
201800027606,1,01,000,00,1,7,01,A01
201800027607,1,07,000,00,2,4,01,C01
201800027607,1,33,000,00,2,9,01,B01
201800027607,1,07,000,00,2,1,01,A01
201800027608,0,07,000,06,0,2,14,A01
201800027609,1,02,000,00,0,0,01,A01
201800027610,1,02,000,00,0,7,14,A01
201800027611,1,33,000,13,0,1,01,A01
201800027612,2,07,000,15,0,8,13,A01
201800027613,2,07,000,13,0,1,00,A01
201800027614,2,33,000,00,0,7,16,A01
201800027615,2,07,000,00,2,3,15,A01
201800027615,1,02,000,00,2,8,01,B01
201800027616,1,07,000,00,1,3,01,A01
201800027617,1,07,000,00,1,1,15,A01
201800027618,1,07,000,00,1,1,16,Z01
201800027619,2,33,000,00,2,3,01,B01
201800027619,2,07,000,00,2,1,01,A01
201800027620,1,07,000,00,2,2,09,A01
201800027620,2,07,000,00,2,8,01,B01
201800027621,1,07,000,00,2,6,02,B01
201800027621,1,07,000,00,2,2,01,A01
201800027622,2,07,000,00,1,1,16,A01
201800027623,1,15,000,00,1,5,01,A01
201800027624,1,07,000,00,2,1,01,B01
201800027624,1,07,000,00,2,2,15,A01
201800027625,2,33,000,02,0,7,01,A01
201800027626,2,07,000,00,2,3,01,B01
201800027626,1,07,000,00,2,2,09,A01
201800027627,1,02,000,00,2,1,00,A01
201800027627,2,07,000,00,2,8,00,B01
201800027628,2,30,000,00,2,7,01,B01
201800027628,1,07,000,00,2,1,09,A01
201800027629,1,07,000,00,2,3,01,A01
201800027629,2,07,000,07,2,2,01,B01
201800027630,0,07,000,00,2,4,23,B01
201800027630,0,10,000,00,2,1,02,A01
201800027631,1,07,000,00,1,1,16,A01
201800027632,1,07,000,00,1,1,01,A01
201800027633,1,03,000,00,2,3,15,A01
201800027633,1,02,000,00,2,1,01,B01
201800027634,1,02,000,00,2,8,01,B01
201800027634,0,07,000,00,2,3,15,A01
201800027635,1,07,000,00,1,1,01,A01
201800027636,1,07,000,00,2,1,01,B01
201800027636,1,07,000,00,2,2,01,A01
201800027637,1,30,000,00,0,8,01,A01
201800027638,2,07,000,00,2,1,02,A01
201800027638,2,07,000,00,2,4,02,B01
201800027639,1,07,000,00,1,2,09,A01
201800027640,2,07,000,00,6,3,01,B01
201800027640,1,01,000,00,2,1,09,A01
201800027641,1,01,000,00,0,8,02,B01
201800027641,1,07,000,14,6,7,02,A01
201800027642,0,30,000,00,2,1,13,A01
201800027642,0,30,000,00,2,1,01,B01
201800027643,1,07,000,00,2,4,02,B01
201800027643,1,07,000,00,2,1,02,A01
201800027643,1,07,000,00,2,4,02,C01
201800027644,0,07,000,00,2,8,15,A01
201800027644,2,07,000,00,2,2,17,B01
201800027645,0,07,000,00,1,4,04,A01
201800027646,2,07,000,00,2,2,09,A01
201800027646,1,02,000,00,2,8,01,B01
201800027647,2,33,000,00,0,1,05,A01
201800027647,1,07,000,00,0,2,05,B01
201800027648,2,07,000,03,0,9,00,A01
201800027649,1,07,000,00,2,1,05,A01
201800027649,2,02,000,00,2,8,05,B01
201800027650,2,07,000,07,2,1,01,A01
201800027650,2,07,000,00,2,2,01,B01
201800027651,2,17,000,00,2,2,02,A01
201800027651,2,07,000,00,2,4,23,B01
201800027652,2,02,000,00,2,3,15,B01
201800027652,1,07,000,00,2,3,15,A01
201800027653,1,07,000,00,1,7,01,A01
201800027654,2,07,000,00,2,5,15,A01
201800027654,2,02,000,00,2,1,01,B01
201800027655,1,07,000,00,6,3,09,A01
201800027655,1,01,000,00,2,1,09,B01
201800027656,2,07,000,00,2,1,02,C01
201800027656,2,07,000,00,2,8,01,B01
201800027656,1,07,000,00,2,3,01,A01
201800027657,1,03,000,00,2,1,01,A01
201800027657,1,02,000,00,2,4,01,B01
201800027658,2,07,000,00,2,1,01,B01
201800027658,1,07,000,00,2,3,13,A01
201800027659,2,01,000,00,2,1,01,B01
201800027659,1,07,000,00,2,1,09,A01
201800027660,2,10,000,00,2,1,05,A01
201800027660,1,07,000,00,2,8,15,B01
201800027661,2,07,000,00,2,1,02,B01
201800027661,2,07,000,00,2,4,02,C01
201800027661,2,07,000,00,2,1,02,A01
201800027662,2,07,000,00,2,7,01,A01
201800027662,2,02,000,00,2,1,01,B01
201800027663,2,01,000,00,2,7,01,B01
201800027663,1,07,000,00,2,1,09,A01
201800027664,0,30,000,00,2,3,13,A01
201800027664,0,07,000,00,2,7,01,B01
201800027665,2,33,000,13,0,1,16,A01
201800027666,0,07,000,00,1,1,01,A01
201800027666,0,07,000,00,2,1,02,B01
201800027667,0,07,000,00,2,3,15,A01
201800027667,0,33,000,00,2,1,01,B01
201800027668,0,07,000,00,1,1,02,A01
201800027668,0,07,000,00,0,0,12,B01
201800027669,0,07,000,00,1,2,15,Z01
201800027670,2,07,000,15,2,1,01,A01
201800027670,0,07,000,00,2,1,01,B01
201800027671,1,07,000,13,0,1,01,A01
201800027672,0,07,000,00,1,1,01,A01
201800027673,2,07,000,00,2,1,01,A01
201800027673,2,07,000,00,2,4,01,B01
201800027674,1,07,000,00,2,1,15,A01
201800027674,2,02,000,00,2,1,01,B01
201800027675,0,07,000,00,2,5,15,A01
201800027675,0,32,000,00,2,2,01,B01
201800027676,1,07,000,13,0,2,14,A01
201800027677,2,07,000,00,2,3,09,A01
201800027677,2,01,000,00,2,7,01,B01
201800027678,0,01,000,00,2,1,01,B01
201800027678,0,07,000,00,2,3,16,A01
201800027679,0,10,000,00,1,2,01,A01
201800027680,0,07,000,00,2,2,15,A01
201800027680,0,30,000,00,2,1,01,B01
201800027681,0,07,000,01,2,1,13,A01
201800027682,0,31,000,01,0,1,15,A01
201800027683,0,31,000,00,0,8,01,A01
201800027683,0,07,000,00,0,0,15,B01
201800027684,0,07,000,00,2,4,01,A01
201800027684,0,07,000,00,2,1,02,B01
201800027685,0,07,000,08,0,2,14,A01
201800027686,0,07,000,00,2,1,01,A01
201800027686,0,07,000,00,2,1,13,B01
201800027687,0,07,000,00,2,4,16,A01
201800027687,0,30,000,00,2,1,01,B01
201800027688,0,07,000,00,2,1,09,A01
201800027688,0,07,000,00,2,7,01,B01
201800027688,0,07,000,00,2,1,01,C01
201800027689,0,07,000,00,2,8,01,A01
201800027689,0,07,000,00,2,1,01,B01
201800027690,0,07,000,01,0,2,14,A01
201800027691,0,07,000,08,0,1,16,A01
201800027692,0,07,000,00,2,3,10,A01
201800027692,0,02,000,00,2,1,01,B01
201800027693,0,07,000,15,0,2,14,A01
201800027694,0,07,000,00,2,3,01,A01
201800027694,0,07,000,00,2,3,01,B01
201800027695,0,07,000,02,0,1,13,A01
201800027696,0,07,000,00,2,3,20,A01
201800027696,0,33,000,00,2,4,23,B01
201800027697,1,07,000,00,2,1,01,A01
201800027697,2,07,000,00,2,3,15,B01
201800027698,0,10,000,00,2,8,09,A01
201800027698,0,07,000,00,2,2,01,B01
201800027699,0,07,000,00,2,2,15,A01
201800027699,0,07,000,00,2,1,01,B01
201800027700,0,07,000,01,0,1,14,A01
201800027701,0,01,000,00,2,7,19,A01
201800027701,2,07,000,00,2,1,01,B01
201800027702,0,33,000,14,0,8,01,A01
201800027703,0,07,000,01,0,2,14,A01
201800027704,0,07,000,00,2,2,16,A01
201800027704,0,02,000,00,2,8,02,B01
201800027705,0,07,000,00,1,3,01,A01
201800027706,1,31,000,00,2,1,02,A01
201800027706,1,07,000,00,2,4,23,B01
201800027707,0,07,000,00,2,0,15,A01
201800027707,0,02,000,00,2,3,01,B01
201800027708,1,07,000,00,2,1,02,A01
201800027708,1,07,000,00,2,4,01,B01
201800027709,0,07,000,00,2,7,19,A01
201800027709,0,03,000,00,2,1,01,B01
201800027710,0,07,000,00,1,2,01,A01
201800027711,0,07,000,00,1,3,01,A01
201800027712,1,07,000,04,0,3,06,A01
201800027713,0,07,000,00,1,1,01,A01
201800027714,2,07,000,00,2,1,02,A01
201800027714,2,07,000,00,2,4,01,B01
201800027715,0,02,000,00,1,1,01,A01
201800027716,0,02,000,00,1,1,21,A01
201800027717,0,07,000,01,2,3,13,A01
201800027717,0,07,000,00,2,1,01,B01
201800027718,0,07,000,00,2,1,01,B01
201800027718,0,07,000,06,2,8,19,A01
201800027719,0,07,000,00,2,8,13,A01
201800027719,0,10,000,00,2,7,01,B01
201800027720,0,07,000,00,2,4,04,A01
201800027720,0,07,000,00,2,1,02,B01
201800027721,1,31,000,07,0,1,14,A01
201800027722,0,02,000,00,2,1,09,A01
201800027722,0,07,000,01,2,2,01,B01
201800027723,2,07,000,00,2,1,02,A01
201800027723,2,07,000,00,2,4,01,B01
201800027724,0,33,000,00,2,3,13,A01
201800027724,0,07,000,00,2,3,01,B01
201800027725,0,07,000,00,1,2,01,A01
201800027726,0,07,000,00,1,1,01,A01
201800027727,0,01,000,00,1,1,01,A01
201800027728,2,01,000,00,2,1,01,A01
201800027728,0,07,000,00,2,2,01,B01
201800027729,1,10,000,00,2,2,15,A01
201800027729,2,07,000,00,2,3,01,B01
201800027730,,07,000,00,1,0,01,A01
201800027731,0,33,000,00,0,8,17,A01
201800027731,0,07,000,00,0,0,15,B01
201800027732,0,07,000,01,2,1,14,A01
201800027732,0,07,000,00,2,3,01,B01
201800027733,0,07,000,04,0,8,01,A01
201800027734,0,10,000,00,1,6,20,A01
201800027735,1,01,000,00,2,1,02,A01
201800027735,1,07,000,00,2,4,01,B01
201800027736,0,07,000,06,0,1,14,A01
201800027737,0,07,000,00,1,6,15,A01
201800027738,0,07,000,00,1,1,15,A01
201800027739,0,07,000,00,2,2,01,B01
201800027739,0,03,000,00,2,3,09,A01
201800027740,1,07,000,08,0,1,14,A01
201800027741,0,07,000,00,2,1,13,A01
201800027741,0,07,000,03,2,3,01,B01
201800027742,1,10,000,00,2,1,02,A01
201800027742,1,07,000,00,2,4,01,B01
201800027743,0,01,000,00,2,7,16,A01
201800027743,0,01,000,00,2,1,01,B01
201800027744,2,02,000,00,2,1,02,A01
201800027744,2,07,000,00,2,4,01,B01
201800027745,0,10,000,00,2,7,15,A01
201800027745,0,02,000,00,2,1,01,B01
201800027746,0,02,000,00,2,8,09,A01
201800027746,0,03,000,00,2,1,01,B01
201800027747,0,07,000,00,1,1,16,A01
201800027748,1,33,000,00,2,8,21,B01
201800027748,1,07,000,00,2,0,09,A01
201800027749,2,07,000,00,2,3,15,A01
201800027749,1,01,000,00,2,8,01,B01
201800027750,0,07,000,00,2,3,15,A01
201800027750,0,07,000,00,2,3,01,B01
201800027751,2,10,000,00,2,3,01,A01
201800027751,0,07,000,00,2,6,01,B01
201800027752,0,07,000,00,2,1,15,A01
201800027752,0,07,000,15,2,3,01,B01
201800027753,1,17,000,00,2,2,12,A01
201800027753,1,07,000,00,2,8,01,B01
201800027754,1,07,000,00,2,1,02,A01
201800027754,1,07,000,00,2,4,01,B01
201800027755,0,30,000,00,2,1,09,A01
201800027755,0,07,000,00,2,8,01,B01
201800027756,1,07,000,03,0,1,14,A01
201800027757,0,07,000,00,1,1,08,A01
201800027758,0,02,000,00,0,7,16,A01
201800027759,0,10,000,00,2,1,01,B01
201800027759,0,30,000,00,2,2,19,A01
201800027760,0,01,000,00,2,1,02,A01
201800027760,0,07,000,00,2,4,20,B01
201800027761,0,02,000,00,2,3,09,A01
201800027761,0,01,000,00,2,1,17,B01
201800027762,2,07,000,00,2,7,17,A01
201800027762,2,02,000,00,2,8,01,B01
201800027763,0,07,000,00,2,3,13,A01
201800027763,0,07,000,00,2,3,01,B01
201800027764,0,07,000,06,0,1,14,A01
201800027765,0,02,000,00,2,1,02,A01
201800027765,0,07,000,00,2,4,01,B01
201800027766,0,07,000,00,2,3,13,A01
201800027766,0,07,000,00,2,3,15,B01
201800027767,0,07,000,00,1,3,01,A01
201800027768,1,33,000,00,2,2,16,A01
201800027768,1,07,000,00,2,3,18,B01
201800027769,0,02,000,00,0,8,01,A01
201800027770,0,01,000,00,1,2,01,B01
201800027771,1,07,000,00,2,3,09,A01
201800027771,2,33,000,00,2,1,15,B01
201800027772,2,07,000,00,2,1,01,A01
201800027772,2,07,000,00,2,4,23,B01
201800027772,2,07,000,00,2,4,23,C01
201800027773,0,07,000,00,1,6,04,A01
201800027774,0,07,000,00,1,3,01,A01
201800027775,0,07,000,01,0,2,14,A01
201800027776,0,02,000,00,2,7,17,A01
201800027776,0,02,000,00,2,0,01,B01
201800027777,0,33,000,00,2,1,17,A01
201800027777,0,07,000,00,2,3,15,B01
201800027778,1,10,000,00,2,1,02,A01
201800027778,1,07,000,00,2,4,01,B01
201800027779,1,33,000,04,2,1,01,A01
201800027779,2,07,000,00,2,1,01,B01
201800027780,0,99,000,00,2,1,01,A01
201800027780,0,07,000,00,6,3,01,B01
201800027781,1,07,000,00,2,3,13,A01
201800027781,2,33,000,00,2,3,01,B01
201800027782,0,33,000,16,0,0,13,A01
201800027783,0,07,000,00,2,6,04,A01
201800027783,0,07,000,00,2,8,01,B01
201800027784,0,01,000,00,2,1,02,A01
201800027784,0,07,000,00,2,4,16,B01
201800027785,0,07,000,00,2,1,02,A01
201800027785,0,07,000,00,2,5,01,B01
201800027786,0,07,000,00,1,1,01,A01
201800027787,2,02,000,00,2,3,18,A01
201800027787,2,02,000,01,2,4,01,B01
201800027788,1,31,000,00,2,1,01,A01
201800027788,2,07,000,00,2,3,15,B01
201800027789,0,07,000,13,0,9,01,A01
201800027790,2,02,000,00,2,2,17,A01
201800027790,2,37,030,00,2,6,01,B01
201800027791,0,07,000,00,1,3,01,A01
201800027792,0,07,000,00,1,1,16,A01
201800027793,0,02,000,00,2,1,02,A01
201800027793,0,10,000,00,2,4,01,B01
201800027794,1,07,000,00,2,2,01,A01
201800027794,2,07,000,00,2,5,15,B01
201800027795,0,10,000,00,1,2,16,A01
201800027796,0,07,000,00,1,3,01,A01
201800027797,0,07,000,03,0,3,13,A01
201800027798,0,07,000,00,1,2,01,A01
201800027799,0,07,000,08,0,1,13,A01
201800027800,0,07,000,00,2,1,09,A01
201800027800,0,01,000,00,2,5,01,B01
201800027801,0,02,000,16,0,3,17,A01
201800027802,0,02,000,12,0,1,14,A01
201800027803,0,02,000,14,0,2,01,A01
201800027804,0,07,000,08,0,2,01,A01
201800027805,0,07,000,00,1,1,21,A01
201800027806,1,07,000,00,2,8,10,A01
201800027806,1,02,000,00,2,1,01,B01
201800027807,0,07,000,00,2,2,15,A01
201800027807,0,02,000,00,2,1,01,B01
201800027808,0,01,000,00,2,1,00,A01
201800027808,0,07,000,00,2,2,00,B01
201800027809,0,07,000,00,2,3,01,A01
201800027809,0,07,000,00,2,3,17,B01
201800027810,0,10,000,02,0,1,01,A01
201800027811,0,07,000,01,0,1,01,A01
201800027812,0,07,000,00,2,5,15,A01
201800027812,0,02,000,00,2,1,01,B01
201800027813,0,07,000,06,0,6,01,A01
201800027814,1,10,000,00,2,2,15,A01
201800027814,1,07,000,00,2,2,01,B01
201800027815,0,14,000,00,2,2,04,A01
201800027815,0,02,000,00,2,1,01,B01
201800027816,0,03,000,00,2,3,11,A01
201800027816,0,10,000,00,2,3,17,B01
201800027817,1,07,000,00,2,1,02,A01
201800027817,1,07,000,00,2,4,02,B01
201800027817,1,07,000,00,2,4,01,C01
201800027818,0,07,000,08,0,1,16,A01
201800027819,2,17,000,00,2,1,02,A01
201800027819,2,07,000,00,0,0,01,B01
201800027820,0,07,000,06,0,1,19,A01
201800027821,1,07,000,00,1,3,01,A01
201800027822,0,07,000,00,1,1,01,A01
201800027823,0,07,000,13,0,3,13,A01
201800027824,0,07,000,00,2,3,01,A01
201800027824,0,07,000,00,2,3,09,B01
201800027825,2,07,000,00,2,1,02,A01