Num_Acc,senc,catv,occutc,obs,obsm,choc,manv,num_veh
201800028199,0,10,000,08,2,6,24,C01
201800028199,0,07,000,00,2,5,24,B01
201800028200,1,07,000,06,0,1,05,A01
201800028201,2,01,000,00,2,1,01,B01
201800028201,2,07,000,00,2,7,16,A01
201800028202,2,07,000,00,2,1,02,A01
201800028202,2,07,000,00,2,2,01,C01
201800028202,2,07,000,00,2,4,02,B01
201800028203,2,33,000,00,2,1,17,A01
201800028203,2,07,000,00,2,3,15,B01
201800028204,2,07,000,00,2,3,13,A01
201800028204,1,07,000,00,2,3,01,B01
201800028205,1,10,000,00,2,2,01,B01
201800028205,2,07,000,00,2,1,01,A01
201800028206,2,07,000,00,2,4,02,B01
201800028206,1,07,000,00,2,4,02,C01
201800028206,2,07,000,00,2,1,02,A01
201800028207,1,07,000,00,2,1,13,A01
201800028207,1,01,000,00,2,1,01,B01
201800028208,1,07,000,00,1,2,01,A01
201800028209,1,07,000,01,0,2,01,A01
201800028210,1,01,000,00,1,0,21,A01
201800028211,0,07,000,00,0,1,01,A01
201800028212,0,07,000,00,1,4,00,A01
201800028213,1,07,000,00,2,9,00,B01
201800028213,1,07,000,00,2,1,00,A01
201800028214,0,32,000,00,1,1,00,A01
201800028215,1,01,000,00,2,4,02,B01
201800028215,1,07,000,00,6,1,20,A01
201800028216,0,33,000,00,2,7,17,A01
201800028216,0,07,000,00,2,8,01,B01
201800028217,0,07,000,00,2,8,09,A01
201800028217,0,01,000,00,2,1,00,B01
201800028218,0,17,000,00,1,8,00,A01
201800028219,0,07,000,00,1,1,00,A01
201800028220,0,07,000,00,1,0,23,B01
201800028220,0,07,000,00,1,0,23,A01
201800028221,0,07,000,00,2,1,01,B01
201800028221,0,07,000,00,2,7,15,A01
201800028222,0,07,000,00,2,7,01,A01
201800028222,0,01,000,00,2,1,19,B01
201800028223,0,07,000,00,2,2,15,A01
201800028223,0,33,000,00,2,1,01,B01
201800028224,2,07,000,00,2,1,15,A01
201800028224,1,01,000,00,2,1,01,B01
201800028225,1,33,000,00,1,1,21,A01
201800028226,1,07,000,00,2,2,01,A01
201800028226,1,01,000,00,2,1,19,B01
201800028227,1,07,000,00,1,2,19,A01
201800028228,2,33,000,00,2,7,17,A01
201800028228,2,07,000,00,2,8,15,B01
201800028229,2,13,000,00,9,1,01,A01
201800028229,2,01,000,00,2,8,19,B01
201800028230,1,07,000,00,2,2,02,A01
201800028230,1,37,001,00,2,6,02,B01
201800028231,0,07,000,00,1,3,00,A01
201800028232,1,07,000,11,2,1,00,A01
201800028232,2,07,000,00,2,7,15,B01
201800028233,2,07,000,00,2,6,11,A01
201800028233,2,33,000,00,2,2,17,B01
201800028234,1,07,000,00,1,2,01,A01
201800028235,0,07,000,00,2,3,02,A01
201800028235,0,07,000,00,2,5,15,B01
201800028235,0,07,000,00,2,3,02,C01
201800028236,0,01,000,00,1,1,00,A01
201800028237,2,07,000,00,2,4,01,A01
201800028237,2,07,000,00,2,1,01,B01
201800028238,1,07,000,00,2,1,13,A01
201800028238,1,37,003,00,2,3,01,B01
201800028239,1,01,000,00,2,7,00,B01
201800028239,1,07,000,00,2,1,09,A01
201800028240,1,10,000,00,1,2,00,A01
201800028241,0,01,000,14,0,0,16,A01
201800028242,2,33,000,00,2,1,02,A01
201800028242,2,99,000,00,2,6,02,B01
201800028243,2,07,000,00,2,2,00,A01
201800028243,0,01,000,00,2,1,19,B01
201800028244,2,07,000,00,2,3,16,A01
201800028244,1,01,000,00,2,1,00,B01
201800028245,0,07,000,06,0,1,01,A01
201800028246,1,07,000,02,0,1,19,A01
201800028247,2,07,000,00,2,1,20,A01
201800028247,1,01,000,00,2,0,00,B01
201800028248,2,07,000,00,2,1,17,B01
201800028248,2,34,000,13,0,4,23,A01
201800028249,1,07,000,00,2,1,15,A01
201800028249,2,07,000,00,2,3,00,B01
201800028250,1,07,000,00,1,2,19,A01
201800028251,2,07,000,00,1,2,01,A01
201800028252,2,07,000,00,2,3,13,B01
201800028252,1,15,000,00,2,3,01,A01
201800028253,2,33,000,16,0,4,14,A01
201800028254,2,07,000,00,2,1,01,B01
201800028254,1,07,000,00,2,1,13,A01
201800028255,1,07,000,00,2,1,17,A01
201800028255,2,30,000,00,2,4,15,B01
201800028256,1,07,000,02,0,7,13,A01
201800028257,1,07,000,00,2,8,01,B01
201800028257,1,07,000,00,2,2,15,A01
201800028258,1,30,000,00,2,8,19,A01
201800028258,2,07,000,00,2,3,01,B01
201800028259,1,07,000,00,2,2,13,A01
201800028259,2,07,000,00,2,2,01,B01
201800028260,1,07,000,00,1,1,01,A01
201800028261,2,07,000,06,0,2,17,A01
201800028262,1,07,000,00,1,2,01,A01
201800028263,1,07,000,00,1,1,01,A01
201800028264,2,33,000,00,2,1,17,A01
201800028264,2,07,000,00,2,3,00,B01
201800028265,1,07,000,00,2,1,01,B01
201800028265,2,07,000,00,2,1,17,A01
201800028266,1,07,000,00,2,3,09,A01
201800028266,1,07,000,00,2,2,01,B01
201800028267,1,07,000,00,1,3,00,A01
201800028268,2,07,000,00,2,1,00,B01
201800028268,1,07,000,00,2,3,01,A01
201800028269,1,07,000,10,2,5,01,A01
201800028269,1,07,000,00,2,3,17,B01
201800028270,2,15,000,00,2,7,01,C01
201800028270,2,07,000,16,2,3,12,A01
201800028270,2,14,000,00,2,5,01,B01
201800028271,1,07,000,00,2,8,11,A01
201800028271,1,32,000,00,2,1,17,B01
201800028272,1,30,000,00,1,1,00,A01
201800028273,2,07,000,01,2,0,00,E01
201800028273,1,07,000,00,2,1,01,A01
201800028273,2,07,000,01,2,0,00,D01
201800028273,2,07,000,00,2,0,00,F01
201800028273,2,07,000,00,2,0,00,C01
201800028273,2,07,000,00,2,2,15,B01
201800028274,2,33,000,00,2,1,01,A01
201800028274,2,07,000,00,2,4,01,B01
201800028275,2,07,000,00,6,6,01,A01
201800028275,2,33,000,00,2,1,17,B01
201800028276,2,07,000,00,1,1,16,A01
201800028277,2,07,000,00,1,5,00,A01
201800028278,1,36,000,00,2,1,13,A01
201800028278,2,07,000,00,2,1,01,B01
201800028279,1,07,000,00,2,1,01,B01
201800028279,1,07,000,00,2,1,01,C01
201800028279,1,07,000,00,2,1,01,D01
201800028279,2,07,000,00,2,1,05,A01
201800028280,0,07,000,00,2,1,01,B01
201800028280,0,07,000,00,2,2,01,A01
201800028281,2,07,000,00,1,1,01,A01
201800028282,1,07,000,08,2,1,01,A01
201800028282,2,07,000,00,2,8,01,B01
201800028283,2,33,000,01,0,1,01,A01
201800028284,1,07,000,00,1,2,16,A01
201800028285,1,07,000,01,0,0,01,A01
201800028286,1,07,000,00,1,1,00,A01
201800028287,1,07,000,00,1,0,01,Z01
201800028288,1,07,000,00,1,1,15,A01
201800028289,1,07,000,00,1,1,00,A01
201800028290,1,07,000,01,0,0,01,D01
201800028290,1,07,000,01,2,9,01,B01
201800028290,1,07,000,00,2,9,01,C01
201800028290,1,07,000,00,2,9,01,A01
201800028291,1,34,000,01,2,7,02,B01
201800028291,1,07,000,00,2,8,22,A01
201800028292,1,07,000,00,2,1,01,B01
201800028292,1,07,000,00,2,1,16,A01
201800028293,1,03,000,00,2,1,15,A01
201800028293,1,07,000,00,2,1,01,Z01
201800028294,1,07,000,00,2,1,01,C01
201800028294,1,07,000,00,2,4,15,A01
201800028294,1,07,000,00,2,1,01,D01
201800028294,1,07,000,00,2,4,01,B01
201800028294,1,07,000,00,2,4,01,E01
201800028295,1,07,000,00,1,2,01,A01
201800028296,1,07,000,00,1,2,07,A01
201800028297,1,07,000,00,2,1,01,A01
201800028297,1,07,000,00,2,4,02,B01
201800028298,1,07,000,00,2,4,00,C01
201800028298,1,07,000,00,2,9,01,A01
201800028298,1,07,000,00,2,8,00,B01
201800028299,1,07,000,00,1,1,01,A01
201800028300,1,99,000,00,2,1,00,A01
201800028301,1,07,000,00,2,4,01,C01
201800028301,1,07,000,00,2,8,01,A01
201800028301,1,07,000,00,2,1,01,B01
201800028302,1,07,000,00,9,7,16,B01
201800028302,1,01,000,00,2,3,15,A01
201800028303,1,07,000,00,2,5,15,A01
201800028303,1,07,000,00,2,0,01,C01
201800028303,1,07,000,00,2,3,00,B01
201800028304,1,07,000,00,1,1,15,A01
201800028305,1,33,000,00,2,1,01,B01
201800028305,1,07,000,00,2,1,17,A01
201800028306,1,07,000,00,2,1,01,A01
201800028306,1,07,000,00,2,4,01,C01
201800028306,1,07,000,00,2,1,01,B01
201800028307,1,07,000,00,1,1,01,A01
201800028307,1,07,000,00,2,4,01,B01
201800028308,1,07,000,00,1,1,01,Z01
201800028309,1,07,000,00,1,1,00,Z01
201800028310,1,07,000,00,2,1,09,B01
201800028310,1,07,000,00,2,1,01,A01
201800028310,1,07,000,00,2,2,02,C01
201800028311,1,01,000,00,1,1,01,A01
201800028312,1,07,000,00,2,5,02,A01
201800028312,1,37,003,00,2,3,07,B01
201800028313,1,07,000,00,2,1,02,A01
201800028313,1,07,000,00,2,4,02,B01
201800028314,1,01,000,00,2,1,09,B01
201800028314,1,07,000,00,9,6,01,A01
201800028315,1,07,000,00,2,1,01,B01
201800028315,1,07,000,00,2,1,09,A01
201800028316,1,07,000,00,1,6,04,A01
201800028317,1,07,000,00,2,1,01,B01
201800028317,1,07,000,00,2,1,05,A01
201800028318,1,07,000,00,1,7,01,Z01
201800028319,1,30,000,00,2,4,02,B01
201800028319,1,07,000,00,2,1,09,A01
201800028320,1,07,000,00,2,1,02,A01
201800028320,1,07,000,00,2,4,02,B01
201800028321,1,07,000,00,1,0,00,Z01
201800028322,1,07,000,00,2,1,01,B01
201800028322,1,07,000,00,2,5,01,A01
201800028323,1,07,000,00,2,4,02,B01
201800028323,1,07,000,00,2,1,02,A01
201800028324,1,07,000,00,2,7,20,A01
201800028324,1,30,000,00,2,3,01,B01
201800028325,1,07,000,00,2,1,01,Z01
201800028325,1,07,000,00,2,1,23,D01
201800028325,1,07,000,00,2,2,01,B01
201800028325,1,07,000,00,2,3,23,C01
201800028326,1,07,000,00,2,2,15,A01
201800028326,1,07,000,00,2,1,01,B01
201800028327,1,07,000,00,2,1,15,A01
201800028327,1,07,000,00,2,1,01,B01
201800028328,1,07,000,00,2,1,02,A01
201800028328,1,07,000,00,2,4,02,B01
201800028329,1,07,000,00,1,3,01,A01
201800028330,1,07,000,00,1,3,01,A01
201800028331,1,07,000,00,2,4,02,B01
201800028331,1,07,000,00,2,4,02,C01
201800028331,1,07,000,00,2,1,02,A01
201800028331,1,07,000,00,2,4,02,D01
201800028332,1,07,000,00,1,1,01,A01
201800028333,1,01,000,00,2,7,19,A01
201800028333,1,07,000,00,9,1,01,B01
201800028334,1,07,000,00,2,1,02,A01
201800028334,1,07,000,00,2,4,02,B01
201800028335,1,07,000,00,1,1,00,Z01
201800028336,1,32,000,00,1,0,00,Z01
201800028337,1,07,000,00,2,4,02,C01
201800028337,1,07,000,00,2,4,02,B01
201800028337,1,07,000,00,2,1,02,A01
201800028338,1,31,000,00,2,2,01,B01
201800028338,1,07,000,00,2,8,15,A01
201800028339,1,07,000,00,1,1,01,A01
201800028340,1,07,000,00,1,1,01,Z01
201800028341,1,07,000,00,1,4,04,A01
201800028342,1,07,000,00,2,4,23,A01
201800028342,1,07,000,00,2,1,01,Z01
201800028343,1,07,000,00,2,1,02,A01
201800028343,1,07,000,00,2,4,02,B01
201800028344,1,07,000,00,2,4,23,B01
201800028344,1,07,000,00,2,1,02,A01
201800028345,1,07,000,08,0,1,01,A01
201800028346,1,07,000,00,2,1,02,A01
201800028346,1,02,000,00,2,4,01,B01
201800028347,1,07,000,00,2,4,02,C01
201800028347,1,07,000,00,2,1,01,A01
201800028347,1,07,000,00,2,4,02,B01
201800028348,1,07,000,14,0,1,01,A01
201800028349,1,07,000,00,2,1,01,B01
201800028349,1,07,000,00,2,8,01,A01
201800028350,1,07,000,00,1,1,01,A01
201800028351,1,07,000,00,1,8,17,A01
201800028352,1,01,000,00,2,8,13,A01
201800028352,1,07,000,00,9,8,01,B01
201800028353,1,07,000,00,1,3,15,A01
201800028354,1,07,000,00,2,3,02,A01
201800028354,1,32,000,00,2,7,02,B01
201800028355,1,07,000,00,2,1,01,A01
201800028355,1,07,000,00,2,1,01,B01
201800028356,1,07,000,00,2,1,15,A01
201800028356,1,07,000,00,2,1,01,B01
201800028357,1,07,000,00,2,3,02,A01
201800028357,1,31,000,00,2,2,02,B01
201800028358,1,07,000,00,1,1,01,A01
201800028359,1,07,000,06,2,2,01,A01
201800028360,1,07,000,00,2,4,01,B01
201800028360,1,07,000,00,2,1,01,A01
201800028361,1,07,000,00,2,1,13,B01
201800028361,2,07,000,00,2,3,01,A01
201800028362,1,01,000,00,2,7,01,B01
201800028362,1,07,000,00,9,7,01,A01
201800028363,1,07,000,00,1,1,02,A01
201800028364,1,07,000,00,2,1,02,A01
201800028364,1,07,000,00,2,4,02,B01
201800028365,1,01,000,00,2,5,03,A01
201800028365,1,07,000,00,9,5,01,B01
201800028366,1,07,000,00,1,1,01,A01
201800028367,1,07,000,00,1,8,01,A01
201800028368,1,07,000,00,2,4,01,B01
201800028368,1,07,000,00,2,7,01,C01
201800028368,1,07,000,00,2,1,01,A01
201800028369,1,07,000,00,2,8,01,B01
201800028369,1,07,000,00,2,1,01,A01
201800028370,1,07,000,00,1,8,01,A01
201800028370,1,07,000,00,2,7,01,B01
201800028371,1,07,000,00,2,4,02,C01
201800028371,1,07,000,00,2,1,01,A01
201800028371,1,07,000,00,2,4,02,B01
201800028372,1,07,000,00,1,1,01,A01
201800028373,1,07,000,00,1,2,16,A01
201800028374,1,07,000,00,2,2,01,B01
201800028374,1,07,000,00,2,1,16,A01
201800028375,1,07,000,00,2,1,02,A01
201800028375,1,07,000,00,2,4,02,B01
201800028376,1,07,000,00,2,1,17,A01
201800028376,1,07,000,00,2,8,10,B01
201800028377,1,07,000,00,2,4,02,B01
201800028377,1,07,000,00,2,1,02,A01
201800028378,1,07,000,00,2,3,13,B01
201800028378,1,33,000,00,2,1,13,A01
201800028379,1,07,000,00,2,1,02,A01
201800028379,1,07,000,00,2,4,01,B01
201800028380,1,07,000,01,1,3,01,B01
201800028380,1,07,000,00,2,2,01,A01
201800028381,1,07,000,00,2,7,01,B01
201800028381,1,07,000,00,2,8,11,A01
201800028382,1,07,000,01,1,2,00,A01
201800028382,1,07,000,00,2,5,24,B01
201800028383,1,07,000,00,6,7,14,B01
201800028383,1,01,000,00,2,8,01,A01
201800028384,1,10,000,00,2,3,09,A01
201800028384,1,07,000,00,2,5,09,B01
201800028385,1,13,000,00,1,2,00,A01
201800028386,1,07,000,00,1,1,01,A01
201800028387,1,33,000,00,2,1,18,A01
201800028387,1,07,000,00,2,8,20,C01
201800028387,1,07,000,00,2,5,00,B01
201800028388,1,99,000,00,1,0,15,Z01
201800028389,1,07,000,00,1,1,01,A01
201800028390,1,33,000,00,2,2,01,B01
201800028390,1,07,000,00,2,3,15,A01
201800028391,1,07,000,00,1,1,01,A01
201800028392,1,02,000,00,2,1,01,A01
201800028392,1,99,000,00,2,4,12,Z01
201800028393,1,07,000,00,2,8,01,B01
201800028393,1,99,000,00,2,1,01,Z01
201800028394,1,33,000,00,2,2,01,B01
201800028394,1,07,000,00,2,8,01,A01
201800028395,1,07,000,08,0,1,00,B01
201800028395,1,07,000,08,0,1,21,A01
201800028396,1,07,000,00,6,2,16,A01
201800028396,1,07,000,00,2,8,00,B01
201800028397,1,07,000,00,1,1,01,A01
201800028398,1,07,000,00,1,1,15,A01
201800028399,1,02,000,12,2,0,20,B01
201800028399,1,07,000,14,0,7,01,Z01
201800028400,1,02,000,00,2,0,00,B01
201800028400,1,07,000,00,6,1,00,Z01
201800028401,1,30,000,00,2,1,14,A01
201800028401,1,07,000,00,2,7,16,B01
201800028402,1,07,000,00,2,1,01,C01
201800028402,1,07,000,00,2,1,01,B01
201800028402,1,07,000,00,2,1,01,A01
201800028402,1,07,000,00,2,1,01,D01
201800028402,1,07,000,00,2,1,01,E01
201800028403,1,07,000,00,1,2,01,A01
201800028404,1,07,000,00,1,8,15,A01
201800028405,1,01,000,00,2,1,01,B01
201800028405,1,07,000,00,6,1,10,A01
201800028406,1,07,000,06,0,1,00,A01
201800028407,1,07,000,00,2,2,01,A01
201800028407,1,07,000,00,2,4,23,B01
201800028408,1,07,000,00,2,5,01,B01
201800028408,1,07,000,00,2,1,01,A01
201800028409,1,07,000,00,1,1,01,A01
201800028410,1,07,000,00,2,2,15,B01
201800028410,1,02,000,00,2,1,15,A01
201800028411,1,02,000,00,2,1,01,A01
201800028411,1,07,000,00,2,1,15,B01
201800028412,1,07,000,00,2,7,01,A01
201800028412,1,07,000,00,2,8,01,B01
201800028413,1,02,000,00,2,3,02,B01
201800028413,1,07,000,00,6,3,02,A01
201800028414,1,07,000,06,1,1,01,A01
201800028414,1,07,000,00,2,1,01,B01
201800028415,1,01,000,00,2,1,01,A01
201800028415,1,07,000,00,6,2,16,B01
201800028416,1,07,000,06,0,1,16,A01
201800028417,1,07,000,00,6,7,17,A01
201800028417,1,02,000,00,2,1,00,B01
201800028418,1,07,000,00,2,4,01,B01
201800028418,1,07,000,00,2,0,12,Z01
201800028419,1,07,000,00,2,4,01,B01
201800028419,1,07,000,00,2,1,01,A01
201800028420,1,07,000,00,1,7,01,A01
201800028421,1,07,000,00,2,4,02,B01
201800028421,1,07,000,00,2,4,02,C01
201800028421,1,07,000,00,2,1,02,A01
201800028422,1,33,000,00,2,3,01,B01
201800028422,1,07,000,00,2,3,15,A01
201800028423,1,07,000,00,2,1,01,A01
201800028423,1,07,000,00,2,4,02,C01
201800028423,1,07,000,00,2,4,02,B01
201800028424,1,07,000,00,1,1,01,A01
201800028425,1,07,000,00,1,3,15,A01
201800028426,1,07,000,00,2,1,01,B01
201800028426,1,33,000,00,2,7,01,A01
201800028427,1,14,000,00,1,1,16,A01
201800028428,1,07,000,00,2,1,02,Z01
201800028428,1,07,000,00,2,4,02,A01
201800028429,1,07,000,00,2,8,01,A01
201800028429,1,07,000,00,2,1,02,Z01
201800028430,1,07,000,00,2,3,15,A01
201800028430,1,07,000,00,2,5,01,B01
201800028431,1,07,000,00,2,1,01,A01
201800028431,1,07,000,00,2,3,01,B01
201800028432,1,02,000,00,1,1,05,Z01
201800028433,1,07,000,00,1,1,15,A01
201800028434,1,07,000,00,1,1,01,A01
201800028435,1,10,000,00,0,0,24,B01
201800028435,1,10,000,00,2,1,00,A01
201800028436,1,07,000,00,1,1,01,A01
201800028437,1,07,000,00,2,7,01,A01
201800028437,1,07,000,00,2,1,01,B01
201800028438,1,07,000,00,2,7,01,B01
201800028438,1,07,000,01,0,6,20,A01
201800028438,1,07,000,00,2,5,00,C01
201800028439,1,07,000,00,1,1,16,A01
201800028440,1,37,002,00,2,3,01,B01
201800028440,1,07,000,00,,0,17,Z01
201800028441,1,07,000,00,2,6,02,B01
201800028441,1,07,000,00,2,2,02,A01
201800028442,1,07,000,00,2,4,00,C01
201800028442,1,07,000,00,2,1,01,A01
201800028442,1,07,000,00,2,4,02,B01
201800028443,1,07,000,00,1,0,01,Z01
201800028444,1,07,000,00,1,4,00,A01
201800028445,1,07,000,00,1,8,20,A01
201800028446,1,07,000,00,2,4,01,B01
201800028446,1,07,000,00,2,1,01,A01
201800028447,1,33,000,00,2,8,00,B01
201800028447,1,07,000,00,2,7,02,A01
201800028448,1,07,000,00,1,1,01,A01
201800028449,1,07,000,00,2,1,01,A01
201800028449,1,07,000,00,2,8,01,B01
201800028450,1,10,000,00,1,0,00,A01
201800028451,1,07,000,00,2,8,01,A01
201800028451,1,07,000,00,2,1,01,B01
201800028452,1,07,000,00,1,1,01,A01
201800028453,1,32,000,00,2,1,01,A01
201800028453,1,07,000,00,2,3,01,B01
201800028454,1,07,000,00,2,4,02,B01
201800028454,1,02,000,00,2,1,02,A01
201800028455,1,07,000,00,2,1,01,A01
201800028455,1,07,000,00,2,2,15,B01
201800028456,1,07,000,00,2,2,01,B01
201800028456,1,07,000,00,2,1,16,A01
201800028457,1,01,000,00,1,0,00,Z01
201800028458,1,07,000,00,2,1,02,A01
201800028458,1,02,000,00,2,4,02,B01
201800028459,1,07,000,00,2,1,01,B01
201800028459,1,07,000,00,2,2,15,A01
201800028460,1,33,000,00,2,4,02,B01
201800028460,1,07,000,00,2,1,02,A01
201800028461,1,07,000,00,2,4,02,C01
201800028461,1,07,000,00,2,4,02,B01
201800028461,1,13,000,00,2,1,02,A01
201800028462,1,07,000,00,1,2,00,Z01
201800028463,1,01,000,00,2,8,01,B01
201800028463,1,07,000,00,,2,01,A01
201800028464,1,07,000,00,2,8,00,A01
201800028464,1,07,000,00,2,3,00,C01
201800028464,1,07,000,00,2,1,00,B01
201800028465,1,07,000,08,0,3,00,A01
201800028466,1,07,000,00,1,1,17,Z01
201800028467,1,07,000,00,2,0,15,Z01
201800028467,1,32,000,00,2,1,02,B01
201800028468,1,37,002,00,2,2,02,B01
201800028468,1,07,000,00,2,6,09,A01
201800028469,1,07,000,00,2,4,02,B01
201800028469,1,07,000,00,2,4,02,D01
201800028469,1,07,000,00,2,4,02,C01
201800028469,1,07,000,00,2,1,02,A01
201800028470,1,07,000,00,2,5,02,B01
201800028470,1,07,000,00,2,3,02,A01
201800028471,1,07,000,00,2,4,02,B01
201800028471,1,07,000,00,2,1,02,A01
201800028472,1,07,000,00,2,5,14,Z01
201800028472,1,32,000,00,2,1,01,B01
201800028473,1,07,000,00,2,1,01,B01
201800028473,1,07,000,00,2,3,15,A01
201800028474,1,07,000,00,2,1,02,Z01
201800028474,1,07,000,00,2,4,01,B01
201800028475,1,07,000,00,2,1,15,A01
201800028475,1,07,000,00,2,7,01,B01
201800028476,1,07,000,00,1,1,01,A01
201800028477,1,07,000,00,2,4,02,B01
201800028477,1,07,000,00,2,1,01,A01
201800028478,1,07,000,00,1,1,01,A01
201800028479,1,07,000,00,1,1,01,A01
201800028480,1,01,000,00,2,1,01,B01
201800028480,1,07,000,00,2,1,01,Z01
201800028481,1,07,000,00,2,1,01,B01
201800028481,1,37,001,00,2,1,01,A01
201800028482,1,03,000,00,2,7,01,B01
201800028482,1,07,000,00,2,1,09,A01
201800028483,1,07,000,00,2,5,04,A01
201800028483,1,07,000,00,2,3,04,B01
201800028484,1,07,000,00,2,4,13,A01
201800028484,1,33,000,00,2,4,01,B01
201800028485,1,07,000,00,1,4,04,A01
201800028486,1,30,000,00,2,7,02,A01
201800028486,1,07,000,00,2,1,01,B01
201800028487,1,07,000,00,6,4,01,B01
201800028487,1,01,000,00,2,1,02,A01
201800028488,1,33,000,00,1,1,01,A01
201800028489,1,33,000,00,1,0,00,Z01
201800028490,1,07,000,00,6,1,01,Z01
201800028490,1,30,000,00,2,4,23,B01
201800028491,1,01,000,00,1,0,01,Z01
201800028492,1,07,000,00,2,3,01,A01
201800028492,1,07,000,00,2,3,01,B01
201800028493,1,07,000,00,1,1,01,B01
201800028494,1,07,000,00,2,8,01,A01
201800028494,1,07,000,00,2,1,01,B01
201800028495,1,07,000,00,6,1,01,A01
201800028495,1,33,000,00,2,8,01,B01
201800028496,1,07,000,00,1,1,01,A01
201800028497,1,33,000,00,2,1,01,B01
201800028497,1,07,000,00,6,3,01,A01
201800028498,1,99,000,00,2,4,05,A01
201800028498,1,07,000,00,0,3,01,B01
201800028499,1,07,000,00,2,3,01,Z01
201800028499,1,07,000,00,2,3,01,A01
201800028500,1,07,000,03,0,1,00,A01
201800028501,1,07,000,00,1,2,01,A01
201800028502,1,07,000,00,2,3,01,D01
201800028502,1,07,000,00,2,6,01,B01
201800028502,1,15,000,00,2,8,01,C01
201800028502,1,33,000,00,2,1,01,A01
201800028503,1,01,000,00,2,1,01,B01
201800028503,1,07,000,00,6,7,01,A01
201800028504,1,07,000,01,0,4,24,B01
201800028504,1,07,000,01,0,2,01,A01
201800028504,1,07,000,01,0,4,24,C01
201800028505,1,07,000,00,2,4,01,C01
201800028505,1,07,000,00,2,1,01,B01
201800028505,1,07,000,00,2,1,01,A01
201800028506,1,07,000,00,2,1,15,A01
201800028506,1,07,000,00,2,8,01,B01
201800028507,1,07,000,00,2,1,02,A01
201800028507,1,07,000,00,2,4,02,B01
201800028508,1,07,000,00,1,1,01,A01
201800028509,1,07,000,00,1,1,01,A01
201800028510,1,07,000,00,2,2,15,B01
201800028510,1,07,000,00,2,1,01,A01
201800028511,1,33,000,00,2,7,01,B01
201800028511,1,07,000,00,6,1,16,A01
201800028512,1,07,000,00,2,2,01,B01
201800028512,1,07,000,00,2,3,09,A01
201800028513,1,07,000,00,2,0,01,B01
201800028513,1,07,000,00,2,3,15,A01
201800028514,1,07,000,00,1,1,00,Z01
201800028515,1,07,000,00,2,7,01,B01
201800028515,1,07,000,00,2,1,01,A01
201800028516,1,07,000,00,2,4,01,B01
201800028516,1,33,000,00,2,1,02,A01
201800028517,1,02,000,00,2,1,15,A01
201800028517,1,07,000,00,2,3,01,B01
201800028518,1,07,000,00,6,2,01,A01
201800028518,1,01,000,00,2,1,01,B01
201800028519,1,07,000,00,2,1,01,A01
201800028519,1,32,000,00,2,4,01,B01
201800028520,1,01,000,00,2,1,17,A01
201800028520,1,07,000,00,6,3,10,B01
201800028521,1,07,000,00,2,4,01,C01
201800028521,1,07,000,00,2,1,02,A01
201800028521,1,07,000,00,2,1,02,B01
201800028522,1,07,000,00,2,1,02,A01
201800028522,1,07,000,00,2,4,02,B01
201800028523,1,01,000,00,2,1,01,B01
201800028523,1,07,000,00,6,8,24,A01
201800028524,1,07,000,00,2,1,02,A01
201800028524,1,07,000,00,2,4,02,B01
201800028525,1,01,000,00,2,1,01,B01
201800028525,1,07,000,00,,8,01,A01
201800028526,1,07,000,00,1,0,00,Z01
201800028527,1,07,000,00,2,4,01,B01
201800028527,1,07,000,00,2,2,01,A01
201800028528,1,07,000,00,1,1,01,A01
201800028529,1,02,000,00,1,3,01,A01
201800028530,1,07,000,00,1,1,01,A01
201800028531,1,33,000,00,2,1,01,A01
201800028531,1,07,000,00,2,8,15,B01
201800028532,1,07,000,00,2,4,02,B01
201800028532,1,07,000,00,2,3,02,A01
201800028533,1,07,000,00,1,0,01,Z01
201800028534,1,07,000,00,2,1,02,A01
201800028534,1,07,000,00,2,4,02,B01
201800028535,1,07,000,00,2,7,01,B01
201800028535,1,07,000,00,2,8,01,A01
201800028536,1,33,000,00,1,7,01,A01
201800028537,1,07,000,00,1,7,01,A01
201800028538,1,30,000,00,2,1,16,A01
201800028538,1,07,000,00,,8,01,B01
201800028539,1,07,000,00,1,7,01,A01
201800028540,1,32,000,00,2,1,01,A01
201800028540,1,07,000,00,2,8,13,B01
201800028541,1,07,000,00,2,8,00,B01
201800028541,1,07,000,00,2,4,00,A01
201800028542,1,07,000,02,2,1,00,C01
201800028542,1,07,000,00,2,1,01,A01
201800028542,1,07,000,00,2,1,00,B01
201800028543,1,07,000,00,2,4,10,A01
201800028543,1,33,000,00,2,8,01,B01
201800028544,1,33,000,00,2,1,01,B01
201800028544,1,07,000,00,2,3,14,A01
201800028545,1,07,000,00,0,2,01,A01
201800028545,1,32,000,00,0,1,01,B01
201800028546,1,07,000,00,2,2,16,B01
201800028546,1,33,000,00,2,1,07,A01
201800028547,1,07,000,00,1,7,01,A01
201800028548,1,07,000,00,2,8,11,B01
201800028549,1,31,000,00,2,4,01,B01
201800028549,1,10,000,00,2,2,01,A01
201800028550,1,07,000,00,2,3,01,B01
201800028550,1,07,000,00,2,1,15,A01
201800028551,1,02,000,00,2,8,07,A01
201800028551,1,07,000,00,2,7,01,B01
201800028552,1,07,000,01,0,2,01,A01
201800028552,1,07,000,00,2,6,00,B01
201800028553,1,02,000,00,2,7,01,A01
201800028553,1,07,000,00,2,7,01,B01
201800028554,1,07,000,00,2,1,02,A01