Num_Acc,senc,catv,occutc,obs,obsm,choc,manv,num_veh
201800029708,0,07,000,00,2,8,01,B01
201800029708,0,07,000,00,2,1,01,C01
201800029708,0,07,000,00,2,3,13,A01
201800029709,1,33,000,00,2,3,01,B01
201800029709,2,07,000,00,2,8,15,A01
201800029709,1,07,000,00,2,3,23,C01
201800029710,0,07,000,01,2,3,21,A01
201800029711,2,07,000,00,1,4,00,X01
201800029712,1,10,000,01,1,1,01,A01
201800029713,2,07,000,00,2,8,15,B01
201800029713,2,07,000,00,2,1,01,A01
201800029714,1,07,000,01,0,2,14,A01
201800029715,2,07,000,00,2,1,01,A01
201800029715,2,07,000,00,2,8,01,B01
201800029716,1,07,000,00,1,1,01,A01
201800029717,0,99,000,00,2,1,00,X01
201800029717,0,01,000,00,2,4,19,A01
201800029718,2,07,000,00,1,1,01,A01
201800029719,2,34,000,00,2,1,02,A01
201800029719,2,10,000,00,2,4,23,B01
201800029720,0,07,000,00,1,1,01,A01
201800029721,1,07,000,00,1,2,01,A01
201800029722,1,07,000,00,1,2,17,A01
201800029723,1,07,000,00,1,1,00,A01
201800029724,0,07,000,00,1,5,24,A01
201800029725,1,33,000,00,2,1,01,A01
201800029725,0,07,000,00,2,1,15,B01
201800029726,1,07,000,00,1,1,01,Z01
201800029727,2,07,000,15,0,1,13,A01
201800029728,2,07,000,00,2,1,19,B01
201800029728,0,02,000,00,2,7,00,A01
201800029729,0,07,000,00,2,2,00,B01
201800029729,0,07,000,00,2,1,00,A01
201800029730,1,99,000,00,6,0,00,X01
201800029730,1,01,000,00,2,2,00,Y01
201800029731,2,07,000,00,1,2,01,A01
201800029732,1,10,000,00,1,2,01,A01
201800029733,2,07,000,00,2,1,01,B01
201800029733,1,07,000,00,2,6,00,A01
201800029734,1,07,000,00,1,2,00,A01
201800029735,2,20,000,00,2,3,16,A01
201800029735,2,30,000,00,2,1,01,B01
201800029736,0,07,000,00,2,8,19,B01
201800029736,0,07,000,00,2,1,19,A01
201800029737,1,07,000,00,1,1,01,A01
201800029738,2,07,000,00,2,3,09,A01
201800029738,2,07,000,00,2,1,01,B01
201800029739,2,07,000,00,1,1,01,A01
201800029740,1,30,000,00,2,8,19,A01
201800029740,2,07,000,00,0,2,00,B01
201800029741,0,20,000,00,1,1,09,A01
201800029742,0,07,000,00,1,1,15,A01
201800029743,1,07,000,00,2,1,01,B01
201800029743,2,34,000,00,2,1,13,A01
201800029744,2,07,000,00,2,2,15,A01
201800029744,1,32,000,00,2,7,01,B01
201800029745,0,07,000,00,2,1,01,C01
201800029745,0,33,000,00,2,1,01,B01
201800029745,0,07,000,00,2,3,15,A01
201800029746,0,03,000,00,2,1,00,A01
201800029746,0,07,000,00,2,3,01,B01
201800029747,2,07,000,00,1,1,01,A01
201800029748,1,07,000,01,0,1,01,A01
201800029749,1,07,000,00,1,1,01,A01
201800029750,2,07,000,00,2,1,02,B01
201800029750,2,07,000,00,2,4,23,A01
201800029751,1,31,000,00,1,1,01,A01
201800029752,2,30,000,00,2,6,08,A01
201800029752,1,07,000,00,2,2,15,B01
201800029753,2,07,000,00,1,1,01,A01
201800029754,1,07,000,00,2,4,01,B01
201800029754,1,07,000,00,2,1,01,A01
201800029755,1,07,000,02,0,8,01,A01
201800029756,2,02,000,00,2,6,19,B01
201800029756,1,07,000,00,2,3,15,A01
201800029757,0,07,000,00,2,3,00,B01
201800029757,2,30,000,00,2,7,01,A01
201800029758,2,07,000,00,2,2,01,A01
201800029758,1,01,000,00,2,1,01,B01
201800029759,2,07,000,00,2,2,15,A01
201800029759,1,33,000,00,2,1,01,B01
201800029760,1,07,000,00,2,7,01,A01
201800029760,2,07,000,00,2,1,19,B01
201800029761,2,07,000,00,1,1,01,A01
201800029762,1,07,000,00,1,1,01,A01
201800029763,1,07,000,01,0,2,14,A01
201800029764,2,07,000,00,1,1,01,A01
201800029765,1,07,000,00,2,6,01,B01
201800029765,1,07,000,00,2,1,00,C01
201800029765,1,07,000,01,2,1,13,A01
201800029766,1,99,000,00,1,0,00,A01
201800029767,1,07,000,00,2,2,10,A01
201800029767,2,99,000,00,2,1,01,B01
201800029768,1,07,000,00,2,1,15,A01
201800029768,2,02,000,00,2,1,01,B01
201800029769,2,99,000,09,0,1,01,A01
201800029770,0,07,000,00,6,7,00,A01
201800029770,0,01,000,00,2,8,01,B01
201800029771,0,07,000,00,6,6,05,B01
201800029771,0,07,000,00,2,2,05,A01
201800029772,2,07,000,00,1,1,01,A01
201800029773,0,01,000,00,1,0,01,Z01
201800029774,2,01,000,00,1,1,01,A01
201800029775,0,07,000,00,1,1,01,A01
201800029776,2,07,000,00,2,3,15,A01
201800029776,1,02,000,00,2,8,01,B01
201800029777,2,33,000,00,2,1,01,B01
201800029777,2,10,000,00,2,2,15,A01
201800029778,1,36,000,00,0,0,00,B01
201800029778,0,07,000,00,2,2,00,A01
201800029779,1,07,000,00,1,2,01,Z01
201800029780,1,07,000,00,2,3,23,A01
201800029780,1,07,000,01,1,1,17,Z01
201800029781,2,02,000,00,2,1,01,B01
201800029781,1,07,000,00,2,3,15,A01
201800029782,1,33,000,00,2,2,15,B01
201800029782,2,07,000,00,2,1,19,A01
201800029783,1,07,000,00,1,3,01,A01
201800029784,0,07,000,00,2,3,15,A01
201800029784,0,33,000,00,2,1,01,B01
201800029785,1,07,000,00,2,3,15,A01
201800029785,1,33,000,00,2,1,01,B01
201800029786,1,07,000,,1,,,A01
201800029787,2,33,000,00,2,4,01,B01
201800029787,2,07,000,00,2,1,01,A01
201800029788,1,30,000,,,,,A01
201800029788,1,07,000,,,,,B01
201800029789,2,07,000,00,1,1,01,A01
201800029790,2,07,000,00,1,1,01,A01
201800029791,2,30,000,00,2,1,00,B01
201800029791,2,07,000,00,2,3,09,A01
201800029792,2,07,000,00,1,1,01,A01
201800029793,0,07,000,00,1,1,15,A01
201800029794,0,07,000,00,2,1,16,A01
201800029794,0,01,000,00,2,8,19,B01
201800029795,0,10,000,00,1,2,01,A01
201800029796,0,07,000,15,0,9,21,A01
201800029797,2,07,000,00,2,1,02,A01
201800029797,2,07,000,00,0,0,00,B01
201800029798,0,07,000,00,2,1,09,A01
201800029798,0,30,000,00,2,8,01,B01
201800029799,0,30,000,00,2,1,23,A01
201800029799,0,07,000,00,2,4,23,B01
201800029800,0,07,000,15,0,2,14,A01
201800029801,0,07,000,00,1,2,02,A01
201800029802,2,07,000,01,0,2,21,A01
201800029803,2,07,000,00,1,8,15,A01
201800029804,0,07,000,00,2,3,01,A01
201800029804,0,07,000,00,2,0,00,B01
201800029805,2,07,000,00,1,3,19,A01
201800029806,0,07,000,00,1,1,15,A01
201800029807,0,07,000,00,0,0,04,C01
201800029807,0,07,000,00,0,8,01,B01
201800029807,0,33,000,00,2,8,21,A01
201800029808,0,07,000,00,2,1,01,B01
201800029808,0,07,000,00,2,1,13,A01
201800029809,1,07,000,00,1,3,15,A01
201800029810,0,07,000,00,2,2,15,B01
201800029810,1,31,000,00,2,2,00,A01
201800029811,1,10,000,00,2,1,09,A01
201800029811,1,01,000,,,8,02,B02
201800029812,0,07,000,00,1,0,01,A01
201800029813,1,07,000,00,1,1,00,A01
201800029814,0,07,000,00,1,1,01,A01
201800029815,0,07,000,00,1,1,01,A01
201800029816,0,33,000,00,2,1,05,A01
201800029816,0,07,000,00,2,1,01,B01
201800029817,1,33,000,00,2,1,21,A01
201800029817,2,33,000,00,2,1,01,B01
201800029818,1,03,000,00,1,1,01,A01
201800029819,1,07,000,00,1,1,01,A01
201800029820,1,99,000,00,2,1,05,A01
201800029820,2,10,000,00,2,1,01,B01
201800029821,0,07,000,00,1,1,01,A01
201800029822,1,07,000,00,1,7,15,A01
201800029823,1,07,000,00,1,3,01,A01
201800029824,1,07,000,00,1,1,01,Z01
201800029825,1,02,000,00,2,8,01,A01
201800029825,1,01,000,00,2,1,01,Y01
201800029826,1,07,000,00,2,1,01,A01
201800029826,2,07,000,00,2,8,01,B01
201800029827,1,03,000,00,1,2,01,A01
201800029828,0,32,000,00,2,1,13,A01
201800029828,0,07,000,00,2,3,01,B01
201800029829,1,07,000,00,1,1,01,A01
201800029830,0,01,000,00,0,7,01,A01
201800029831,0,07,000,00,1,1,01,A01
201800029832,0,30,000,00,2,1,16,B01
201800029832,0,07,000,00,2,3,15,A01
201800029833,1,10,000,00,1,1,01,Z01
201800029834,2,07,000,01,1,2,02,A01
201800029834,1,07,000,00,2,1,24,C01
201800029835,0,07,000,00,2,1,02,A01
201800029835,0,07,000,00,2,3,15,B01
201800029836,1,30,000,00,1,1,01,A01
201800029837,1,07,000,00,2,8,10,A01
201800029837,1,02,000,00,2,1,01,B01
201800029838,1,01,000,00,2,1,05,B01
201800029838,1,07,000,00,2,3,15,A01
201800029839,0,07,000,01,1,7,15,A01
201800029839,0,07,000,00,2,2,00,B01
201800029840,1,07,000,00,2,3,00,B01
201800029840,1,31,000,00,2,1,01,A01
201800029841,1,07,000,00,2,3,15,A01
201800029841,2,31,000,00,2,1,01,B01
201800029842,0,07,000,00,1,1,15,A01
201800029843,0,07,000,00,2,1,09,A01
201800029843,0,33,000,00,2,7,01,B01
201800029844,1,30,000,00,1,1,01,Z01
201800029845,1,07,000,00,1,2,01,Z01
201800029846,0,10,000,14,0,9,01,A01
201800029847,0,10,000,00,1,1,02,A01
201800029848,0,01,000,00,2,5,01,B01
201800029848,0,07,000,00,6,1,16,A01
201800029849,0,01,000,00,2,0,19,B01
201800029849,0,07,000,00,6,1,16,A01
201800029850,0,07,000,00,2,5,16,A01
201800029850,0,01,000,00,2,1,02,B01
201800029851,0,07,000,00,1,1,16,A01
201800029852,0,31,000,00,2,7,19,A01
201800029852,0,07,000,00,2,1,01,B01
201800029853,0,07,000,00,1,1,01,Z01
201800029854,1,07,000,00,1,1,01,Z01
201800029855,1,07,000,00,2,1,02,A01
201800029855,1,30,000,00,2,6,02,B01
201800029856,1,30,000,00,2,1,01,B01
201800029856,1,07,000,00,2,3,09,A01
201800029857,0,07,000,00,2,1,00,Z01
201800029857,0,07,000,00,2,4,01,B01
201800029858,0,02,000,00,2,1,15,A01
201800029858,0,07,000,00,2,1,01,B01
201800029859,0,07,000,00,2,8,10,A01
201800029859,0,33,000,00,2,1,02,B01
201800029860,0,01,000,01,0,1,01,B01
201800029860,0,07,000,00,2,8,22,A01
201800029861,0,07,000,00,1,3,15,A01
201800029862,0,07,000,00,1,1,01,A01
201800029863,0,07,000,00,1,2,01,A01
201800029864,1,07,000,01,1,5,04,A01
201800029865,0,01,000,00,2,1,19,B01
201800029865,0,07,000,00,2,2,01,A01
201800029866,0,33,000,00,1,1,01,A01
201800029867,1,07,000,00,1,2,01,Z01
201800029868,2,07,000,00,2,3,01,B01
201800029868,1,03,000,00,2,1,15,A01
201800029869,1,07,000,12,1,9,13,A01
201800029869,0,07,000,15,2,6,02,B01
201800029870,1,07,000,00,2,3,15,A01
201800029870,1,07,000,00,2,6,09,B01
201800029871,1,07,000,00,2,4,02,B01
201800029871,1,07,000,00,2,1,02,A01
201800029872,0,07,000,02,0,1,01,A01
201800029873,2,32,000,00,2,3,16,B01
201800029873,1,32,000,00,2,7,01,A01
201800029874,1,07,000,00,1,2,21,A01
201800029875,1,07,000,05,2,1,13,A01
201800029875,2,38,001,00,2,1,13,B01
201800029876,2,07,000,06,0,1,01,A01
201800029877,1,33,000,00,2,1,01,B01
201800029877,2,07,000,00,0,8,19,A01
201800029878,1,07,000,00,2,2,15,A01
201800029878,2,33,000,00,2,1,01,B01
201800029879,1,32,000,06,0,3,16,A01
201800029880,1,07,000,06,0,1,01,A01
201800029881,2,33,000,13,0,1,01,B01
201800029881,1,07,000,00,0,1,15,A01
201800029882,2,02,000,00,2,1,02,B01
201800029882,1,07,000,00,2,5,15,A01
201800029883,1,07,000,15,0,7,00,B01
201800029883,0,07,000,00,2,1,00,A01
201800029884,2,07,000,12,0,7,17,A01
201800029885,1,07,000,00,1,3,01,A01
201800029886,2,01,000,00,2,8,01,B01
201800029886,1,07,000,00,2,1,15,A01
201800029887,1,33,000,00,2,1,01,B01
201800029887,2,07,000,00,2,5,15,A01
201800029888,0,99,000,13,0,1,16,A01
201800029889,1,07,000,06,0,1,01,A01
201800029890,2,07,000,00,0,5,15,B01
201800029890,1,02,000,00,2,1,01,A01
201800029891,1,02,000,00,2,1,01,A01
201800029891,2,07,000,00,0,6,15,B01
201800029892,2,10,000,00,0,8,01,B01
201800029892,1,33,000,00,2,8,17,A01
201800029893,1,01,000,00,2,2,01,B01
201800029893,1,07,000,00,2,3,16,A01
201800029894,0,01,000,00,0,9,21,A01
201800029895,2,01,000,00,0,9,01,A01
201800029896,1,07,000,00,0,4,01,A01
201800029896,1,07,000,00,2,4,01,B01
201800029896,2,07,000,00,2,1,01,H01
201800029896,1,07,000,00,2,1,01,D01
201800029896,1,07,000,00,2,1,01,E01
201800029896,1,07,000,00,2,2,02,F01
201800029896,1,07,000,00,2,1,01,G01
201800029896,1,07,000,00,2,4,01,C01
201800029897,2,33,000,00,0,9,15,A01
201800029898,1,07,000,00,0,7,15,A01
201800029898,2,01,000,00,2,1,01,B01
201800029899,1,07,000,02,0,2,01,A01
201800029900,1,07,000,00,0,4,23,B01
201800029900,1,33,000,00,2,7,01,A01
201800029901,1,07,000,00,0,9,01,A01
201800029902,2,07,000,00,2,1,17,B01
201800029902,1,07,000,00,2,1,05,A01
201800029903,1,07,000,00,2,1,01,B01
201800029903,2,07,000,00,2,6,15,C01
201800029903,2,02,000,00,2,1,17,A01
201800029904,2,01,000,00,2,4,01,B01
201800029904,2,07,000,00,0,1,01,A01
201800029905,2,07,000,16,0,4,16,A01
201800029905,2,07,000,00,2,1,00,B01
201800029906,2,02,000,00,2,1,01,A01
201800029906,1,07,000,00,2,3,15,B01
201800029907,0,07,000,07,0,3,01,A01
201800029908,0,10,000,00,0,0,00,A01
201800029909,1,07,000,00,2,3,13,A01
201800029909,2,14,000,00,2,3,01,B01
201800029910,2,33,000,00,2,1,01,B01
201800029910,1,07,000,00,2,3,15,A01
201800029911,1,31,000,00,2,1,13,A01
201800029911,2,07,000,00,2,3,01,B01
201800029912,2,07,000,06,0,2,01,A01
201800029913,2,10,000,08,2,1,13,A01
201800029913,1,15,000,00,2,1,01,B01
201800029914,2,10,000,00,2,2,01,B01
201800029914,1,07,000,00,2,1,15,A01
201800029915,2,07,000,14,0,8,01,A01
201800029916,1,07,000,02,0,3,01,A01
201800029917,1,07,000,03,0,2,01,A01
201800029918,2,33,000,00,2,1,02,A01
201800029918,2,33,000,00,0,4,23,B01
201800029919,1,01,000,00,2,1,15,A01
201800029919,2,07,000,00,0,1,01,B01
201800029920,1,33,000,00,0,0,01,A01
201800029921,0,07,000,00,2,3,15,A01
201800029921,0,33,000,00,2,7,17,B01
201800029922,1,07,000,00,2,1,15,A01
201800029922,2,02,000,00,2,1,01,B01
201800029923,0,07,000,00,2,2,21,A01
201800029923,0,01,000,00,2,8,13,B01
201800029924,2,07,000,00,0,8,01,A01
201800029924,1,15,000,00,2,1,01,B01
201800029925,0,02,000,00,2,1,17,B01
201800029925,0,07,000,00,0,4,01,A01
201800029926,1,07,000,00,2,3,01,B01
201800029926,0,07,000,00,2,3,10,A01
201800029927,0,01,000,00,0,0,01,A01
201800029928,0,07,000,00,9,6,02,A01
201800029928,0,01,000,00,2,6,02,B01
201800029929,0,07,000,00,2,3,23,C01
201800029929,2,01,000,00,2,8,01,A01
201800029929,1,07,000,00,2,3,11,B01
201800029930,0,07,000,00,2,2,01,B01
201800029930,0,01,000,00,2,1,01,A01
201800029931,0,07,000,00,2,2,01,B01
201800029931,0,02,000,00,2,1,01,A01
201800029932,2,07,000,00,9,2,02,A01
201800029932,2,99,000,00,0,6,02,B01
201800029933,2,10,000,00,2,3,01,B01
201800029933,1,07,000,00,2,3,13,A01
201800029934,2,07,000,06,0,2,01,A01
201800029935,1,07,000,00,2,3,05,D01
201800029935,2,07,000,00,2,9,13,C01
201800029935,2,07,000,00,2,6,02,A01
201800029935,2,07,000,00,0,0,02,B01
201800029936,0,07,000,00,1,3,19,A01
201800029937,1,01,000,00,2,8,00,B01
201800029937,1,07,000,00,2,2,01,A01
201800029938,1,07,000,00,2,3,17,A01
201800029938,2,07,000,00,2,3,01,B01
201800029939,0,07,000,00,2,1,13,A01
201800029939,0,07,000,00,2,1,01,B01
201800029940,1,07,000,00,0,2,01,A01
201800029941,0,31,000,00,2,1,21,A01
201800029941,0,07,000,00,2,2,15,B01
201800029942,1,07,000,08,0,2,01,A01
201800029943,0,07,000,06,0,7,01,A01
201800029944,1,07,000,06,2,1,01,A01
201800029944,2,07,000,00,2,3,15,B01
201800029945,2,07,000,00,1,0,01,Z01
201800029946,1,07,000,00,1,1,15,A01
201800029947,2,07,000,00,2,1,19,B01
201800029947,1,07,000,07,2,8,01,A01
201800029948,2,07,000,00,2,1,05,A01
201800029948,2,07,000,00,2,1,01,B01
201800029949,2,07,000,00,1,0,01,Z01
201800029950,2,07,000,02,0,9,01,A01
201800029951,2,07,000,00,2,1,01,B01
201800029951,1,07,000,01,2,8,01,A01
201800029952,1,07,000,00,2,8,15,A01
201800029952,1,33,000,00,2,8,16,B01
201800029953,2,07,000,08,0,1,01,A01
201800029954,1,31,000,00,2,1,01,A01
201800029954,2,07,000,00,2,7,15,B01
201800029955,1,07,000,00,1,3,01,A01
201800029956,2,07,000,00,2,0,00,A01
201800029956,0,01,000,00,2,0,00,B01
201800029957,0,99,000,00,1,4,04,A01
201800029958,2,07,000,00,2,3,15,A01
201800029958,1,33,000,00,2,1,03,B01
201800029959,1,01,000,00,2,0,00,B01
201800029959,1,07,000,00,2,3,12,A01
201800029960,1,07,000,00,2,1,13,A01
201800029960,2,31,000,00,2,1,01,B01
201800029961,2,07,000,00,1,1,01,A01
201800029962,2,07,000,00,2,1,15,B01
201800029962,2,07,000,00,2,4,01,A01
201800029963,0,37,010,00,2,7,00,B01
201800029963,0,07,000,00,2,3,09,A01
201800029964,1,07,000,00,1,1,01,A01
201800029965,2,03,000,00,2,1,01,E01
201800029965,2,07,000,00,2,1,01,D01
201800029965,2,07,000,00,2,1,01,C01
201800029965,2,07,000,00,2,1,01,B01
201800029965,2,10,000,00,2,1,01,A01
201800029966,1,07,000,00,2,1,13,B01
201800029966,2,07,000,00,2,1,01,A01
201800029967,2,33,000,00,2,1,02,A01
201800029967,2,07,000,00,2,4,02,B01
201800029968,2,07,000,00,1,2,02,A01
201800029969,1,07,000,00,2,1,23,B01
201800029969,1,33,000,00,2,1,21,A01
201800029970,2,33,000,00,2,2,17,A01
201800029970,0,07,000,00,2,2,15,B01
201800029971,2,07,000,00,1,7,01,A01
201800029972,2,07,000,00,1,1,15,A01
201800029973,1,07,000,00,1,1,01,A01
201800029974,2,01,000,00,2,4,13,B01
201800029974,1,07,000,00,2,1,01,A01
201800029975,1,07,000,04,0,1,16,A01
201800029976,2,10,000,00,2,7,09,A01
201800029976,2,31,000,00,2,1,01,B01
201800029977,1,07,000,00,1,1,01,A01
201800029978,1,07,000,08,2,7,01,A01
201800029978,2,07,000,00,2,1,19,Z01
201800029979,0,07,000,00,1,1,01,A01
201800029980,2,07,000,00,2,3,05,B01
201800029980,1,07,000,00,2,6,09,A01
201800029981,2,38,024,00,2,1,01,A01
201800029981,1,07,000,00,2,8,00,B01
201800029982,1,10,000,00,2,1,02,A01
201800029982,1,07,000,00,2,1,02,D01
201800029982,1,07,000,00,2,1,02,B01
201800029982,1,07,000,00,2,4,02,E01
201800029982,1,07,000,00,2,2,00,C01
201800029983,,07,000,,,,,A01
201800029983,,30,000,,,,,B01
201800029984,2,07,000,01,1,1,21,A01
201800029985,1,07,000,00,2,3,09,B01
201800029985,2,01,000,00,2,1,01,A01
201800029986,1,02,000,00,2,8,18,A01
201800029986,1,07,000,00,2,7,16,B01
201800029987,0,07,000,00,2,2,15,A01
201800029987,0,02,000,01,2,7,01,B01
201800029987,0,38,006,00,2,3,24,C01
201800029988,1,31,000,00,2,1,01,A01
201800029988,1,07,000,00,2,2,19,B01
201800029989,1,07,000,00,9,5,16,A01
201800029989,1,01,000,00,2,3,01,B01
201800029990,2,07,000,00,0,9,00,A01
201800029991,1,07,000,06,0,2,01,A01
201800029992,0,07,000,00,2,1,19,A01
201800029992,0,07,000,00,2,8,01,B01
201800029993,1,01,000,00,2,7,15,A01
201800029993,2,07,000,00,2,3,01,B01
201800029994,2,33,000,00,2,1,02,A01
201800029994,2,01,000,00,2,0,15,B01
201800029995,1,07,000,16,2,3,01,A01
201800029995,2,02,000,00,2,1,17,B01
201800029996,1,07,000,00,1,3,16,A01
201800029997,2,07,000,13,0,1,01,B01
201800029997,0,07,000,00,0,0,19,A01
201800029998,1,33,000,00,2,1,01,B01
201800029998,0,07,000,00,2,1,15,A01
201800029999,1,33,000,00,0,0,01,A01
201800030000,2,07,000,00,2,1,13,A01
201800030000,1,10,000,00,2,1,01,B01
201800030001,1,31,000,00,0,7,17,A01
201800030002,2,33,000,00,2,7,17,A01
201800030002,2,21,000,00,2,6,15,B01
201800030003,1,33,000,07,0,1,01,A01
201800030004,1,32,000,08,0,1,01,A01
201800030005,1,07,000,02,0,2,01,A01
201800030006,1,07,000,00,2,1,17,A01
201800030006,2,07,000,00,2,1,01,B01
201800030007,2,07,000,00,0,2,01,A01
201800030007,2,07,000,00,0,3,01,B01
201800030008,0,07,000,00,2,3,01,A01
201800030008,0,02,000,00,2,1,01,B01
201800030009,1,07,000,08,2,1,17,A01
201800030009,1,07,000,00,2,3,15,B01
201800030010,2,07,000,00,2,3,19,A01
201800030010,1,33,000,00,2,1,01,B01
201800030011,1,07,000,00,2,1,13,A01
201800030011,2,07,000,00,2,6,01,B01
201800030011,2,07,000,00,2,1,01,C01
201800030012,2,07,000,00,2,1,13,A01
201800030012,2,07,000,00,2,1,01,B01
201800030012,2,07,000,00,2,3,01,C01
201800030013,1,07,000,13,0,4,01,A01
201800030013,2,07,000,00,2,1,01,B01
201800030014,0,07,000,00,1,2,01,A01
201800030015,0,33,000,13,0,7,01,A01
201800030016,0,02,000,00,2,1,13,A01
201800030016,0,07,000,00,9,3,01,B01
201800030017,1,07,000,00,2,2,15,A01
201800030017,2,07,000,00,2,1,01,B01
201800030018,1,07,000,00,1,7,01,A01
201800030019,1,07,000,02,0,7,01,A01
201800030020,1,07,000,00,1,1,01,A01
201800030021,1,37,000,00,1,2,01,A01
201800030022,1,07,000,00,1,1,01,A01
201800030023,1,07,000,00,2,8,15,A01
201800030023,1,31,000,00,2,1,17,B01
201800030024,2,07,000,00,1,1,01,A01
201800030025,1,10,000,00,2,9,17,A01
201800030025,1,07,000,00,2,6,01,B01
201800030026,1,07,000,00,2,8,15,B01
201800030026,1,33,000,00,2,1,17,A01
201800030027,1,33,000,00,2,1,17,B01
201800030027,1,07,000,00,2,8,09,A01
201800030028,2,07,000,00,1,2,01,A01
201800030029,0,33,000,00,0,8,16,A01
201800030030,2,10,000,00,1,3,15,A01
201800030031,1,07,000,00,1,3,01,A01
201800030032,2,07,000,00,2,1,01,A01
201800030032,2,07,000,00,2,4,01,B01
201800030033,0,33,000,00,0,7,01,A01
201800030034,0,10,000,00,1,4,04,A01
201800030035,2,10,000,03,2,7,01,B01
201800030035,1,02,000,00,2,1,01,A01
201800030036,2,07,000,00,2,1,01,B01
201800030036,0,10,000,00,2,1,19,A01
201800030037,1,07,000,03,2,1,01,A01
201800030037,1,07,000,00,2,3,01,B01
201800030038,1,07,000,00,1,1,01,A01
201800030039,1,33,000,00,2,7,01,B01
201800030039,1,33,000,00,2,1,02,A01
201800030040,1,07,000,00,2,1,13,A01
201800030040,2,07,000,00,2,1,01,B01
201800030041,1,07,000,00,1,3,01,A01
201800030042,2,07,000,00,1,2,01,A01
201800030043,1,07,000,00,1,1,01,A01
201800030044,1,10,000,00,2,4,11,B01
201800030044,1,33,000,00,2,1,11,A01
201800030045,1,07,000,00,1,1,01,A01
201800030046,2,33,000,00,1,2,01,A01
201800030047,2,07,000,00,2,3,13,A01
201800030047,2,07,000,00,2,1,01,B01
201800030048,0,31,000,00,2,1,10,A01
201800030048,0,07,000,00,2,1,14,B01
201800030049,1,07,000,00,1,3,01,A01
201800030050,1,07,000,00,1,8,01,A01
201800030051,1,07,000,00,1,1,01,A01
201800030052,1,07,000,00,1,1,01,A01
201800030053,1,07,000,00,2,4,01,B01
201800030053,2,07,000,00,2,1,02,A01
201800030053,1,07,000,00,2,4,01,C01
201800030054,2,07,000,13,2,8,23,B01
201800030054,2,07,000,00,2,1,06,A01
201800030055,0,07,000,00,2,3,02,A01
201800030055,0,07,000,00,2,1,15,B01
201800030056,1,07,000,00,2,2,11,A01
201800030056,1,07,000,00,2,2,13,B01
201800030057,1,07,000,00,2,4,23,A01
201800030057,1,07,000,00,2,1,02,B01
201800030058,1,33,000,00,2,8,19,B01
201800030058,1,07,000,00,2,3,15,A01
201800030059,0,38,041,09,0,3,06,A01
201800030060,2,07,000,00,2,1,17,B01
201800030060,2,07,000,00,2,8,15,A01
201800030061,1,33,000,00,0,0,00,A01
201800030062,0,07,000,00,1,1,00,A01
201800030063,0,01,000,16,2,8,05,B01
201800030063,1,07,000,00,2,1,01,A01
201800030064,0,07,000,00,2,4,02,B01
201800030064,0,07,000,00,2,1,12,A01
201800030065,0,07,000,00,1,1,00,A01
201800030066,0,07,000,00,2,7,01,B01
201800030066,0,07,000,00,2,1,09,A01
201800030067,0,33,000,00,2,1,02,A01
201800030067,0,07,000,00,2,4,02,B01
201800030068,1,07,000,00,2,1,15,A01
201800030068,1,31,000,00,2,7,03,B01
201800030069,0,07,000,01,1,3,00,A01
201800030070,0,07,000,00,2,7,13,A01
201800030070,0,07,000,00,2,2,01,B01
201800030071,0,07,000,00,1,0,00,A01
201800030072,1,07,000,00,1,2,21,A01
201800030073,0,07,000,00,1,1,00,A01
201800030074,0,07,000,00,1,7,02,A01
201800030075,0,07,000,00,1,1,00,A01
201800030076,0,07,000,00,1,1,00,A01
201800030077,0,07,000,00,1,1,01,A01
201800030078,0,07,000,00,2,1,01,A01
201800030078,0,07,000,08,2,8,01,B01
201800030079,0,07,000,00,9,1,01,A01
201800030079,0,01,000,00,2,8,09,B01
201800030080,2,07,000,00,2,1,01,B01
201800030080,1,07,000,00,2,1,15,A01
201800030081,1,07,000,13,0,8,00,A01
201800030082,0,07,000,02,0,1,00,A01
201800030083,1,07,000,00,2,1,01,A01
201800030083,1,07,000,00,2,4,15,B01
201800030083,2,07,000,00,2,1,01,C01
201800030084,2,07,000,04,0,0,12,A01
201800030085,0,14,000,00,2,2,16,B01
201800030085,0,01,000,00,2,8,18,A01
201800030086,0,07,000,00,2,1,01,B01
201800030086,0,07,000,00,2,1,19,A01
201800030087,1,07,000,00,2,1,01,B01
201800030087,2,07,000,00,2,1,13,A01
201800030088,0,33,000,00,0,7,00,A01
201800030089,1,07,000,04,0,3,11,A01
201800030090,0,33,000,00,2,3,01,A01
201800030090,0,07,000,00,2,3,13,B01
201800030091,2,34,000,00,0,1,01,A01
201800030092,1,13,000,03,0,9,01,A01
201800030093,1,15,000,03,0,8,17,A01
201800030094,2,07,000,02,0,8,13,A01
201800030095,,33,000,,,1,17,A01
201800030096,0,10,000,15,,1,01,A01
201800030097,0,07,000,00,2,8,10,A01
201800030097,0,33,000,00,2,1,17,B01
201800030098,1,07,000,14,9,1,01,C01
201800030098,1,17,000,00,2,3,01,A01
201800030098,1,07,000,00,2,1,13,B01
201800030099,2,02,000,00,2,1,05,A01
201800030099,2,07,000,00,2,1,01,B01
201800030100,1,33,000,00,6,1,19,A01
201800030101,2,14,000,14,0,7,01,A01
201800030102,0,38,001,02,0,1,01,A01
201800030103,0,33,000,00,0,0,01,A01
201800030104,1,07,000,00,2,1,15,A01