Num_Acc,senc,catv,occutc,obs,obsm,choc,manv,num_veh
201800030503,0,07,000,00,2,3,15,A01
201800030504,1,07,000,00,1,2,01,A01
201800030505,1,07,000,00,2,3,10,A01
201800030505,1,33,000,00,2,1,01,B01
201800030506,1,10,000,00,2,2,15,A01
201800030506,2,02,000,00,2,1,01,B01
201800030507,2,07,000,00,2,1,19,A01
201800030507,1,07,000,00,2,8,01,B01
201800030508,2,02,000,00,2,1,01,A01
201800030508,2,07,000,00,2,8,01,B01
201800030509,1,33,000,00,1,2,01,A01
201800030510,0,07,000,00,2,8,01,A01
201800030510,0,01,000,00,2,0,17,B01
201800030511,2,07,000,00,2,1,01,A01
201800030511,2,07,000,00,2,4,23,B01
201800030511,1,07,000,00,2,1,01,C01
201800030511,0,38,001,00,2,1,01,D01
201800030512,2,07,000,00,2,1,13,A01
201800030512,1,07,000,00,2,1,01,B01
201800030512,1,07,000,00,2,3,01,C01
201800030513,1,02,000,07,0,1,01,A01
201800030514,0,02,000,00,2,1,02,A01
201800030514,0,10,000,00,2,4,02,B01
201800030515,0,02,000,14,0,7,01,A01
201800030516,0,33,000,00,0,7,01,A01
201800030517,0,07,000,00,2,3,15,B01
201800030517,0,02,000,00,2,1,17,A01
201800030518,0,07,000,00,1,1,01,A01
201800030518,2,07,000,00,1,1,23,B01
201800030519,1,07,000,00,2,3,09,A01
201800030519,1,02,000,00,2,7,01,B01
201800030520,0,10,000,00,2,5,16,B01
201800030520,0,33,000,00,2,7,07,A01
201800030521,0,07,000,00,1,2,16,A01
201800030522,1,07,000,00,2,2,19,A01
201800030522,2,07,000,00,2,1,01,B01
201800030523,1,02,000,00,2,1,01,B01
201800030523,1,07,000,00,2,3,15,A01
201800030524,1,38,010,00,1,2,07,A01
201800030525,1,07,000,09,0,1,01,A01
201800030526,2,07,000,00,2,4,02,B01
201800030526,2,07,000,00,2,1,21,A01
201800030526,2,07,000,00,2,4,02,C01
201800030527,0,31,000,00,2,7,01,B01
201800030527,0,07,000,00,2,3,19,A01
201800030528,0,30,000,00,0,8,21,A01
201800030529,2,07,000,00,2,3,01,B01
201800030529,2,02,000,00,2,7,16,A01
201800030530,0,07,000,00,2,2,19,A01
201800030530,0,02,000,00,2,1,01,B01
201800030531,0,02,000,00,0,7,01,A01
201800030532,1,02,000,00,2,1,02,A01
201800030532,1,07,000,00,2,4,02,B01
201800030533,0,07,000,00,2,5,15,A01
201800030533,0,01,000,00,2,1,01,B01
201800030534,1,07,000,06,0,1,14,A01
201800030535,0,07,000,08,0,1,14,A01
201800030536,2,33,000,00,0,8,01,A01
201800030537,1,02,000,12,0,1,17,A01
201800030538,0,33,000,00,0,0,01,A01
201800030539,0,33,000,00,2,1,02,A01
201800030539,0,07,000,00,2,6,02,B01
201800030540,0,02,000,12,0,3,13,A01
201800030541,0,33,000,00,2,7,16,A01
201800030541,0,07,000,00,2,3,01,B01
201800030542,1,02,000,11,0,1,01,A01
201800030543,0,07,000,07,2,7,17,A01
201800030543,0,07,000,00,2,8,09,B01
201800030544,1,02,000,00,2,1,17,A01
201800030544,1,10,000,00,2,6,01,B01
201800030545,0,07,000,01,0,2,14,A01
201800030546,0,07,000,12,0,1,01,A01
201800030547,0,07,000,00,2,4,02,B01
201800030547,0,30,000,00,2,1,01,A01
201800030548,0,07,000,00,2,2,15,A01
201800030548,0,02,000,00,2,1,01,B01
201800030549,0,33,000,00,2,2,02,A01
201800030549,0,07,000,00,2,6,16,B01
201800030550,0,07,000,00,2,1,01,A01
201800030550,0,02,000,00,2,1,01,B01
201800030551,0,07,000,00,2,8,09,A01
201800030551,0,01,000,00,2,7,01,B01
201800030552,0,20,000,00,1,5,00,A01
201800030553,0,01,000,00,2,1,15,B01
201800030553,0,07,000,00,2,2,01,A01
201800030554,0,01,000,00,0,8,01,A01
201800030555,0,02,000,00,2,7,01,B01
201800030555,0,07,000,00,2,2,15,A01
201800030556,0,33,000,00,0,7,01,A01
201800030557,1,32,000,00,0,7,01,A01
201800030558,2,33,000,00,2,1,17,A01
201800030558,2,07,000,00,2,3,15,B01
201800030559,0,02,000,00,2,1,01,B01
201800030559,0,07,000,00,2,1,00,A01
201800030560,0,10,000,00,1,1,09,A01
201800030561,0,07,000,00,2,2,16,A01
201800030561,0,01,000,00,2,8,01,B01
201800030562,2,07,000,00,2,8,01,B01
201800030562,2,07,000,00,2,8,13,A01
201800030563,1,07,000,00,2,1,13,A01
201800030563,2,14,000,00,2,1,01,B01
201800030564,1,33,000,09,0,1,01,A01
201800030565,0,32,000,00,0,8,15,A01
201800030566,0,30,000,00,2,1,00,A01
201800030566,0,31,000,00,2,1,00,B01
201800030567,0,02,000,00,2,4,17,A01
201800030567,0,07,000,00,2,3,01,Z01
201800030568,1,31,000,00,0,8,13,A01
201800030569,0,33,000,00,0,8,01,A01
201800030570,1,31,000,00,0,7,17,A01
201800030571,0,07,000,06,0,1,19,A01
201800030572,0,07,000,00,1,6,17,A01
201800030573,0,07,000,11,0,1,14,A01
201800030574,1,07,000,00,2,3,01,B01
201800030574,2,33,000,12,2,8,13,A01
201800030575,2,31,000,00,0,8,01,A01
201800030576,0,02,000,00,0,8,01,A01
201800030577,1,33,000,11,0,1,01,A01
201800030578,1,33,000,00,2,1,13,A01
201800030578,2,10,000,00,2,8,01,B01
201800030579,0,02,000,14,0,1,01,A01
201800030580,2,30,000,12,0,1,15,A01
201800030581,2,34,000,14,0,2,13,A01
201800030582,0,33,000,00,2,8,01,B01
201800030582,0,10,000,00,2,0,15,A01
201800030583,0,31,000,00,2,1,01,B01
201800030583,0,07,000,00,2,6,11,A01
201800030584,0,02,000,00,2,8,13,A01
201800030584,0,07,000,00,2,8,01,B01
201800030585,0,32,000,00,2,1,02,A01
201800030585,0,07,000,00,2,5,01,B01
201800030586,0,30,000,00,2,8,01,B01
201800030586,0,02,000,00,2,1,02,A01
201800030587,0,30,000,00,0,8,21,A01
201800030588,0,07,000,00,2,1,02,A01
201800030588,0,07,000,00,2,4,23,B01
201800030588,0,07,000,00,2,4,23,C01
201800030589,0,07,000,00,2,2,15,A01
201800030589,0,01,000,00,2,1,01,B01
201800030590,0,31,000,11,0,1,01,A01
201800030591,0,33,000,00,2,1,01,B01
201800030591,0,07,000,00,2,8,15,A01
201800030592,0,10,000,00,0,0,15,B01
201800030592,0,02,000,00,2,8,21,A01
201800030593,0,02,000,00,2,1,02,A01
201800030593,0,07,000,00,2,6,09,B01
201800030594,0,02,000,00,0,7,01,A01
201800030595,0,33,000,00,0,8,02,A01
201800030596,1,31,000,00,0,0,01,A01
201800030597,0,07,000,00,2,1,13,A01
201800030597,0,07,000,00,2,1,01,B01
201800030598,0,01,000,00,2,7,19,B01
201800030598,0,33,000,00,2,1,01,A01
201800030599,1,07,000,00,2,3,01,C01
201800030599,1,02,000,00,2,1,02,A01
201800030599,1,07,000,00,2,5,16,B01
201800030600,0,33,000,00,2,7,21,B01
201800030600,0,07,000,00,2,0,19,A01
201800030601,0,07,000,00,2,8,19,A01
201800030601,0,02,000,00,2,1,01,B01
201800030602,2,07,000,00,2,7,10,A01
201800030602,1,33,000,00,2,1,01,B01
201800030603,0,01,000,00,2,1,00,A01
201800030603,0,02,000,00,2,8,01,B01
201800030604,2,07,000,00,2,8,15,A01
201800030604,2,33,000,00,2,2,17,B01
201800030605,1,31,000,00,5,1,01,A01
201800030606,0,35,000,02,0,1,01,A01
201800030607,0,31,000,00,2,1,13,A01
201800030607,0,07,000,00,2,3,01,B01
201800030608,0,07,000,00,2,1,13,A01
201800030608,0,10,000,00,2,3,01,C01
201800030608,0,33,000,00,2,7,01,B01
201800030608,0,07,000,00,2,6,02,D01
201800030609,0,31,000,00,2,1,17,A01
201800030609,0,07,000,00,2,2,19,B01
201800030610,0,07,000,00,2,8,23,B01
201800030610,0,30,000,00,2,7,17,A01
201800030611,0,02,000,00,2,2,01,A01
201800030611,0,07,000,00,2,5,01,B01
201800030612,0,31,000,15,0,1,21,A01
201800030613,1,02,000,12,0,1,14,A01
201800030614,0,31,000,00,2,3,03,A01
201800030614,0,07,000,00,2,5,23,B01
201800030614,0,07,000,00,2,8,23,C01
201800030615,0,02,000,00,2,7,01,B01
201800030615,0,07,000,00,2,2,19,A01
201800030616,0,10,000,03,0,1,01,A01
201800030617,0,07,000,00,2,3,10,A01
201800030617,0,30,000,00,2,1,17,B01
201800030618,1,33,000,00,2,4,02,B01
201800030618,1,07,000,00,2,2,09,A01
201800030619,0,02,000,11,0,1,14,A01
201800030620,0,02,000,00,2,1,02,A01
201800030620,0,07,000,00,2,4,23,B01
201800030621,1,33,000,00,2,5,21,B01
201800030621,1,07,000,00,2,3,09,A01
201800030622,0,01,000,00,2,8,21,A01
201800030622,0,07,000,00,2,7,01,B01
201800030623,0,07,000,00,2,5,17,A01
201800030623,0,02,000,00,2,8,02,B01
201800030624,1,10,000,00,0,0,09,Z01
201800030624,1,31,000,00,0,7,21,A01
201800030625,1,07,000,00,1,2,01,A01
201800030626,0,07,000,00,2,3,09,A01
201800030626,0,31,000,00,2,7,01,B01
201800030627,0,33,000,00,2,3,03,A01
201800030627,0,07,000,00,2,5,14,B01
201800030628,0,07,000,00,2,1,01,A01
201800030628,0,02,000,00,2,4,23,B01
201800030629,0,02,000,00,0,2,01,A01
201800030630,0,14,000,00,2,7,01,A01
201800030630,0,01,000,00,2,8,18,B01
201800030631,0,07,000,00,1,1,16,A01
201800030632,0,30,000,12,0,7,21,A01
201800030633,2,33,000,00,1,8,07,A01
201800030634,0,38,001,00,2,3,01,B01
201800030634,0,33,000,00,2,1,01,A01
201800030635,0,33,000,00,1,1,17,A01
201800030636,0,02,000,00,0,0,00,A01
201800030637,0,02,000,00,2,1,01,B01
201800030637,0,02,000,00,2,1,00,A01
201800030638,0,30,000,13,0,1,01,A01
201800030639,1,07,000,00,2,4,01,B01
201800030639,1,30,000,00,2,1,02,A01
201800030640,2,02,000,14,0,7,13,A01
201800030641,0,07,000,03,0,1,01,A01
201800030642,0,07,000,00,2,2,02,A01
201800030642,0,07,000,00,2,6,02,B01
201800030643,1,02,000,00,0,8,01,A01
201800030644,0,07,000,00,2,3,02,A01
201800030644,0,07,000,00,1,3,02,B01
201800030645,0,07,000,00,2,1,01,A01
201800030645,0,07,000,00,2,2,19,B01
201800030646,0,07,000,00,1,3,01,A01
201800030647,0,33,000,00,0,3,01,A01
201800030648,1,13,000,00,1,2,04,A01
201800030649,0,31,000,00,2,1,02,A01
201800030649,0,07,000,00,2,4,02,B01
201800030650,1,02,000,01,0,1,01,A01
201800030651,0,07,000,08,0,1,14,A01
201800030652,0,07,000,00,1,1,01,A01
201800030653,2,07,000,00,2,8,05,Z01
201800030653,1,33,000,00,2,8,21,B01
201800030654,2,02,000,00,2,8,15,B01
201800030654,0,02,000,00,2,1,17,A01
201800030655,0,02,000,08,0,1,01,A01
201800030656,0,07,000,00,1,1,01,A01
201800030657,0,02,000,00,2,7,00,A01
201800030657,2,07,000,00,2,7,00,B01
201800030658,0,30,000,15,0,1,14,A01
201800030659,0,30,000,00,2,4,09,A01
201800030659,0,33,000,00,2,1,02,B01
201800030660,2,07,000,00,2,2,01,A01
201800030660,0,32,000,00,2,8,01,B01
201800030661,0,07,000,15,0,1,15,A01
201800030662,0,31,000,00,2,7,13,A01
201800030662,0,07,000,00,6,1,01,B01
201800030663,0,31,000,00,2,1,01,B01
201800030663,0,07,000,00,6,3,01,A01
201800030664,0,02,000,00,0,1,01,A01
201800030665,0,07,000,00,2,5,15,A01
201800030665,0,32,000,00,2,1,01,B01
201800030666,0,30,000,00,1,1,01,A01
201800030667,0,07,000,00,2,4,02,B01
201800030667,0,30,000,00,2,1,02,A01
201800030668,0,33,000,01,0,8,13,A01
201800030669,2,07,000,00,2,2,12,A01
201800030669,2,33,000,00,2,6,01,B01
201800030670,0,33,000,00,2,1,01,A01
201800030670,0,07,000,00,2,4,01,B01
201800030671,0,07,000,12,0,1,13,A01
201800030672,0,07,000,00,2,2,15,A01
201800030672,0,32,000,00,2,1,01,B01
201800030673,0,30,000,00,0,7,01,A01
201800030674,1,07,000,00,2,1,01,C01
201800030674,1,07,000,00,2,1,05,A01
201800030674,1,07,000,00,2,1,01,B01
201800030675,0,33,000,00,0,0,16,A01
201800030676,2,07,000,00,2,8,15,A01
201800030676,1,31,000,00,2,8,01,B01
201800030677,0,07,000,00,1,1,01,A01
201800030678,1,07,000,00,2,3,01,B01
201800030678,2,07,000,00,2,3,13,A01
201800030679,2,07,000,00,2,2,02,A01
201800030679,2,07,000,00,2,4,02,B01
201800030680,2,02,000,01,0,2,01,A01
201800030681,0,07,000,01,0,4,24,B01
201800030681,0,07,000,01,1,1,00,A01
201800030681,0,07,000,01,0,0,24,E01
201800030681,0,07,000,01,0,4,24,C01
201800030681,0,07,000,01,0,4,24,D01
201800030682,0,02,000,00,0,1,05,A01
201800030683,1,32,000,00,0,8,15,A01
201800030684,1,30,000,12,0,3,13,A01
201800030685,0,07,000,00,6,1,15,A01
201800030685,0,01,000,00,2,7,17,B01
201800030686,0,30,000,01,0,1,14,A01
201800030687,1,32,000,00,1,1,01,A01
201800030688,0,02,000,00,0,7,16,A01
201800030689,2,01,000,00,1,1,09,A01
201800030690,0,02,000,01,0,1,13,A01
201800030691,0,07,000,00,2,1,13,A01
201800030691,0,10,000,00,2,3,01,B01
201800030692,0,07,000,00,2,7,15,B01
201800030692,0,01,000,00,2,2,00,A01
201800030693,0,02,000,01,0,7,01,B01
201800030694,0,02,000,00,9,7,02,A01
201800030694,0,99,000,00,2,7,02,B01
201800030695,0,07,000,00,2,2,15,A01
201800030695,0,02,000,00,2,1,01,B01
201800030696,0,07,000,00,2,7,24,B01
201800030696,0,07,000,00,2,5,24,C01
201800030696,0,07,000,01,0,3,13,A01
201800030697,1,07,000,00,2,4,02,B01
201800030697,1,02,000,00,2,1,02,A01
201800030698,0,07,000,00,2,2,16,A01
201800030698,0,33,000,00,2,3,01,B01
201800030699,2,33,000,00,0,7,00,A01
201800030700,0,30,000,00,0,1,01,A01
201800030701,0,07,000,00,2,6,10,A01
201800030701,0,02,000,00,2,1,01,B01
201800030702,0,07,000,00,2,4,24,B01
201800030702,0,32,000,01,0,1,14,A01
201800030703,0,07,000,01,0,3,13,A01
201800030704,0,32,000,12,0,1,14,A01
201800030705,0,07,000,00,2,0,15,B01
201800030705,0,33,000,00,2,7,17,A01
201800030706,1,34,000,00,2,2,01,B01
201800030706,0,07,000,00,2,3,09,A01
201800030707,0,07,000,00,2,2,00,B01
201800030707,0,33,000,00,2,3,09,A01
201800030708,0,02,000,00,2,1,01,A01
201800030708,0,07,000,00,2,8,01,B01
201800030708,0,07,000,00,2,0,00,Z01
201800030709,1,33,000,07,0,8,13,A01
201800030710,0,07,000,00,2,2,01,A01
201800030710,0,07,000,00,2,8,01,B01
201800030711,2,07,000,00,2,3,09,A01
201800030711,1,01,000,00,2,4,01,B01
201800030712,0,07,000,00,2,2,02,A01
201800030712,0,30,000,00,2,4,01,B01
201800030713,0,07,000,00,1,2,01,A01
201800030714,0,07,000,00,2,5,01,B01
201800030714,0,02,000,00,2,1,01,A01
201800030715,0,07,000,00,2,2,01,A01
201800030715,0,07,000,00,2,3,09,B01
201800030716,0,07,000,00,2,3,01,B01
201800030716,0,34,000,06,2,1,01,A01
201800030717,2,10,000,00,2,2,01,A01
201800030717,0,07,000,00,2,3,01,B01
201800030718,0,07,000,00,2,1,02,A01
201800030718,0,01,000,00,2,4,02,B01
201800030719,0,07,000,00,1,3,02,A01
201800030720,0,07,000,00,2,1,01,Z01
201800030720,0,01,000,00,2,7,01,B01
201800030721,1,01,000,00,2,3,09,A01
201800030721,1,33,000,00,2,5,02,B01
201800030722,0,07,000,00,1,2,01,A01
201800030723,2,07,000,00,2,1,02,A01
201800030723,2,07,000,00,2,4,02,C01
201800030723,2,07,000,00,2,4,02,B01
201800030724,1,07,000,00,2,3,01,A01
201800030724,2,07,000,00,2,2,16,B01
201800030725,0,07,000,00,1,1,01,A01
201800030726,2,07,000,00,2,1,01,A01
201800030726,2,07,000,00,2,4,02,B01
201800030727,0,07,000,00,2,3,09,A01
201800030727,0,01,000,00,2,1,01,B01
201800030728,1,07,000,00,1,2,01,A01
201800030729,0,07,000,00,2,3,01,A01
201800030729,0,30,000,00,2,1,01,B01
201800030730,0,02,000,00,1,1,01,A01
201800030731,1,07,000,00,2,1,09,A01
201800030731,1,07,000,00,2,2,01,B01
201800030732,0,02,000,00,2,2,01,B01
201800030732,0,07,000,00,2,3,04,A01
201800030733,0,07,000,00,1,2,01,A01
201800030734,0,07,000,00,2,1,09,A01
201800030734,0,07,000,00,2,8,01,B01
201800030735,0,07,000,00,2,4,23,B01
201800030735,0,07,000,00,2,1,09,A01
201800030736,0,07,000,00,2,3,15,A01
201800030736,0,33,000,00,2,1,01,B01
201800030737,0,07,000,00,2,2,15,A01
201800030737,0,30,000,00,2,1,01,B01
201800030738,1,07,000,00,1,3,02,A01
201800030739,0,10,000,00,1,3,15,A01
201800030740,0,01,000,00,2,1,01,B01
201800030740,0,07,000,00,2,7,01,A01
201800030741,0,07,000,00,2,3,13,A01
201800030741,0,07,000,00,2,1,01,B01
201800030742,1,07,000,00,2,4,02,C01
201800030742,1,07,000,00,2,4,02,B01
201800030742,0,10,000,00,2,1,02,A01
201800030743,0,07,000,00,2,4,02,B01
201800030743,0,07,000,00,2,1,09,A01
201800030744,1,07,000,00,1,3,01,A01
201800030745,0,07,000,00,2,5,14,A01
201800030745,0,01,000,00,2,3,01,B01
201800030746,0,07,000,00,1,2,16,A01
201800030747,0,07,000,00,1,1,11,A01
201800030748,0,07,000,00,2,1,01,B01
201800030748,0,07,000,00,2,7,19,A01
201800030749,2,07,000,00,2,3,01,A01
201800030749,2,07,000,00,2,2,01,B01
201800030750,0,07,000,00,2,6,15,A01
201800030750,0,30,000,00,2,5,17,B01
201800030751,0,07,000,00,2,4,23,B01
201800030751,0,07,000,00,2,1,09,A01
201800030752,0,07,000,00,2,6,01,A01
201800030752,0,07,000,00,2,2,01,B01
201800030753,0,01,000,00,2,3,09,B01
201800030753,0,37,010,00,9,5,17,A01
201800030754,1,07,000,00,2,4,01,B01
201800030754,1,07,000,00,2,1,01,A01
201800030755,0,30,000,00,2,1,09,A01
201800030755,0,07,000,00,2,4,09,B01
201800030756,0,07,000,00,2,2,15,A01
201800030756,0,07,000,00,2,3,01,B01
201800030757,0,07,000,00,2,1,15,A01
201800030757,0,30,000,00,2,1,01,B01
201800030758,0,30,000,00,2,1,02,A01
201800030758,0,07,000,00,2,5,02,B01
201800030759,2,07,000,00,2,4,09,B01
201800030759,2,10,000,00,2,1,09,A01
201800030759,2,07,000,00,2,4,09,C01
201800030760,0,31,000,00,2,1,01,A01
201800030760,0,07,000,00,2,5,23,B01
201800030761,0,01,000,00,2,2,15,A01
201800030761,0,32,000,00,2,1,01,B01
201800030762,0,07,000,00,2,1,01,A01
201800030762,0,07,000,00,2,4,01,C01
201800030762,0,07,000,00,2,4,01,B01
201800030763,0,07,000,00,1,1,09,A01
201800030764,0,07,000,00,2,6,15,B01
201800030764,0,07,000,00,2,1,01,A01
201800030765,0,07,000,00,1,1,09,A01
201800030766,0,07,000,00,2,1,02,A01
201800030766,0,07,000,00,2,4,01,B01
201800030767,0,01,000,00,2,1,09,B01
201800030767,0,07,000,00,2,1,15,A01
201800030768,0,07,000,01,0,2,01,A01
201800030769,0,07,000,00,2,5,04,A01
201800030769,0,02,000,00,2,1,01,B01
201800030770,0,07,000,00,1,3,13,A01
201800030771,0,07,000,00,1,1,09,A01
201800030772,2,07,000,00,2,8,01,C01
201800030772,2,07,000,00,2,8,01,B01
201800030772,1,07,000,00,2,3,13,A01
201800030773,0,07,000,00,2,7,16,B01
201800030773,0,30,000,00,2,6,02,A01
201800030774,0,30,000,00,2,1,09,B01
201800030774,0,07,000,00,2,3,09,A01
201800030775,0,07,000,00,2,3,15,A01
201800030775,0,07,000,00,2,3,23,B01
201800030776,2,07,000,00,2,3,09,A01
201800030776,1,01,000,00,2,5,01,B01
201800030777,0,07,000,00,2,1,09,A01
201800030777,0,33,000,00,2,4,09,B01
201800030778,0,07,000,00,2,2,01,B01
201800030778,0,07,000,00,2,3,16,A01
201800030779,0,07,000,00,2,2,02,A01
201800030779,0,30,000,00,2,6,23,B01
201800030780,2,07,000,00,2,1,09,A01
201800030780,2,07,000,00,1,1,16,B01
201800030781,0,33,000,00,2,4,01,A01
201800030781,0,10,000,00,2,2,01,B01
201800030782,0,07,000,00,2,1,15,A01
201800030782,0,07,000,00,2,7,01,B01
201800030783,0,07,000,00,2,3,02,A01
201800030783,0,07,000,00,2,5,15,B01
201800030784,2,07,000,00,2,1,02,A01
201800030784,2,07,000,00,2,4,23,B01
201800030785,1,07,000,00,1,0,09,A01
201800030786,0,07,000,00,2,1,01,A01
201800030786,0,07,000,00,2,4,02,B01
201800030787,0,07,000,00,2,1,01,A01
201800030787,0,07,000,00,2,8,01,B01
201800030788,0,30,000,00,2,1,17,A01
201800030788,0,07,000,00,2,8,15,B01
201800030789,0,07,000,00,2,1,15,A01
201800030789,0,34,000,00,2,8,01,B01
201800030790,0,07,000,00,2,1,02,A01
201800030790,0,07,000,00,2,4,02,C01
201800030790,0,07,000,00,2,4,02,B01
201800030791,0,07,000,00,1,2,14,A01
201800030792,0,01,000,00,2,1,01,B01
201800030792,0,07,000,00,2,2,16,A01
201800030793,0,07,000,00,2,2,15,A01
201800030793,0,01,000,00,2,1,01,B01
201800030794,2,07,000,00,2,1,01,B01
201800030794,1,07,000,00,2,3,13,A01
201800030795,0,07,000,01,0,1,14,A01
201800030795,0,07,000,00,2,6,00,B01
201800030796,2,07,000,14,0,1,01,A01
201800030797,0,07,000,00,2,3,15,B01
201800030797,0,30,000,00,2,7,17,A01
201800030798,0,07,000,00,2,6,19,A01
201800030798,0,30,000,00,2,1,01,B01
201800030799,1,07,000,00,2,3,23,B01
201800030799,1,17,000,00,2,1,09,A01
201800030799,2,10,000,00,2,1,01,C01
201800030800,0,10,000,00,2,1,02,C01
201800030800,0,07,000,00,2,4,02,B01
201800030800,0,10,000,00,2,1,09,A01
201800030801,0,10,000,00,2,6,15,B01
201800030801,0,02,000,00,2,1,17,A01
201800030802,0,10,000,00,2,2,15,A01
201800030802,0,30,000,00,2,1,01,B01
201800030803,0,02,000,00,2,3,09,A01
201800030803,0,07,000,00,2,7,01,B01
201800030804,0,07,000,00,2,3,01,A01
201800030804,0,14,000,00,2,6,01,B01
201800030805,0,07,000,00,1,7,01,A01
201800030806,0,07,000,00,2,1,02,A01
201800030806,0,07,000,00,2,4,23,B01
201800030807,0,01,000,00,2,8,16,B01
201800030807,0,10,000,00,2,5,16,A01
201800030808,0,33,000,00,1,1,01,Z01
201800030809,0,07,000,00,2,1,02,A01
201800030809,0,07,000,00,2,4,20,B01
201800030810,0,37,001,00,1,2,16,A01
201800030811,0,07,000,00,2,1,15,A01
201800030811,0,30,000,00,2,1,01,B01
201800030812,0,07,000,00,2,8,15,A01
201800030812,0,33,000,00,2,1,17,B01
201800030813,0,33,000,01,2,1,03,A01
201800030813,0,10,000,00,2,3,19,B01
201800030814,0,01,000,00,2,1,01,B01
201800030814,0,07,000,00,2,2,16,A01
201800030815,0,07,000,00,2,3,09,A01
201800030815,0,01,000,00,2,7,01,B01
201800030816,0,07,000,00,1,4,20,A01
201800030817,1,01,000,00,2,7,01,B01
201800030817,1,07,000,00,2,3,09,A01
201800030818,0,07,000,00,2,4,02,B01
201800030818,0,07,000,00,2,2,02,A01
201800030819,0,07,000,00,2,4,02,C01
201800030819,0,07,000,00,2,4,02,B01
201800030819,0,07,000,00,2,4,23,D01
201800030819,0,07,000,00,2,1,02,A01
201800030820,2,07,000,00,2,1,02,A01
201800030820,2,07,000,00,2,4,02,B01
201800030820,2,07,000,00,2,1,02,C01
201800030821,0,07,000,00,2,1,01,A01
201800030821,0,37,001,00,2,4,24,B01
201800030822,0,02,000,00,2,1,17,A01
201800030822,0,07,000,00,2,3,15,B01
201800030823,0,07,000,00,2,1,02,A01
201800030823,0,07,000,00,2,4,23,B01
201800030823,0,07,000,00,2,4,23,C01
201800030824,0,10,000,00,2,9,02,B01
201800030824,0,07,000,00,2,3,09,A01
201800030825,0,07,000,00,2,3,15,A01
201800030825,0,01,000,00,2,3,01,B01
201800030826,0,07,000,00,2,3,01,B01
201800030826,0,07,000,00,2,2,15,A01
201800030827,0,07,000,00,2,3,01,B01
201800030827,0,01,000,00,2,1,19,A01
201800030828,0,07,000,00,2,1,01,A01
201800030828,0,01,000,00,2,7,19,B01
201800030829,0,07,000,00,2,5,01,A01
201800030829,0,01,000,00,2,2,10,B01
201800030830,0,30,000,00,2,1,02,A01
201800030830,0,07,000,00,2,5,02,B01
201800030831,0,07,000,00,1,2,01,A01
201800030832,0,07,000,00,2,2,01,A01
201800030832,0,01,000,00,2,1,01,B01
201800030833,1,10,000,00,2,1,01,A01
201800030833,1,10,000,00,2,4,23,B01
201800030834,2,02,000,00,2,1,01,B01
201800030834,1,07,000,00,2,2,19,A01
201800030835,0,34,000,00,2,8,15,B01
201800030835,0,32,000,00,2,8,17,A01
201800030836,0,07,000,00,2,8,01,B01
201800030836,0,07,000,00,2,3,13,A01
201800030837,1,07,000,00,1,2,01,A01
201800030838,0,07,000,00,2,8,22,A01
201800030838,0,01,000,00,2,1,01,B01
201800030839,1,34,000,01,0,1,01,A01
201800030840,0,30,000,00,2,7,01,B01
201800030840,0,07,000,00,2,3,09,A01
201800030841,0,30,000,00,2,1,01,B01
201800030841,0,07,000,00,2,6,19,A01
201800030842,0,07,000,00,2,1,11,A01
201800030842,0,07,000,00,2,3,01,B01
201800030843,0,02,000,00,2,1,02,A01
201800030843,0,07,000,00,2,4,02,B01
201800030844,0,01,000,00,2,7,01,A01
201800030844,0,07,000,00,2,2,01,B01
201800030845,0,01,000,00,2,1,01,B01
201800030845,0,07,000,00,2,3,15,A01
201800030846,2,31,000,00,2,1,01,B01
201800030846,2,07,000,00,2,8,15,A01
201800030847,0,07,000,00,2,1,15,A01
201800030847,0,01,000,00,2,4,01,B01
201800030848,0,07,000,00,2,7,15,A01
201800030848,0,33,000,00,2,1,01,B01
201800030849,2,07,000,08,0,1,01,A01
201800030850,0,07,000,00,2,1,16,A01
201800030850,0,01,000,00,2,4,02,B01
201800030851,1,10,000,00,2,1,02,A01
201800030851,1,07,000,00,2,4,02,B01
201800030851,1,07,000,00,2,4,02,C01
201800030851,1,10,000,00,2,5,02,D01
201800030852,0,01,000,00,2,1,01,B01
201800030852,0,07,000,00,2,3,09,A01
201800030853,2,07,000,00,2,4,02,B01
201800030853,2,10,000,00,2,1,02,A01
201800030854,0,01,000,00,2,1,23,A01
201800030854,0,07,000,00,2,3,15,B01
201800030855,0,33,000,01,2,1,17,A01
201800030855,0,07,000,00,2,6,13,B01
201800030856,0,01,000,00,2,2,01,B01
201800030856,0,07,000,00,2,3,16,A01
201800030857,0,10,000,00,1,1,01,A01
201800030858,0,07,000,00,2,8,02,B01
201800030858,0,07,000,00,2,3,01,A01
201800030859,0,07,000,00,2,1,02,A01
201800030859,0,07,000,00,2,4,23,B01
201800030860,0,07,000,00,2,3,01,B01
201800030860,0,07,000,00,2,1,19,A01
201800030861,0,07,000,00,2,2,01,A01
201800030861,0,01,000,00,2,0,00,C01
201800030861,0,07,000,00,2,5,01,B01
201800030862,0,30,000,00,2,1,02,A01
201800030862,0,07,000,00,2,4,02,B01
201800030863,0,10,000,00,2,3,15,A01
201800030863,0,02,000,00,2,1,01,B01
201800030864,0,01,000,00,2,0,00,B01
201800030864,0,07,000,00,2,4,02,A01
201800030865,0,07,000,00,2,8,01,A01
201800030865,0,01,000,00,2,1,01,B01