Num_Acc,senc,catv,occutc,obs,obsm,choc,manv,num_veh
201800032323,0,07,000,00,2,1,15,A01
201800032324,1,07,000,00,2,7,16,A01
201800032324,1,14,000,00,2,2,01,B01
201800032325,2,30,000,01,2,1,17,A01
201800032325,2,03,000,00,2,3,15,B01
201800032326,2,07,000,08,0,2,14,A01
201800032327,1,07,000,09,0,8,14,A01
201800032328,1,07,000,00,2,8,15,B01
201800032328,1,07,000,02,2,2,17,A01
201800032329,0,99,000,00,2,0,00,R01
201800032329,1,10,000,00,2,1,10,Z01
201800032330,1,33,000,00,2,2,13,A01
201800032330,2,07,000,00,2,2,01,B01
201800032331,1,32,000,00,9,1,13,A01
201800032332,1,07,000,00,1,3,01,A01
201800032333,1,07,000,15,0,2,14,A01
201800032334,2,07,000,00,2,4,23,B01
201800032334,2,07,000,00,2,1,01,A01
201800032335,2,07,000,00,2,1,02,A01
201800032335,2,07,000,00,2,4,02,B01
201800032336,0,07,000,00,2,7,01,B01
201800032336,0,32,000,00,2,1,01,A01
201800032337,1,07,000,00,1,1,18,A01
201800032338,2,07,000,00,1,3,16,A01
201800032339,2,07,000,00,2,1,01,A01
201800032339,2,07,000,00,2,8,01,B01
201800032340,1,07,000,00,2,1,13,A01
201800032340,2,07,000,00,2,3,08,B01
201800032341,2,07,000,15,0,2,01,A01
201800032342,1,07,000,00,2,3,01,B01
201800032342,2,30,000,00,2,2,15,A01
201800032343,2,07,000,00,1,2,21,A01
201800032344,2,07,000,00,1,3,16,A01
201800032345,1,07,000,00,2,1,01,B01
201800032345,1,07,000,00,2,2,15,A01
201800032346,1,34,000,00,2,8,08,B01
201800032346,2,07,000,00,2,1,08,A01
201800032347,1,07,000,00,2,1,07,A01
201800032347,1,07,000,00,2,4,07,B01
201800032348,1,07,000,00,1,1,16,A01
201800032349,2,07,000,12,0,2,01,A01
201800032350,1,07,000,00,1,1,19,A01
201800032351,1,07,000,00,2,3,01,A01
201800032351,1,01,000,00,2,4,19,B01
201800032352,1,33,000,00,2,0,09,B01
201800032352,2,07,000,00,2,3,09,A01
201800032353,1,10,000,00,1,2,07,A01
201800032354,2,07,000,00,2,7,10,A01
201800032354,1,07,000,00,2,1,19,B01
201800032355,1,07,000,00,2,3,15,B01
201800032355,1,33,000,00,2,2,05,A01
201800032356,2,07,000,00,1,1,01,Z01
201800032357,1,07,000,00,2,3,16,B01
201800032357,1,07,000,00,2,1,01,A01
201800032357,2,01,000,00,2,1,01,C01
201800032358,2,01,000,00,2,5,19,A01
201800032358,2,07,000,00,2,5,16,B01
201800032359,2,07,000,00,1,2,01,A01
201800032360,2,07,000,00,1,1,19,A01
201800032361,2,07,000,00,2,7,17,A01
201800032361,2,07,000,00,2,1,20,B01
201800032362,2,07,000,00,1,3,01,A01
201800032363,1,07,000,00,1,1,07,A01
201800032364,1,31,000,00,2,1,01,B01
201800032364,2,07,000,00,2,3,15,A01
201800032365,2,17,000,00,1,2,20,A01
201800032366,2,07,000,00,2,3,09,A01
201800032366,0,01,000,00,2,7,01,B01
201800032367,1,07,000,00,1,1,15,A01
201800032368,2,07,000,00,1,4,04,A01
201800032369,1,07,000,01,0,2,02,A01
201800032370,1,07,000,08,0,1,21,A01
201800032371,1,33,000,00,2,0,01,B01
201800032371,1,07,000,00,9,1,00,A01
201800032372,0,03,000,00,4,8,06,A01
201800032372,0,40,000,00,2,1,01,B01
201800032373,1,07,000,08,0,2,18,A01
201800032373,1,07,000,00,2,2,02,B01
201800032374,1,37,000,00,1,3,01,A01
201800032375,2,07,000,00,1,6,01,A01
201800032376,1,07,000,00,2,2,15,A01
201800032376,2,31,000,00,2,1,01,B01
201800032377,1,07,000,00,2,1,01,B01
201800032377,2,07,000,00,2,1,13,A01
201800032378,1,07,000,00,1,1,01,A01
201800032379,2,07,000,00,2,2,15,A01
201800032379,1,01,000,00,2,3,01,B01
201800032380,1,07,000,00,2,4,02,Z01
201800032380,1,07,000,00,2,4,02,B01
201800032381,2,07,000,00,1,1,01,A01
201800032382,1,07,000,00,2,1,02,A01
201800032382,1,07,000,00,2,4,02,B01
201800032382,1,07,000,00,2,4,02,Z01
201800032383,1,07,000,00,2,8,01,B01
201800032383,1,07,000,00,2,1,01,A01
201800032384,2,07,000,00,1,1,01,A01
201800032385,1,07,000,08,0,5,00,A01
201800032386,2,07,000,00,2,8,16,A01
201800032386,1,07,000,00,2,2,01,B01
201800032387,1,07,000,00,1,2,19,A01
201800032388,2,37,000,00,1,7,16,A01
201800032389,1,07,000,00,2,6,01,B01
201800032389,1,33,000,00,2,1,15,A01
201800032390,1,14,000,00,2,1,02,A01
201800032390,1,15,000,00,2,4,02,B01
201800032391,2,07,000,00,2,2,09,A01
201800032391,1,10,000,00,2,2,17,B01
201800032392,1,07,000,00,2,1,15,A01
201800032392,2,33,000,00,2,1,21,B01
201800032393,1,07,000,15,0,1,01,A01
201800032394,1,10,000,00,2,1,01,A01
201800032394,1,07,000,16,2,1,15,B01
201800032395,2,32,000,00,2,8,01,B01
201800032395,2,07,000,00,2,1,15,A01
201800032396,1,07,000,00,2,4,02,B01
201800032396,1,07,000,00,2,1,01,A01
201800032397,1,07,000,00,1,1,01,A01
201800032398,1,07,000,02,0,2,13,A01
201800032399,1,01,000,00,4,7,19,B01
201800032399,1,40,060,00,9,1,01,A01
201800032400,1,07,000,00,1,7,01,A01
201800032401,1,07,000,00,2,1,01,Z01
201800032401,2,01,000,00,2,1,05,B01
201800032402,1,02,000,00,2,4,07,B01
201800032402,1,07,000,00,2,1,02,Z01
201800032403,2,07,000,00,2,9,04,A01
201800032403,2,07,000,00,1,9,01,B01
201800032404,2,07,000,00,2,3,01,B01
201800032404,1,07,000,00,2,2,15,A01
201800032405,2,33,000,00,1,1,01,Z01
201800032406,2,07,000,00,1,7,01,A01
201800032407,1,07,000,00,1,2,01,A01
201800032408,1,07,000,00,2,3,20,A01
201800032408,1,07,000,00,2,7,01,B01
201800032409,1,07,000,00,2,4,01,B01
201800032409,1,07,000,01,0,1,16,A01
201800032410,2,10,000,00,1,2,01,A01
201800032411,1,07,000,07,2,3,16,A01
201800032411,2,07,000,00,2,8,01,B01
201800032412,2,07,000,00,1,2,01,A01
201800032413,0,10,000,00,2,0,02,A01
201800032413,0,30,000,00,2,2,02,B01
201800032414,2,07,000,00,2,5,01,B01
201800032414,2,01,000,00,2,2,18,A01
201800032415,2,07,000,00,2,1,01,B01
201800032415,1,07,000,00,2,7,15,A01
201800032416,1,10,000,00,2,8,15,A01
201800032416,1,31,000,00,2,1,17,B01
201800032417,1,99,000,00,2,1,02,A01
201800032417,1,99,000,00,2,4,23,B01
201800032418,2,10,000,00,1,1,01,A01
201800032419,2,07,000,00,2,3,00,B01
201800032419,1,07,000,00,2,3,00,A01
201800032420,1,07,000,00,2,5,00,A01
201800032420,1,31,000,00,2,1,21,B01
201800032421,2,07,000,00,1,5,00,A01
201800032422,1,33,000,00,2,1,13,A01
201800032422,2,10,000,00,2,1,15,B01
201800032423,2,33,000,00,2,1,18,A01
201800032423,2,07,000,00,2,2,00,B01
201800032424,0,07,000,00,1,4,00,A01
201800032425,0,07,000,00,1,1,15,A01
201800032426,0,07,000,08,2,2,01,B01
201800032426,0,07,000,08,0,3,01,A01
201800032427,1,32,000,00,1,1,00,A01
201800032428,1,31,000,00,2,1,01,B01
201800032428,2,10,000,00,2,3,15,A01
201800032429,1,07,000,00,2,1,15,A01
201800032429,2,07,000,00,2,1,01,B01
201800032429,1,07,000,00,2,1,01,C01
201800032430,2,33,000,00,2,1,01,B01
201800032430,1,07,000,00,2,2,15,A01
201800032431,1,30,000,00,0,0,00,A01
201800032432,1,07,000,00,2,1,01,A01
201800032432,2,07,000,00,2,7,15,B01
201800032433,1,07,000,00,2,2,09,A01
201800032433,2,07,000,00,2,7,01,B01
201800032434,1,07,000,00,2,1,10,A01
201800032434,2,32,000,00,2,0,00,B01
201800032435,2,33,000,00,2,7,17,B01
201800032435,2,13,000,00,2,8,01,Z01
201800032436,1,07,000,00,1,3,01,A01
201800032437,1,99,000,12,2,1,05,A01
201800032437,1,07,000,00,2,8,16,B01
201800032438,1,33,000,01,0,8,18,B01
201800032438,2,07,000,00,2,3,15,A01
201800032439,0,07,000,02,2,6,01,B01
201800032439,0,07,000,00,2,2,15,A01
201800032440,2,33,000,00,2,8,01,B01
201800032440,2,07,000,00,2,1,19,A01
201800032441,1,99,000,00,2,4,02,A01
201800032441,,99,000,00,6,0,00,Z01
201800032442,0,07,000,00,2,7,15,A01
201800032442,0,07,000,08,2,1,01,B01
201800032443,1,07,000,00,1,2,15,A01
201800032444,1,15,000,00,2,3,15,A01
201800032444,2,07,000,00,2,8,08,B01
201800032445,1,10,000,14,0,1,01,A01
201800032446,2,07,000,00,1,3,01,A01
201800032447,2,07,000,00,2,1,01,A01
201800032447,1,07,000,00,2,2,01,B01
201800032448,0,07,000,00,2,3,15,A01
201800032448,1,10,000,00,2,1,01,B01
201800032449,1,99,000,00,2,3,00,Z01
201800032449,1,07,000,00,2,7,17,A01
201800032450,1,07,000,00,1,2,01,A01
201800032450,2,37,063,00,0,0,24,B01
201800032451,0,33,000,13,0,0,01,A01
201800032452,2,02,000,00,2,6,01,A01
201800032452,2,10,000,00,2,3,01,B01
201800032453,1,07,000,00,2,0,00,B01
201800032453,1,07,000,00,2,0,00,A01
201800032454,1,07,000,01,0,1,13,A01
201800032455,0,30,000,00,2,7,00,A01
201800032456,1,14,000,00,1,2,00,A01
201800032457,1,32,000,00,2,0,01,B01
201800032457,2,99,000,00,2,0,15,A01
201800032458,2,10,000,00,2,1,02,A01
201800032458,2,07,000,00,2,4,02,B01
201800032459,1,07,000,00,2,1,02,A01
201800032459,1,07,000,00,2,4,02,B01
201800032460,1,07,000,00,2,1,00,A01
201800032460,1,07,000,00,2,1,01,B01
201800032461,1,37,020,00,1,5,01,A01
201800032462,1,07,000,00,2,3,15,A01
201800032462,2,31,000,00,2,1,01,B01
201800032463,1,07,000,08,0,1,01,A01
201800032464,1,10,000,00,2,1,08,A01
201800032464,1,07,000,00,2,8,19,B01
201800032465,2,10,000,00,2,1,01,A01
201800032465,1,10,000,00,2,1,01,B01
201800032466,1,37,075,00,2,3,01,A01
201800032466,1,01,000,00,2,3,19,B01
201800032467,2,32,000,00,2,1,01,B01
201800032467,1,07,000,00,2,2,15,A01
201800032468,1,07,000,00,1,2,01,A01
201800032469,1,07,000,00,2,3,15,B01
201800032469,2,33,000,00,2,8,01,A01
201800032470,2,07,000,00,1,3,08,Z01
201800032471,1,07,000,00,0,3,01,A01
201800032472,1,01,000,00,2,1,19,A01
201800032472,1,07,000,00,6,1,01,B01
201800032473,2,07,000,00,1,1,15,A01
201800032474,0,10,000,00,2,7,01,B01
201800032474,0,01,000,00,2,1,01,A01
201800032475,2,07,000,14,0,1,15,A01
201800032476,1,07,000,00,1,1,00,A01
201800032477,1,07,000,00,2,2,01,A01
201800032477,1,01,000,09,0,8,16,B01
201800032478,0,30,000,00,2,7,01,A01
201800032478,0,07,000,00,2,1,01,B01
201800032479,1,07,000,00,1,3,01,A01
201800032480,1,07,000,00,1,3,01,A01
201800032481,2,07,000,00,2,3,24,A01
201800032481,2,01,000,00,2,2,01,B01
201800032482,2,07,000,00,1,2,17,A01
201800032483,2,30,000,00,2,5,17,A01
201800032483,2,07,000,00,2,3,15,B01
201800032484,1,01,000,00,2,2,19,A01
201800032484,2,07,000,00,2,3,19,B01
201800032485,2,30,000,00,1,1,01,A01
201800032486,2,07,000,00,1,1,01,A01
201800032487,1,07,000,00,2,5,15,B01
201800032487,0,07,000,00,2,2,01,A01
201800032488,1,33,000,00,2,0,02,A01
201800032489,1,07,000,06,0,1,00,A01
201800032490,2,07,000,00,2,2,01,A01
201800032490,2,32,000,00,2,8,01,B01
201800032491,2,02,000,00,2,8,05,A01
201800032491,1,07,000,00,2,1,02,B01
201800032492,2,07,000,00,2,1,01,B01
201800032492,0,01,000,00,2,8,19,A01
201800032493,1,07,000,00,2,8,15,A01
201800032493,1,07,000,00,2,1,01,B01
201800032494,1,07,000,01,0,2,16,A01
201800032495,1,07,000,00,2,1,15,A01
201800032495,0,07,000,00,2,2,01,B01
201800032496,2,07,000,00,2,1,01,A01
201800032496,1,07,000,02,2,3,01,B01
201800032497,1,07,000,02,0,1,14,A01
201800032498,2,33,000,00,0,0,00,A01
201800032498,0,07,000,00,0,0,00,B01
201800032499,1,07,000,00,2,1,02,A01
201800032499,1,07,000,00,2,4,02,B01
201800032500,2,33,000,00,2,4,01,B01
201800032500,2,07,000,00,2,0,17,Z01
201800032501,1,07,000,00,1,1,00,A01
201800032502,1,34,000,00,1,1,00,Z01
201800032503,2,32,000,00,2,3,01,B01
201800032503,2,07,000,00,2,2,09,A01
201800032504,2,10,000,00,2,3,11,A01
201800032504,2,32,000,00,2,2,02,B01
201800032505,1,10,000,00,2,7,15,A01
201800032505,1,10,000,00,2,1,01,B01
201800032506,0,99,000,00,2,0,00,Z01
201800032506,1,01,000,00,2,0,19,B01
201800032507,0,07,000,00,2,1,13,A01
201800032507,0,07,000,00,2,1,01,B01
201800032508,1,07,000,00,2,4,23,B01
201800032508,1,34,000,00,2,1,02,A01
201800032509,0,10,000,00,2,2,01,A01
201800032509,0,10,000,00,2,4,01,B01
201800032509,0,10,000,00,2,4,01,C01
201800032510,2,99,000,00,2,3,19,A01
201800032510,1,33,000,00,2,1,01,B01
201800032511,2,07,000,00,2,3,01,A01
201800032511,2,07,000,00,2,1,01,Z01
201800032512,1,07,000,00,1,2,15,A01
201800032513,2,07,000,00,2,3,15,B01
201800032513,2,33,000,00,2,1,07,A01
201800032514,1,07,000,14,0,8,13,A01
201800032515,0,07,000,00,2,1,07,B01
201800032515,1,07,000,00,2,2,15,A01
201800032516,2,07,000,00,1,1,01,A01
201800032517,2,07,000,00,1,1,01,A01
201800032518,1,07,000,00,2,2,15,A01
201800032518,2,07,000,00,2,1,02,B01
201800032519,2,30,000,01,2,1,17,A01
201800032519,1,07,000,00,2,6,01,D01
201800032519,1,07,000,00,2,1,01,E01
201800032520,2,07,000,00,2,6,23,A01
201800032520,1,02,000,00,2,1,15,B01
201800032521,2,33,000,00,2,1,15,B01
201800032521,1,07,000,00,2,3,01,A01
201800032522,1,07,000,00,2,1,15,A01
201800032522,2,01,000,00,2,1,01,B01
201800032523,2,07,000,00,1,1,15,A01
201800032524,2,07,000,14,2,1,01,A01
201800032524,1,07,000,00,2,2,01,B01
201800032525,1,07,000,00,2,1,01,A01
201800032525,1,07,000,00,2,5,01,B01
201800032526,1,03,000,00,2,3,15,A01
201800032526,2,31,000,00,2,1,01,B01
201800032527,1,10,000,02,0,1,16,A01
201800032528,2,07,000,00,2,3,09,A01
201800032528,2,07,000,00,2,2,09,B01
201800032529,1,07,000,00,2,1,15,A01
201800032529,2,34,000,00,2,1,01,B01
201800032530,2,07,000,00,2,3,01,A01
201800032530,1,01,000,00,2,1,19,B01
201800032531,2,99,000,00,1,4,00,A01
201800032532,2,30,000,00,2,1,01,A01
201800032532,2,07,000,00,2,4,01,B01
201800032533,0,10,000,00,1,7,01,A01
201800032534,0,07,000,04,0,1,00,A01
201800032535,1,07,000,00,1,3,15,A01
201800032536,1,07,000,00,6,4,23,B01
201800032536,1,32,000,00,2,1,02,A01
201800032537,1,10,000,00,2,8,15,A01
201800032537,0,10,000,00,2,1,01,B01
201800032538,1,07,000,01,1,1,01,A01
201800032539,2,07,000,00,2,2,15,A01
201800032539,1,01,000,00,2,1,00,B01
201800032540,0,10,000,00,2,2,01,A01
201800032540,0,02,000,00,2,7,16,B01
201800032541,2,37,040,00,2,2,07,A01
201800032541,2,07,000,00,2,8,15,B01
201800032542,1,99,000,00,2,1,15,A01
201800032542,2,33,000,00,2,1,17,B01
201800032543,0,30,000,00,0,0,07,A01
201800032544,1,07,000,00,2,8,10,A01
201800032544,1,32,000,00,2,1,02,B01
201800032545,1,03,000,00,1,1,01,A01
201800032546,1,07,000,00,2,3,01,B01
201800032546,2,07,000,00,2,1,01,A01
201800032547,2,07,000,00,2,1,02,A01
201800032547,2,07,000,00,2,1,02,B01
201800032547,2,07,000,00,2,1,02,C01
201800032547,2,07,000,00,0,4,02,D01
201800032548,1,07,000,00,2,2,01,B01
201800032548,2,07,000,00,2,3,01,A01
201800032549,1,07,000,00,1,3,01,A01
201800032550,2,33,000,14,0,1,00,A01
201800032551,1,31,000,00,2,1,05,A01
201800032551,2,01,000,00,2,1,01,B01
201800032552,0,01,000,00,2,1,00,B01
201800032552,1,07,000,00,2,3,15,A01
201800032553,2,01,000,00,2,1,05,B01
201800032553,2,07,000,00,2,3,01,A01
201800032554,2,07,000,00,2,3,09,A01
201800032554,2,02,000,00,2,1,02,B01
201800032555,2,07,000,00,2,1,02,A01
201800032555,2,07,000,00,2,4,03,B01
201800032555,2,07,000,00,2,4,02,C01
201800032556,1,07,000,00,2,2,01,B01
201800032556,1,07,000,00,2,3,15,A01
201800032557,0,07,000,00,2,1,01,A01
201800032557,0,07,000,00,2,1,00,B01
201800032558,1,07,000,06,1,2,01,A01
201800032559,1,07,000,00,2,1,01,A01
201800032559,1,07,000,00,2,1,01,B01
201800032559,1,07,000,00,2,8,15,C01
201800032560,2,33,000,00,2,1,01,A01
201800032560,0,32,000,00,2,0,00,B01
201800032561,0,01,000,00,2,0,19,A01
201800032561,1,10,000,00,2,0,01,B01
201800032562,1,99,000,00,2,0,21,A01
201800032562,1,07,000,00,2,5,21,B01
201800032562,1,07,000,00,2,6,20,C01
201800032563,1,10,000,00,2,6,15,A01
201800032563,1,31,000,00,2,1,02,B01
201800032564,2,31,000,00,2,8,23,A01
201800032564,1,07,000,14,0,0,00,Z01
201800032565,1,07,000,00,2,7,01,A01
201800032565,1,07,000,00,2,1,01,B01
201800032566,2,07,000,00,1,1,07,A01
201800032567,2,07,000,09,1,1,15,A01
201800032568,2,10,000,00,1,1,19,A01
201800032569,1,30,000,05,0,7,14,A01
201800032570,0,07,000,00,2,6,11,A01
201800032570,0,07,000,00,2,2,02,B01
201800032571,1,07,000,00,2,3,15,A01
201800032571,2,33,000,00,2,1,17,B01
201800032572,2,07,000,00,2,2,17,A01
201800032572,2,01,000,00,2,4,15,B01
201800032573,2,10,000,00,1,1,19,A01
201800032574,1,07,000,00,1,2,01,A01
201800032575,1,07,000,00,1,3,01,A01
201800032576,1,07,000,00,2,1,01,A01
201800032576,0,01,000,00,2,0,00,B01
201800032577,2,07,000,06,1,1,13,A01
201800032578,1,07,000,00,1,3,01,A01
201800032579,2,07,000,00,1,1,01,A01
201800032580,2,07,000,00,2,1,15,A01
201800032580,1,31,000,00,2,3,01,B01
201800032581,1,03,000,00,0,8,15,A01
201800032581,1,33,000,00,0,2,17,B01
201800032582,0,01,000,00,2,8,01,B01
201800032582,0,07,000,00,2,1,15,A01
201800032583,1,07,000,02,0,1,14,A01
201800032584,2,10,000,01,1,3,19,A01
201800032585,2,07,000,00,1,3,01,A01
201800032586,2,07,000,00,6,2,01,A01
201800032586,0,01,000,00,2,4,19,B01
201800032587,1,07,000,00,1,1,01,A01
201800032588,0,10,000,00,2,1,09,A01
201800032588,0,07,000,00,2,2,01,B01
201800032589,2,30,000,00,2,1,01,B01
201800032589,1,99,000,00,2,2,15,A01
201800032590,0,01,000,00,2,5,15,B01
201800032590,1,10,000,00,2,3,16,A01
201800032591,0,30,000,00,1,3,01,A01
201800032592,2,34,000,08,0,3,02,B01
201800032592,2,07,000,00,2,2,12,A01
201800032593,1,10,000,00,1,0,00,A01
201800032594,0,07,000,00,2,1,00,A01
201800032594,0,07,000,00,2,0,00,B01
201800032595,1,33,000,00,2,7,01,A01
201800032595,2,07,000,00,2,1,15,B01
201800032596,1,03,000,00,1,2,19,A01
201800032597,2,10,000,00,1,2,00,A01
201800032598,1,17,000,00,2,2,16,A01
201800032598,1,10,000,00,2,3,02,B01
201800032599,2,01,000,00,2,1,01,B01
201800032599,2,07,000,00,0,4,16,A01
201800032600,2,07,000,00,1,2,01,A01
201800032601,1,07,000,00,2,7,01,A01
201800032601,1,31,000,00,2,4,23,B01
201800032602,2,10,000,00,2,5,15,A01
201800032602,1,33,000,00,2,1,03,B01
201800032603,1,07,000,15,2,2,01,A01
201800032603,0,07,000,15,2,3,01,B01
201800032604,1,07,000,00,1,1,01,A01
201800032605,2,07,000,00,1,1,02,A01
201800032606,0,30,000,00,0,0,01,A01
201800032607,2,10,000,00,2,2,16,B01
201800032607,2,31,000,00,2,1,08,A01
201800032608,1,07,000,00,2,1,05,A01
201800032608,2,07,000,00,2,1,01,B01
201800032609,2,07,000,00,2,7,23,A01
201800032609,0,01,000,00,2,0,00,B01
201800032610,1,07,000,00,2,0,00,A01
201800032610,1,07,000,00,0,0,00,B01
201800032611,2,32,000,01,0,0,02,A01
201800032612,2,07,000,00,1,1,07,A01
201800032613,0,07,000,00,1,1,01,A01
201800032614,1,07,000,00,1,1,01,A01
201800032615,1,30,000,00,0,7,00,A01
201800032616,1,07,000,00,1,0,15,A01
201800032617,1,07,000,00,2,1,15,A01
201800032617,2,02,000,00,2,1,01,B01
201800032618,0,07,000,00,2,5,02,B01
201800032618,0,07,000,00,2,3,02,A01
201800032619,2,10,000,00,2,2,10,A01
201800032619,2,10,000,01,2,3,01,B01
201800032620,0,07,000,00,2,1,01,B01
201800032620,0,07,000,00,2,1,01,A01
201800032621,2,07,000,00,2,1,02,A01
201800032621,2,37,001,00,2,0,23,B01
201800032622,1,07,000,14,0,4,24,B01
201800032622,1,07,000,00,2,2,00,A01
201800032623,2,07,000,00,2,1,21,B01
201800032623,1,07,000,00,2,1,05,A01
201800032624,1,07,000,00,1,1,01,A01
201800032625,1,10,000,00,2,6,01,A01
201800032625,2,33,000,00,2,1,01,B01
201800032626,1,07,000,00,1,3,01,A01
201800032627,1,07,000,00,2,3,01,B01
201800032627,2,07,000,00,2,3,15,A01
201800032628,1,07,000,00,2,3,15,B01
201800032628,2,10,000,01,2,3,17,A01
201800032629,0,07,000,00,2,1,01,A01
201800032629,0,07,000,00,2,7,01,B01
201800032630,0,07,000,00,1,1,01,A01
201800032631,1,02,000,00,2,0,01,B01
201800032631,2,07,000,00,2,1,15,A01
201800032632,2,37,010,12,0,2,13,A01
201800032633,1,03,000,00,2,1,00,B01
201800032633,1,07,000,00,2,6,09,A01
201800032634,2,33,000,00,2,2,17,A01
201800032634,2,07,000,00,2,3,15,B01
201800032635,1,02,000,01,0,4,09,A01
201800032635,1,07,000,00,2,1,01,Z01
201800032636,0,07,000,00,1,1,16,A01
201800032637,1,02,000,00,2,3,01,A01
201800032637,1,07,000,00,2,3,01,B01
201800032638,0,99,000,00,1,1,01,Z01
201800032639,0,07,000,01,1,3,01,A01
201800032640,2,10,000,00,1,1,01,A01
201800032641,0,10,000,01,1,4,04,A01
201800032642,2,07,000,00,2,2,16,A01
201800032642,1,01,000,00,2,1,01,B01
201800032643,0,10,000,00,2,4,01,B01
201800032643,0,07,000,00,2,1,00,A01
201800032644,1,07,000,01,1,2,00,A01
201800032645,1,07,000,00,2,7,01,B01
201800032645,1,07,000,00,2,1,09,A01
201800032646,0,07,000,00,2,3,16,A01
201800032646,0,07,000,00,2,2,01,B01
201800032647,2,32,000,00,2,1,18,A01
201800032647,1,07,000,00,2,2,15,B01
201800032648,0,07,000,12,0,6,23,A01
201800032648,0,07,000,00,2,1,12,B01
201800032649,0,03,000,00,1,1,01,A01
201800032650,2,07,000,00,1,2,01,A01
201800032651,1,10,000,00,2,3,00,B01
201800032651,1,07,000,00,2,8,13,A01
201800032652,1,07,000,00,2,5,15,A01
201800032652,2,33,000,00,2,1,01,B01
201800032653,2,07,000,00,1,7,01,A01
201800032654,1,07,000,00,1,3,15,A01
201800032655,1,07,000,00,2,1,05,A01
201800032655,1,10,000,00,2,3,01,B01
201800032656,0,10,000,00,2,1,17,A01
201800032656,0,07,000,00,2,3,01,B01
201800032657,1,10,000,00,1,3,15,A01
201800032658,2,07,000,09,0,2,00,A01
201800032659,2,07,000,00,0,1,00,A01
201800032659,2,07,000,00,0,4,00,B01
201800032660,0,07,000,00,2,2,15,A01
201800032660,0,07,000,00,2,1,01,B01
201800032661,0,99,000,00,2,8,15,Z01
201800032661,1,07,000,00,2,0,00,A01
201800032662,2,33,000,00,2,1,17,B01
201800032662,1,07,000,00,2,1,15,A01
201800032663,1,10,000,00,1,1,15,A01
201800032663,2,10,000,01,2,3,01,B01
201800032664,1,02,000,11,0,1,01,A01
201800032665,2,03,000,15,0,1,01,A01
201800032666,1,10,000,00,2,1,13,A01
201800032666,1,10,000,00,2,5,15,B01
201800032666,2,10,000,00,2,2,00,C01
201800032667,1,07,000,00,0,4,23,A01
201800032667,1,07,000,00,2,9,02,B01
201800032667,1,07,000,00,2,1,01,C01
201800032668,1,07,000,12,0,2,14,A01
201800032669,2,07,000,00,1,2,15,A01
201800032670,0,07,000,00,0,1,02,A01
201800032670,0,07,000,00,0,4,02,B01
201800032670,0,07,000,00,0,4,02,C01
201800032671,0,07,000,13,0,2,14,A01
201800032672,1,07,000,00,1,3,00,A01
201800032673,1,07,000,00,2,2,01,B01
201800032673,1,07,000,00,2,3,09,A01
201800032674,0,07,000,00,2,7,01,B01
201800032674,0,07,000,00,2,1,01,A01
201800032675,1,03,000,00,1,2,16,A01
201800032676,0,07,000,08,0,2,01,A01
201800032677,0,07,000,00,2,1,01,A01
201800032677,0,07,000,00,2,1,05,B01
201800032678,1,07,000,00,2,3,05,A01
201800032678,2,07,000,00,2,3,01,B01
201800032679,1,07,000,00,9,3,01,A01
201800032679,2,01,000,00,2,1,05,B01
201800032680,1,07,000,00,1,4,04,A01
201800032681,1,14,000,00,2,2,01,A01
201800032681,2,07,000,00,2,1,13,B01
201800032682,1,33,000,00,0,7,01,A01
201800032683,2,07,000,14,1,2,01,A01
201800032684,2,07,000,00,2,1,21,B01
201800032684,1,10,000,00,2,3,13,A01
201800032685,2,07,000,08,0,1,00,A01
201800032686,1,07,000,14,2,7,21,C01
201800032686,2,17,000,00,2,2,01,B01
201800032686,1,07,000,00,2,3,15,A01
201800032687,0,03,000,02,0,1,01,A01
201800032688,1,07,000,02,0,1,02,A01
201800032689,2,07,000,02,0,3,00,A01
201800032690,2,07,000,16,9,1,01,A01
201800032691,1,07,000,13,0,9,14,A01
201800032692,0,07,000,00,9,1,09,A01
201800032692,0,01,000,00,2,4,09,B01
201800032693,2,07,000,00,2,1,01,B01
201800032693,1,07,000,00,2,1,15,A01
201800032694,2,15,000,00,2,0,01,A01
201800032694,1,15,000,00,2,1,13,B01
201800032694,2,07,000,00,0,1,01,C01
201800032694,2,10,000,00,2,1,01,D01
201800032695,2,39,001,00,0,8,01,B01
201800032695,1,07,000,00,4,1,01,A01
201800032696,2,07,000,00,2,7,10,A01
201800032696,1,07,000,00,2,1,01,B01
201800032697,0,02,000,00,2,1,01,B01
201800032697,0,10,000,00,0,8,10,A01
201800032698,1,15,000,00,2,3,15,A01
201800032698,2,02,000,00,2,1,01,B01
201800032699,1,07,000,16,0,3,13,A01
201800032700,2,07,000,01,0,1,14,A01
201800032701,0,07,000,00,1,1,15,A01
201800032702,2,07,000,00,2,4,02,C01
201800032702,2,14,000,00,0,1,02,A01
201800032702,2,15,000,00,0,4,02,B01
201800032703,1,33,000,00,2,1,01,A01
201800032703,2,07,000,00,9,7,15,B01
201800032704,2,07,000,00,2,1,01,B01
201800032704,2,07,000,00,2,3,01,A01
201800032705,2,07,000,00,2,6,11,B01
201800032705,2,33,000,00,2,6,11,A01
201800032706,2,07,000,00,2,1,13,B01
201800032706,2,07,000,00,2,1,13,A01
201800032707,1,07,000,07,0,0,01,A01
201800032708,1,33,000,00,0,9,21,A01
201800032709,2,15,000,07,0,0,01,A01