Num_Acc,senc,catv,occutc,obs,obsm,choc,manv,num_veh
201800033480,1,07,000,00,2,0,00,B01
201800033480,2,32,000,00,2,1,17,A01
201800033481,1,01,000,00,2,0,00,B01
201800033481,1,07,000,00,6,1,16,A01
201800033482,1,07,000,00,2,3,02,A01
201800033482,1,07,000,00,2,5,01,B01
201800033483,0,07,000,00,2,1,19,B01
201800033483,2,07,000,00,2,3,00,A01
201800033484,2,10,000,12,1,2,14,A01
201800033485,1,33,000,00,0,8,00,A01
201800033486,1,07,000,00,2,0,00,B01
201800033486,1,33,000,00,2,0,00,A01
201800033487,1,07,000,00,2,4,00,C01
201800033487,1,10,000,00,2,1,00,A01
201800033487,1,07,000,00,2,4,00,B01
201800033488,1,07,000,14,0,8,13,A01
201800033489,0,07,000,00,2,4,02,C01
201800033489,0,07,000,00,2,4,02,B01
201800033489,0,07,000,00,2,1,01,A01
201800033490,1,02,000,02,0,0,13,A01
201800033491,1,02,000,12,0,7,16,A01
201800033492,1,01,000,00,2,8,19,B01
201800033492,2,15,000,00,2,6,15,A01
201800033493,2,07,000,00,2,5,17,B01
201800033493,2,30,000,00,2,8,02,A01
201800033494,2,07,000,00,2,3,02,B01
201800033494,2,07,000,00,2,5,02,A01
201800033495,2,30,000,00,0,0,01,A01
201800033496,1,32,000,00,2,1,00,B01
201800033496,1,07,000,00,2,2,15,A01
201800033497,0,07,000,13,0,1,00,A01
201800033498,1,17,000,01,0,7,21,A01
201800033498,1,01,000,00,2,8,00,B01
201800033499,1,07,000,00,2,1,15,A01
201800033499,1,01,000,00,2,1,02,B01
201800033500,1,01,000,00,2,1,00,A01
201800033500,1,07,000,00,0,4,00,B01
201800033501,2,01,000,00,0,8,01,A01
201800033502,0,01,000,00,0,1,01,A01
201800033503,0,07,000,00,2,1,01,A01
201800033503,0,07,000,00,2,4,01,B01
201800033503,0,07,000,00,6,4,01,C01
201800033504,1,07,000,00,2,1,00,A01
201800033504,1,07,000,00,2,4,01,B01
201800033505,0,02,000,00,1,1,01,A01
201800033506,2,32,000,00,2,4,01,A01
201800033506,2,32,000,00,2,1,01,B01
201800033507,0,07,000,00,2,5,02,B01
201800033507,0,30,000,00,2,1,16,A01
201800033508,2,07,000,00,2,3,15,A01
201800033508,2,01,000,00,2,1,01,B01
201800033509,0,33,000,00,2,2,01,A01
201800033509,0,07,000,00,2,1,15,B01
201800033510,1,36,000,01,0,7,02,A01
201800033510,1,07,000,01,2,8,02,B01
201800033511,0,07,000,00,1,1,01,A01
201800033512,1,02,000,00,0,7,15,A01
201800033513,0,31,000,01,0,7,01,B01
201800033513,0,07,000,00,2,6,23,A01
201800033514,1,07,000,00,1,0,15,Z01
201800033515,1,07,000,00,2,3,15,A01
201800033515,1,31,000,00,2,1,17,B01
201800033516,1,07,000,00,2,8,00,B01
201800033516,1,07,000,00,2,8,13,A01
201800033517,0,07,000,00,2,2,15,A01
201800033517,0,33,000,00,2,3,01,B01
201800033518,0,07,000,00,2,7,15,A01
201800033518,1,07,000,00,2,3,09,B01
201800033519,2,10,000,00,2,1,19,A01
201800033519,2,01,000,00,2,8,19,B01
201800033520,2,02,000,00,2,8,02,B01
201800033520,2,07,000,00,2,5,02,A01
201800033521,1,99,000,00,2,1,19,B01
201800033521,1,07,000,00,2,3,00,A01
201800033522,1,07,000,00,2,1,11,A01
201800033522,0,01,000,00,2,1,01,B01
201800033523,2,01,000,00,2,1,01,B01
201800033523,1,10,000,00,2,2,09,A01
201800033524,1,07,000,15,1,1,15,B01
201800033525,0,07,000,01,2,0,01,A01
201800033525,0,07,000,00,2,3,15,B01
201800033526,1,07,000,00,2,1,01,B01
201800033526,2,07,000,01,0,1,08,A01
201800033527,0,07,000,00,1,1,00,A01
201800033528,0,07,000,00,2,4,16,A01
201800033528,0,07,000,00,2,1,01,B01
201800033529,1,02,000,00,2,7,17,B01
201800033529,1,07,000,00,2,8,15,A01
201800033530,2,30,000,00,2,1,17,A01
201800033530,1,07,000,00,2,8,19,B01
201800033531,1,07,000,00,2,8,17,A01
201800033531,2,07,000,00,2,3,02,B01
201800033531,1,07,000,00,2,6,02,C01
201800033532,0,07,000,00,2,2,16,A01
201800033532,0,01,000,00,2,8,02,B01
201800033533,2,15,000,00,2,4,23,A01
201800033533,2,07,000,00,2,1,02,B01
201800033534,2,32,000,00,0,2,16,A01
201800033535,1,32,000,00,2,0,03,B01
201800033535,1,07,000,00,2,3,10,A01
201800033536,1,99,000,01,0,2,14,A01
201800033537,0,07,000,00,1,0,02,A01
201800033538,2,07,000,00,1,7,01,A01
201800033539,1,07,000,00,1,2,01,A01
201800033540,2,38,050,00,2,1,01,D01
201800033540,1,07,000,00,2,5,01,C01
201800033540,1,07,000,03,2,9,01,B01
201800033540,1,07,000,00,2,1,00,A01
201800033541,1,31,000,01,0,7,21,A01
201800033542,1,33,000,12,2,1,14,A01
201800033543,0,33,000,00,2,1,13,A01
201800033543,0,07,000,00,2,3,19,B01
201800033544,0,07,000,00,2,1,09,A01
201800033544,0,07,000,00,2,8,01,B01
201800033545,2,07,000,08,0,1,20,A01
201800033546,2,07,000,00,1,1,01,A01
201800033547,2,32,000,00,2,1,17,A01
201800033547,2,21,000,00,2,6,02,B01
201800033548,1,01,000,00,2,1,00,B01
201800033548,0,13,000,00,2,7,16,A01
201800033549,2,33,000,00,2,1,17,B01
201800033549,1,07,000,00,2,3,15,A01
201800033550,2,02,000,00,2,1,09,B01
201800033550,1,07,000,00,2,6,01,A01
201800033551,0,99,000,00,2,1,00,B01
201800033551,0,07,000,00,6,3,00,A01
201800033552,2,07,000,00,1,3,15,A01
201800033553,2,30,000,00,1,1,01,A01
201800033554,2,31,000,00,2,7,17,B01
201800033554,2,07,000,00,2,8,15,A01
201800033555,2,33,000,06,0,0,01,A01
201800033556,1,30,000,00,2,7,17,B01
201800033556,2,07,000,00,2,2,15,A01
201800033557,1,30,000,00,0,0,00,B01
201800033557,1,07,000,00,2,3,15,A01
201800033558,1,07,000,00,2,1,01,B01
201800033558,1,07,000,00,2,4,01,A01
201800033559,1,33,000,00,2,1,00,B01
201800033559,1,07,000,00,2,8,15,A01
201800033560,2,07,000,00,1,0,19,A01
201800033561,0,07,000,00,2,3,15,A01
201800033561,0,31,000,00,2,2,01,B01
201800033562,1,07,000,00,1,1,16,Z01
201800033563,1,07,000,00,2,6,10,A01
201800033563,1,07,000,00,2,0,00,B01
201800033564,2,02,000,00,2,1,17,B01
201800033564,1,07,000,00,2,3,09,A01
201800033565,0,07,000,00,2,1,01,A01
201800033565,1,07,000,00,2,4,23,C01
201800033565,1,07,000,00,2,4,23,B01
201800033566,0,07,000,00,2,7,09,A01
201800033566,0,32,000,00,2,7,01,B01
201800033567,1,30,000,00,0,8,00,A01
201800033568,1,01,000,12,0,1,00,A01
201800033569,1,07,000,00,2,3,15,A01
201800033569,1,30,000,00,2,5,15,B01
201800033570,2,07,000,00,1,1,09,A01
201800033571,1,07,000,06,0,1,00,A01
201800033572,0,07,000,00,2,4,01,A01
201800033572,0,07,000,00,2,1,01,B01
201800033573,2,10,000,00,1,1,01,A01
201800033574,1,32,000,00,2,3,01,B01
201800033574,1,07,000,00,2,3,15,A01
201800033575,1,07,000,00,1,7,00,A01
201800033576,0,07,000,00,2,4,01,A01
201800033576,0,02,000,00,2,1,01,B01
201800033577,2,07,000,00,2,3,01,B01
201800033577,1,30,000,00,2,1,13,A01
201800033578,0,07,000,00,2,1,15,A01
201800033578,0,32,000,00,2,8,01,B01
201800033579,1,07,000,00,2,5,15,A01
201800033579,2,02,000,00,2,1,01,B01
201800033580,1,30,000,00,0,7,00,A01
201800033581,1,07,000,00,2,3,15,A01
201800033581,2,32,000,00,2,1,01,B01
201800033582,0,07,000,00,2,1,02,A01
201800033582,0,07,000,00,2,4,02,B01
201800033582,0,07,000,00,2,4,02,C01
201800033583,0,07,000,00,2,2,01,B01
201800033583,0,07,000,00,2,2,16,A01
201800033584,0,33,000,00,2,1,00,A01
201800033584,0,07,000,00,2,1,00,B01
201800033585,0,01,000,00,0,0,15,A01
201800033586,0,33,000,00,2,0,15,A01
201800033587,1,07,000,00,2,3,10,A01
201800033587,1,31,000,00,2,1,17,B01
201800033588,2,07,000,00,1,0,02,Z01
201800033589,1,07,000,00,2,3,16,B01
201800033589,1,07,000,00,2,7,15,A01
201800033590,2,32,000,00,2,8,02,B01
201800033590,1,07,000,00,2,1,10,A01
201800033591,1,07,000,00,0,0,00,A01
201800033591,1,34,000,00,2,0,00,B01
201800033592,0,30,000,00,2,7,01,A01
201800033592,0,07,000,00,2,8,16,B01
201800033593,1,07,000,00,2,6,02,B01
201800033593,1,07,000,00,2,3,02,A01
201800033594,0,01,000,00,0,2,01,A01
201800033595,0,01,000,00,2,8,19,B01
201800033595,0,07,000,00,2,8,15,A01
201800033596,0,32,000,00,0,0,02,A01
201800033597,2,14,000,00,1,2,16,A01
201800033598,0,07,000,00,2,1,19,A01
201800033598,0,07,000,00,2,8,02,B01
201800033599,0,07,000,00,1,2,01,A01
201800033600,0,07,000,00,2,5,15,B01
201800033600,0,07,000,00,2,3,01,A01
201800033601,2,07,000,00,1,2,15,A01
201800033602,0,07,000,04,0,1,01,A01
201800033603,1,07,000,00,2,0,00,B01
201800033603,1,30,000,00,2,1,17,A01
201800033604,0,33,000,00,0,0,00,A01
201800033605,0,07,000,00,2,3,01,B01
201800033605,0,33,000,00,2,1,01,A01
201800033606,0,33,000,00,2,1,13,A01
201800033606,0,07,000,00,2,1,01,B01
201800033607,1,01,000,00,2,1,01,B01
201800033607,2,07,000,00,2,2,15,A01
201800033608,1,07,000,00,2,3,01,B01
201800033608,1,07,000,00,2,1,01,C01
201800033608,2,07,000,00,2,1,01,A01
201800033609,0,07,000,06,0,3,01,A01
201800033610,1,07,000,00,1,3,01,A01
201800033611,0,07,000,01,0,1,01,A01
201800033611,0,07,000,00,2,8,24,B01
201800033612,1,07,000,00,2,3,13,A01
201800033612,2,07,000,00,2,3,01,B01
201800033613,0,33,000,06,0,1,21,A01
201800033614,2,07,000,00,2,2,02,A01
201800033614,2,07,000,13,0,4,01,B01
201800033615,2,07,000,00,9,2,01,A01
201800033615,2,01,000,00,2,4,01,B01
201800033615,2,01,000,00,2,0,01,C01
201800033616,1,07,000,13,0,1,00,A01
201800033617,0,07,000,08,0,1,00,A01
201800033618,1,33,000,00,2,3,02,A01
201800033618,1,07,000,00,2,5,01,B01
201800033619,1,02,000,00,2,7,01,A01
201800033619,1,07,000,00,2,1,15,B01
201800033620,2,07,000,00,2,1,13,A01
201800033620,1,07,000,00,2,0,01,B01
201800033621,2,07,000,00,2,1,05,A01
201800033621,1,07,000,00,2,1,01,B01
201800033622,1,07,000,02,0,1,21,A01
201800033623,1,07,000,00,2,6,02,B01
201800033623,1,31,000,00,2,1,02,A01
201800033624,1,07,000,05,2,1,13,B01
201800033624,2,07,000,00,2,1,13,A01
201800033625,0,02,000,00,2,1,01,A01
201800033625,0,38,001,00,2,2,15,B01
201800033626,2,07,000,00,2,7,15,B01
201800033626,1,30,000,00,2,2,01,A01
201800033627,1,33,000,00,2,1,01,B01
201800033627,1,07,000,00,2,3,15,A01
201800033628,1,07,000,00,2,6,10,B01
201800033628,1,02,000,00,2,2,17,A01
201800033629,1,07,000,00,2,1,01,C01
201800033629,2,07,000,00,2,1,13,A01
201800033629,1,07,000,00,2,2,01,B01
201800033630,1,10,000,00,2,3,15,A01
201800033630,1,33,000,00,2,1,17,B01
201800033631,2,02,000,00,2,2,00,B01
201800033631,1,07,000,00,2,2,15,A01
201800033632,1,07,000,00,2,0,15,B01
201800033632,1,07,000,15,1,1,21,A01
201800033633,0,07,000,00,2,3,09,A01
201800033633,0,34,000,00,2,1,03,B01
201800033634,1,07,000,00,2,1,17,A01
201800033634,1,07,000,00,2,0,01,B01
201800033634,2,07,000,00,2,1,01,C01
201800033635,1,10,000,00,2,1,02,A01
201800033635,1,07,000,00,2,4,02,B01
201800033635,1,07,000,00,2,4,01,C01
201800033636,1,07,000,00,1,2,01,A01
201800033637,1,07,000,00,2,2,01,A01
201800033637,1,01,000,00,2,8,19,B01
201800033638,1,07,000,00,1,1,01,A01
201800033639,1,07,000,00,2,2,01,B01
201800033639,1,01,000,00,2,0,15,A01
201800033640,0,07,000,00,2,3,13,A01
201800033640,0,07,000,00,2,1,01,B01
201800033641,0,07,000,00,2,8,01,B01
201800033641,0,07,000,00,6,2,15,A01
201800033641,0,01,000,00,2,1,01,C01
201800033642,1,33,000,00,2,1,01,B01
201800033642,1,07,000,00,2,3,00,A01
201800033643,2,33,000,16,0,1,02,A01
201800033644,1,07,000,00,2,1,13,A01
201800033644,2,07,000,00,2,1,00,B01
201800033645,1,07,000,00,1,3,01,A01
201800033645,1,07,000,00,1,6,23,B01
201800033645,2,07,000,00,0,0,00,C01
201800033646,0,31,000,00,2,1,19,A01
201800033646,0,07,000,00,2,7,00,B01
201800033647,1,07,000,00,2,2,19,A01
201800033647,1,01,000,00,2,1,01,B01
201800033648,1,33,000,00,2,1,01,B01
201800033648,1,07,000,00,2,3,15,A01
201800033649,2,07,000,00,2,3,15,A01
201800033649,2,07,000,00,2,2,17,B01
201800033650,2,01,000,10,0,1,19,A01
201800033651,1,07,000,00,2,3,13,A01
201800033651,2,07,000,00,2,3,01,B01
201800033652,2,33,000,00,2,1,05,B01
201800033652,2,10,000,00,2,5,15,A01
201800033653,1,07,000,13,0,3,00,A01
201800033654,1,21,000,00,0,1,01,A01
201800033655,0,07,000,00,2,3,15,A01
201800033655,2,07,000,00,2,1,01,B01
201800033656,1,31,000,00,0,1,01,A01
201800033657,2,37,004,00,2,8,01,C01
201800033657,1,07,000,00,2,4,15,B01
201800033657,1,10,000,00,2,3,02,A01
201800033658,1,07,000,02,2,8,21,B01
201800033658,2,07,000,13,2,3,13,A01
201800033659,2,07,000,00,2,3,13,A01
201800033659,1,07,000,00,2,3,01,B01
201800033660,2,33,000,00,2,4,01,B01
201800033660,2,33,000,00,2,2,17,A01
201800033661,2,33,000,14,0,1,00,A01
201800033662,2,07,000,00,1,1,15,A01
201800033663,2,07,000,02,0,3,13,A01
201800033664,1,31,000,00,2,1,01,B01
201800033664,1,07,000,00,2,7,10,A01
201800033665,2,07,000,09,0,1,16,A01
201800033666,2,07,000,00,1,1,19,A01
201800033667,2,07,000,00,1,0,01,A01
201800033668,1,07,000,08,0,3,01,A01
201800033669,1,07,000,13,0,1,13,A01
201800033670,1,07,000,00,2,1,15,A01
201800033670,2,31,000,00,2,8,01,B01
201800033671,1,07,000,00,1,1,15,A01
201800033672,0,99,000,00,2,0,00,R01
201800033672,1,07,000,00,2,2,02,A01
201800033673,1,07,000,00,2,1,01,B01
201800033673,1,07,000,00,2,3,15,A01
201800033674,0,07,000,00,2,2,15,B01
201800033674,0,33,000,00,2,1,01,A01
201800033675,2,31,000,00,2,1,02,A01
201800033675,2,07,000,00,2,4,23,C01
201800033675,2,07,000,00,2,4,23,B01
201800033676,0,02,000,10,0,1,00,A01
201800033677,2,07,000,00,1,2,01,A01
201800033678,2,30,000,00,2,1,00,A01
201800033678,1,30,000,00,2,1,00,B01
201800033679,0,07,000,00,2,3,15,A01
201800033679,0,02,000,01,2,7,00,B01
201800033680,2,07,000,00,2,3,01,B01
201800033680,2,07,000,00,2,3,13,A01
201800033681,2,07,000,00,2,4,02,C01
201800033681,2,07,000,00,2,1,02,A01
201800033681,2,07,000,00,2,4,02,B01
201800033682,1,03,000,00,1,1,16,A01
201800033683,2,07,000,00,2,1,01,B01
201800033683,1,02,000,00,2,1,13,A01
201800033684,2,07,000,00,2,1,15,A01
201800033684,1,31,000,00,2,1,01,B01
201800033685,0,07,000,00,2,7,20,A01
201800033685,0,33,000,00,2,1,01,B01
201800033686,1,10,000,00,2,1,13,A01
201800033686,2,07,000,00,2,1,01,B01
201800033687,1,07,000,09,0,1,14,A01
201800033688,1,07,000,00,1,1,01,A01
201800033689,0,10,000,00,2,8,23,A01
201800033689,0,07,000,00,2,1,01,B01
201800033690,0,02,000,00,2,1,01,B01
201800033690,0,07,000,00,2,2,19,A01
201800033691,2,33,000,00,2,1,15,B01
201800033691,1,07,000,00,2,8,19,A01
201800033692,2,07,000,00,6,5,15,B01
201800033692,1,01,000,00,2,1,01,A01
201800033693,2,10,000,00,2,0,00,B01
201800033693,1,07,000,00,2,1,01,A01
201800033694,1,07,000,00,2,3,01,B01
201800033694,2,01,000,00,2,8,05,A01
201800033695,1,33,000,00,2,1,17,B01
201800033695,1,07,000,00,2,6,17,A01
201800033696,2,01,000,06,2,1,01,B01
201800033696,1,07,000,00,2,3,19,A01
201800033697,2,07,000,00,2,8,10,A01
201800033697,2,33,000,00,2,7,01,B01
201800033698,1,02,000,00,2,0,00,B01
201800033698,2,07,000,00,2,3,10,A01
201800033699,2,07,000,00,2,1,16,A01
201800033699,0,07,000,00,2,0,00,B01
201800033700,1,33,000,00,2,1,01,B01
201800033700,2,07,000,00,2,5,15,A01
201800033701,2,07,000,00,2,4,23,A01
201800033701,2,07,000,00,2,1,02,B01
201800033701,2,07,000,00,2,1,02,C01
201800033702,2,07,000,00,1,1,01,A01
201800033703,0,07,000,00,1,1,01,A01
201800033704,2,30,000,00,0,1,01,A01
201800033705,0,32,000,00,2,1,01,B01
201800033705,0,07,000,00,2,3,13,A01
201800033706,1,07,000,08,0,1,00,A01
201800033707,0,07,000,00,2,4,23,B01
201800033707,0,07,000,00,2,1,01,A01
201800033708,2,07,000,00,1,1,01,Z01
201800033709,2,07,000,00,2,8,02,A01
201800033709,2,07,000,00,2,6,02,B01
201800033710,0,07,000,00,2,1,01,A01
201800033710,0,02,000,00,2,1,01,B01
201800033711,1,30,000,16,0,0,01,A01
201800033712,0,07,000,00,1,1,01,A01
201800033713,0,07,000,00,1,2,01,A01
201800033714,0,07,000,01,2,1,01,A01
201800033714,0,14,000,00,2,1,01,B01
201800033715,0,02,000,00,1,1,01,A01
201800033716,0,07,000,00,2,1,05,A01
201800033716,0,07,000,00,2,1,01,B01
201800033717,0,07,000,09,0,1,13,A01
201800033718,2,07,000,00,1,1,15,A01
201800033719,2,30,000,14,0,1,00,A01
201800033720,1,07,000,00,1,1,01,Z01
201800033721,0,07,000,08,2,3,01,B01
201800033721,0,07,000,14,0,1,01,A01
201800033722,0,34,000,00,2,8,01,B01
201800033722,0,07,000,00,2,7,12,A01
201800033723,0,07,000,00,1,2,01,A01
201800033724,0,99,000,00,2,0,00,R01
201800033724,1,07,000,00,2,1,01,A01
201800033725,0,07,000,01,0,1,13,A01
201800033726,0,07,000,00,2,3,01,B01
201800033726,0,07,000,00,2,3,05,A01
201800033727,2,07,000,00,2,1,02,A01
201800033727,2,07,000,00,2,4,02,B01
201800033728,1,07,000,04,0,1,01,A01
201800033729,2,07,000,00,2,8,15,B01
201800033729,2,33,000,00,2,1,17,A01
201800033730,0,07,000,00,1,2,01,A01
201800033731,2,07,000,00,2,1,02,A01
201800033731,2,07,000,00,2,4,02,B01
201800033732,0,07,000,00,1,1,01,Z01
201800033733,0,07,000,00,2,1,01,A01
201800033733,0,07,000,00,2,1,01,B01
201800033734,1,15,000,00,2,7,15,A01
201800033734,1,37,001,00,2,1,01,B01
201800033735,1,07,000,00,2,1,01,B01
201800033735,2,07,000,00,2,7,15,A01
201800033735,2,37,001,00,2,8,01,C01
201800033736,2,01,000,00,2,1,01,B01
201800033736,1,07,000,00,2,1,01,Z01
201800033737,2,33,000,16,0,8,01,A01
201800033738,1,07,000,00,1,3,15,A01
201800033739,1,07,000,06,0,1,14,A01
201800033740,2,07,000,00,2,4,02,B01
201800033740,2,07,000,00,2,1,02,A01
201800033741,1,30,000,12,0,1,01,A01
201800033742,1,07,000,00,2,1,01,C01
201800033742,1,10,000,00,2,1,17,B01
201800033742,1,07,000,00,2,1,05,A01
201800033743,0,02,000,01,2,1,01,B01
201800033743,0,07,000,00,2,7,10,A01
201800033744,0,07,000,08,0,7,13,A01
201800033745,0,10,000,00,2,2,01,A01
201800033745,0,33,000,00,2,8,01,B01
201800033746,1,07,000,00,2,3,19,A01
201800033746,1,07,000,00,2,1,01,B01
201800033747,1,07,000,00,2,5,00,A01
201800033747,2,07,000,00,2,1,00,B01
201800033748,1,07,000,00,2,6,01,B01
201800033748,2,07,000,00,2,1,01,A01
201800033749,0,30,000,00,0,0,00,A01
201800033750,1,07,000,00,2,7,01,A01
201800033750,1,07,000,00,2,1,01,B01
201800033751,1,07,000,00,2,8,01,B01
201800033751,1,07,000,00,2,1,01,A01
201800033752,1,07,000,00,1,1,01,A01
201800033753,,99,000,00,0,0,00,A01
201800033754,1,33,000,00,2,6,01,B01
201800033754,1,07,000,00,2,2,12,A01
201800033755,1,07,000,00,2,1,02,A01
201800033755,1,07,000,00,2,4,02,C01
201800033755,1,07,000,00,2,4,01,B01
201800033756,1,07,000,04,0,9,01,A01
201800033757,0,07,000,00,2,1,00,A01
201800033757,0,07,000,00,2,8,00,B01
201800033758,0,07,000,00,2,4,23,B01
201800033758,0,01,000,00,2,1,01,A01
201800033759,2,07,000,00,2,1,19,A01
201800033759,1,33,000,00,2,7,01,B01
201800033760,0,01,000,00,2,1,19,A01
201800033760,0,07,000,00,2,1,01,Z01
201800033761,2,33,000,04,0,1,01,A01
201800033762,1,33,000,00,2,1,01,B01
201800033762,2,07,000,00,2,4,01,C01
201800033762,2,07,000,00,0,0,17,A01
201800033763,1,07,000,01,0,2,14,A01
201800033764,2,07,000,00,2,4,02,C01
201800033764,2,07,000,00,2,1,02,A01
201800033764,2,07,000,00,2,4,02,B01
201800033764,2,07,000,00,2,4,02,D01
201800033765,1,07,000,00,2,2,20,A01
201800033765,1,32,000,00,2,1,17,B01
201800033766,1,07,000,00,2,4,23,B01
201800033766,1,30,000,00,2,1,01,A01
201800033767,1,07,000,00,2,4,01,D01
201800033767,1,07,000,00,2,1,01,C01
201800033767,1,07,000,00,2,3,05,A01
201800033767,1,07,000,00,2,3,01,B01
201800033768,1,07,000,00,2,2,01,B01
201800033768,2,07,000,00,2,1,16,A01
201800033769,1,07,000,00,2,0,00,A01
201800033769,1,07,000,00,2,0,00,B01
201800033770,1,07,000,00,2,2,00,A01
201800033770,1,07,000,00,2,6,00,B01
201800033771,1,07,000,00,2,4,01,D01
201800033771,1,07,000,00,2,8,01,C01
201800033771,1,07,000,00,2,1,14,A01
201800033771,1,07,000,14,2,8,01,B01
201800033771,1,07,000,04,2,4,01,E01
201800033772,0,07,000,00,2,3,23,B01
201800033772,0,07,000,00,2,4,00,A01
201800033773,2,07,000,00,2,8,01,B01
201800033773,1,30,000,00,2,1,01,A01
201800033774,0,07,000,00,1,1,01,A01
201800033775,2,01,000,00,0,0,00,A01
201800033776,0,07,000,00,1,1,01,A01
201800033777,2,07,000,00,2,1,17,Z01
201800033777,1,07,000,00,2,3,01,B01
201800033778,2,01,000,16,0,1,13,A01
201800033779,2,37,001,00,2,4,02,C01
201800033779,2,07,000,00,2,1,01,A01
201800033779,2,07,000,00,2,4,02,B01
201800033780,2,15,000,00,2,3,00,B01
201800033780,1,03,000,00,2,3,13,A01
201800033781,1,02,000,00,2,1,01,B01
201800033781,1,07,000,00,2,8,01,A01
201800033782,2,02,000,16,0,0,00,A01
201800033783,0,07,000,00,0,0,00,A01
201800033783,0,07,000,00,0,0,00,B01
201800033784,0,17,000,00,2,1,02,A01
201800033784,0,10,000,00,2,4,02,B01
201800033785,1,33,000,01,0,3,00,A01
201800033786,0,30,000,00,2,8,01,B01
201800033786,0,07,000,00,2,7,12,A01
201800033787,2,07,000,00,2,1,15,A01
201800033787,0,33,000,00,2,8,00,B01
201800033788,1,07,000,00,2,1,01,Z01
201800033788,1,07,000,00,2,5,12,B01
201800033789,0,07,000,00,1,1,16,A01
201800033790,0,07,000,00,2,6,01,B01
201800033790,0,07,000,00,2,1,01,A01
201800033791,1,07,000,00,1,1,01,A01
201800033792,1,07,000,00,2,1,15,A01
201800033792,1,07,000,00,2,3,01,C01
201800033792,2,07,000,00,2,4,01,B01
201800033793,2,07,000,00,2,3,15,A01
201800033793,2,33,000,00,2,7,00,B01
201800033794,1,17,000,00,2,7,16,B01
201800033794,1,33,000,00,2,1,18,A01
201800033795,2,07,000,00,2,1,01,Z01
201800033795,2,07,000,00,2,1,01,A01
201800033795,2,07,000,00,2,4,23,B01
201800033796,0,07,000,00,1,1,01,A01
201800033797,2,34,000,00,2,1,01,A01
201800033797,2,07,000,00,2,3,01,B01
201800033798,1,07,000,11,0,2,14,A01
201800033799,0,30,000,16,0,8,01,A01
201800033800,0,33,000,00,2,1,17,A01
201800033800,0,07,000,00,2,3,15,B01
201800033801,0,07,000,00,2,8,10,A01
201800033801,0,32,000,00,2,1,17,B01
201800033802,2,07,000,00,1,1,15,Z01
201800033803,2,07,000,00,1,7,01,A01
201800033804,1,07,000,09,2,1,01,A01
201800033804,1,07,000,00,2,4,01,B01
201800033805,0,07,000,00,1,2,01,A01
201800033806,0,07,000,00,2,1,01,B01
201800033806,0,07,000,08,2,7,19,A01
201800033807,0,30,000,00,2,2,01,B01
201800033807,0,07,000,00,2,3,00,A01
201800033808,1,07,000,00,2,0,00,A01
201800033808,2,01,000,00,2,0,00,B01
201800033809,2,02,000,16,0,0,01,A01
201800033810,1,02,000,00,2,1,01,B01
201800033810,2,07,000,00,2,3,05,A01
201800033811,0,07,000,08,0,1,01,A01
201800033812,2,07,000,00,2,2,01,A01
201800033812,1,01,000,00,2,1,01,B01
201800033813,1,02,000,00,2,1,01,A01
201800033813,2,01,000,00,2,1,19,B01
201800033814,1,33,000,16,0,0,01,A01
201800033815,2,07,000,00,2,3,01,B01
201800033815,1,32,000,00,2,0,00,A01
201800033816,0,33,000,01,0,3,17,A01
201800033817,0,07,000,12,0,3,13,A01
201800033818,2,07,000,09,0,1,14,A01
201800033819,0,07,000,00,2,4,01,B01
201800033819,0,33,000,00,2,1,01,A01
201800033820,0,07,000,06,2,2,01,A01
201800033820,0,07,000,00,2,1,01,B01
201800033821,0,07,000,00,2,1,01,B01
201800033821,0,30,000,00,2,7,01,A01
201800033822,0,07,000,00,1,3,15,A01
201800033823,0,07,000,16,0,9,04,A01
201800033824,0,33,000,16,0,8,01,A01
201800033825,2,07,000,00,2,4,23,C01
201800033825,2,07,000,00,2,6,23,B01
201800033825,2,33,000,00,2,1,02,A01
201800033826,1,07,000,00,1,1,01,A01
201800033827,2,07,000,00,2,4,02,B01
201800033827,2,30,000,00,2,1,02,A01
201800033828,0,07,000,00,1,1,01,A01
201800033829,0,07,000,00,2,2,01,A01
201800033829,0,02,000,00,2,1,01,B01
201800033830,0,36,000,00,0,0,01,A01
201800033831,0,07,000,00,2,1,13,A01
201800033831,0,07,000,00,2,1,01,B01
201800033832,0,32,000,00,1,1,01,A01
201800033833,1,07,000,01,2,7,01,A01
201800033833,1,07,000,00,2,1,01,B01
201800033834,1,07,000,00,2,2,01,A01
201800033834,1,07,000,00,2,1,01,B01
201800033835,1,07,000,00,2,4,01,B01
201800033835,1,33,000,00,2,1,01,A01
201800033836,2,07,000,00,2,6,11,A01
201800033836,2,33,000,00,2,7,01,B01
201800033837,1,07,000,01,2,0,19,B01
201800033837,2,10,000,00,2,1,19,A01
201800033838,2,31,000,00,0,0,00,A01
201800033839,0,02,000,00,0,0,00,A01
201800033840,2,07,000,00,2,1,05,A01
201800033840,1,07,000,00,2,1,01,B01
201800033841,2,02,000,00,2,7,01,B01
201800033841,2,07,000,00,2,3,09,A01
201800033842,0,01,000,00,2,8,05,A01
201800033842,0,07,000,00,2,4,00,B01
201800033843,2,07,000,00,2,4,02,B01
201800033843,2,07,000,00,2,4,02,D01
201800033843,2,07,000,00,2,4,02,C01
201800033843,2,07,000,00,2,1,02,A01