Num_Acc,senc,catv,occutc,obs,obsm,choc,manv,num_veh
201800034603,1,07,000,00,2,2,00,A01
201800034603,1,01,000,00,2,1,01,B01
201800034604,1,07,000,00,2,4,00,B01
201800034604,1,02,000,00,2,1,09,A01
201800034605,2,33,000,00,0,1,02,A01
201800034606,1,07,000,00,0,0,01,A01
201800034607,1,07,000,00,2,1,01,B01
201800034607,2,07,000,00,2,1,05,A01
201800034608,1,10,000,00,2,5,17,A01
201800034608,1,01,000,00,2,3,02,C01
201800034609,1,07,000,00,1,1,00,A01
201800034610,2,07,000,00,2,0,00,B01
201800034610,2,33,000,00,2,0,00,A01
201800034611,2,07,000,00,2,2,15,B01
201800034611,1,07,000,00,2,2,01,A01
201800034612,1,07,000,00,2,3,13,Z01
201800034612,2,07,000,00,2,3,01,B01
201800034613,1,10,000,00,2,4,02,B01
201800034613,1,10,000,00,2,1,02,A01
201800034614,1,33,000,14,0,1,17,A01
201800034615,1,07,000,00,2,3,00,A01
201800034615,2,10,000,00,2,1,00,B01
201800034616,0,10,000,00,2,2,02,B01
201800034616,0,02,000,00,2,1,15,A01
201800034617,1,07,000,00,2,3,09,B01
201800034617,1,33,000,00,2,1,00,A01
201800034618,2,07,000,00,1,1,01,A01
201800034619,1,01,000,00,2,1,17,A01
201800034619,2,10,000,00,2,3,23,B01
201800034620,1,07,000,00,1,1,00,A01
201800034621,2,07,000,00,2,4,02,A01
201800034621,2,07,000,00,2,1,02,Z01
201800034621,2,07,000,00,2,4,02,B01
201800034622,1,07,000,00,2,3,21,B01
201800034622,2,07,000,00,2,1,13,A01
201800034623,1,33,000,00,1,1,00,A01
201800034624,1,07,000,00,2,3,01,C01
201800034624,2,30,000,00,0,4,23,B01
201800034624,2,07,000,00,2,3,02,A01
201800034625,1,07,000,15,0,9,13,A01
201800034626,2,07,000,00,2,1,01,B01
201800034626,1,07,000,00,2,2,15,A01
201800034627,1,07,000,09,0,1,01,A01
201800034628,0,07,000,00,2,4,02,C01
201800034628,0,07,000,00,2,1,02,A01
201800034628,0,07,000,00,2,4,02,B01
201800034629,0,07,000,00,2,8,00,C01
201800034629,0,07,000,00,2,3,13,A01
201800034629,0,33,000,00,2,1,01,B01
201800034630,2,10,000,00,2,1,15,A01
201800034630,1,33,000,00,2,1,01,B01
201800034631,2,07,000,00,1,0,09,A01
201800034632,1,33,000,15,0,1,01,A01
201800034633,0,07,000,00,1,1,01,A01
201800034634,2,07,000,00,1,2,02,A01
201800034635,1,07,000,00,2,2,19,B01
201800034635,1,07,000,00,2,3,00,A01
201800034635,1,07,000,00,2,1,00,D01
201800034635,1,07,000,00,2,3,00,C01
201800034636,0,07,000,00,2,1,13,A01
201800034636,0,37,000,00,2,1,01,B01
201800034637,0,02,000,00,2,4,02,B01
201800034637,0,07,000,00,2,1,02,A01
201800034638,1,07,000,01,1,2,00,A01
201800034639,1,07,000,00,2,4,01,B01
201800034639,1,33,000,00,2,1,00,A01
201800034640,2,07,000,00,2,1,02,A01
201800034640,2,07,000,03,0,4,02,B01
201800034640,2,07,000,00,2,1,02,C01
201800034641,1,07,000,00,1,2,01,A01
201800034642,1,33,000,00,2,1,01,B01
201800034642,1,07,000,00,2,3,10,A01
201800034643,1,34,000,00,2,8,11,B01
201800034643,1,07,000,00,2,2,01,A01
201800034644,1,34,000,00,1,1,00,A01
201800034645,2,07,000,12,1,3,01,A01
201800034646,1,07,000,00,2,6,01,B01
201800034646,1,07,000,00,2,2,21,A01
201800034647,0,07,000,00,0,1,00,A01
201800034648,1,10,000,00,1,4,04,A01
201800034649,0,07,000,00,1,4,04,A01
201800034650,1,07,000,01,0,2,21,A01
201800034651,2,07,000,00,2,2,01,A01
201800034651,2,02,000,00,2,4,01,B01
201800034652,0,07,000,15,0,1,01,A01
201800034653,2,07,000,00,2,1,00,A01
201800034653,1,07,000,00,2,1,01,B01
201800034654,2,07,000,00,1,8,01,A01
201800034655,2,07,000,00,1,1,01,A01
201800034656,0,07,000,00,0,4,24,B01
201800034656,1,33,000,01,0,1,13,A01
201800034657,2,07,000,00,2,3,16,A01
201800034657,1,07,000,00,2,3,23,B01
201800034658,2,07,000,03,2,1,13,A01
201800034658,1,07,000,00,2,2,01,B01
201800034659,2,07,000,00,2,3,15,B01
201800034659,2,02,000,00,2,1,17,A01
201800034660,2,02,000,00,2,1,01,A01
201800034660,1,07,000,00,2,7,01,B01
201800034661,2,30,000,00,2,2,17,A01
201800034661,2,07,000,00,2,3,15,B01
201800034662,0,07,000,00,2,6,20,A01
201800034662,2,02,000,00,2,1,02,B01
201800034663,2,07,000,00,2,1,23,B01
201800034663,1,07,000,00,2,1,01,A01
201800034664,0,07,000,00,2,1,17,A01
201800034664,0,07,000,00,2,6,00,C01
201800034664,0,07,000,00,2,1,23,B01
201800034665,1,01,000,06,0,1,01,A01
201800034666,1,07,000,00,2,6,23,B01
201800034666,1,17,000,00,2,2,21,A01
201800034667,1,07,000,04,0,3,13,A01
201800034668,1,01,000,00,2,1,01,B01
201800034668,0,07,000,00,9,3,09,A01
201800034669,2,07,000,00,1,2,01,A01
201800034670,1,07,000,00,2,1,01,B01
201800034670,2,07,000,00,2,1,13,A01
201800034671,1,07,000,00,1,5,21,A01
201800034672,1,07,000,00,1,4,04,A01
201800034673,1,07,000,00,1,2,19,A01
201800034674,2,13,000,00,2,5,15,A01
201800034674,2,33,000,00,2,1,01,B01
201800034675,1,31,000,00,2,1,17,A01
201800034675,1,07,000,00,2,3,15,B01
201800034676,1,07,000,00,2,2,01,B01
201800034676,1,10,000,00,2,3,09,A01
201800034677,1,07,000,00,1,2,01,A01
201800034678,0,99,000,00,1,2,00,Z01
201800034679,0,33,000,00,2,1,00,A01
201800034679,0,07,000,00,2,8,15,B01
201800034680,1,07,000,00,1,3,21,A01
201800034681,0,33,000,00,2,1,01,B01
201800034681,0,07,000,00,2,2,11,A01
201800034682,0,01,000,00,1,1,00,A01
201800034683,0,33,000,08,0,0,19,A01
201800034684,1,10,000,00,2,3,01,B01
201800034684,0,07,000,00,2,2,01,A01
201800034685,2,31,000,01,0,5,01,B01
201800034685,2,07,000,01,0,3,09,A01
201800034686,0,07,000,00,1,1,01,A01
201800034687,2,07,000,00,1,2,01,A01
201800034688,0,20,000,00,2,6,01,B01
201800034688,0,34,000,00,2,1,00,A01
201800034689,0,17,000,00,1,2,00,A01
201800034690,0,37,001,00,1,2,08,A01
201800034691,0,01,000,00,2,7,19,B01
201800034691,1,07,000,00,2,3,16,A01
201800034692,2,07,000,00,1,1,21,A01
201800034693,0,07,000,00,1,1,01,A01
201800034694,0,99,000,00,1,0,01,Z01
201800034695,1,07,000,00,2,3,09,A01
201800034695,2,02,000,00,2,1,01,B01
201800034696,1,10,000,00,1,6,20,A01
201800034697,0,39,180,00,1,1,01,A01
201800034698,0,07,000,00,2,2,02,A01
201800034698,0,01,000,00,2,0,00,B02
201800034699,1,07,000,00,2,1,01,B01
201800034699,0,07,000,00,2,2,15,A01
201800034700,1,33,000,00,2,6,17,A01
201800034700,1,10,000,00,0,6,01,B01
201800034701,1,10,000,14,0,1,13,A01
201800034701,1,07,000,14,0,8,15,B01
201800034702,0,07,000,00,1,1,14,A01
201800034703,1,07,000,00,2,6,19,B01
201800034703,0,07,000,00,2,2,17,A01
201800034704,0,07,000,00,1,3,00,A01
201800034705,1,07,000,00,1,1,19,A01
201800034706,0,07,000,03,0,2,21,A01
201800034707,0,07,000,00,1,1,01,A01
201800034708,1,07,000,00,2,2,15,B01
201800034708,0,07,000,00,2,1,00,A01
201800034709,1,07,000,00,5,1,01,A01
201800034710,,01,000,,1,,,A01
201800034711,0,33,000,14,0,1,00,A01
201800034712,1,34,000,00,2,1,13,A01
201800034712,1,99,000,00,0,0,00,B01
201800034713,1,15,000,00,2,2,14,A01
201800034713,1,07,000,00,2,8,01,B01
201800034714,1,07,000,00,1,3,01,A01
201800034715,2,07,000,00,2,2,15,A01
201800034715,1,33,000,00,2,0,01,B01
201800034716,0,33,000,00,1,3,21,A01
201800034717,1,07,000,00,2,1,01,B01
201800034717,2,07,000,00,2,1,13,A01
201800034718,1,33,000,00,2,0,00,B01
201800034718,1,07,000,00,2,2,15,A01
201800034719,1,07,000,00,2,0,17,B01
201800034719,1,33,000,00,2,8,01,A01
201800034720,0,07,000,00,1,0,16,A01
201800034721,0,07,000,00,1,3,00,A01
201800034722,1,07,000,00,1,3,01,A01
201800034723,0,10,000,00,1,3,15,A01
201800034724,1,07,000,00,1,2,02,A01
201800034725,2,10,000,11,1,3,01,A01
201800034726,2,07,000,00,1,3,01,A01
201800034727,1,07,000,00,2,1,13,A01
201800034727,2,07,000,00,2,1,01,B01
201800034728,1,07,000,00,1,3,19,A01
201800034729,1,07,000,00,2,4,02,B01
201800034729,1,07,000,00,2,1,02,A01
201800034730,1,07,000,13,0,6,12,B01
201800034730,1,07,000,00,2,1,18,A01
201800034731,1,07,000,04,0,2,01,A01
201800034732,1,07,000,00,2,1,01,B01
201800034732,0,07,000,00,2,3,00,A01
201800034733,1,07,000,00,1,1,01,A01
201800034734,1,33,000,00,2,1,02,B01
201800034734,1,07,000,00,2,3,10,A01
201800034735,2,07,000,00,1,3,01,A01
201800034736,2,07,000,00,1,1,19,A01
201800034737,1,07,000,00,2,1,01,A01
201800034737,2,07,000,00,2,7,01,B01
201800034738,2,10,000,00,1,1,01,A01
201800034739,1,07,000,00,2,3,19,A01
201800034739,2,31,000,00,1,2,21,B01
201800034740,1,07,000,00,2,4,23,B01
201800034740,1,07,000,00,2,1,17,A01
201800034741,1,37,000,00,2,3,15,A01
201800034741,2,07,000,09,2,1,01,B01
201800034742,2,33,000,00,0,1,00,A01
201800034743,1,02,000,01,2,7,15,B01
201800034743,2,33,000,01,2,1,01,A01
201800034744,,34,000,09,0,1,01,A01
201800034745,1,33,000,12,0,1,01,B01
201800034745,1,07,000,12,0,6,10,A01
201800034746,1,13,000,00,1,2,16,A01
201800034747,2,14,000,00,1,3,01,A01
201800034748,2,33,000,01,0,1,00,A01
201800034749,0,07,000,00,0,0,15,A01
201800034749,0,33,000,00,2,7,01,B01
201800034750,1,07,000,00,0,7,02,B01
201800034750,1,33,000,00,0,4,02,A01
201800034751,2,33,000,00,2,4,23,B01
201800034751,2,07,000,00,2,1,01,A01
201800034752,1,07,000,00,2,3,01,B01
201800034752,2,07,000,00,2,1,13,A01
201800034752,1,99,000,00,2,1,01,C01
201800034753,1,33,000,00,2,1,01,B01
201800034753,2,07,000,00,2,2,15,A01
201800034754,0,07,000,00,2,1,00,A01
201800034754,0,07,000,00,2,3,01,B01
201800034755,2,07,000,00,0,1,01,A01
201800034756,1,07,000,00,2,1,15,A01
201800034756,2,02,000,00,2,1,01,B01
201800034757,1,07,000,00,2,4,01,B01
201800034757,1,07,000,00,2,0,00,C01
201800034757,1,33,000,00,2,1,01,A01
201800034758,0,07,000,00,0,0,00,B01
201800034758,0,01,000,08,0,0,13,A01
201800034759,2,30,000,00,2,8,00,A01
201800034760,1,01,000,,,,,A01
201800034761,2,07,000,00,1,7,01,A01
201800034762,1,10,000,00,1,1,01,A01
201800034763,1,34,000,08,0,2,14,A01
201800034764,1,07,000,00,2,4,00,A01
201800034764,1,01,000,00,2,1,02,B01
201800034765,2,07,000,00,2,3,19,B01
201800034765,1,07,000,00,2,1,00,A01
201800034766,1,33,000,00,2,1,02,B01
201800034766,1,07,000,00,2,1,15,A01
201800034767,1,07,000,00,1,1,00,A01
201800034768,2,33,000,00,5,1,21,A01
201800034768,1,07,000,00,6,3,21,B01
201800034769,2,07,000,00,1,1,02,A01
201800034770,1,33,000,00,2,2,01,B01
201800034770,1,07,000,00,2,2,18,A01
201800034771,2,07,000,15,0,2,01,A01
201800034772,1,07,000,00,2,8,13,A01
201800034772,1,32,000,00,2,1,17,B01
201800034773,1,34,000,00,2,7,17,B01
201800034773,1,07,000,00,2,3,15,A01
201800034774,1,33,000,00,2,1,03,B01
201800034774,1,10,000,00,2,3,09,A01
201800034775,1,07,000,00,2,1,02,B01
201800034775,2,07,000,00,2,1,13,A01
201800034776,1,07,000,00,2,1,15,A01
201800034776,2,07,000,00,2,1,01,B01
201800034777,1,07,000,00,2,3,00,B01
201800034777,2,07,000,00,2,3,00,A01
201800034778,2,07,000,00,2,2,01,A01
201800034778,0,01,000,00,2,6,01,B01
201800034779,1,07,000,04,0,1,12,A01
201800034780,1,33,000,15,0,1,02,A01
201800034781,1,10,000,00,1,1,16,A01
201800034782,2,07,000,14,0,3,13,A01
201800034783,2,07,000,00,2,1,02,A01
201800034783,1,07,000,08,2,3,02,B01
201800034784,2,30,000,00,1,1,17,A01
201800034785,1,07,000,00,2,3,15,B01
201800034785,2,01,000,00,2,1,01,A01
201800034786,1,33,000,08,0,1,14,A01
201800034787,1,07,000,00,0,5,23,B01
201800034787,1,34,000,01,2,9,18,A01
201800034787,1,07,000,00,0,5,23,C01
201800034788,0,07,000,00,1,1,16,A01
201800034789,2,01,000,00,0,4,02,B01
201800034789,2,15,000,00,2,5,09,A01
201800034790,2,30,000,00,2,1,01,B01
201800034790,1,07,000,12,2,6,01,A01
201800034791,1,01,000,01,2,1,01,B01
201800034791,1,07,000,00,2,8,22,A01
201800034792,1,33,000,00,2,2,03,A01
201800034792,1,07,000,00,2,5,01,C01
201800034792,1,07,000,00,2,3,01,B01
201800034793,1,31,000,00,2,2,01,A01
201800034793,1,07,000,00,2,8,15,B01
201800034794,2,07,000,00,2,3,01,A01
201800034794,2,34,000,00,2,1,01,B01
201800034795,1,07,000,00,1,1,01,A01
201800034796,2,07,000,00,1,2,01,A01
201800034797,1,07,000,00,2,3,00,B01
201800034797,2,07,000,00,2,1,05,A01
201800034798,1,10,000,00,1,3,15,A01
201800034799,1,07,000,00,1,4,04,A01
201800034800,0,07,000,08,0,1,19,A01
201800034801,0,10,000,01,1,2,02,A01
201800034802,2,10,000,00,1,3,15,A01
201800034803,2,07,000,08,1,3,14,A01
201800034804,2,07,000,15,2,5,01,A01
201800034804,2,07,000,00,2,3,01,B01
201800034805,0,07,000,00,1,2,01,A01
201800034806,0,07,000,00,1,1,01,A01
201800034807,0,33,000,00,2,1,17,B01
201800034807,0,07,000,00,2,8,09,A01
201800034808,1,07,000,00,1,1,01,A01
201800034809,0,14,000,00,1,6,04,A01
201800034810,0,07,000,00,2,1,01,B01
201800034810,0,07,000,00,2,1,15,A01
201800034811,2,30,000,00,2,1,02,A01
201800034811,2,07,000,00,2,4,23,B01
201800034812,1,07,000,00,2,4,23,B01
201800034812,1,07,000,00,2,1,01,A01
201800034813,2,33,000,00,2,7,02,C01
201800034813,2,07,000,00,2,3,11,A01
201800034813,2,33,000,00,2,2,01,B01
201800034814,1,07,000,00,1,1,01,A01
201800034815,1,07,000,00,1,3,16,A01
201800034816,0,10,000,00,2,4,09,B01
201800034816,0,33,000,00,2,1,01,A01
201800034817,1,33,000,00,2,4,09,B01
201800034817,1,07,000,00,2,1,12,A01
201800034818,0,10,000,00,1,1,13,A01
201800034819,0,33,000,00,2,1,01,B01
201800034819,0,07,000,00,2,7,15,A01
201800034820,0,07,000,00,2,5,01,B01
201800034820,0,34,000,00,2,1,01,A01
201800034821,0,03,000,00,0,4,01,B01
201800034821,0,07,000,00,2,1,02,A01
201800034822,1,01,000,00,2,1,01,B01
201800034822,2,07,000,00,2,7,15,A01
201800034823,2,07,000,00,2,3,14,A01
201800034823,1,33,000,00,2,3,01,B01
201800034824,0,07,000,00,1,7,16,A01
201800034825,0,07,000,00,2,7,01,B01
201800034825,0,07,000,00,2,1,01,A01
201800034826,2,07,000,00,2,8,10,A01
201800034826,2,32,000,00,2,1,01,B01
201800034827,1,07,000,00,1,1,00,A01
201800034828,0,33,000,00,2,1,01,B01
201800034828,0,01,000,00,2,7,19,A01
201800034829,0,01,000,00,2,1,19,B01
201800034829,0,07,000,00,2,8,01,A01
201800034830,0,02,000,00,2,8,01,A01
201800034830,0,33,000,00,2,2,12,B01
201800034831,0,30,000,00,2,1,05,A01
201800034831,0,07,000,00,2,8,15,B01
201800034832,0,07,000,00,1,0,01,A01
201800034833,0,07,000,00,2,8,01,B01
201800034833,0,33,000,00,2,7,17,A01
201800034834,0,07,000,00,2,1,24,B01
201800034834,0,07,000,06,2,4,20,A01
201800034835,2,02,000,00,2,7,17,B01
201800034835,2,07,000,00,2,8,15,A01
201800034836,0,07,000,00,2,8,24,A01
201800034836,0,01,000,01,0,2,22,B01
201800034837,1,07,000,00,2,6,01,C01
201800034837,1,33,000,00,2,4,11,B01
201800034837,1,07,000,00,2,2,02,A01
201800034838,0,31,000,00,0,1,00,A01
201800034839,2,07,000,00,2,3,01,C01
201800034839,2,07,000,00,2,8,01,B01
201800034839,1,37,001,00,2,3,13,A01
201800034840,0,30,000,00,2,0,21,A01
201800034841,0,33,000,00,2,1,21,A01
201800034841,0,07,000,00,2,1,23,B01
201800034841,0,07,000,00,2,0,09,Z01
201800034841,0,10,000,00,2,3,23,C01
201800034842,1,02,000,00,2,1,01,B01
201800034842,1,07,000,00,2,4,20,A01
201800034843,0,07,000,00,1,2,01,A01
201800034844,0,07,000,00,2,7,16,A01
201800034844,0,01,000,00,2,8,19,B01
201800034845,0,01,000,00,2,1,00,B01
201800034845,0,10,000,00,2,8,00,A01
201800034846,0,07,000,00,1,1,01,A01
201800034847,1,07,000,00,2,1,02,B01
201800034847,1,01,000,00,2,4,02,C01
201800034847,1,07,000,00,6,1,02,A01
201800034848,0,07,000,00,2,3,01,B01
201800034848,0,34,000,00,2,1,15,A01
201800034849,0,10,000,00,1,7,16,A01
201800034850,2,10,000,00,1,1,00,A01
201800034851,1,07,000,01,0,1,00,A01
201800034852,0,02,000,00,2,1,01,A01
201800034852,0,07,000,00,2,7,01,B01
201800034853,1,07,000,00,2,3,09,A01
201800034853,1,33,000,00,2,1,01,B01
201800034854,0,33,000,00,2,1,17,B01
201800034854,0,07,000,00,2,8,15,A01
201800034855,0,33,000,00,2,1,01,B01
201800034855,0,07,000,00,2,2,15,A01
201800034856,2,33,000,00,2,1,01,B01
201800034856,1,07,000,00,2,2,10,A01
201800034857,0,07,000,00,1,1,00,Z01
201800034858,0,10,000,00,1,1,01,Z01
201800034859,1,07,000,00,2,2,15,A01
201800034859,1,02,000,00,2,1,18,B01
201800034860,2,07,000,00,1,1,01,A01
201800034861,2,07,000,00,0,8,01,A01
201800034862,0,33,000,00,2,1,13,A01
201800034862,0,10,000,00,2,6,01,B01
201800034863,0,10,000,00,1,2,01,A01
201800034864,0,07,000,00,1,1,01,A01
201800034865,0,31,000,00,0,4,01,A01
201800034866,0,07,000,00,2,1,01,B01
201800034866,0,07,000,00,2,2,15,A01
201800034867,0,33,000,00,2,1,01,B01
201800034867,0,07,000,00,2,7,15,A01
201800034868,1,07,000,00,1,1,01,A01
201800034869,1,07,000,00,2,3,15,A01
201800034869,2,02,000,00,2,8,01,B01
201800034870,0,07,000,00,1,7,01,A01
201800034871,2,33,000,00,2,1,01,A01
201800034871,1,07,000,00,2,5,15,B01
201800034872,0,01,000,00,2,1,01,A01
201800034872,0,07,000,00,2,7,01,B01
201800034873,0,07,000,00,2,3,01,B01
201800034873,0,33,000,00,2,1,01,A01
201800034874,1,07,000,00,2,2,15,A01
201800034874,2,01,000,00,2,3,01,B01
201800034875,0,07,000,00,2,2,01,A01
201800034875,0,01,000,00,2,2,05,B01
201800034876,0,07,000,00,2,3,15,A01
201800034876,0,02,000,00,2,1,01,B01
201800034877,1,33,000,04,0,3,01,A01
201800034878,0,07,000,00,2,4,15,B01
201800034878,0,34,000,00,2,1,15,A01
201800034879,1,07,000,00,1,2,01,A01
201800034880,1,10,000,00,1,1,15,A01
201800034881,0,33,000,00,2,1,01,B01
201800034881,0,07,000,00,2,6,09,A01
201800034882,0,01,000,00,2,0,21,B01
201800034882,0,10,000,00,2,6,20,A01
201800034883,1,01,000,00,2,4,02,B01
201800034883,1,07,000,00,2,2,02,A01
201800034884,0,07,000,00,0,0,15,Z01
201800034884,0,33,000,12,0,2,21,B01
201800034885,1,07,000,00,2,0,13,A01
201800034885,2,07,000,00,2,0,01,C01
201800034885,2,07,000,00,2,3,01,B01
201800034886,0,07,000,00,2,6,10,A01
201800034886,0,02,000,00,2,1,01,B01
201800034887,1,33,000,00,2,1,01,B01
201800034887,0,07,000,00,2,6,15,A01
201800034888,0,02,000,12,0,0,21,A01
201800034889,0,07,000,00,2,1,02,A01
201800034889,0,01,000,00,2,4,02,B01
201800034890,2,02,000,00,2,1,01,B01
201800034890,2,07,000,00,2,6,15,A01
201800034891,0,01,000,00,1,2,01,A01
201800034892,2,07,000,00,2,4,02,C01
201800034892,2,07,000,00,2,1,02,A01
201800034892,2,07,000,00,2,4,02,B01
201800034893,0,07,000,00,1,3,15,A01
201800034894,,02,000,00,2,1,01,B01
201800034894,0,07,000,00,2,2,15,A01
201800034895,0,07,000,00,1,3,01,A01
201800034896,0,02,000,00,2,2,01,B01
201800034896,0,07,000,00,2,8,20,A01
201800034897,0,07,000,00,2,3,15,A01
201800034897,0,02,000,00,2,8,01,B01
201800034898,2,07,000,03,2,4,11,A01
201800034898,1,07,000,00,2,2,01,B01
201800034898,2,14,000,00,2,1,01,C01
201800034899,0,07,000,06,0,1,19,A01
201800034900,1,07,000,00,2,1,02,A01
201800034900,1,07,000,00,2,4,23,B01
201800034901,0,07,000,00,2,2,01,B01
201800034901,0,07,000,00,2,2,15,A01
201800034902,2,07,000,00,2,7,01,B01
201800034902,0,31,000,00,2,1,19,A01
201800034903,1,30,000,00,2,1,17,B01
201800034903,0,07,000,00,2,6,15,A01
201800034904,1,07,000,00,2,3,19,A01
201800034904,1,33,000,00,2,1,01,B01
201800034905,2,07,000,13,0,1,01,A01
201800034906,0,30,000,08,0,1,00,A01
201800034907,2,07,000,00,2,0,09,B01
201800034907,2,30,000,00,2,0,17,A01
201800034908,1,30,000,00,2,1,02,A01
201800034908,1,10,000,00,2,4,02,B01
201800034909,1,07,000,00,2,4,23,A01
201800034909,1,07,000,00,0,4,23,B01
201800034910,1,07,000,00,2,1,15,A01
201800034910,2,07,000,00,2,1,17,B01
201800034911,2,07,000,00,2,0,00,C01
201800034911,2,15,000,00,2,1,02,A01
201800034911,2,07,000,00,2,4,01,B01
201800034912,0,07,000,08,0,2,01,A01
201800034913,0,07,000,06,0,2,15,A01
201800034914,1,07,000,13,0,1,01,A01
201800034915,0,33,000,00,0,9,00,A01
201800034916,0,07,000,00,2,3,00,A01
201800034916,0,30,000,00,2,1,00,B01
201800034917,1,07,000,01,0,1,14,A01
201800034918,2,07,000,00,2,2,15,A01
201800034918,1,02,000,00,2,1,00,B01
201800034919,0,07,000,00,2,4,17,B01
201800034919,0,07,000,00,2,1,00,A01
201800034920,0,07,000,00,2,3,09,A01
201800034920,0,02,000,00,2,1,01,B01
201800034921,0,07,000,00,2,5,00,B01
201800034921,0,07,000,00,2,2,16,A01
201800034922,0,02,000,00,0,7,15,A01
201800034923,0,07,000,00,2,2,15,A01
201800034923,0,02,000,00,2,7,13,B01
201800034924,2,07,000,08,0,1,19,A01
201800034925,1,02,000,00,2,0,01,A01
201800034926,2,07,000,00,2,4,02,B01
201800034926,2,07,000,00,2,1,00,A01
201800034927,0,07,000,00,0,9,01,A01
201800034928,1,07,000,16,0,1,13,A01
201800034929,0,07,000,00,2,1,00,A01
201800034929,0,07,000,08,0,4,02,B01
201800034930,1,07,000,00,1,1,19,A01
201800034931,1,30,000,00,2,1,02,A01
201800034931,2,07,000,14,2,1,16,B01
201800034932,1,07,000,00,1,7,00,A01
201800034933,1,07,000,00,1,2,09,A01
201800034934,2,07,000,00,1,3,00,A01
201800034935,1,07,000,00,1,3,09,A01
201800034936,0,07,000,00,1,5,01,A01
201800034937,0,07,000,00,1,1,15,A01
201800034938,2,07,000,00,2,1,15,A01
201800034938,2,33,000,00,2,4,01,B01
201800034939,0,07,000,00,1,1,00,A01
201800034940,1,07,000,00,2,2,20,A01
201800034940,1,02,000,00,2,1,01,B01
201800034941,1,07,000,00,1,0,01,A01
201800034942,0,02,000,00,0,8,00,A01
201800034943,0,07,000,00,2,8,01,B01
201800034943,0,07,000,00,2,1,15,A01
201800034944,0,07,000,00,2,7,15,A01
201800034944,0,07,000,00,2,1,01,B01
201800034945,1,07,000,00,2,3,17,A01
201800034945,2,07,000,00,2,3,01,B01
201800034946,0,07,000,00,2,1,15,B01
201800034946,0,33,000,00,2,1,01,A01
201800034947,0,07,000,00,2,1,01,A01
201800034947,0,07,000,00,2,2,15,B01
201800034948,0,31,000,00,2,1,01,A01
201800034948,0,07,000,00,2,4,01,B01
201800034949,0,07,000,00,2,2,01,A01
201800034949,0,07,000,00,2,1,16,B01
201800034950,0,07,000,00,2,7,19,A01
201800034950,0,07,000,00,2,3,01,B01
201800034951,0,07,000,00,1,1,01,A01
201800034952,1,07,000,00,0,9,01,A01
201800034953,0,07,000,00,2,1,01,B01
201800034953,0,30,000,00,2,3,16,A01
201800034954,0,07,000,00,1,3,16,A01
201800034955,0,07,000,00,1,2,16,A01
201800034956,0,07,000,00,2,1,01,A01
201800034956,0,07,000,00,2,4,01,B01
201800034957,0,07,000,00,2,3,01,A01
201800034957,0,07,000,00,2,3,01,B01
201800034958,0,07,000,03,2,3,01,A01
201800034958,0,07,000,00,2,9,01,B01
201800034959,0,07,000,00,1,2,20,A01
201800034960,0,07,000,00,2,3,01,A01
201800034960,0,07,000,00,2,2,01,B01
201800034961,0,07,000,00,2,1,01,A01
201800034961,0,07,000,00,2,4,01,B01
201800034961,0,07,000,00,2,4,01,C01
201800034962,0,07,000,00,2,3,09,A01
201800034962,0,07,000,00,2,2,01,B01
201800034963,0,30,000,00,2,1,01,A01
201800034963,0,07,000,00,2,3,10,B01
201800034964,0,07,000,00,2,1,01,A01
201800034964,0,07,000,00,2,4,01,B01
201800034965,0,07,000,00,2,2,01,A01
201800034965,0,07,000,00,2,3,15,B01
201800034966,0,07,000,00,1,1,01,A01
201800034967,0,07,000,00,2,3,01,A01
201800034967,0,07,000,00,2,2,01,B01
201800034968,0,07,000,00,1,1,01,A01
201800034969,0,36,000,00,2,1,01,A01
201800034969,0,07,000,00,2,0,01,B01
201800034970,0,07,000,00,1,1,01,A01
201800034971,0,01,000,00,2,1,01,B01
201800034971,0,07,000,00,2,3,01,A01
201800034972,0,07,000,00,2,1,01,A01
201800034972,0,07,000,00,2,3,01,B01
201800034973,0,07,000,00,2,1,01,A01
201800034973,0,07,000,00,2,4,01,B01
201800034974,0,07,000,00,2,1,01,B01
201800034974,0,07,000,00,2,2,15,A01
201800034975,0,07,000,00,1,1,01,A01
201800034976,0,02,000,00,2,1,01,A01
201800034976,0,07,000,00,2,4,01,B01
201800034977,0,01,000,00,2,3,05,A01
201800034977,0,07,000,00,2,3,16,B01
201800034978,0,07,000,00,2,1,01,A01
201800034978,0,07,000,00,2,1,01,B01
201800034978,0,07,000,00,2,4,01,C01
201800034979,0,01,000,00,2,1,19,A01
201800034979,0,07,000,00,2,1,01,B01
201800034980,0,02,000,00,2,1,01,A01
201800034980,0,07,000,00,2,8,01,B01
201800034981,0,10,000,00,1,1,16,A01
201800034982,0,07,000,01,0,3,01,A01
201800034983,0,07,000,00,2,1,01,A01
201800034983,0,07,000,00,2,6,01,B01
201800034983,0,07,000,00,2,1,01,C01
201800034983,0,07,000,00,2,3,01,D01
201800034984,0,02,000,00,2,1,11,A01
201800034984,0,07,000,00,2,4,01,B01
201800034985,0,01,000,00,2,1,01,A01
201800034985,0,07,000,00,2,4,01,B01
201800034986,0,02,000,00,1,1,01,A01
201800034987,0,37,030,00,2,1,01,A01
201800034987,0,07,000,00,2,8,16,B01
201800034988,0,07,000,00,1,1,01,A01
201800034989,0,07,000,00,2,1,01,A01