Num_Acc,senc,catv,occutc,obs,obsm,choc,manv,num_veh
201800035377,2,02,000,00,0,0,00,B01
201800035377,1,10,000,00,2,3,00,A01
201800035378,0,01,000,00,2,4,02,B01
201800035378,0,10,000,00,2,2,02,A01
201800035379,0,10,000,00,2,1,01,B01
201800035379,0,10,000,00,2,3,05,A01
201800035380,1,07,000,02,0,5,14,A01
201800035381,2,07,000,00,2,1,01,C01
201800035381,2,07,000,01,2,2,01,A01
201800035382,1,34,000,00,2,1,01,B01
201800035382,2,07,000,00,2,3,15,A01
201800035383,1,07,000,00,1,2,01,A01
201800035384,1,31,000,00,0,0,01,A01
201800035385,0,07,000,13,0,3,00,A01
201800035386,0,31,000,00,2,1,00,B01
201800035386,0,10,000,00,2,6,02,A01
201800035387,1,31,000,00,2,4,12,B01
201800035387,1,07,000,00,2,3,02,A01
201800035388,1,10,000,00,1,3,01,A01
201800035389,0,07,000,00,2,6,01,A01
201800035389,0,02,000,00,2,1,01,B01
201800035390,2,33,000,00,2,1,02,A01
201800035390,2,07,000,00,0,6,02,B01
201800035391,2,07,000,00,1,1,14,A01
201800035392,1,07,000,13,0,0,01,A01
201800035393,1,07,000,00,2,1,01,B01
201800035393,1,07,000,00,2,8,01,C01
201800035393,1,38,001,00,2,3,13,A01
201800035394,1,07,000,00,2,8,01,A01
201800035394,2,34,000,00,2,3,17,B01
201800035395,2,31,000,00,0,8,01,A01
201800035396,0,07,000,00,2,1,01,B01
201800035396,0,30,000,00,2,8,15,A01
201800035397,1,34,000,00,2,1,01,B01
201800035397,1,99,000,00,6,8,15,A01
201800035398,0,07,000,00,1,2,16,A01
201800035399,0,07,000,00,2,3,01,B01
201800035399,0,32,000,00,2,8,13,A01
201800035400,0,07,000,00,1,4,04,A01
201800035401,2,07,000,00,2,3,15,A01
201800035401,2,34,000,00,2,7,17,B01
201800035402,1,07,000,13,0,3,01,A01
201800035403,2,01,000,01,0,1,14,A01
201800035404,1,07,000,00,2,6,02,B01
201800035404,1,07,000,00,2,1,13,A01
201800035404,1,07,000,00,2,7,01,C01
201800035404,1,07,000,00,0,4,23,D01
201800035405,2,07,000,00,0,9,13,A01
201800035406,1,07,000,00,0,9,21,A01
201800035407,0,07,000,00,0,9,21,A01
201800035408,0,20,000,00,1,4,20,A01
201800035409,1,03,000,01,0,0,01,A01
201800035410,1,10,000,00,2,3,13,A01
201800035410,1,07,000,00,2,3,00,B01
201800035411,2,07,000,00,2,2,15,A01
201800035411,1,01,000,00,2,1,00,B01
201800035412,1,33,000,00,2,8,01,A01
201800035412,1,07,000,00,2,2,01,B01
201800035413,1,07,000,00,6,3,01,C01
201800035413,1,07,000,00,6,3,15,A01
201800035413,2,34,000,00,2,1,01,B01
201800035414,1,99,000,00,0,0,00,A01
201800035415,1,07,000,00,1,1,01,A01
201800035416,2,02,000,00,2,1,17,B01
201800035416,2,10,000,00,2,6,15,A01
201800035417,2,10,000,00,2,3,01,B01
201800035417,1,07,000,00,2,3,13,A01
201800035418,1,07,000,08,0,1,13,A01
201800035419,1,13,000,00,2,4,01,B01
201800035419,2,20,000,00,2,1,00,A01
201800035420,2,07,000,00,1,4,04,A01
201800035421,0,07,000,15,0,9,00,A01
201800035422,2,07,000,00,2,3,15,A01
201800035422,1,07,000,00,2,1,01,B01
201800035423,2,07,000,00,2,1,17,A01
201800035423,1,07,000,00,2,1,01,B01
201800035423,2,07,000,00,2,6,02,C01
201800035424,2,30,000,11,0,1,17,A01
201800035425,2,07,000,00,1,1,01,A01
201800035426,1,31,000,00,2,8,16,A01
201800035426,1,07,000,00,2,3,21,B01
201800035427,2,07,000,08,0,1,16,A01
201800035428,1,07,000,00,1,2,00,A01
201800035429,1,07,000,01,0,2,14,A01
201800035430,2,10,000,00,2,1,02,A01
201800035430,2,10,000,00,2,4,02,B01
201800035430,1,38,062,00,0,6,01,C01
201800035431,2,03,000,00,2,1,01,A01
201800035432,1,10,000,01,1,5,15,A01
201800035433,1,01,000,00,2,8,13,A01
201800035433,1,07,000,00,2,7,17,B01
201800035434,1,30,000,11,6,2,13,A01
201800035435,1,34,000,00,2,2,00,A01
201800035435,0,10,000,00,2,3,09,B01
201800035436,2,31,000,08,0,0,00,A01
201800035437,1,07,000,00,2,3,15,B01
201800035437,1,33,000,00,0,1,17,A01
201800035438,2,07,000,00,2,1,02,A01
201800035438,1,07,000,00,2,4,02,B01
201800035439,1,07,000,00,2,1,01,B01
201800035439,2,07,000,00,2,1,13,A01
201800035440,1,07,000,00,2,4,02,B01
201800035440,1,07,000,00,2,1,02,A01
201800035441,1,33,000,00,1,1,01,A01
201800035442,1,07,000,00,1,1,16,A01
201800035443,2,07,000,00,2,3,01,C01
201800035443,1,32,000,00,2,1,02,A01
201800035443,1,07,000,00,2,5,16,B01
201800035444,0,07,000,00,1,2,19,A01
201800035445,2,07,000,00,2,8,15,B01
201800035445,2,30,000,00,2,1,17,A01
201800035446,2,32,000,00,2,1,15,B01
201800035446,2,07,000,00,2,6,15,A01
201800035447,2,33,000,01,2,1,00,B01
201800035447,0,07,000,00,2,2,16,A01
201800035448,0,33,000,10,0,8,13,A01
201800035449,2,34,000,00,2,8,01,B01
201800035449,2,07,000,00,2,1,17,A01
201800035450,2,07,000,00,2,4,02,B01
201800035450,2,07,000,00,2,1,02,A01
201800035451,2,07,000,00,1,2,01,A01
201800035452,1,17,000,00,2,6,16,A01
201800035452,1,34,000,00,2,5,23,B01
201800035452,1,07,000,00,2,7,23,C01
201800035453,2,07,000,00,2,3,15,A01
201800035453,2,33,000,00,2,3,01,B01
201800035454,1,07,000,00,1,3,15,A01
201800035455,1,31,000,00,2,7,01,B01
201800035455,2,07,000,00,2,3,09,A01
201800035456,1,33,000,00,2,4,02,B01
201800035456,1,07,000,00,2,1,02,Z01
201800035457,2,07,000,09,1,1,00,A01
201800035458,2,07,000,00,2,3,09,A01
201800035458,1,33,000,00,2,7,00,B01
201800035459,2,07,000,00,1,2,01,A01
201800035460,1,33,000,00,2,7,01,B01
201800035460,0,07,000,00,2,1,15,A01
201800035461,2,07,000,00,1,2,16,A01
201800035462,1,32,000,12,1,5,21,A01
201800035463,0,07,000,01,1,6,00,A01
201800035464,2,07,000,09,1,2,00,A01
201800035465,1,07,000,00,0,4,00,C01
201800035465,1,07,000,14,0,4,23,B01
201800035465,1,07,000,14,0,2,02,Y01
201800035466,2,34,000,00,1,0,01,A01
201800035467,1,07,000,00,1,2,01,A01
201800035468,2,07,000,08,0,2,01,A01
201800035469,1,33,000,00,2,1,01,B01
201800035469,2,07,000,00,2,6,19,A01
201800035470,2,10,000,07,1,3,13,A01
201800035471,1,32,000,00,2,2,12,A01
201800035471,1,07,000,00,2,3,01,B01
201800035472,2,07,000,00,2,1,15,A01
201800035472,1,31,000,00,2,1,01,B01
201800035473,1,07,000,00,2,3,15,A01
201800035473,1,30,000,00,2,1,02,B01
201800035474,2,07,000,00,1,2,11,A01
201800035475,1,07,000,00,2,1,00,A01
201800035475,1,07,000,00,2,8,19,B01
201800035476,2,33,000,00,2,1,01,B01
201800035476,1,07,000,00,2,1,05,A01
201800035477,1,10,000,00,1,3,01,A01
201800035478,2,02,000,00,2,3,00,B01
201800035478,1,07,000,00,2,0,15,A01
201800035479,0,07,000,00,2,3,01,B01
201800035479,0,31,000,15,2,1,14,A01
201800035480,1,01,000,00,2,1,00,B01
201800035480,1,07,000,00,2,3,00,A01
201800035481,2,10,000,00,2,6,20,A01
201800035481,2,32,000,00,2,1,02,B01
201800035482,1,07,000,00,2,2,12,A01
201800035482,1,33,000,00,2,8,01,B01
201800035483,1,07,000,00,0,2,15,A01
201800035483,2,02,000,00,2,1,01,B01
201800035484,2,07,000,00,2,5,15,B01
201800035484,1,32,000,00,2,1,01,A01
201800035485,1,33,000,00,1,1,00,A01
201800035485,2,07,000,00,2,3,01,B01
201800035486,2,30,000,00,1,1,17,A01
201800035487,1,02,000,00,2,8,11,B01
201800035487,1,33,000,00,2,2,01,A01
201800035488,1,33,000,00,2,0,00,A01
201800035488,0,01,000,00,2,8,19,B01
201800035489,1,07,000,00,2,3,09,A01
201800035489,2,33,000,00,2,7,01,B01
201800035490,1,32,000,00,2,1,01,A01
201800035490,2,07,000,00,2,7,15,B01
201800035491,0,07,000,00,1,1,09,A01
201800035492,1,34,000,00,2,1,01,B01
201800035492,2,07,000,00,2,2,15,A01
201800035493,2,33,000,08,2,3,07,A01
201800035493,2,07,000,00,2,2,16,B01
201800035494,1,07,000,00,2,2,15,A01
201800035494,2,03,000,00,2,1,01,B01
201800035495,2,07,000,00,2,7,09,A01
201800035495,2,33,000,00,2,1,09,Y01
201800035496,2,31,000,00,1,2,01,A01
201800035497,2,31,000,00,2,8,01,B01
201800035497,1,07,000,00,2,3,13,A01
201800035498,0,99,000,00,2,0,00,R01
201800035498,1,07,000,00,2,3,01,A01
201800035499,1,07,000,00,2,7,01,C01
201800035499,1,34,000,00,2,1,01,A01
201800035499,1,07,000,00,2,6,01,B01
201800035500,0,01,000,00,2,1,01,B01
201800035500,1,07,000,00,9,3,13,A01
201800035501,1,07,000,00,2,3,01,B01
201800035501,2,07,000,00,2,1,13,Z01
201800035502,1,07,000,00,2,3,13,A01
201800035502,1,07,000,00,2,3,01,B01
201800035503,1,07,000,00,2,8,19,B01
201800035503,1,31,000,00,2,1,01,A01
201800035504,1,07,000,08,0,3,00,A01
201800035505,1,07,000,00,2,2,15,A01
201800035505,1,07,000,00,2,8,24,C01
201800035505,1,10,000,00,2,3,23,D01
201800035505,1,31,000,01,2,7,01,B01
201800035506,0,31,000,00,2,1,18,A01
201800035506,0,07,000,00,2,7,16,B01
201800035507,1,10,000,00,1,1,01,A01
201800035508,1,07,000,00,2,1,16,B01
201800035508,1,01,000,00,2,4,01,A01
201800035509,1,07,000,00,1,2,01,A01
201800035510,2,07,000,03,2,8,13,A01
201800035510,1,07,000,00,2,8,01,B01
201800035511,1,07,000,00,2,4,01,A01
201800035512,2,07,000,00,2,2,01,B01
201800035512,1,07,000,00,2,3,01,A01
201800035513,2,07,000,00,2,9,02,B01
201800035513,1,07,000,00,2,9,02,C01
201800035513,1,07,000,00,9,4,02,D01
201800035513,2,07,000,00,2,1,02,A01
201800035514,1,07,000,00,2,4,02,B01
201800035514,1,07,000,00,2,1,02,A01
201800035515,1,07,000,00,2,1,21,A01
201800035515,1,07,000,00,2,1,21,B01
201800035516,1,37,000,00,1,2,01,A01
201800035517,1,33,000,08,0,1,09,A01
201800035518,1,07,000,00,2,8,01,B01
201800035518,1,07,000,00,2,1,01,A01
201800035519,1,07,000,04,0,1,14,A01
201800035520,2,07,000,00,1,3,15,A01
201800035521,2,07,000,00,2,2,01,A01
201800035521,2,07,000,00,2,3,01,B01
201800035522,1,20,000,09,1,1,00,A01
201800035523,1,33,000,00,2,1,13,A01
201800035523,2,07,000,00,2,3,01,B01
201800035524,0,07,000,00,2,3,01,B01
201800035524,0,07,000,00,2,3,01,A01
201800035525,0,07,000,00,2,6,04,A01
201800035525,0,07,000,00,2,3,00,B01
201800035526,2,07,000,00,2,6,01,C01
201800035526,1,07,000,00,2,1,13,A01
201800035526,2,07,000,00,2,3,01,B01
201800035527,1,07,000,12,0,1,01,A01
201800035528,2,07,000,00,2,1,01,C01
201800035528,2,07,000,00,2,2,15,B01
201800035528,1,33,000,00,2,1,01,A01
201800035529,1,07,000,00,2,7,01,B01
201800035529,1,07,000,00,2,3,20,C01
201800035529,1,07,000,01,2,3,11,A01
201800035530,0,07,000,00,2,1,01,B01
201800035530,0,07,000,01,2,8,05,A01
201800035531,1,34,000,00,2,1,01,A01
201800035531,2,07,000,00,2,3,15,B01
201800035532,2,10,000,03,1,2,01,A01
201800035533,0,07,000,00,2,5,01,A01
201800035533,0,07,000,00,2,3,02,B01
201800035534,0,07,000,00,2,3,13,A01
201800035534,0,07,000,00,2,3,01,B01
201800035535,0,07,000,01,1,7,01,A01
201800035536,1,07,000,00,2,4,02,B01
201800035536,2,01,000,00,2,1,02,A01
201800035537,0,07,000,00,2,3,20,B01
201800035537,0,10,000,00,2,3,01,A01
201800035538,0,36,000,00,2,1,00,A01
201800035538,0,07,000,00,2,4,23,B01
201800035539,1,32,000,09,6,1,09,A01
201800035540,1,07,000,00,2,0,00,C01
201800035540,2,30,000,00,2,8,03,A01
201800035540,2,07,000,00,2,2,02,B01
201800035541,0,34,000,00,2,8,00,A01
201800035541,0,07,000,00,2,1,01,B01
201800035542,0,07,000,00,2,5,23,B01
201800035542,0,30,000,00,2,1,00,A01
201800035543,2,07,000,00,2,3,00,B01
201800035543,1,33,000,00,2,1,01,C01
201800035543,1,33,000,00,2,1,01,A01
201800035544,1,07,000,00,2,3,15,A01
201800035544,1,33,000,00,2,7,16,B01
201800035545,2,32,000,00,1,1,00,Z01
201800035546,0,07,000,00,2,1,09,A01
201800035546,0,01,000,00,2,8,00,B01
201800035547,1,31,000,00,2,1,13,A01
201800035547,2,07,000,00,2,1,01,B01
201800035548,2,07,000,00,2,1,02,A01
201800035548,2,34,000,00,2,4,02,B01
201800035549,0,07,000,00,1,4,10,A01
201800035550,2,34,000,00,2,1,01,B01
201800035550,1,07,000,00,2,5,10,A01
201800035551,1,07,000,08,0,1,01,A01
201800035552,2,07,000,00,2,3,16,A01
201800035552,2,07,000,00,2,2,01,B01
201800035553,2,30,000,01,0,1,14,A01
201800035554,1,07,000,00,1,1,21,A01
201800035555,2,07,000,00,1,2,00,A01
201800035556,1,07,000,00,2,7,16,A01
201800035556,1,37,003,01,2,9,07,B01
201800035557,1,30,000,00,2,2,15,A01
201800035557,1,07,000,00,2,8,15,B01
201800035558,0,33,000,00,2,7,17,A01
201800035558,0,07,000,00,2,1,15,B01
201800035559,2,07,000,00,2,6,19,A01
201800035559,1,33,000,00,2,1,01,B01
201800035560,1,07,000,00,2,3,13,A01
201800035560,2,07,000,00,2,3,01,B01
201800035561,2,31,000,00,2,1,01,B01
201800035561,1,07,000,00,2,3,15,A01
201800035562,1,07,000,00,2,1,01,B01
201800035562,1,31,000,00,2,1,05,A01
201800035563,1,07,000,00,2,2,15,A01
201800035563,2,33,000,00,2,1,01,B01
201800035564,1,07,000,00,1,1,01,A01
201800035565,2,02,000,02,0,0,14,A01
201800035566,0,07,000,00,1,1,00,A01
201800035567,1,32,000,00,2,2,14,A01
201800035567,1,07,000,00,2,3,00,B01
201800035568,1,07,000,00,1,2,01,A01
201800035569,1,07,000,00,1,2,01,A01
201800035570,1,10,000,00,1,2,16,A01
201800035571,0,07,000,00,1,3,01,A01
201800035572,0,07,000,00,1,1,01,A01
201800035573,0,32,000,00,2,1,19,A01
201800035573,0,07,000,00,2,8,01,B01
201800035574,2,07,000,00,2,4,01,B01
201800035574,2,07,000,00,2,1,02,A01
201800035575,2,07,000,00,1,1,01,A01
201800035576,1,10,000,00,1,2,01,A01
201800035577,0,07,000,00,2,3,19,B01
201800035577,0,33,000,00,2,2,01,A01
201800035578,1,30,000,00,2,8,16,A01
201800035578,1,07,000,00,2,7,16,Z01
201800035579,0,01,000,00,2,8,00,B01
201800035579,0,07,000,00,2,7,16,A01
201800035580,0,30,000,00,2,1,01,A01
201800035580,0,34,000,00,2,8,01,B01
201800035581,1,07,000,00,2,8,01,A01
201800035581,1,01,000,01,2,7,17,B01
201800035582,2,14,000,00,1,2,01,A01
201800035583,0,07,000,00,2,1,02,Z01
201800035583,0,32,000,00,2,0,23,A01
201800035584,1,07,000,00,2,2,01,B01
201800035584,1,07,000,01,2,3,20,A01
201800035585,1,37,001,00,1,2,00,A01
201800035586,0,01,000,00,2,7,01,B01
201800035586,0,07,000,00,2,1,09,A01
201800035587,1,31,000,00,2,1,01,B01
201800035587,2,07,000,00,2,2,05,A01
201800035588,1,32,000,00,1,1,00,A01
201800035589,0,33,000,00,2,8,11,B01
201800035589,0,07,000,00,2,2,01,A01
201800035590,1,07,000,00,2,1,01,B01
201800035590,1,30,000,00,2,3,01,A01
201800035591,1,30,000,11,0,1,01,A01
201800035592,0,01,000,00,2,1,01,B01
201800035592,0,07,000,00,2,2,15,A01
201800035593,2,07,000,00,2,2,15,A01
201800035593,1,02,000,00,2,1,01,B01
201800035594,0,07,000,00,2,1,01,A01
201800035594,0,07,000,00,2,4,01,C01
201800035594,0,07,000,00,2,4,00,B01
201800035595,1,31,000,00,1,1,17,A01
201800035596,1,37,001,00,6,5,16,A01
201800035596,1,01,000,00,2,1,01,B01
201800035597,0,07,000,00,1,1,00,A01
201800035598,1,02,000,08,2,1,21,A01
201800035598,2,07,000,00,2,1,23,B01
201800035599,0,07,000,00,6,7,00,A01
201800035599,0,01,000,00,2,1,00,B01
201800035600,1,37,021,00,2,1,13,A01
201800035600,2,31,000,00,2,1,17,B01
201800035601,1,07,000,00,2,3,15,A01
201800035601,2,31,000,00,2,1,01,B01
201800035602,2,07,000,00,2,6,02,B01
201800035602,1,30,000,00,2,1,02,A01
201800035603,2,07,000,00,2,5,15,A01
201800035603,1,02,000,00,2,1,01,B01
201800035604,1,07,000,00,1,8,01,A01
201800035605,1,15,000,00,2,7,00,A01
201800035605,2,30,000,00,2,1,21,B01
201800035606,1,30,000,00,2,1,17,A01
201800035606,1,07,000,00,2,6,15,B01
201800035607,0,07,000,00,1,1,09,A01
201800035608,2,07,000,00,2,3,01,B01
201800035608,1,03,000,00,2,3,01,A01
201800035609,1,33,000,00,0,1,13,A01
201800035610,1,07,000,00,2,3,15,A01
201800035610,2,32,000,00,2,8,01,B01
201800035611,1,07,000,00,2,5,15,A01
201800035611,2,30,000,00,2,1,01,B01
201800035612,2,02,000,00,2,1,02,B01
201800035612,2,10,000,00,2,6,04,A01
201800035613,1,07,000,00,1,2,00,A01
201800035614,1,07,000,00,1,4,23,B01
201800035614,1,07,000,00,2,1,01,A01
201800035615,1,07,000,00,1,3,00,A01
201800035616,0,37,003,00,2,1,02,B01
201800035616,0,07,000,00,2,1,16,A01
201800035617,1,32,000,00,2,2,01,B01
201800035617,1,07,000,16,0,0,19,A01
201800035618,0,07,000,00,2,4,23,A01
201800035618,0,07,000,00,2,2,02,Z01
201800035619,1,07,000,00,1,1,01,A01
201800035620,1,30,000,00,2,1,01,B01
201800035620,2,07,000,00,2,1,15,A01
201800035621,1,07,000,00,1,2,00,A01
201800035622,0,30,000,15,0,0,02,A01
201800035623,1,07,000,00,2,1,15,A01
201800035623,2,07,000,00,2,1,01,B01
201800035624,1,07,000,00,1,2,02,A01
201800035625,1,34,000,00,2,1,01,B01
201800035625,0,07,000,00,2,1,09,A01
201800035626,1,02,000,00,2,1,01,A01
201800035626,2,07,000,00,2,3,01,B01
201800035627,1,30,000,01,0,2,01,A01
201800035628,2,30,000,00,2,1,05,A01
201800035628,2,07,000,00,2,1,01,B01
201800035629,0,99,000,00,2,2,15,A01
201800035629,0,30,000,00,2,1,01,B01
201800035630,2,07,000,00,1,1,01,A01
201800035631,1,10,000,00,1,1,15,A01
201800035632,2,30,000,00,2,1,17,A01
201800035632,0,07,000,00,2,3,15,B01
201800035633,1,34,000,00,2,3,13,A01
201800035633,2,07,000,00,2,3,01,B01
201800035634,1,10,000,00,2,1,01,A01
201800035634,1,07,000,00,2,2,01,B01
201800035635,0,07,000,00,2,3,13,A01
201800035635,2,07,000,00,2,3,00,B01
201800035636,1,07,000,00,2,2,15,A01
201800035636,2,33,000,00,2,1,01,B01
201800035637,0,07,000,00,2,6,02,A01
201800035637,0,33,000,04,2,1,00,B01
201800035638,1,07,000,00,2,2,15,A01
201800035638,2,02,000,00,2,1,01,B01
201800035639,2,07,000,00,1,7,01,A01
201800035640,0,15,000,00,2,2,01,B01
201800035640,0,30,000,00,2,8,00,A01
201800035641,1,07,000,00,2,1,01,B01
201800035641,1,32,000,00,2,9,15,A01
201800035642,1,07,000,00,2,1,00,A01
201800035643,1,15,000,00,2,3,01,B01
201800035643,2,15,000,00,2,1,15,A01
201800035644,0,07,000,00,2,4,09,A01
201800035644,1,99,000,00,2,1,21,B01
201800035645,2,10,000,00,1,1,01,A01
201800035646,1,33,000,00,2,1,01,A01
201800035646,1,07,000,00,2,2,09,B01
201800035647,1,33,000,00,0,7,17,A01
201800035648,1,02,000,00,2,2,01,B01
201800035648,1,07,000,00,2,3,16,A01
201800035649,1,07,000,00,0,4,00,C01
201800035649,1,07,000,00,2,4,00,B01
201800035649,1,07,000,00,2,1,00,A01
201800035650,0,10,000,00,1,1,01,A01
201800035651,1,07,000,00,1,1,00,Z01
201800035652,1,10,000,00,2,3,15,B01
201800035652,2,02,000,01,2,2,17,A01
201800035653,1,33,000,00,0,0,01,A01
201800035653,1,07,000,00,6,6,10,B01
201800035654,2,07,000,00,1,3,15,A01
201800035655,1,10,000,00,2,1,01,B01
201800035655,1,10,000,08,2,9,13,A01
201800035656,2,10,000,01,1,5,01,B01
201800035657,2,31,000,00,2,8,01,B01
201800035657,1,07,000,00,2,8,15,A01
201800035658,1,07,000,09,0,1,01,A01
201800035659,1,34,000,00,2,1,01,B01
201800035659,2,07,000,00,2,2,15,A01
201800035660,1,07,000,00,1,1,01,A01
201800035661,1,37,002,00,1,2,01,A01
201800035662,2,31,000,00,2,1,03,B01
201800035662,2,07,000,00,2,8,10,A01
201800035663,0,07,000,00,2,2,01,A01
201800035663,0,07,000,00,2,8,01,B01
201800035664,1,07,000,00,1,1,15,A01
201800035665,0,07,000,00,1,3,18,A01
201800035666,0,07,000,00,2,1,05,A01
201800035666,0,07,000,00,2,1,01,B01
201800035667,2,07,000,00,2,2,15,A01
201800035667,1,30,000,00,2,1,01,B01
201800035668,1,07,000,00,2,1,13,A01
201800035668,2,07,000,00,2,1,01,B01
201800035669,2,07,000,00,1,3,15,A01
201800035670,2,01,000,00,1,1,01,A01
201800035671,1,07,000,00,2,0,00,B01
201800035671,2,07,000,00,2,1,05,A01
201800035672,0,30,000,00,2,8,00,A01
201800035672,2,07,000,00,2,1,01,B01
201800035673,2,07,000,00,1,2,01,A01
201800035674,1,01,000,00,2,8,01,B01
201800035674,1,07,000,00,6,7,16,A01
201800035675,0,07,000,00,2,3,05,C01
201800035675,0,10,000,00,6,1,21,B01
201800035675,0,02,000,00,2,1,00,A01
201800035676,1,01,000,00,2,2,01,B01
201800035676,2,07,000,00,6,1,01,A01
201800035677,2,01,000,00,2,1,01,B01
201800035677,2,07,000,00,2,4,15,A01
201800035678,2,07,000,00,1,2,01,A01
201800035679,1,07,000,00,2,3,21,B01
201800035679,0,07,000,00,2,3,09,A01
201800035680,0,07,000,00,2,0,00,B01
201800035680,0,07,000,00,2,1,01,A01
201800035681,0,07,000,00,2,2,17,A01
201800035681,0,07,000,00,2,3,09,B01
201800035682,2,07,000,00,1,2,01,A01
201800035683,0,07,000,00,2,1,19,A01
201800035683,0,33,000,00,2,1,01,B01
201800035684,0,07,000,00,2,4,01,C01
201800035684,0,33,000,00,2,1,01,B01
201800035684,0,07,000,00,2,8,11,A01
201800035685,2,01,000,00,2,1,01,B01
201800035685,2,07,000,00,2,3,23,A01
201800035686,0,07,000,00,2,3,13,A01
201800035686,0,33,000,00,2,1,01,B01
201800035687,1,07,000,00,6,1,01,A01
201800035687,0,01,000,00,0,8,19,B01
201800035688,2,30,000,00,2,3,01,A01
201800035688,2,07,000,00,2,7,16,B01
201800035689,0,07,000,00,6,1,02,A01
201800035689,0,01,000,00,2,4,01,B01
201800035690,0,10,000,00,1,1,23,A01
201800035691,0,07,000,00,1,1,01,A01
201800035692,0,07,000,00,1,1,01,A01
201800035693,0,07,000,03,0,1,01,A01
201800035693,0,07,000,00,2,1,01,B01
201800035693,0,07,000,00,2,1,01,C01
201800035694,1,07,000,00,2,2,16,A01
201800035694,2,01,000,00,2,3,01,B01
201800035695,1,07,000,00,1,4,04,A01
201800035695,0,99,000,00,2,0,00,R01
201800035696,1,07,000,00,2,1,00,A01
201800035696,2,07,000,00,2,3,00,B01
201800035697,2,07,000,00,2,9,01,C01
201800035697,2,07,000,00,2,4,01,E01
201800035697,2,07,000,00,2,9,01,D01
201800035697,0,02,000,00,2,4,09,B01
201800035697,2,07,000,00,2,1,09,A01
201800035698,2,03,000,00,2,4,02,A01
201800035698,2,07,000,00,2,1,02,B01
201800035699,0,02,000,00,2,1,01,A01
201800035699,2,07,000,00,2,1,09,B01
201800035700,2,07,000,00,1,2,00,A01
201800035701,0,33,000,00,6,8,21,A01
201800035702,2,07,000,14,2,1,13,A01
201800035702,1,07,000,00,2,1,01,B01
201800035703,0,03,000,06,0,3,00,A01
201800035704,0,32,000,00,2,4,15,A01
201800035704,0,07,000,16,0,4,15,B01
201800035705,1,33,000,00,6,1,01,A01
201800035706,1,07,000,00,1,2,01,A01
201800035707,1,07,000,00,2,8,15,A01
201800035707,1,33,000,00,2,1,02,B01
201800035708,1,07,000,00,2,1,01,A01
201800035708,2,07,000,00,2,8,01,B01
201800035709,1,10,000,00,2,1,15,A01
201800035709,2,33,000,00,2,1,01,B01
201800035710,1,30,000,00,0,0,00,A01
201800035711,1,07,000,00,1,2,16,A01
201800035712,2,07,000,00,2,3,15,A01
201800035712,2,33,000,00,2,1,03,B01
201800035713,1,07,000,00,1,1,15,Z01
201800035714,2,07,000,00,2,1,01,B01
201800035714,1,07,000,00,2,3,09,A01
201800035715,0,07,000,00,2,1,09,B01
201800035715,2,07,000,08,2,2,01,A01
201800035716,2,33,000,00,1,1,01,A01
201800035717,0,07,000,00,2,2,01,A01
201800035717,0,01,000,00,2,1,01,B01
201800035718,1,07,000,00,1,1,11,A01
201800035719,2,07,000,00,2,3,01,C01
201800035719,1,07,000,00,2,3,03,A01
201800035719,2,07,000,00,2,6,01,B01
201800035720,1,07,000,00,1,1,00,A01
201800035721,2,07,000,00,2,1,13,A01
201800035721,1,17,000,00,2,1,01,B01
201800035722,1,07,000,00,2,1,01,A01
201800035722,1,02,000,00,2,1,01,B01
201800035723,1,07,000,13,0,9,14,A01
201800035724,1,07,000,00,1,2,16,A01
201800035725,2,07,000,00,2,4,02,B01
201800035725,2,07,000,00,2,1,02,A01
201800035726,2,07,000,00,1,2,09,A01
201800035727,1,07,000,00,1,2,02,A01
201800035728,1,07,000,00,2,8,15,A01
201800035728,1,33,000,00,2,1,17,B01
201800035729,1,02,000,00,2,1,02,B01
201800035729,1,10,000,00,2,4,02,A01
201800035730,2,07,000,00,2,1,02,A01
201800035730,2,07,000,00,2,4,01,B01
201800035731,2,07,000,00,2,8,22,A01
201800035731,2,07,000,01,0,7,01,B01
201800035732,2,07,000,00,2,1,01,B01
201800035732,1,07,000,00,2,1,13,A01
201800035733,1,07,000,00,2,4,02,C01
201800035733,1,38,041,00,2,4,02,B01
201800035733,1,17,000,00,2,1,02,A01
201800035734,1,07,000,00,2,1,00,B01
201800035734,2,07,000,00,2,1,13,A01
201800035735,1,07,000,02,0,1,01,A01
201800035736,1,07,000,00,2,3,15,A01
201800035736,2,07,000,00,2,3,01,B01
201800035737,1,07,000,00,0,0,02,B01
201800035737,1,01,000,12,0,7,02,A01
201800035738,1,07,000,00,1,2,00,A01
201800035739,1,07,000,00,2,7,02,B01
201800035739,0,07,000,00,2,1,00,A01
201800035740,0,01,000,00,2,1,01,B01
201800035740,1,07,000,00,2,5,16,A01
201800035741,1,07,000,00,2,1,13,A01
201800035741,2,17,000,00,2,1,01,B01
201800035742,1,03,000,00,2,7,01,B01
201800035742,2,07,000,00,2,3,09,A01
201800035743,1,07,000,,,,,A01
201800035744,1,01,000,00,2,7,01,B01
201800035744,1,07,000,00,2,1,01,A01
201800035745,1,07,000,00,1,1,01,A01
201800035746,0,01,000,00,2,1,16,B01
201800035746,1,07,000,00,2,7,15,A01
201800035747,0,32,000,01,2,1,19,A01
201800035747,1,07,000,00,2,1,01,B01
201800035748,2,07,000,00,2,3,01,B01
201800035748,1,30,000,00,2,3,05,A01