Num_Acc,senc,catv,occutc,obs,obsm,choc,manv,num_veh
201800036487,2,07,000,00,2,1,01,B01
201800036488,2,07,000,00,2,1,01,A01
201800036488,2,07,000,00,2,4,02,B01
201800036489,0,07,000,00,2,3,01,A01
201800036489,0,07,000,00,2,3,02,B01
201800036490,0,07,000,00,2,8,15,B01
201800036490,0,31,000,00,2,1,17,A01
201800036491,0,07,000,00,2,4,02,B01
201800036491,0,07,000,00,2,1,01,A01
201800036491,0,07,000,00,2,4,02,C01
201800036492,0,07,000,00,1,2,16,A01
201800036493,0,07,000,00,2,4,02,C01
201800036493,0,07,000,00,2,1,01,A01
201800036493,0,07,000,00,2,4,02,B01
201800036494,1,07,000,14,0,1,01,A01
201800036495,0,32,000,00,2,1,01,A01
201800036495,0,07,000,00,2,4,02,B01
201800036496,2,07,000,00,1,1,01,A01
201800036497,0,33,000,11,0,1,01,A01
201800036498,1,07,000,00,1,2,09,A01
201800036499,1,20,000,00,2,1,01,A01
201800036499,1,20,000,00,2,4,02,B01
201800036499,1,20,000,00,2,4,02,C01
201800036500,0,21,000,00,2,4,02,B01
201800036500,0,07,000,03,2,1,01,A01
201800036501,1,07,000,12,0,3,01,A01
201800036502,1,07,000,00,2,2,15,B01
201800036502,1,07,000,00,2,6,15,A01
201800036503,1,33,000,00,1,1,01,A01
201800036504,0,07,000,00,2,4,02,B01
201800036504,0,33,000,00,2,1,01,A01
201800036505,0,07,000,03,0,1,21,A01
201800036506,1,07,000,00,2,1,01,A01
201800036506,1,07,000,00,2,4,01,B01
201800036507,0,07,000,03,0,9,09,A01
201800036508,1,32,000,00,2,1,01,B01
201800036508,1,07,000,00,2,4,04,A01
201800036509,0,07,000,00,2,4,02,D01
201800036509,0,07,000,01,2,9,01,A01
201800036509,0,07,000,00,2,4,02,C01
201800036510,1,02,000,00,0,1,01,A01
201800036511,0,07,000,00,2,1,01,B01
201800036511,0,30,000,00,2,1,01,A01
201800036512,0,07,000,00,2,3,01,B01
201800036512,0,31,000,08,2,1,17,A01
201800036513,0,01,000,00,2,1,01,A01
201800036513,0,07,000,00,6,7,09,B01
201800036514,0,07,000,00,1,1,01,A01
201800036515,1,02,000,00,2,1,01,B01
201800036515,1,10,000,00,2,2,14,A01
201800036516,1,07,000,00,6,2,16,A01
201800036516,1,01,000,00,2,1,02,C01
201800036516,1,01,000,00,2,1,01,B01
201800036517,1,07,000,00,1,3,01,A01
201800036518,1,07,000,00,2,3,01,B01
201800036518,2,07,000,00,2,7,13,Z01
201800036519,2,07,000,00,2,4,02,B01
201800036519,2,07,000,00,2,1,01,A01
201800036519,2,07,000,00,2,1,02,C01
201800036520,0,07,000,00,2,8,15,B01
201800036520,0,02,000,00,2,1,17,A01
201800036521,0,07,000,00,2,4,02,B01
201800036521,0,07,000,00,2,1,01,A01
201800036522,0,07,000,00,1,2,01,A01
201800036523,0,07,000,00,1,1,01,A01
201800036524,0,07,000,00,1,1,09,A01
201800036525,0,07,000,00,2,1,01,A01
201800036525,0,07,000,00,2,4,02,B01
201800036526,0,07,000,00,1,1,01,A01
201800036527,0,07,000,03,0,1,01,A01
201800036528,0,31,000,00,2,1,02,B01
201800036528,0,07,000,00,2,2,15,A01
201800036529,0,07,000,00,2,1,01,A01
201800036529,0,07,000,00,2,1,01,B01
201800036530,0,07,000,00,2,3,01,B01
201800036530,0,07,000,00,2,7,12,A01
201800036531,2,07,000,00,2,8,11,B01
201800036531,2,07,000,00,2,8,01,C01
201800036531,2,07,000,00,2,2,01,A01
201800036532,2,32,000,00,2,1,01,A01
201800036532,2,10,000,00,2,7,01,B01
201800036533,2,10,000,00,2,1,15,A01
201800036533,2,07,000,00,2,8,01,B01
201800036534,0,07,000,01,0,8,13,A01
201800036535,2,34,000,00,2,1,01,B01
201800036535,2,07,000,00,2,1,01,A01
201800036536,1,07,000,01,2,8,00,C01
201800036536,1,07,000,00,2,4,02,B01
201800036536,1,13,000,00,2,1,01,A01
201800036537,1,30,000,14,0,0,01,A01
201800036538,0,07,000,08,2,9,01,B01
201800036538,0,07,000,00,2,1,15,A01
201800036539,0,14,000,12,2,5,12,A01
201800036539,0,01,000,00,2,8,23,B01
201800036540,1,07,000,00,2,2,15,A01
201800036540,1,34,000,00,2,1,01,B01
201800036541,1,34,000,00,1,1,18,A01
201800036542,1,02,000,00,2,8,01,B01
201800036542,1,07,000,00,2,7,01,A01
201800036543,1,10,000,00,2,3,01,A01
201800036543,1,33,000,00,2,2,02,B01
201800036544,2,07,000,00,2,1,01,A01
201800036544,2,07,000,00,2,8,10,Z01
201800036545,0,07,000,00,2,4,02,B01
201800036545,0,07,000,00,2,4,02,C01
201800036545,0,07,000,00,2,1,01,A01
201800036546,1,31,000,00,2,3,03,B01
201800036546,1,07,000,00,2,2,12,A01
201800036546,1,07,000,00,2,4,03,C01
201800036547,1,07,000,00,2,4,15,B01
201800036547,1,10,000,00,2,1,02,Z01
201800036547,1,07,000,00,2,4,01,A01
201800036548,0,07,000,00,2,2,19,A01
201800036548,0,32,000,00,2,1,01,B01
201800036549,2,30,000,00,2,7,14,A01
201800036549,2,10,000,00,2,3,02,B01
201800036550,1,07,000,00,2,4,15,B01
201800036550,1,07,000,00,2,1,01,Z01
201800036551,2,07,000,00,2,8,01,B01
201800036551,2,34,000,00,2,1,01,Z01
201800036552,2,32,000,00,1,1,01,A01
201800036553,2,30,000,00,1,1,01,Z01
201800036554,1,07,000,00,2,4,02,C01
201800036554,1,07,000,00,2,1,01,A01
201800036554,1,07,000,00,2,9,02,B01
201800036555,1,10,000,00,2,3,15,A01
201800036555,1,02,000,00,2,7,17,B01
201800036556,2,32,000,00,0,8,01,A01
201800036557,1,07,000,09,2,1,01,A01
201800036557,1,07,000,14,2,4,23,B01
201800036558,1,07,000,00,1,1,15,A01
201800036559,2,07,000,00,2,3,01,B01
201800036559,2,33,000,00,2,1,19,A01
201800036560,2,07,000,12,2,1,13,A01
201800036560,1,07,000,12,2,1,01,B01
201800036561,0,10,000,00,2,7,15,B01
201800036561,0,10,000,00,2,1,01,A01
201800036562,2,33,000,06,0,1,01,A01
201800036563,2,31,000,00,2,2,01,A01
201800036563,2,10,000,00,2,8,10,B01
201800036564,1,07,000,00,2,1,01,B01
201800036564,0,07,000,00,2,6,10,A01
201800036565,1,07,000,00,1,1,01,A01
201800036566,1,34,000,00,2,7,17,B01
201800036566,1,10,000,00,2,8,13,A01
201800036567,0,07,000,00,2,1,02,B01
201800036567,0,07,000,00,2,4,01,A01
201800036568,2,07,000,00,2,3,01,A01
201800036568,2,07,000,00,2,2,01,B01
201800036569,1,10,000,00,2,4,23,B01
201800036569,1,10,000,00,2,1,01,A01
201800036570,2,07,000,00,2,3,15,B01
201800036570,2,07,000,00,2,2,21,A01
201800036571,2,32,000,00,2,1,01,B01
201800036571,1,10,000,00,2,8,01,A01
201800036572,2,07,000,00,2,1,01,A01
201800036572,2,07,000,00,2,7,01,B01
201800036573,0,07,000,00,2,1,01,A01
201800036573,0,07,000,00,2,4,02,B01
201800036573,0,07,000,00,2,4,02,C01
201800036574,1,07,000,00,1,2,01,A01
201800036575,0,07,000,00,1,1,01,A01
201800036576,1,07,000,00,2,4,02,B01
201800036576,1,07,000,00,2,1,01,A01
201800036577,0,07,000,00,2,7,15,A01
201800036577,0,33,000,00,2,1,01,B01
201800036578,1,07,000,00,1,3,01,A01
201800036579,1,07,000,00,2,4,02,B01
201800036579,1,07,000,00,2,1,01,A01
201800036580,2,07,000,00,1,3,01,A01
201800036581,1,07,000,00,2,1,01,B01
201800036581,1,07,000,00,2,8,09,A01
201800036582,2,07,000,00,2,1,01,B01
201800036582,1,07,000,00,2,1,01,A01
201800036583,2,07,000,00,2,1,01,A01
201800036583,2,07,000,00,2,4,01,B01
201800036584,1,07,000,00,1,4,23,B01
201800036584,1,10,000,00,2,1,01,A01
201800036585,2,01,000,00,2,1,01,B01
201800036585,2,07,000,00,2,5,16,Z01
201800036586,0,33,000,00,2,2,01,B01
201800036586,0,10,000,00,2,6,15,A01
201800036587,2,07,000,00,2,7,15,A01
201800036587,1,33,000,00,2,1,02,B01
201800036588,1,07,000,00,1,1,17,A01
201800036589,0,10,000,01,2,8,02,C01
201800036589,0,10,000,01,1,2,14,A01
201800036589,0,10,000,01,2,5,02,D01
201800036589,0,07,000,01,0,6,02,F01
201800036589,0,10,000,01,6,4,02,E01
201800036589,0,10,000,00,2,8,01,B01
201800036590,1,07,000,00,1,2,01,A01
201800036591,0,07,000,00,2,1,16,A01
201800036591,0,07,000,00,2,1,19,B01
201800036592,2,07,000,00,2,4,02,C01
201800036592,2,07,000,00,2,4,02,B01
201800036592,2,10,000,00,2,1,01,A01
201800036592,2,07,000,00,2,4,02,D01
201800036593,1,10,000,00,2,2,01,A01
201800036593,1,01,000,00,2,6,15,B01
201800036594,0,07,000,00,2,3,09,A01
201800036594,0,01,000,00,2,2,01,B01
201800036595,0,10,000,00,1,2,01,A01
201800036596,2,07,000,00,2,7,19,Z01
201800036596,1,31,000,00,2,1,01,A01
201800036597,0,07,000,00,2,1,10,A01
201800036597,0,07,000,00,2,1,02,B01
201800036598,2,07,000,00,1,6,01,B01
201800036599,1,03,000,00,2,1,01,A01
201800036599,2,10,000,00,2,3,01,B01
201800036600,2,07,000,00,2,8,15,B01
201800036600,2,07,000,00,2,1,17,A01
201800036601,0,10,000,00,1,3,01,A01
201800036602,1,37,010,00,2,2,01,B01
201800036602,0,07,000,00,2,3,09,A01
201800036603,2,33,000,00,2,2,11,A01
201800036603,2,07,000,00,2,3,11,B01
201800036604,1,07,000,00,1,1,01,A01
201800036605,2,07,000,01,0,3,01,B01
201800036605,2,33,000,00,2,6,01,A01
201800036606,0,07,000,00,1,1,15,A01
201800036607,2,33,000,00,2,2,17,B01
201800036607,2,07,000,00,2,3,11,A01
201800036608,2,34,000,00,2,1,01,B01
201800036608,1,07,000,00,2,8,15,A01
201800036609,2,07,000,11,0,3,01,A01
201800036610,1,10,000,00,2,4,01,B01
201800036610,1,10,000,00,2,1,01,A01
201800036611,1,07,000,00,2,3,15,A01
201800036611,1,02,000,00,2,2,01,B01
201800036612,2,07,000,00,2,2,01,A01
201800036612,2,07,000,00,2,6,15,B01
201800036613,2,33,000,00,2,1,17,A01
201800036613,2,07,000,00,2,6,02,B01
201800036614,2,07,000,00,2,3,16,B01
201800036614,2,10,000,00,2,1,01,A01
201800036615,2,10,000,00,1,2,01,A01
201800036616,0,32,000,00,2,1,01,B01
201800036616,0,10,000,00,2,3,15,A01
201800036617,2,07,000,00,1,2,14,A01
201800036618,0,07,000,00,2,1,09,A01
201800036618,0,01,000,00,2,7,01,B01
201800036619,1,07,000,00,2,5,15,A01
201800036619,2,32,000,00,2,1,01,B01
201800036620,1,30,000,00,2,1,17,B01
201800036620,1,07,000,00,2,8,15,A01
201800036621,1,01,000,00,2,4,16,B01
201800036621,1,07,000,00,9,1,01,A01
201800036622,0,07,000,00,2,1,01,C01
201800036622,0,07,000,00,2,3,09,A01
201800036622,0,07,000,00,2,1,11,B01
201800036623,0,07,000,00,2,3,01,B01
201800036623,0,34,000,00,2,5,12,A01
201800036624,1,07,000,00,2,2,19,A01
201800036624,1,07,000,00,2,3,16,B01
201800036625,0,07,000,00,2,5,02,B01
201800036625,0,99,000,00,2,1,02,Z01
201800036625,2,07,000,00,2,6,01,A01
201800036626,1,33,000,00,2,3,02,B01
201800036626,1,07,000,00,2,3,01,A01
201800036627,1,20,000,00,1,1,19,A01
201800036628,1,30,000,00,2,8,01,B01
201800036628,1,07,000,00,2,1,09,A01
201800036629,1,07,000,00,2,6,15,B01
201800036629,1,32,000,00,2,1,01,A01
201800036630,0,33,000,00,2,1,01,A01
201800036630,0,07,000,00,2,4,02,B01
201800036631,0,07,000,00,1,1,15,A01
201800036632,0,07,000,00,2,4,02,B01
201800036632,0,07,000,00,2,1,01,A01
201800036633,0,01,000,00,2,1,01,B01
201800036633,1,07,000,00,2,3,01,A01
201800036634,2,07,000,00,2,2,15,A01
201800036634,1,31,000,00,2,1,01,B01
201800036635,0,20,000,00,1,3,01,A01
201800036636,2,30,000,00,2,7,01,A01
201800036636,2,07,000,00,2,4,09,B01
201800036637,0,20,000,00,1,1,13,Z01
201800036638,2,33,000,00,2,2,17,B01
201800036638,2,03,000,00,2,3,13,A01
201800036639,2,07,000,00,1,3,01,A01
201800036640,1,01,000,00,2,8,01,B01
201800036640,1,07,000,00,2,3,15,A01
201800036641,1,10,000,00,2,2,03,A01
201800036641,1,07,000,06,2,6,01,B01
201800036642,0,07,000,00,2,3,10,B01
201800036642,0,32,000,00,2,1,01,A01
201800036643,0,30,000,00,2,1,01,A01
201800036643,0,07,000,00,2,4,02,B01
201800036644,2,07,000,00,1,1,16,A01
201800036645,1,07,000,00,2,2,13,B01
201800036645,2,07,000,00,2,2,01,A01
201800036646,2,07,000,00,1,2,16,A01
201800036647,2,10,000,00,2,3,13,A01
201800036647,2,07,000,06,2,6,16,B01
201800036648,1,07,000,00,2,1,19,A01
201800036648,1,07,000,00,2,8,19,B01
201800036649,2,07,000,01,2,4,02,B01
201800036649,2,07,000,00,2,1,01,A01
201800036650,2,33,000,00,2,1,01,A01
201800036650,1,07,000,00,2,7,15,B01
201800036651,2,07,000,00,1,3,15,A01
201800036652,2,07,000,00,2,2,01,B01
201800036652,1,07,000,00,2,3,09,A01
201800036653,1,07,000,01,0,1,01,A01
201800036654,1,30,000,00,2,2,17,A01
201800036654,1,07,000,00,2,6,01,B01
201800036655,1,07,000,01,0,2,01,A01
201800036656,1,07,000,00,1,1,01,A01
201800036657,1,02,000,00,2,1,19,B01
201800036657,1,07,000,00,2,3,01,A01
201800036658,1,07,000,00,2,3,15,A01
201800036658,1,32,000,00,2,7,01,B01
201800036659,1,07,000,00,2,4,02,C01
201800036659,1,14,000,00,2,2,01,A01
201800036659,1,07,000,00,2,4,02,B01
201800036660,2,07,000,00,2,1,15,A01
201800036660,1,07,000,00,2,3,01,B01
201800036661,1,07,000,00,2,1,01,A01
201800036661,1,07,000,00,2,4,02,B01
201800036662,2,37,030,00,2,1,01,A01
201800036662,1,30,000,00,2,1,00,B01
201800036663,2,33,000,00,2,3,21,B01
201800036663,2,10,000,00,2,1,09,A01
201800036664,1,07,000,00,2,1,13,A01
201800036664,1,07,000,00,2,1,01,B01
201800036665,2,07,000,00,2,3,15,A01
201800036665,2,33,000,00,2,2,03,B01
201800036666,2,30,000,01,0,1,14,A01
201800036667,2,07,000,14,0,1,01,A01
201800036667,2,07,000,14,2,4,01,B01
201800036667,2,07,000,14,2,4,02,C01
201800036668,2,07,000,00,1,2,16,A01
201800036669,2,07,000,00,2,2,09,B01
201800036669,2,33,000,00,2,1,01,A01
201800036670,1,07,000,00,1,4,20,A01
201800036671,2,07,000,00,2,3,15,A01
201800036671,2,33,000,00,2,2,17,B01
201800036672,1,10,000,00,2,8,15,A01
201800036672,1,99,000,07,2,2,17,B01
201800036673,2,07,000,00,2,1,01,A01
201800036673,2,07,000,00,2,4,15,B01
201800036674,2,07,000,06,2,8,09,A01
201800036674,2,07,000,00,2,2,01,B01
201800036675,2,07,000,09,0,1,09,A01
201800036676,1,07,000,00,2,3,01,B01
201800036676,2,07,000,00,2,2,01,A01
201800036677,2,07,000,00,2,2,15,B01
201800036677,1,30,000,00,2,1,01,A01
201800036678,1,01,000,00,2,5,16,B01
201800036678,1,10,000,00,2,3,15,A01
201800036679,1,07,000,01,0,7,01,B01
201800036679,2,07,000,00,2,1,09,A01
201800036680,0,99,000,00,1,2,09,A01
201800036681,1,07,000,00,1,1,01,A01
201800036682,1,07,000,00,6,6,01,A01
201800036682,1,02,000,00,2,1,01,B01
201800036683,0,07,000,00,2,4,02,B01
201800036683,0,07,000,00,2,1,01,A01
201800036684,1,10,000,00,2,2,19,B01
201800036684,1,07,000,00,2,6,01,A01
201800036685,1,07,000,00,2,4,02,B01
201800036685,1,07,000,00,2,1,01,A01
201800036686,2,07,000,01,2,2,01,A01
201800036686,1,07,000,00,2,3,15,B01
201800036687,1,07,000,00,2,7,17,A01
201800036687,1,01,000,00,2,6,01,B01
201800036688,1,33,000,00,2,4,01,B01
201800036688,1,07,000,00,2,1,01,A01
201800036689,2,07,000,00,2,4,01,B01
201800036689,0,07,000,00,2,1,15,A01
201800036690,1,07,000,00,1,1,01,A01
201800036691,1,07,000,00,2,1,01,A01
201800036691,1,07,000,13,0,4,02,B01
201800036692,0,07,000,00,2,1,01,A01
201800036692,0,07,000,00,2,7,01,B01
201800036693,0,31,000,00,0,0,01,A01
201800036694,0,07,000,00,2,1,01,A01
201800036694,0,07,000,00,2,4,02,B01
201800036695,1,07,000,00,0,9,14,A01
201800036696,1,07,000,00,2,1,01,A01
201800036696,1,07,000,00,2,4,02,B01
201800036697,2,07,000,00,2,4,02,B01
201800036697,2,10,000,00,2,1,01,A01
201800036698,0,07,000,00,0,9,00,A01
201800036699,1,07,000,06,0,4,14,A01
201800036700,0,07,000,00,2,8,01,B01
201800036700,0,33,000,00,2,8,01,A01
201800036701,1,33,000,00,0,0,01,A01
201800036702,1,07,000,06,0,1,01,A01
201800036703,0,17,000,16,0,8,04,A01
201800036704,0,10,000,14,0,1,01,A01
201800036705,0,01,000,00,2,1,01,B01
201800036705,0,07,000,00,2,8,01,A01
201800036706,1,07,000,02,2,1,01,B01
201800036706,0,07,000,02,2,1,09,A01
201800036707,0,15,000,16,0,8,13,A01
201800036708,1,07,000,00,2,1,13,A01
201800036708,1,07,000,00,2,1,01,B01
201800036709,1,07,000,15,0,3,09,A01
201800036710,2,07,000,00,2,8,01,B01
201800036710,1,07,000,00,2,3,13,A01
201800036711,2,10,000,16,0,1,01,A01
201800036712,0,07,000,00,2,1,01,A01
201800036712,0,07,000,00,2,4,02,B01
201800036713,2,02,000,00,5,1,01,A01
201800036714,2,07,000,13,0,7,13,A01
201800036715,0,07,000,00,2,1,01,A01
201800036715,0,07,000,00,2,4,02,B01
201800036716,2,07,000,00,2,1,09,A01
201800036716,0,02,000,00,2,1,09,B01
201800036717,2,02,000,00,2,2,01,A01
201800036717,1,07,000,00,2,3,09,B01
201800036718,2,07,000,00,2,4,02,B01
201800036718,2,07,000,00,2,1,01,A01
201800036719,2,07,000,00,0,9,01,A01
201800036720,2,07,000,00,0,0,01,A01
201800036721,1,01,000,09,0,5,01,A01
201800036722,2,07,000,00,2,4,02,B01
201800036722,2,07,000,00,2,1,01,A01
201800036723,1,07,000,00,1,1,01,A01
201800036724,1,33,000,00,2,1,01,B01
201800036724,1,07,000,00,2,3,19,A01
201800036725,0,99,000,00,0,0,00,Z01
201800036726,0,07,000,00,1,7,01,A01
201800036727,1,02,000,00,0,0,01,A01
201800036728,0,33,000,00,0,0,13,A01
201800036729,2,07,000,00,2,4,02,B01
201800036729,2,10,000,00,2,1,01,A01
201800036730,0,31,000,00,0,0,01,A01
201800036731,2,07,000,14,0,9,01,A01
201800036732,1,07,000,00,1,7,01,A01
201800036733,0,01,000,00,0,0,01,A01
201800036734,1,07,000,00,2,1,17,A01
201800036734,2,07,000,00,2,3,01,B01
201800036735,0,30,000,00,0,0,01,A01
201800036736,0,07,000,00,2,4,04,A01
201800036736,0,01,000,00,2,1,01,B01
201800036737,0,07,000,00,2,1,01,B01
201800036737,0,07,000,00,2,8,09,A01
201800036738,1,07,000,00,2,8,13,A01
201800036738,1,07,000,00,2,3,13,B01
201800036739,2,07,000,16,0,8,13,A01
201800036740,2,07,000,00,2,7,01,A01
201800036740,1,33,000,00,2,2,01,B01
201800036741,1,07,000,00,2,4,02,B01
201800036741,1,33,000,00,2,1,01,A01
201800036742,0,07,000,00,0,0,14,A01
201800036743,1,17,000,00,2,8,13,A01
201800036743,1,07,000,00,2,7,01,C01
201800036743,1,07,000,00,2,7,01,B01
201800036744,0,07,000,00,2,4,01,B01
201800036744,0,07,000,00,2,1,02,A01
201800036745,0,07,000,00,1,1,01,A01
201800036746,0,07,000,00,2,1,01,B01
201800036746,0,01,000,00,2,4,02,A01
201800036747,0,07,000,00,2,1,01,A01
201800036747,0,07,000,00,2,4,02,B01
201800036748,1,33,000,00,2,1,02,D01
201800036748,1,07,000,00,2,4,02,E01
201800036748,1,07,000,00,2,1,02,C01
201800036748,1,13,000,00,2,1,01,A01
201800036748,1,07,000,00,2,4,02,B01
201800036749,0,07,000,00,2,1,13,Z01
201800036749,0,07,000,00,2,3,01,A01
201800036750,0,33,000,14,0,1,01,A01
201800036751,0,07,000,14,0,0,14,A01
201800036752,0,07,000,00,2,4,04,A01
201800036752,0,07,000,00,2,1,01,B01
201800036753,0,07,000,00,1,1,01,A01
201800036754,2,15,000,00,2,2,01,C01
201800036754,2,07,000,00,2,6,01,A01
201800036754,2,07,000,00,2,1,02,B01
201800036755,0,07,000,00,2,4,02,B01
201800036755,0,07,000,00,2,1,01,A01
201800036756,0,07,000,13,0,9,01,A01
201800036757,0,01,000,00,2,1,01,B01
201800036757,0,14,000,00,2,1,09,A01
201800036758,1,07,000,00,1,1,01,A01
201800036759,2,17,000,07,0,7,14,A01
201800036760,1,07,000,00,1,3,15,B01
201800036761,1,07,000,00,1,2,21,A01
201800036762,1,07,000,00,1,1,01,A01
201800036763,2,07,000,00,2,4,01,A01
201800036763,2,07,000,00,2,5,02,B01
201800036764,0,07,000,00,2,7,16,A01
201800036764,0,34,000,00,2,3,15,B01
201800036765,0,07,000,00,2,2,19,A01
201800036765,0,07,000,00,2,3,01,B01
201800036766,0,07,000,00,2,2,01,B01
201800036766,0,01,000,00,2,1,01,A01
201800036767,0,07,000,00,2,4,01,A01
201800036767,0,07,000,00,2,1,02,B01
201800036768,0,07,000,00,2,1,01,A01
201800036768,0,07,000,00,2,4,23,C01
201800036768,0,07,000,00,2,4,23,D01
201800036768,0,07,000,00,2,4,23,B01
201800036769,1,07,000,00,2,1,01,A01
201800036769,1,07,000,00,2,4,02,B01
201800036770,1,07,000,00,1,3,01,A01
201800036771,0,07,000,00,1,2,01,A01
201800036772,0,10,000,00,2,4,02,Z01
201800036772,0,01,000,00,2,1,01,A01
201800036773,2,10,000,00,1,1,15,A01
201800036774,0,07,000,00,1,2,01,A01
201800036775,0,07,000,04,2,4,02,B01
201800036775,0,07,000,00,2,1,01,A01
201800036775,0,07,000,00,2,4,02,C01
201800036776,,07,000,,,,,Z01
201800036776,,07,000,,,,,A01
201800036777,1,07,000,00,1,4,01,A01
201800036777,1,07,000,00,2,1,02,B01
201800036778,0,07,000,00,2,4,02,B01
201800036778,0,07,000,00,2,4,01,A01
201800036778,0,07,000,00,2,1,02,Z01
201800036778,0,07,000,00,2,4,02,C01
201800036779,1,07,000,01,0,1,14,A01
201800036780,1,07,000,00,1,2,01,A01
201800036781,0,07,000,00,2,2,01,A01
201800036781,1,34,000,00,2,8,02,B01
201800036782,1,07,000,00,1,1,01,A01
201800036783,0,07,000,00,2,4,01,B01
201800036783,0,07,000,00,2,4,01,A01
201800036783,0,07,000,00,2,3,01,C01
201800036784,0,33,000,00,1,1,01,A01
201800036785,0,07,000,00,2,3,01,B01
201800036785,0,07,000,00,2,1,01,A01
201800036786,0,07,000,00,2,8,01,A01
201800036786,0,33,000,00,2,8,01,B01
201800036787,1,07,000,00,1,1,09,A01
201800036788,1,07,000,00,2,1,02,B01
201800036788,1,02,000,00,2,4,01,A01
201800036789,0,07,000,02,0,3,14,A01
201800036790,0,07,000,00,2,1,01,A01
201800036790,0,07,000,00,2,4,02,B01
201800036791,1,07,000,00,2,1,02,B01
201800036791,1,07,000,01,2,1,02,C01
201800036791,1,07,000,00,2,4,01,A01
201800036792,1,07,000,00,0,1,01,A01
201800036793,1,02,000,00,2,3,18,B01
201800036793,1,07,000,00,2,2,01,A01
201800036794,1,07,000,00,1,1,01,A01
201800036795,1,10,000,00,1,3,01,A01
201800036795,2,10,000,00,1,8,01,B01
201800036796,2,07,000,00,2,5,12,B01
201800036796,2,07,000,01,2,3,01,A01
201800036797,1,10,000,00,2,1,19,B01
201800036797,1,07,000,00,2,4,19,A01
201800036798,1,07,000,00,1,2,21,A01
201800036799,1,07,000,00,1,3,19,A01
201800036800,1,33,000,00,1,3,17,A01
201800036801,1,30,000,00,2,7,01,A01
201800036801,1,07,000,00,2,3,15,B01
201800036802,1,20,000,06,0,1,19,A01
201800036803,2,07,000,00,2,3,19,B01
201800036803,1,33,000,00,2,8,15,A01
201800036804,1,07,000,08,0,2,14,A01
201800036805,1,07,000,15,0,3,13,A01
201800036806,1,34,000,09,2,2,19,B01
201800036806,1,07,000,12,2,3,15,A01
201800036807,1,07,000,00,2,3,16,A01
201800036807,1,07,000,00,2,5,16,B01
201800036808,2,07,000,00,2,1,15,A01
201800036808,1,07,000,00,2,6,01,B01
201800036809,1,07,000,00,1,1,01,A01
201800036810,1,31,000,00,2,7,01,B01
201800036810,1,07,000,00,2,1,01,A01
201800036811,1,07,000,00,1,1,01,A01
201800036812,1,99,000,00,2,1,19,A01
201800036812,1,07,000,00,2,4,19,C01
201800036812,1,07,000,00,2,4,19,B01
201800036813,0,99,000,00,1,4,04,A01
201800036814,1,10,000,00,2,4,01,A01
201800036814,1,07,000,00,2,1,02,B01
201800036815,1,07,000,00,2,3,20,A01
201800036815,1,02,000,00,2,1,02,B01
201800036816,0,07,000,00,2,6,11,A01
201800036816,0,33,000,00,2,2,12,B01
201800036817,1,07,000,00,1,1,01,A01
201800036818,0,07,000,00,2,3,05,A01
201800036818,0,07,000,00,2,3,01,B01
201800036819,1,10,000,00,1,1,16,A01
201800036820,2,33,000,00,2,1,01,B01
201800036820,1,10,000,00,2,1,15,A01
201800036821,2,07,000,00,2,4,23,C01
201800036821,2,07,000,00,2,1,01,A01
201800036821,2,07,000,00,2,4,23,B01
201800036822,2,33,000,00,2,1,01,B01
201800036822,1,07,000,00,2,5,06,A01
201800036823,0,07,000,00,2,2,09,A01
201800036823,0,01,000,00,2,6,09,B01
201800036824,0,10,000,00,2,3,09,A01
201800036824,0,03,000,00,2,4,11,B01
201800036825,1,07,000,00,2,7,15,B01
201800036825,1,33,000,00,2,8,11,A01
201800036826,0,30,000,00,1,1,01,A01
201800036827,0,32,000,00,0,0,00,A01
201800036828,0,07,000,00,2,4,01,A01
201800036828,0,07,000,00,2,1,02,B01
201800036829,2,10,000,00,2,6,23,B01
201800036829,2,33,000,00,2,3,01,A01
201800036830,0,07,000,01,1,3,01,A01
201800036831,2,07,000,00,1,7,16,A01
201800036832,0,07,000,01,1,4,04,A01
201800036833,0,02,000,00,2,1,17,B01
201800036833,0,07,000,00,2,3,15,A01
201800036834,0,99,000,00,1,3,15,A01
201800036835,0,02,000,00,0,8,01,B01
201800036835,0,10,000,00,2,2,17,A01
201800036836,0,07,000,00,1,1,01,A01
201800036837,1,10,000,00,1,1,16,A01
201800036838,2,10,000,00,2,8,15,B01
201800036838,2,30,000,00,2,7,17,A01
201800036839,2,07,000,01,0,1,01,C01
201800036839,2,07,000,00,2,4,01,B01
201800036839,2,07,000,00,2,4,01,A01
201800036840,1,10,000,00,1,4,04,A01
201800036841,0,07,000,00,1,5,04,A01
201800036842,1,10,000,00,2,8,01,A01
201800036842,0,02,000,00,2,1,19,B01
201800036843,1,07,000,00,2,2,01,B01
201800036843,0,07,000,00,2,3,19,A01
201800036844,0,07,000,00,2,6,16,A01
201800036844,0,15,000,00,2,2,14,B01
201800036845,1,10,000,00,1,1,01,Z01
201800036846,0,07,000,00,1,2,01,A01
201800036847,0,07,000,01,0,1,14,A01
201800036848,0,07,000,01,0,2,01,A01
201800036849,0,02,000,00,0,3,13,B01
201800036849,0,07,000,00,2,2,01,A01
201800036850,0,07,000,04,0,2,14,A01
201800036851,0,10,000,00,2,8,01,B01
201800036851,0,10,000,00,2,1,01,A01
201800036852,0,07,000,00,2,4,02,B01