Num_Acc,senc,catv,occutc,obs,obsm,choc,manv,num_veh
201800036852,0,07,000,09,2,1,21,A01
201800036853,1,10,000,12,1,2,01,A01
201800036854,0,10,000,00,2,0,11,A01
201800036854,0,33,000,00,2,0,01,B01
201800036855,0,32,000,00,2,3,01,A01
201800036855,0,07,000,00,2,4,02,C01
201800036855,0,07,000,00,2,4,02,B01
201800036856,2,10,000,00,1,1,16,A01
201800036857,1,07,000,00,2,2,01,A01
201800036857,1,07,000,00,2,1,01,B01
201800036858,1,10,000,00,1,1,19,A01
201800036859,2,01,000,00,2,1,01,B01
201800036859,2,37,010,00,2,1,01,A01
201800036860,0,10,000,00,2,3,09,A01
201800036860,0,01,000,14,2,3,03,B01
201800036861,0,07,000,00,1,1,01,A01
201800036862,0,33,000,00,1,3,14,A01
201800036863,1,32,000,00,2,1,01,A01
201800036863,1,07,000,00,2,6,01,B01
201800036864,2,07,000,01,0,2,01,A01
201800036865,1,07,000,01,0,5,04,A01
201800036865,2,07,000,00,2,1,01,C01
201800036865,1,02,000,00,2,1,01,B01
201800036866,2,07,000,00,1,3,01,A01
201800036867,0,07,000,00,2,3,15,A01
201800036867,0,01,000,00,2,3,01,B01
201800036868,0,33,000,00,2,7,01,B01
201800036868,0,03,000,00,2,8,15,A01
201800036869,0,01,000,00,2,7,01,B01
201800036869,0,07,000,00,2,1,19,A01
201800036870,0,07,000,00,1,2,01,A01
201800036871,0,07,000,00,1,1,16,A01
201800036872,0,07,000,09,2,7,01,B01
201800036872,0,07,000,00,2,1,09,A01
201800036873,0,30,000,00,1,1,01,A01
201800036874,2,07,000,00,6,8,15,A01
201800036874,2,33,000,14,2,2,17,B01
201800036875,1,99,000,00,1,1,01,Z01
201800036876,0,07,000,00,1,1,15,A01
201800036876,0,07,000,00,2,1,16,B01
201800036877,1,30,000,00,2,1,01,A01
201800036877,2,30,000,00,2,1,01,B01
201800036878,0,07,000,00,2,1,01,A01
201800036878,0,07,000,00,2,5,02,B01
201800036879,1,07,000,00,1,1,19,A01
201800036880,0,07,000,00,2,1,09,B01
201800036880,0,07,000,00,2,4,09,A01
201800036881,2,07,000,00,1,2,01,A01
201800036882,1,31,000,00,2,3,17,B01
201800036882,1,10,000,00,2,6,11,A01
201800036883,1,07,000,01,0,4,01,A01
201800036883,2,07,000,00,2,1,01,B01
201800036884,0,34,000,00,2,8,02,B01
201800036884,0,07,000,00,2,1,14,A01
201800036885,0,07,000,00,2,4,02,C01
201800036885,0,07,000,00,2,4,23,Z01
201800036885,0,07,000,00,2,4,23,B01
201800036885,0,07,000,00,2,1,02,E01
201800036885,0,07,000,00,2,1,02,D01
201800036886,0,07,000,00,2,3,01,A01
201800036886,0,07,000,00,2,3,01,B01
201800036887,1,07,000,00,2,3,13,A01
201800036887,2,07,000,00,2,3,01,B01
201800036888,0,10,000,00,1,7,01,A01
201800036889,1,07,000,00,2,0,00,H01
201800036889,1,07,000,00,2,0,00,G01
201800036889,1,07,000,00,2,4,02,B01
201800036889,1,07,000,00,2,0,00,E01
201800036889,1,07,000,00,2,0,00,F01
201800036889,1,07,000,00,2,0,00,D01
201800036889,1,07,000,01,2,9,01,A01
201800036889,1,07,000,00,2,0,00,I01
201800036890,0,07,000,00,2,8,01,B01
201800036890,0,07,000,00,2,1,09,A01
201800036891,2,07,000,00,2,2,21,B01
201800036891,1,07,000,00,2,3,01,A01
201800036891,2,07,000,00,2,0,00,C01
201800036892,1,33,000,08,0,1,17,A01
201800036893,1,07,000,00,2,4,16,A01
201800036893,1,07,000,00,2,2,16,B01
201800036894,0,07,000,00,1,2,05,A01
201800036895,1,07,000,00,2,3,01,A01
201800036895,2,10,000,00,2,3,14,C01
201800036895,2,07,000,00,2,3,14,B01
201800036896,1,07,000,00,2,2,16,Z01
201800036896,0,99,000,00,2,0,00,R01
201800036897,1,15,000,00,2,7,21,B01
201800036897,1,31,000,00,2,8,14,A01
201800036898,2,31,000,00,2,5,09,A01
201800036899,0,99,000,00,2,0,00,R01
201800036899,2,07,000,00,2,3,19,A01
201800036900,1,33,000,12,0,1,14,A01
201800036901,1,07,000,00,2,1,13,A01
201800036901,1,07,000,00,2,3,01,B01
201800036902,1,07,000,00,2,3,01,A01
201800036902,2,07,000,00,2,3,02,B01
201800036903,1,30,000,00,2,3,13,A01
201800036903,1,07,000,00,2,8,17,B01
201800036904,0,07,000,00,1,1,00,A01
201800036905,2,30,000,00,2,4,01,B01
201800036905,2,07,000,00,2,1,01,A01
201800036906,1,07,000,00,2,1,19,A01
201800036906,0,07,000,00,2,3,24,C01
201800036906,2,34,000,00,2,1,03,B01
201800036907,1,07,000,00,2,4,23,B01
201800036907,1,07,000,00,2,4,01,A01
201800036908,1,07,000,00,2,3,13,A01
201800036908,2,07,000,00,2,8,01,B01
201800036909,2,07,000,00,2,4,02,B01
201800036909,2,07,000,00,2,1,01,A01
201800036909,2,07,000,00,2,4,02,C01
201800036910,0,07,000,00,2,3,15,B01
201800036910,0,30,000,00,2,1,17,A01
201800036911,0,07,000,00,2,2,01,A01
201800036911,1,01,000,00,2,1,02,B01
201800036912,0,07,000,00,2,3,01,B01
201800036912,0,33,000,00,2,2,09,A01
201800036913,0,07,000,00,2,4,24,B01
201800036913,1,07,000,01,0,1,01,A01
201800036914,2,07,000,00,2,2,01,A01
201800036914,2,34,000,00,2,1,01,B01
201800036915,1,30,000,00,1,1,01,Z01
201800036916,1,07,000,01,1,1,13,A01
201800036916,0,07,000,00,2,4,02,C01
201800036917,1,10,000,00,2,2,13,A01
201800036917,1,33,000,00,2,3,14,B01
201800036918,0,31,000,00,2,1,01,A01
201800036918,0,07,000,00,2,5,15,B01
201800036919,0,07,000,00,2,2,10,B01
201800036919,0,33,000,00,2,1,01,A01
201800036920,0,37,010,00,1,1,09,A01
201800036921,0,07,000,12,1,2,01,A01
201800036922,2,01,000,00,2,8,01,B01
201800036922,1,07,000,00,6,1,19,A01
201800036923,0,07,000,00,2,1,01,B01
201800036923,0,07,000,00,2,1,13,A01
201800036923,0,07,000,00,2,1,01,C01
201800036924,1,07,000,00,1,3,01,A01
201800036925,0,34,000,00,2,1,01,B01
201800036925,1,07,000,00,6,3,10,A01
201800036926,0,33,000,00,2,1,01,A01
201800036926,0,07,000,00,2,4,02,B01
201800036927,0,30,000,00,1,2,01,A01
201800036928,0,07,000,08,1,1,01,A01
201800036929,0,10,000,00,1,4,04,A01
201800036930,1,07,000,00,2,4,02,B01
201800036930,1,10,000,00,2,1,01,A01
201800036931,0,07,000,00,2,5,17,B01
201800036931,1,07,000,00,2,3,13,A01
201800036931,1,07,000,00,2,4,09,D01
201800036931,1,07,000,00,2,6,01,C01
201800036932,1,31,000,00,1,1,19,A01
201800036933,1,07,000,00,2,8,11,A01
201800036933,1,33,000,00,2,7,01,B01
201800036934,1,07,000,00,2,8,19,B01
201800036934,1,07,000,00,2,1,19,A01
201800036935,0,07,000,00,1,2,11,A01
201800036936,0,07,000,00,2,2,15,B01
201800036936,1,07,000,06,2,3,01,A01
201800036937,0,33,000,01,0,3,01,B01
201800036937,2,07,000,00,2,5,24,A01
201800036938,1,07,000,00,2,3,15,A01
201800036938,1,34,000,00,2,2,17,B01
201800036939,0,07,000,00,2,3,00,B01
201800036939,0,07,000,00,2,1,00,A01
201800036940,0,07,000,00,2,6,02,C01
201800036940,0,07,000,00,2,4,02,B01
201800036940,0,07,000,00,2,1,01,A01
201800036941,0,07,000,00,1,3,01,A01
201800036942,1,07,000,00,1,2,01,A01
201800036943,0,10,000,00,6,3,09,A01
201800036943,0,01,000,00,2,5,02,B01
201800036944,0,07,000,00,2,7,01,A01
201800036944,0,10,000,00,2,2,02,B01
201800036945,0,15,000,00,2,3,14,A01
201800036945,0,07,000,00,2,1,13,B01
201800036946,0,07,000,00,2,9,01,B01
201800036946,0,07,000,00,2,1,19,A01
201800036947,0,07,000,00,2,2,01,A01
201800036947,0,33,000,00,2,1,01,B01
201800036948,0,01,000,00,2,6,01,B01
201800036948,0,07,000,00,2,3,01,A01
201800036949,0,33,000,00,2,3,01,B01
201800036949,0,07,000,00,2,2,12,A01
201800036950,1,07,000,00,1,3,01,A01
201800036951,0,07,000,00,2,3,19,A01
201800036951,0,07,000,00,2,2,19,B01
201800036951,0,07,000,00,2,8,19,C01
201800036952,2,34,000,12,0,9,19,A01
201800036953,1,07,000,00,2,6,15,A01
201800036953,1,34,000,00,2,2,17,B01
201800036954,0,07,000,00,1,1,01,A01
201800036955,0,07,000,01,1,3,01,A01
201800036956,0,10,000,00,1,1,19,A01
201800036957,2,10,000,00,1,1,01,A01
201800036958,1,07,000,00,1,1,19,A01
201800036959,2,07,000,00,1,1,01,A01
201800036960,1,07,000,00,2,4,02,C01
201800036960,1,07,000,00,2,1,01,A01
201800036960,1,07,000,00,2,4,02,B01
201800036961,2,07,000,00,2,1,02,B01
201800036961,2,07,000,00,2,4,01,A01
201800036962,2,07,000,00,2,4,01,A01
201800036962,2,34,000,00,2,1,03,B01
201800036963,1,07,000,00,1,1,19,A01
201800036964,1,15,000,00,2,8,13,A01
201800036964,1,07,000,00,2,7,01,B01
201800036965,1,07,000,00,2,4,02,B01
201800036965,1,07,000,00,2,1,01,A01
201800036966,1,30,000,00,2,1,15,A01
201800036966,1,07,000,00,2,8,01,B01
201800036967,1,07,000,00,2,1,15,A01
201800036967,2,02,000,00,2,8,01,B01
201800036968,1,31,000,00,2,1,01,A01
201800036968,1,10,000,00,2,1,01,B01
201800036969,1,33,000,00,2,3,01,B01
201800036969,1,07,000,00,2,3,01,A01
201800036970,2,07,000,00,2,3,01,B01
201800036970,2,07,000,00,2,4,23,A01
201800036971,1,37,001,00,2,1,01,B01
201800036971,1,10,000,00,2,8,15,A01
201800036972,1,07,000,00,2,7,15,B01
201800036972,2,33,000,00,2,1,01,A01
201800036973,1,07,000,00,1,1,14,A01
201800036974,2,07,000,01,2,4,02,D01
201800036974,2,14,000,01,0,1,02,F02
201800036974,2,07,000,01,2,4,02,C01
201800036974,2,07,000,01,0,4,02,E01
201800036974,2,07,000,01,2,1,02,B01
201800036974,2,07,000,00,2,4,01,A01
201800036975,1,10,000,00,1,1,01,A01
201800036976,2,07,000,03,0,9,01,A01
201800036977,2,07,000,00,1,1,01,A01
201800036978,2,02,000,00,2,1,02,B01
201800036978,2,07,000,00,2,6,23,A01
201800036979,1,07,000,00,2,2,09,A01
201800036979,1,34,000,00,2,1,02,B01
201800036980,1,33,000,00,2,8,01,B01
201800036980,1,07,000,00,2,5,12,A01
201800036981,1,10,000,09,0,1,01,A01
201800036982,0,10,000,00,2,2,24,B01
201800036982,0,33,000,01,0,1,14,A01
201800036983,1,07,000,00,1,3,01,A01
201800036984,0,07,000,00,2,1,00,C01
201800036984,0,07,000,00,2,2,15,A01
201800036984,0,07,000,00,2,7,16,B01
201800036985,2,01,000,00,2,1,01,B01
201800036985,1,07,000,00,6,3,15,A01
201800036986,2,07,000,04,0,3,13,A01
201800036987,1,07,000,00,2,0,02,B01
201800036987,1,33,000,03,2,9,03,A01
201800036988,1,33,000,00,1,1,01,A01
201800036989,2,02,000,00,2,8,01,B01
201800036989,2,07,000,00,2,0,00,A01
201800036990,0,07,000,00,2,1,15,A01
201800036990,0,01,000,00,2,1,01,B01
201800036991,1,07,000,00,2,4,02,B01
201800036991,1,07,000,00,2,4,01,A01
201800036991,1,10,000,00,2,1,02,Z01
201800036991,1,07,000,00,2,4,02,C01
201800036992,0,07,000,04,0,1,13,A01
201800036993,1,07,000,00,2,7,01,B01
201800036993,1,31,000,00,2,8,11,A01
201800036994,1,07,000,13,0,1,01,A01
201800036995,0,07,000,00,1,4,20,A01
201800036996,2,10,000,00,1,2,16,A01
201800036997,2,07,000,00,2,2,24,C01
201800036997,1,07,000,00,2,3,20,B01
201800036997,1,33,000,00,2,1,01,A01
201800036998,1,07,000,00,2,4,01,B01
201800036998,1,07,000,00,2,1,02,Z01
201800036999,1,01,000,00,2,1,19,B01
201800036999,2,07,000,00,2,2,15,A01
201800037000,1,07,000,00,1,3,15,A01
201800037001,0,07,000,00,2,3,09,A01
201800037001,0,01,000,00,2,7,01,B01
201800037002,1,99,000,00,2,2,01,B01
201800037002,0,07,000,00,2,2,01,A01
201800037003,0,07,000,00,2,1,01,B01
201800037003,0,07,000,00,2,1,13,A01
201800037004,0,32,000,00,2,7,13,B01
201800037004,0,33,000,00,2,8,14,A01
201800037005,0,07,000,00,2,1,16,A01
201800037005,0,33,000,00,2,1,01,B01
201800037006,1,07,000,00,1,1,01,A01
201800037007,1,07,000,00,1,2,01,A01
201800037008,2,07,000,00,2,1,01,C01
201800037008,2,07,000,00,2,3,01,B01
201800037008,1,02,000,00,2,1,17,A01
201800037009,0,02,000,00,2,1,01,B01
201800037009,0,07,000,00,2,2,15,A01
201800037010,1,02,000,00,2,1,01,A01
201800037010,1,07,000,00,2,6,02,B01
201800037011,0,07,000,00,2,4,02,B01
201800037011,0,10,000,00,2,4,02,C01
201800037011,0,07,000,00,2,1,01,A01
201800037012,0,07,000,00,2,4,02,D01
201800037012,0,07,000,00,2,4,02,B01
201800037012,0,07,000,00,2,1,01,A01
201800037012,0,07,000,00,2,4,02,C01
201800037013,1,07,000,00,2,4,02,B01
201800037013,1,07,000,00,2,1,01,A01
201800037014,2,30,000,00,2,1,01,A01
201800037014,2,07,000,00,2,4,02,B01
201800037015,1,07,000,00,2,4,02,B01
201800037015,1,07,000,00,2,1,18,A01
201800037016,1,07,000,00,2,4,16,B01
201800037016,1,07,000,00,2,1,01,A01
201800037017,2,07,000,00,2,1,01,A01
201800037017,2,07,000,00,2,4,02,B01
201800037018,0,01,000,14,2,5,19,B01
201800037018,0,07,000,00,2,2,01,A01
201800037019,1,07,000,00,2,2,01,B01
201800037019,2,07,000,00,2,8,19,A01
201800037020,0,33,000,00,2,1,21,A01
201800037020,0,10,000,00,2,6,21,B01
201800037021,1,07,000,00,2,1,11,A01
201800037021,1,07,000,00,2,4,11,B01
201800037021,1,07,000,00,2,1,02,C01
201800037022,1,07,000,00,1,4,04,A01
201800037023,1,07,000,00,2,1,01,A01
201800037023,1,07,000,00,2,4,01,B01
201800037024,0,02,000,00,2,1,01,B01
201800037024,0,07,000,00,2,2,01,A01
201800037025,0,31,000,00,2,1,13,B01
201800037025,0,07,000,00,2,5,01,A01
201800037026,1,07,000,00,2,1,01,A01
201800037026,1,07,000,00,2,4,02,B01
201800037027,1,10,000,00,2,1,01,A01
201800037027,1,07,000,00,2,4,02,B01
201800037027,1,07,000,00,2,4,02,C01
201800037028,2,33,000,00,2,8,01,B01
201800037028,0,07,000,00,0,8,15,A01
201800037029,1,10,000,00,2,1,09,B01
201800037029,1,07,000,00,2,3,09,A01
201800037030,1,07,000,00,1,3,01,A01
201800037031,1,07,000,00,1,1,01,A01
201800037032,1,07,000,00,0,0,00,A01
201800037033,1,10,000,00,2,2,15,A01
201800037033,2,01,000,00,2,3,00,B01
201800037034,0,07,000,00,2,4,20,A01
201800037034,0,02,000,00,2,7,23,B01
201800037035,1,07,000,00,2,1,01,A01
201800037035,1,01,000,00,2,7,01,B01
201800037036,1,07,000,00,2,3,15,B01
201800037036,1,07,000,00,2,1,01,A01
201800037037,1,34,000,00,0,3,01,A01
201800037038,0,01,000,00,2,3,19,B01
201800037038,2,07,000,00,2,1,13,A01
201800037039,1,07,000,00,1,1,16,A01
201800037040,1,07,000,00,2,1,01,A01
201800037040,1,07,000,00,2,4,02,C01
201800037040,1,07,000,00,2,4,01,B01
201800037041,0,07,000,00,2,1,15,A01
201800037041,0,07,000,00,2,1,01,B01
201800037042,1,07,000,00,1,2,01,A01
201800037043,0,01,000,00,0,0,13,A01
201800037044,2,07,000,09,2,4,04,A01
201800037045,2,07,000,00,2,5,01,B01
201800037045,2,30,000,00,2,1,18,A01
201800037046,0,07,000,00,2,1,15,B01
201800037046,0,34,000,00,2,1,01,A01
201800037047,0,07,000,00,0,6,01,B01
201800037047,0,33,000,14,2,1,16,A01
201800037048,2,30,000,00,2,2,17,A01
201800037048,2,07,000,00,2,6,15,B01
201800037049,2,01,000,00,0,1,01,A01
201800037050,0,07,000,00,6,8,17,B01
201800037050,0,31,000,00,2,7,17,A01
201800037051,0,33,000,00,2,7,17,B01
201800037051,0,07,000,00,2,3,13,A01
201800037052,1,07,000,00,2,3,15,A01
201800037052,1,34,000,00,2,7,02,B01
201800037053,0,07,000,00,2,3,01,B01
201800037053,0,07,000,00,2,2,01,A01
201800037054,0,31,000,00,2,1,19,B01
201800037054,0,10,000,00,2,8,21,A01
201800037055,1,07,000,00,1,2,09,A01
201800037056,1,07,000,00,2,2,15,A01
201800037056,2,33,000,00,2,3,01,B01
201800037057,0,07,000,00,1,5,20,A01
201800037058,0,07,000,00,1,1,17,A01
201800037059,0,07,000,00,2,1,15,B01
201800037059,0,10,000,00,2,1,01,A01
201800037060,1,07,000,00,2,5,15,A01
201800037060,2,31,000,00,2,7,21,B01
201800037061,1,07,000,00,2,0,21,A01
201800037062,2,07,000,00,2,3,01,A01
201800037062,2,07,000,00,2,3,01,B01
201800037063,2,07,000,00,2,3,16,A01
201800037063,1,99,000,00,2,1,19,B01
201800037064,2,07,000,00,2,3,16,B01
201800037064,2,30,000,00,2,2,01,A01
201800037065,1,01,000,00,2,7,19,B01
201800037065,1,07,000,11,0,3,01,A01
201800037066,2,07,000,00,1,1,01,A01
201800037067,2,33,000,14,2,1,17,A01
201800037067,2,07,000,00,2,3,15,B01
201800037068,1,07,000,00,2,3,01,C01
201800037068,0,07,000,00,2,8,17,A01
201800037068,0,07,000,00,2,1,01,B01
201800037069,1,30,000,00,2,1,01,A01
201800037069,2,10,000,00,2,2,01,B01
201800037070,1,01,000,00,2,1,16,B01
201800037070,2,07,000,00,2,3,09,A01
201800037071,1,02,000,00,2,1,01,B01
201800037071,2,10,000,00,2,1,17,A01
201800037072,1,33,000,00,2,1,01,B01
201800037072,0,03,000,00,2,8,01,A01
201800037073,1,07,000,00,2,2,19,A01
201800037073,1,31,000,00,2,1,01,B01
201800037074,1,33,000,00,2,1,01,A01
201800037074,2,07,000,00,2,1,01,B01
201800037075,1,33,000,00,2,1,17,A01
201800037075,2,07,000,00,2,3,15,B01
201800037076,0,10,000,00,1,2,01,A01
201800037077,1,10,000,00,2,1,09,A01
201800037077,1,01,000,00,2,7,19,B01
201800037078,2,07,000,00,2,1,01,A01
201800037078,1,07,000,00,2,6,01,B01
201800037079,0,01,000,01,2,8,19,B01
201800037079,2,07,000,00,2,1,01,A01
201800037080,0,07,000,00,1,1,01,A01
201800037081,0,07,000,00,1,1,01,A01
201800037082,0,02,000,00,2,1,01,B01
201800037082,1,07,000,00,2,3,01,A01
201800037083,1,02,000,06,0,1,01,A01
201800037084,0,07,000,00,1,1,09,A01
201800037085,2,07,000,00,2,7,19,A01
201800037085,2,07,000,00,2,1,19,B01
201800037086,2,07,000,00,1,3,15,A01
201800037087,1,07,000,00,1,2,21,A01
201800037088,2,07,000,00,2,5,01,B01
201800037088,1,14,000,00,2,3,01,A01
201800037089,1,07,000,00,1,2,19,A01
201800037090,2,30,000,00,2,3,01,B01
201800037090,1,07,000,00,2,7,15,A01
201800037091,2,07,000,00,2,9,01,C01
201800037091,1,07,000,00,2,9,01,A01
201800037091,1,07,000,00,2,1,01,B01
201800037092,2,07,000,00,2,1,01,B01
201800037092,1,07,000,00,2,1,16,A01
201800037093,1,07,000,00,2,3,15,B01
201800037093,1,02,000,00,2,1,01,A01
201800037094,1,07,000,02,0,1,15,A01
201800037095,1,33,000,00,2,8,01,B01
201800037095,2,07,000,00,2,3,15,A01
201800037096,1,07,000,00,6,5,15,A01
201800037096,2,33,000,00,2,1,01,B01
201800037097,0,30,000,00,2,1,01,B01
201800037097,0,07,000,00,2,1,19,A01
201800037098,1,07,000,00,2,1,15,A01
201800037098,2,07,000,00,2,8,01,B01
201800037099,2,07,000,06,2,8,01,A01
201800037099,1,07,000,00,2,1,01,B01
201800037100,2,33,000,01,2,8,17,A01
201800037101,2,34,000,00,2,1,17,B01
201800037101,1,14,000,00,2,3,15,A01
201800037102,0,07,000,00,1,1,20,A01
201800037103,1,07,000,01,2,2,18,B01
201800037103,1,14,000,00,2,7,16,A01
201800037104,0,07,000,00,1,2,01,A01
201800037105,2,07,000,00,2,4,01,C01
201800037105,1,33,000,00,2,1,01,B01
201800037105,2,07,000,00,2,7,15,A01
201800037106,0,07,000,00,1,1,01,A01
201800037107,0,07,000,00,2,8,15,B01
201800037107,0,31,000,00,2,1,17,A01
201800037108,0,31,000,00,2,8,16,A01
201800037108,0,07,000,00,2,2,01,B01
201800037109,0,07,000,00,2,8,23,C01
201800037109,0,07,000,00,2,3,23,B01
201800037109,0,07,000,04,2,3,15,A01
201800037110,1,07,000,06,0,1,15,A01
201800037111,1,07,000,01,0,1,00,A01
201800037112,0,07,000,14,0,1,01,A01
201800037113,1,33,000,08,2,7,17,A01
201800037113,1,07,000,08,2,8,15,B01
201800037114,2,33,000,00,2,8,01,A01
201800037114,1,07,000,00,2,2,15,B01
201800037115,0,07,000,00,2,3,01,A01
201800037115,2,30,000,00,2,1,01,B01
201800037116,1,02,000,00,2,1,01,B01
201800037116,1,10,000,00,2,3,20,A01
201800037117,1,02,000,00,2,1,18,B01
201800037117,1,07,000,00,6,7,01,A01
201800037118,1,10,000,00,2,8,01,B01
201800037118,1,02,000,00,2,8,09,A01
201800037119,1,07,000,00,2,3,15,A01
201800037119,1,34,000,00,2,5,01,B01
201800037120,0,07,000,01,2,3,21,A01
201800037120,0,07,000,01,2,3,21,B01
201800037121,0,10,000,00,2,2,01,A01
201800037121,0,07,000,00,2,4,01,B01
201800037122,2,07,000,01,0,2,01,A01
201800037123,1,07,000,00,2,4,01,A01
201800037123,1,07,000,00,2,1,02,B01
201800037123,1,07,000,00,2,1,02,C01
201800037124,1,02,000,00,2,1,01,B01
201800037124,2,07,000,00,2,3,01,A01
201800037125,2,07,000,00,2,1,01,A01
201800037125,2,01,000,00,2,3,16,B01
201800037126,2,33,000,00,2,1,01,A01
201800037126,2,07,000,00,2,4,23,C01
201800037126,2,07,000,00,2,6,23,B01
201800037127,2,07,000,01,2,2,01,A01
201800037127,1,37,001,00,2,8,01,C01
201800037127,2,10,000,00,2,2,24,B01
201800037128,0,07,000,00,2,4,24,C01
201800037128,0,07,000,00,2,4,23,D01
201800037128,0,15,000,00,2,8,01,E01
201800037128,0,07,000,00,2,9,23,B01
201800037128,0,15,000,00,2,1,01,A01
201800037128,0,07,000,00,2,5,23,F01
201800037129,2,07,000,00,2,2,01,B01
201800037129,2,13,000,00,2,3,15,A01
201800037130,0,07,000,00,2,8,19,A01
201800037130,2,07,000,00,2,1,01,B01
201800037131,0,10,000,00,2,2,15,B01
201800037131,0,33,000,00,2,1,01,A01
201800037132,0,07,000,00,2,8,01,A01
201800037133,1,07,000,00,1,1,16,A01
201800037134,1,07,000,00,1,7,16,A01
201800037135,2,30,000,00,2,3,13,A01
201800037135,2,14,000,00,2,5,01,B01
201800037136,2,10,000,00,1,3,01,A01
201800037137,2,07,000,00,1,1,16,A01
201800037138,2,32,000,00,2,0,02,A01
201800037138,2,07,000,00,2,2,16,B01
201800037139,1,07,000,00,2,3,09,A01
201800037139,1,07,000,00,2,2,01,B01
201800037140,2,07,000,00,1,3,01,A01
201800037141,2,15,000,00,1,0,01,A01
201800037142,1,07,000,00,1,4,04,A01
201800037143,1,07,000,00,1,1,15,A01
201800037144,2,07,000,00,2,3,09,A01
201800037144,2,07,000,00,2,2,01,B01
201800037145,1,33,000,00,2,1,02,A01
201800037145,1,07,000,00,2,4,01,B01
201800037146,1,07,000,01,0,1,14,A01
201800037147,1,07,000,00,2,7,01,A01
201800037147,1,07,000,00,2,3,09,B01
201800037148,1,14,000,01,1,6,01,A01
201800037149,2,07,000,00,2,3,13,A01
201800037149,2,10,000,00,2,5,23,B01
201800037150,1,07,000,00,1,3,01,A01
201800037151,1,07,000,00,2,2,10,A01
201800037151,1,31,000,00,2,1,01,B01
201800037152,1,07,000,00,2,1,01,A01
201800037152,2,07,000,00,2,2,15,B01
201800037153,1,07,000,00,2,1,19,A01
201800037153,2,07,000,00,2,8,01,B01
201800037154,2,07,000,00,2,3,15,A01
201800037154,2,34,000,00,2,7,17,B01
201800037155,2,07,000,00,2,2,15,A01
201800037155,1,34,000,00,2,1,01,B01
201800037156,1,07,000,00,1,2,01,A01
201800037157,2,01,000,00,2,8,01,B01
201800037157,2,07,000,00,2,1,15,A01
201800037158,1,07,000,00,2,2,01,A01
201800037158,2,07,000,00,2,3,15,B01
201800037159,2,33,000,00,2,1,16,A01
201800037159,2,07,000,00,2,6,01,B01
201800037160,2,07,000,00,2,1,02,A01
201800037160,2,07,000,00,2,4,01,B01
201800037161,2,07,000,00,2,7,15,A01
201800037161,1,10,000,00,2,1,01,B01
201800037162,0,30,000,00,2,1,15,A01
201800037162,2,10,000,00,2,6,01,B01
201800037163,1,07,000,00,2,7,16,A01
201800037163,1,01,000,00,2,1,01,B01
201800037164,1,07,000,00,1,2,01,A01
201800037165,1,30,000,00,2,8,00,A01
201800037165,2,07,000,00,2,1,15,B01
201800037166,1,07,000,00,2,1,02,A01
201800037166,1,07,000,00,1,1,01,B01
201800037167,2,01,000,00,2,1,23,A01
201800037167,2,07,000,00,2,5,02,B01
201800037168,1,07,000,00,2,1,01,A01
201800037168,1,07,000,00,2,4,16,B01
201800037169,2,33,000,00,2,2,02,A01
201800037169,2,15,000,00,2,4,02,B01
201800037170,1,01,000,00,2,1,19,A01
201800037170,0,10,000,00,2,1,01,B01
201800037171,1,07,000,00,2,2,15,A01
201800037171,2,30,000,00,2,7,01,B01
201800037172,2,07,000,01,0,2,14,A01
201800037172,0,07,000,01,0,8,24,B01
201800037173,0,10,000,00,2,2,16,A01
201800037173,0,01,000,00,2,3,02,B01
201800037174,2,33,000,00,2,5,00,A01
201800037174,2,10,000,00,0,6,00,B01
201800037175,1,30,000,00,2,1,01,A01
201800037175,1,07,000,00,2,3,19,B01
201800037176,1,07,000,00,6,2,00,A01
201800037176,0,99,000,00,2,1,19,B01
201800037177,2,07,000,00,2,3,15,B01
201800037177,2,10,000,00,2,2,01,A01
201800037178,0,07,000,00,1,2,01,A01
201800037179,1,07,000,15,2,2,01,A01
201800037179,1,07,000,00,2,2,13,B01
201800037180,0,07,000,00,6,1,09,A01
201800037180,0,01,000,00,2,1,02,B01
201800037181,2,30,000,00,2,2,01,A01
201800037181,2,07,000,00,2,3,09,B01
201800037182,1,07,000,00,2,2,16,A01
201800037182,1,99,000,00,2,1,01,B01
201800037183,2,07,000,00,2,5,12,A01
201800037183,1,30,000,00,2,8,01,B01
201800037184,2,32,000,00,1,1,21,A01
201800037185,1,07,000,00,2,3,15,A01
201800037185,2,33,000,00,2,3,01,B01
201800037186,2,01,000,00,1,1,01,A01
201800037187,1,34,000,00,2,6,05,A01
201800037187,1,07,000,00,2,3,01,B01
201800037188,1,37,035,00,1,2,16,A01
201800037189,1,07,000,00,2,6,11,A01
201800037189,1,31,000,00,2,1,01,B01
201800037190,0,37,001,02,2,3,17,A01
201800037190,0,07,000,00,2,4,24,B01
201800037190,1,32,000,00,2,1,01,C01
201800037191,2,07,000,00,2,2,15,A01
201800037191,1,33,000,00,2,1,01,B01
201800037192,1,10,000,00,1,7,16,A01
201800037193,1,37,015,00,1,3,16,A01
201800037194,1,07,000,00,2,8,13,A01
201800037194,1,02,000,00,2,1,01,B01
201800037195,1,07,000,00,1,2,01,A01
201800037196,2,07,000,00,2,8,15,A01
201800037196,2,34,000,00,2,2,02,B01
201800037197,2,07,000,00,2,1,01,A01
201800037197,2,07,000,00,2,4,23,B01
201800037197,2,07,000,00,2,4,23,C01
201800037198,0,07,000,00,1,1,01,A01