Num_Acc,senc,catv,occutc,obs,obsm,choc,manv,num_veh
201800037585,2,10,000,00,2,4,02,B01
201800037586,1,07,000,00,1,0,07,A01
201800037587,1,07,000,00,1,3,07,A01
201800037588,1,10,000,00,2,2,15,A01
201800037588,2,02,000,00,2,1,01,B01
201800037589,2,07,000,00,2,2,15,A01
201800037589,1,31,000,00,2,1,02,B01
201800037590,1,07,000,00,2,3,13,A01
201800037590,1,31,000,00,2,2,17,B01
201800037591,1,07,000,00,9,8,24,A01
201800037591,1,99,000,01,0,1,07,B01
201800037592,2,99,000,08,0,1,02,A01
201800037593,2,10,000,00,2,7,15,A01
201800037593,1,33,000,00,2,1,01,B01
201800037594,1,33,000,00,1,1,02,A01
201800037595,2,07,000,00,2,2,15,A01
201800037595,2,31,000,00,2,1,02,B01
201800037596,1,10,000,00,2,7,15,A01
201800037596,2,31,000,00,2,1,01,B01
201800037597,1,31,000,01,0,1,01,A01
201800037598,2,07,000,00,2,8,19,A01
201800037598,1,33,000,00,2,1,17,B01
201800037599,2,07,000,00,2,6,01,B01
201800037599,2,33,000,00,2,1,02,A01
201800037600,1,07,000,08,2,1,07,A01
201800037600,1,07,000,00,2,4,07,B01
201800037600,1,07,000,00,2,4,07,C01
201800037601,2,10,000,00,2,7,01,A01
201800037601,1,10,000,00,2,1,01,B01
201800037602,0,99,000,00,2,0,00,R01
201800037602,2,10,000,00,2,3,01,A01
201800037603,2,07,000,00,2,7,01,B01
201800037603,2,07,000,00,2,1,01,A01
201800037604,2,07,000,00,1,5,20,A01
201800037605,2,07,000,01,0,1,15,A01
201800037606,2,33,000,00,2,2,01,A01
201800037606,2,07,000,00,2,4,09,B01
201800037607,1,07,000,00,2,8,09,A01
201800037607,2,31,000,00,2,1,07,B01
201800037608,1,07,000,00,1,1,01,A01
201800037609,2,07,000,00,1,1,02,A01
201800037610,1,01,000,00,2,1,02,B01
201800037610,2,07,000,00,2,1,15,A01
201800037611,1,10,000,00,2,1,02,A01
201800037611,1,07,000,00,2,4,02,B01
201800037612,1,10,000,00,2,4,04,A01
201800037612,1,10,000,00,2,1,24,B01
201800037613,1,07,000,00,2,3,22,A01
201800037613,1,02,000,00,2,1,01,B01
201800037614,2,30,000,00,2,1,07,A01
201800037614,2,10,000,00,2,8,15,B01
201800037615,2,07,000,00,2,7,15,A01
201800037615,1,07,000,00,2,1,02,B01
201800037616,1,38,000,00,2,1,01,B01
201800037616,1,32,000,00,2,3,01,A01
201800037617,2,30,000,00,2,7,14,A01
201800037617,2,32,000,00,2,8,13,B01
201800037618,1,07,000,00,1,4,04,A01
201800037619,2,07,000,00,2,1,15,A01
201800037619,1,33,000,00,2,1,01,B01
201800037620,1,07,000,12,0,3,01,A01
201800037621,2,34,000,00,9,1,07,A01
201800037621,2,01,000,00,2,4,07,B01
201800037622,1,07,000,00,2,0,07,A01
201800037622,1,01,000,00,2,7,19,B01
201800037623,2,07,000,00,1,2,01,A01
201800037624,2,07,000,00,2,1,07,A01
201800037624,2,37,000,00,2,8,16,B01
201800037624,1,07,000,00,2,1,08,C01
201800037625,2,33,000,00,2,1,02,A01
201800037625,2,07,000,00,2,4,02,B01
201800037626,1,07,000,00,2,7,15,A01
201800037626,2,07,000,00,2,2,01,B01
201800037627,2,10,000,00,2,2,16,A01
201800037627,1,32,000,00,2,3,16,B01
201800037628,2,07,000,00,2,2,17,A01
201800037628,2,01,000,00,2,3,01,B01
201800037629,2,37,043,00,1,2,16,A01
201800037630,1,07,000,00,1,3,02,A01
201800037631,1,10,000,00,2,2,15,A01
201800037631,2,02,000,00,2,1,01,B01
201800037632,1,07,000,00,2,1,02,A01
201800037632,0,07,000,00,2,1,02,B01
201800037633,0,10,000,00,2,1,02,A01
201800037633,0,31,000,00,2,4,02,B01
201800037634,2,07,000,00,2,1,01,A01
201800037634,1,01,000,00,2,8,15,B01
201800037635,2,07,000,00,2,2,15,A01
201800037635,1,07,000,00,2,3,01,B01
201800037636,2,07,000,00,1,1,00,A01
201800037637,1,01,000,00,2,1,02,A01
201800037637,1,07,000,00,2,4,00,B01
201800037638,2,07,000,04,0,1,01,A01
201800037639,1,07,000,00,2,3,21,A01
201800037639,2,02,000,00,2,1,13,B01
201800037640,1,07,000,00,2,3,15,A01
201800037640,1,33,000,01,2,1,01,B01
201800037641,0,07,000,00,2,7,15,A01
201800037641,0,31,000,00,2,2,01,B01
201800037642,1,33,000,00,2,1,09,A01
201800037642,1,31,000,00,2,7,01,B01
201800037643,0,10,000,01,0,1,01,A01
201800037644,1,07,000,00,2,6,02,A01
201800037644,1,33,000,00,2,1,02,B01
201800037645,2,07,000,00,2,7,15,A01
201800037645,1,34,000,00,2,1,01,B01
201800037646,2,07,000,00,1,2,15,A01
201800037647,1,07,000,00,1,1,01,A01
201800037648,1,31,000,00,2,1,01,A01
201800037648,1,07,000,00,2,2,01,B01
201800037649,1,37,010,00,1,2,16,A01
201800037650,1,30,000,00,2,1,01,B01
201800037650,2,07,000,00,2,6,15,A01
201800037651,1,07,000,00,2,2,02,B01
201800037651,1,07,000,00,2,3,02,A01
201800037652,2,07,000,00,2,1,05,A01
201800037652,1,07,000,00,2,1,01,B01
201800037652,1,07,000,00,2,1,01,C01
201800037653,2,07,000,00,2,1,01,A01
201800037653,1,07,000,00,2,1,01,B01
201800037654,1,32,000,04,0,1,02,A01
201800037655,0,07,000,00,2,2,15,A01
201800037655,1,33,000,00,2,1,02,B01
201800037656,1,02,000,00,2,1,02,A01
201800037656,1,07,000,00,2,4,02,B01
201800037657,1,07,000,00,1,1,15,A01
201800037658,1,07,000,00,6,8,15,A01
201800037658,1,01,000,00,2,8,00,B01
201800037659,2,07,000,00,2,3,15,B01
201800037659,2,37,001,00,2,2,02,A01
201800037660,1,07,000,00,1,1,01,A01
201800037661,2,07,000,00,2,1,00,A01
201800037661,1,07,000,00,2,2,21,B01
201800037662,1,07,000,04,0,1,01,A01
201800037663,1,34,000,00,2,1,13,A01
201800037663,2,07,000,00,2,2,15,B01
201800037664,1,07,000,00,2,6,02,A01
201800037664,1,33,000,00,2,7,02,B01
201800037665,1,07,000,00,2,2,02,A01
201800037665,1,30,000,00,2,3,09,B01
201800037666,2,07,000,00,2,2,15,A01
201800037666,1,02,000,00,2,0,02,B01
201800037667,2,10,000,00,2,5,20,A01
201800037667,2,01,000,00,2,1,01,B01
201800037668,1,10,000,00,2,2,16,A01
201800037668,1,30,000,00,2,1,01,B01
201800037669,2,32,000,01,0,1,21,A01
201800037669,2,07,000,00,2,4,24,B01
201800037670,2,07,000,00,2,2,15,A01
201800037670,2,32,000,00,2,1,00,B01
201800037671,1,37,000,00,1,5,16,A01
201800037672,2,37,000,00,1,2,15,A01
201800037673,2,07,000,00,1,1,01,A01
201800037674,1,07,000,00,1,1,01,A01
201800037675,2,07,000,00,1,1,01,A01
201800037676,2,07,000,00,1,3,15,A01
201800037677,1,32,000,00,2,8,01,B01
201800037677,1,07,000,00,2,3,16,A01
201800037678,2,07,000,00,2,6,01,B01
201800037678,1,30,000,00,2,1,01,A01
201800037679,2,30,000,00,2,8,16,A01
201800037679,2,33,000,00,2,7,16,B01
201800037680,1,10,000,00,2,8,13,A01
201800037680,1,33,000,00,2,7,01,B01
201800037681,1,01,000,00,2,7,01,B01
201800037681,1,07,000,00,2,1,10,Z01
201800037682,1,07,000,16,0,1,01,A01
201800037682,2,10,000,00,2,5,21,B01
201800037683,1,33,000,00,1,1,17,A01
201800037683,1,10,000,00,2,3,01,B01
201800037684,1,07,000,09,2,1,01,A01
201800037684,1,07,000,00,2,1,01,B01
201800037685,1,07,000,01,0,2,01,A01
201800037686,1,32,000,00,2,1,01,A01
201800037686,1,07,000,00,2,8,15,B01
201800037687,2,10,000,00,2,1,15,A01
201800037687,1,33,000,00,2,8,01,B01
201800037688,1,01,000,00,2,4,01,A01
201800037688,1,10,000,00,2,1,01,B01
201800037688,1,07,000,00,2,1,01,C01
201800037689,1,07,000,00,2,0,20,A01
201800037689,1,01,000,00,2,2,01,B01
201800037690,1,32,000,00,2,8,14,A01
201800037690,1,07,000,00,2,7,01,B01
201800037690,1,14,000,00,2,0,01,C01
201800037691,1,07,000,00,2,8,01,A01
201800037691,1,07,000,00,2,8,01,B01
201800037692,1,07,000,00,2,4,01,A01
201800037692,1,30,000,00,2,1,01,B01
201800037693,1,32,000,00,2,1,02,A01
201800037693,1,07,000,00,2,2,16,B01
201800037693,2,07,000,00,2,3,00,C01
201800037694,1,07,000,00,2,2,20,A01
201800037694,1,30,000,00,2,8,01,B01
201800037695,1,07,000,00,2,3,01,A01
201800037695,2,01,000,00,2,7,01,B01
201800037696,1,07,000,00,2,3,10,A01
201800037696,1,31,000,00,2,7,02,B01
201800037697,2,07,000,00,2,2,16,A01
201800037697,2,32,000,00,2,8,01,B01
201800037698,1,07,000,00,1,3,01,A01
201800037699,1,30,000,00,0,7,01,A01
201800037700,1,34,000,00,2,7,03,A01
201800037700,1,01,000,00,2,8,07,B01
201800037701,2,10,000,00,1,4,20,A01
201800037702,2,07,000,00,2,1,15,A01
201800037702,1,02,000,00,2,1,01,B01
201800037703,1,07,000,00,2,4,01,A01
201800037703,1,07,000,00,2,1,02,B01
201800037704,1,07,000,00,2,4,02,A01
201800037704,1,07,000,00,2,1,02,B01
201800037704,1,07,000,00,2,1,02,C01
201800037705,1,07,000,01,0,1,01,A01
201800037706,2,07,000,00,2,7,15,A01
201800037706,1,32,000,00,2,1,01,B01
201800037707,2,33,000,00,2,7,16,A01
201800037707,2,34,000,00,2,3,01,B01
201800037708,1,07,000,00,0,0,16,A01
201800037708,1,01,000,00,0,0,01,B01
201800037709,2,07,000,00,1,2,09,A01
201800037710,2,07,000,00,2,1,00,A01
201800037710,1,33,000,00,2,1,01,B01
201800037711,2,32,000,00,2,7,17,A01
201800037711,2,07,000,00,2,8,01,B01
201800037712,1,07,000,00,2,8,01,A01
201800037712,1,33,000,00,2,0,02,B01
201800037713,2,33,000,00,2,8,01,A01
201800037713,2,07,000,00,2,1,15,B01
201800037714,1,10,000,00,2,1,01,A01
201800037714,2,07,000,00,2,5,15,B01
201800037715,2,07,000,00,1,2,01,A01
201800037716,2,01,000,00,2,1,01,A01
201800037716,1,07,000,00,2,3,01,B01
201800037717,1,33,000,00,2,7,02,A01
201800037717,1,33,000,00,2,8,02,B01
201800037718,1,07,000,00,1,1,01,Z01
201800037719,2,07,000,00,2,4,09,A01
201800037719,2,07,000,00,2,1,09,B01
201800037720,2,14,000,00,2,1,09,A01
201800037720,2,07,000,00,2,8,01,B01
201800037721,2,01,000,00,2,4,15,B01
201800037721,2,07,000,00,2,1,01,A01
201800037722,1,07,000,00,1,3,15,A01
201800037723,1,99,000,00,2,0,00,A01
201800037723,2,32,000,00,2,0,01,B01
201800037724,1,07,000,00,2,3,22,A01
201800037724,1,01,000,00,2,7,01,B01
201800037725,2,33,000,00,2,1,01,A01
201800037725,2,07,000,00,2,6,16,B01
201800037726,2,33,000,00,2,0,01,A01
201800037726,1,99,000,00,2,0,00,Z01
201800037727,2,07,000,00,2,1,01,B01
201800037727,1,07,000,00,2,8,15,A01
201800037728,1,07,000,00,2,5,01,A01
201800037728,1,32,000,00,2,8,11,B01
201800037729,2,34,000,00,0,8,01,A01
201800037730,1,30,000,00,1,2,01,A01
201800037731,2,07,000,00,1,3,16,A01
201800037732,2,07,000,00,1,3,07,A01
201800037733,2,33,000,00,2,1,01,B01
201800037733,2,07,000,00,2,0,00,Z01
201800037734,2,33,000,00,2,4,15,A01
201800037734,2,33,000,00,2,7,01,B01
201800037735,2,07,000,00,1,1,01,A01
201800037736,1,34,000,00,1,2,01,A01
201800037736,2,07,000,00,2,3,01,B01
201800037736,2,07,000,00,2,0,01,C01
201800037737,2,07,000,00,2,3,15,A01
201800037737,1,32,000,00,2,8,01,B01
201800037738,1,07,000,00,2,5,04,A01
201800037738,2,07,000,00,2,1,09,B01
201800037739,1,07,000,00,1,7,01,A01
201800037740,1,07,000,00,1,7,01,A01
201800037741,2,14,000,00,2,3,01,A01
201800037741,1,07,000,00,2,8,01,B01
201800037742,1,07,000,00,1,1,01,A01
201800037743,2,10,000,00,2,6,01,A01
201800037743,2,01,000,00,2,1,02,B01
201800037744,2,07,000,00,2,6,01,A01
201800037744,2,34,000,00,2,1,01,B01
201800037745,1,30,000,00,1,1,03,A01
201800037746,2,07,000,00,2,1,01,A01
201800037746,0,30,000,00,2,1,00,B01
201800037747,2,14,000,00,1,1,01,A01
201800037748,2,07,000,00,1,1,01,Z01
201800037749,1,32,000,00,2,2,01,A01
201800037749,1,30,000,00,2,3,15,B01
201800037750,1,02,000,00,2,1,01,B01
201800037750,2,07,000,00,2,3,15,A01
201800037751,2,07,000,00,1,5,20,A01
201800037752,1,07,000,00,1,1,15,A01
201800037753,2,07,000,00,2,1,01,A01
201800037753,1,30,000,00,2,4,01,B01
201800037754,2,07,000,00,2,1,00,A01
201800037754,1,07,000,00,2,1,00,B01
201800037755,1,07,000,00,2,4,23,A01
201800037755,1,07,000,00,2,1,02,B01
201800037755,1,07,000,00,2,4,23,C01
201800037756,1,07,000,00,2,1,12,A01
201800037756,2,30,000,00,2,1,01,B01
201800037757,1,07,000,00,2,2,01,B01
201800037757,1,34,000,00,2,7,15,A01
201800037758,1,07,000,00,2,1,00,A01
201800037758,2,07,000,00,2,1,00,B01
201800037759,1,07,000,00,2,4,02,A01
201800037759,1,33,000,00,2,1,02,B01
201800037760,1,07,000,00,1,1,01,A01
201800037761,1,07,000,00,2,1,01,A01
201800037761,0,99,000,00,2,0,00,R01
201800037762,1,07,000,00,1,2,01,A01
201800037763,1,31,000,00,2,1,01,A01
201800037763,1,07,000,00,2,3,01,B01
201800037764,2,07,000,00,2,1,01,B01
201800037764,1,07,000,00,2,2,15,A01
201800037765,1,07,000,00,1,1,01,A01
201800037766,2,07,000,00,1,1,01,A01
201800037767,1,07,000,00,1,1,01,A01
201800037768,2,07,000,00,1,1,15,A01
201800037769,1,07,000,00,2,1,00,A01
201800037769,2,34,000,00,2,1,00,B01
201800037770,1,07,000,00,1,1,00,A01
201800037771,1,07,000,00,2,1,02,A01
201800037771,1,33,000,00,2,1,15,B01
201800037772,1,07,000,00,2,1,01,B01
201800037772,1,07,000,00,2,1,01,A01
201800037773,1,31,000,01,0,1,00,A01
201800037774,1,34,000,00,1,1,16,A01
201800037775,1,07,000,00,2,3,10,A01
201800037775,1,31,000,00,2,1,07,B01
201800037776,1,07,000,01,0,1,02,A01
201800037776,2,07,000,00,2,1,15,B01
201800037777,1,07,000,00,1,1,15,A01
201800037778,1,31,000,15,0,1,01,A01
201800037779,1,07,000,00,2,4,00,A01
201800037779,1,07,000,00,2,0,00,B01
201800037780,1,07,000,00,2,1,12,A01
201800037780,1,34,000,00,2,1,00,B01
201800037781,2,07,000,00,1,1,01,A01
201800037782,1,07,000,00,2,1,01,A01
201800037782,1,31,000,00,2,1,01,B01
201800037783,1,07,000,00,2,1,00,B01
201800037783,1,07,000,00,2,1,00,A01
201800037784,1,10,000,00,2,0,00,B01
201800037784,2,02,000,00,2,1,00,A01
201800037785,1,34,000,00,2,1,15,A01
201800037785,2,33,000,00,2,1,17,B01
201800037786,1,07,000,00,2,1,01,A01
201800037787,1,07,000,00,2,1,01,A01
201800037787,1,33,000,00,2,1,01,B01
201800037788,1,31,000,00,2,1,02,A01
201800037788,1,07,000,00,2,1,02,B01
201800037789,1,07,000,00,2,1,01,A01
201800037789,1,37,000,00,1,1,01,C01
201800037790,1,30,000,00,2,1,01,A01
201800037790,1,07,000,00,2,1,01,B01
201800037791,1,99,000,00,2,0,00,R01
201800037791,1,07,000,00,2,8,22,A01
201800037792,1,01,000,00,2,1,00,A01
201800037792,1,07,000,00,9,1,00,B01
201800037793,1,07,000,00,2,1,09,A01
201800037793,1,33,000,00,2,1,01,B01
201800037794,1,07,000,00,1,1,01,A01
201800037795,1,10,000,00,1,0,00,A01
201800037796,1,31,000,00,2,1,00,B01
201800037796,1,07,000,00,2,1,01,A01
201800037797,1,30,000,00,1,1,19,A01
201800037797,1,07,000,00,9,3,01,B01
201800037798,1,34,000,00,2,1,01,A01
201800037798,1,07,000,00,2,4,01,B01
201800037799,2,99,000,00,2,1,13,A01
201800037799,1,33,000,00,2,4,01,B01
201800037800,1,07,000,00,1,2,01,A01
201800037801,2,07,000,00,2,2,15,A01
201800037801,1,07,000,00,2,3,01,B01
201800037802,1,07,000,00,1,1,00,A01
201800037803,1,10,000,00,2,1,01,B01
201800037803,1,02,000,00,2,1,15,A01
201800037804,1,07,000,00,2,1,01,A01
201800037804,0,99,000,00,2,0,00,R01
201800037805,2,34,000,00,1,1,01,A01
201800037806,1,07,000,00,2,0,01,A01
201800037806,2,31,000,00,2,1,01,B01
201800037807,1,07,000,00,1,0,00,A01
201800037808,1,07,000,00,2,1,01,B01
201800037808,1,07,000,00,2,1,01,A01
201800037809,1,07,000,00,2,1,01,A01
201800037809,1,07,000,00,2,1,01,B01
201800037810,1,07,000,00,2,0,00,B01
201800037810,1,07,000,00,2,0,00,A01
201800037811,1,07,000,00,2,1,01,A01
201800037811,1,07,000,00,2,1,01,B01
201800037812,1,07,000,00,2,1,01,A01
201800037812,1,07,000,00,2,4,00,B01
201800037813,1,07,000,00,2,1,00,A01
201800037813,1,07,000,00,2,0,00,B01
201800037813,1,07,000,00,2,0,00,C01
201800037814,1,34,000,00,2,1,01,A01
201800037814,1,07,000,00,2,1,01,B01
201800037815,1,01,000,00,2,1,05,A01
201800037815,1,33,000,00,9,2,15,B01
201800037816,1,07,000,00,2,1,09,A01
201800037816,1,07,000,00,2,1,01,B01
201800037817,2,10,000,00,2,0,00,A01
201800037817,1,10,000,00,2,0,00,B01
201800037818,1,34,000,00,2,1,01,A01
201800037818,1,07,000,00,2,1,01,B01
201800037819,1,34,000,00,2,0,00,A01
201800037819,2,31,000,00,2,0,00,B01
201800037820,1,07,000,00,2,1,01,A01
201800037820,1,07,000,00,2,1,01,B01
201800037821,2,07,000,00,2,1,01,A01
201800037821,1,07,000,00,2,4,01,B01
201800037822,2,37,000,00,2,0,00,A01
201800037822,1,07,000,00,2,0,00,B01
201800037823,1,07,000,00,2,1,01,A01
201800037823,1,07,000,00,2,1,01,B01
201800037823,1,07,000,00,2,1,01,C01
201800037823,1,07,000,00,2,4,23,D01
201800037824,1,07,000,00,2,3,13,A01
201800037824,1,34,000,00,2,1,01,B01
201800037825,1,07,000,00,2,1,00,A01
201800037825,1,07,000,00,2,1,01,B01
201800037826,1,07,000,00,1,1,01,A01
201800037827,1,37,000,00,2,1,00,A01
201800037827,1,33,000,00,2,1,00,B01
201800037828,1,07,000,00,1,1,01,A01
201800037829,1,30,000,00,1,1,01,B01
201800037830,1,01,000,00,2,1,00,A01
201800037830,1,07,000,00,9,1,01,B01
201800037831,1,07,000,00,2,3,15,A01
201800037831,2,33,000,00,2,1,17,B01
201800037832,1,32,000,00,2,1,00,A01
201800037832,1,34,000,00,2,0,00,B01
201800037833,1,07,000,01,0,2,01,A01
201800037833,1,10,000,00,2,4,24,B01
201800037834,1,31,000,01,0,2,22,A01
201800037834,2,02,000,00,2,0,00,B01
201800037835,2,07,000,00,2,1,01,A01
201800037835,1,07,000,00,2,1,00,B01
201800037836,1,30,000,00,2,1,01,A01
201800037836,1,07,000,00,2,1,00,B01
201800037837,0,20,000,,1,,,A01
201800037837,0,07,000,00,2,1,23,B01
201800037838,,07,000,,1,,,A01
201800037839,0,07,000,00,2,2,15,A01
201800037839,0,30,000,00,2,1,01,B01
201800037840,0,33,000,00,1,1,01,A01
201800037841,0,07,000,00,2,3,00,A01
201800037841,0,15,000,00,2,1,01,B01
201800037842,,02,000,,,,,A01
201800037842,,07,000,,,,,B01
201800037843,0,07,000,00,2,1,01,A01
201800037843,0,33,000,00,2,1,01,B01
201800037844,0,07,000,00,2,1,01,A01
201800037844,0,02,000,00,2,1,01,B01
201800037845,2,07,000,00,1,0,00,A01
201800037846,,07,000,,1,,,A01
201800037847,0,36,000,01,0,1,01,A01
201800037848,,07,000,,,,,A01
201800037848,,32,000,,,,,B01
201800037849,1,34,000,00,2,8,03,A01
201800037849,1,17,000,00,2,7,01,B01
201800037849,1,17,000,00,2,7,01,C01
201800037850,2,07,000,00,1,1,01,A01
201800037851,2,10,000,00,1,5,01,A01
201800037852,0,07,000,00,1,3,15,A01
201800037853,1,07,000,00,2,1,16,A01
201800037853,1,32,000,00,2,3,00,B01
201800037854,2,07,000,00,2,1,01,A01
201800037854,1,07,000,00,2,0,01,B01
201800037854,1,07,000,00,2,0,00,C01
201800037855,1,07,000,00,0,1,15,A01
201800037855,1,07,000,00,0,3,01,B01
201800037856,0,07,000,00,0,1,00,A01
201800037856,1,33,000,00,2,1,01,B01
201800037857,1,07,000,00,2,7,15,A01
201800037857,2,07,000,00,2,1,01,B01
201800037858,0,07,000,00,2,1,01,A01
201800037858,0,07,000,00,0,0,00,B01
201800037859,1,07,000,00,1,1,00,A01
201800037860,1,07,000,16,1,3,00,A01
201800037861,1,37,001,00,1,1,14,A01
201800037862,0,01,000,00,1,1,01,A01
201800037863,0,07,000,00,1,1,16,A01
201800037864,1,07,000,00,0,1,00,A01
201800037864,1,32,000,01,0,1,01,B01
201800037865,2,07,000,00,2,1,01,A01
201800037865,1,07,000,00,2,2,01,B01
201800037866,2,34,000,00,1,1,01,A01
201800037867,1,33,000,00,2,4,15,A01
201800037867,2,10,000,00,2,4,15,B01
201800037868,1,30,000,00,0,1,00,A01
201800037868,0,30,000,00,0,0,00,B01
201800037869,0,07,000,00,1,3,00,A01
201800037870,1,07,000,00,2,1,01,A01
201800037870,1,07,000,00,2,4,01,B01
201800037871,1,07,000,00,0,2,00,A01
201800037871,1,07,000,00,0,8,00,B01
201800037872,0,07,000,00,2,0,00,A01
201800037872,0,32,000,00,2,0,01,B01
201800037873,0,02,000,00,2,3,01,A01
201800037873,0,07,000,00,2,7,15,B01
201800037874,,99,000,00,1,0,00,A01
201800037875,0,34,000,00,2,1,23,A01
201800037875,0,10,000,00,2,4,04,B01
201800037876,0,07,000,00,2,1,01,B01
201800037876,0,07,000,00,2,3,16,A01
201800037877,0,07,000,00,2,1,05,A01
201800037877,0,07,000,00,2,1,15,B01
201800037878,1,07,000,00,1,1,15,A01
201800037879,1,37,015,00,2,3,01,A01
201800037879,,37,000,,,,,B01
201800037880,0,07,000,00,2,2,01,A01
201800037880,0,34,000,00,2,0,00,B01
201800037881,0,07,000,00,2,3,13,A01
201800037881,0,33,000,00,2,1,01,B01
201800037882,1,07,000,00,2,1,01,A01
201800037882,1,07,000,00,2,4,01,B01
201800037883,0,07,000,00,1,1,19,A01
201800037884,1,34,000,00,2,1,02,A01
201800037884,1,07,000,00,2,4,02,B01
201800037885,2,07,000,00,1,3,15,A01
201800037886,0,07,000,00,2,2,10,A01
201800037886,0,34,000,00,2,8,01,B01
201800037887,1,31,000,00,2,4,14,A01
201800037887,1,34,000,00,2,1,21,B01
201800037888,1,07,000,00,1,2,16,A01
201800037889,2,07,000,00,1,1,21,A01
201800037890,0,07,000,00,2,3,15,A01
201800037890,1,07,000,00,2,5,16,B01
201800037891,1,07,000,00,2,3,15,A01
201800037891,1,07,000,00,2,2,01,B01
201800037892,0,10,000,00,2,6,00,A01
201800037892,2,32,000,00,2,0,00,B01
201800037893,2,07,000,00,1,1,19,A01
201800037894,1,07,000,00,2,1,19,A01
201800037894,1,07,000,00,2,3,21,B01
201800037895,1,07,000,00,1,1,15,A01
201800037896,1,07,000,01,0,3,09,A01
201800037896,1,31,000,01,0,1,01,B01
201800037897,1,07,000,00,2,3,15,A01
201800037897,2,34,000,00,2,1,01,B01
201800037898,1,33,000,00,2,7,17,A01
201800037898,1,07,000,00,2,8,15,B01
201800037899,2,07,000,00,2,3,15,A01
201800037899,2,32,000,00,2,7,17,B01
201800037900,1,07,000,00,2,2,15,A01
201800037900,2,34,000,00,2,8,02,B01
201800037901,1,32,000,00,2,3,02,A01
201800037901,1,07,000,00,2,7,16,B01
201800037902,1,07,000,00,1,0,15,A01
201800037903,1,07,000,00,2,8,13,A01
201800037903,1,34,000,00,2,7,02,B01
201800037904,1,34,000,00,2,8,09,A01
201800037904,1,34,000,00,2,8,09,B01
201800037905,1,07,000,00,2,2,21,A01
201800037905,1,07,000,00,2,3,09,B01
201800037906,1,33,000,00,2,4,18,A01
201800037906,1,07,000,00,2,5,07,B01
201800037907,2,07,000,00,2,3,01,A01
201800037907,2,31,000,00,2,1,02,B01
201800037908,1,33,000,00,2,2,17,A01
201800037908,1,07,000,00,2,3,10,B01
201800037909,1,07,000,00,2,6,10,A01
201800037909,1,31,000,00,2,1,01,B01
201800037910,2,07,000,00,1,1,01,A01
201800037911,1,34,000,01,0,2,17,A01
201800037911,1,10,000,00,2,6,24,B01
201800037912,2,07,000,00,2,1,01,A01
201800037912,0,99,000,00,2,0,00,R01
201800037913,2,07,000,00,2,3,10,A01
201800037913,2,31,000,00,2,1,07,B01
201800037914,2,99,000,00,2,3,07,B01
201800037914,1,30,000,00,9,2,16,A01
201800037915,1,07,000,00,2,3,01,A01
201800037915,1,33,000,00,2,2,16,B01
201800037916,1,07,000,03,0,1,09,A01
201800037916,1,07,000,00,2,3,16,B01
201800037917,1,07,000,00,9,1,02,A01
201800037917,1,99,000,00,2,4,02,B01
201800037918,2,31,000,00,2,1,19,B01
201800037918,1,07,000,00,2,2,15,A01
201800037919,1,07,000,00,2,1,01,A01
201800037919,1,33,000,00,2,7,01,B01
201800037920,1,07,000,00,2,2,15,A01
201800037920,2,34,000,00,2,8,16,B01
201800037921,1,07,000,00,2,1,02,A01
201800037921,1,07,000,00,2,4,02,B01
201800037922,1,07,000,00,2,3,11,A01
201800037922,1,33,000,00,2,1,17,B01
201800037923,1,07,000,00,2,2,15,A01
201800037923,1,34,000,00,2,3,19,B01
201800037924,1,07,000,06,0,1,16,A01
201800037925,2,07,000,00,2,5,01,B01
201800037925,1,07,000,00,2,5,19,Z01
201800037926,1,01,000,00,2,7,17,A01
201800037926,1,07,000,00,9,3,15,B01
201800037927,1,07,000,00,2,2,15,A01
201800037927,2,31,000,00,2,3,07,B01
201800037928,1,07,000,00,1,1,15,A01
201800037929,1,07,000,00,2,3,02,A01
201800037929,1,33,000,00,2,1,03,B01
201800037929,1,07,000,00,2,5,02,C01
201800037929,1,07,000,00,2,3,02,D01
201800037930,2,07,000,00,1,1,19,A01
201800037931,1,07,000,00,1,6,04,A01
201800037932,1,07,000,00,2,3,13,A01
201800037932,1,31,000,00,2,2,17,B01
201800037933,1,07,000,00,1,1,19,A01
201800037934,1,34,000,00,2,1,07,A01
201800037934,1,07,000,00,2,6,16,B01
201800037935,2,07,000,00,9,1,00,A01
201800037935,2,01,000,00,2,1,05,B01
201800037936,1,07,000,00,1,1,15,A01
201800037937,1,10,000,00,2,2,18,A01
201800037937,1,10,000,02,2,5,02,B01
201800037937,1,17,000,00,2,6,01,C01
201800037938,1,33,000,07,2,9,13,A01
201800037938,1,07,000,00,2,3,14,B01
201800037938,1,07,000,00,2,4,21,C01
201800037939,1,07,000,00,2,3,09,A01
201800037939,1,07,000,00,2,9,01,B01
201800037939,1,07,000,00,2,7,01,C01
201800037940,1,07,000,00,1,1,01,A01
201800037941,1,32,000,00,2,6,23,A01
201800037941,1,32,000,01,0,9,01,B01
201800037942,1,02,000,00,2,2,02,A01
201800037942,2,01,000,00,2,1,09,B01
201800037943,1,07,000,00,1,1,02,Z01
201800037944,1,14,000,00,2,1,02,A01
201800037944,1,10,000,00,2,4,02,B01
201800037944,1,07,000,00,2,4,02,C01
201800037945,2,10,000,00,2,3,15,A01
201800037945,1,32,000,00,2,3,01,B01
201800037946,0,07,000,00,2,7,15,A01