Num_Acc,senc,catv,occutc,obs,obsm,choc,manv,num_veh
201800038315,2,32,000,01,0,1,15,A01
201800038316,2,30,000,00,2,7,17,A01
201800038316,2,07,000,00,2,8,15,B01
201800038317,1,07,000,00,2,3,00,A01
201800038317,1,10,000,00,2,2,01,B01
201800038318,1,10,000,00,2,2,16,A01
201800038318,0,99,000,00,2,0,00,R01
201800038319,1,32,000,00,2,7,17,A01
201800038319,1,10,000,01,0,3,01,B01
201800038320,1,07,000,00,2,1,01,B01
201800038320,1,30,000,00,2,7,01,A01
201800038321,1,01,000,00,2,1,01,B01
201800038321,1,07,000,00,2,5,16,A01
201800038322,1,01,000,00,2,3,01,B01
201800038322,2,07,000,00,6,2,01,A01
201800038323,2,99,000,00,2,2,19,A01
201800038323,1,01,000,00,0,0,00,B01
201800038324,2,07,000,00,2,2,00,A01
201800038324,2,30,000,00,2,6,00,B01
201800038325,1,07,000,00,2,2,01,A01
201800038325,2,34,000,00,2,1,01,B01
201800038326,1,07,000,00,1,2,15,A01
201800038327,2,07,000,01,1,3,01,A01
201800038328,0,07,000,00,1,2,01,A01
201800038329,1,14,000,00,2,5,16,A01
201800038329,1,30,000,00,2,1,01,B01
201800038330,1,30,000,00,2,1,01,A01
201800038330,2,07,000,00,2,7,15,B01
201800038331,1,30,000,00,2,1,01,A01
201800038331,1,07,000,00,2,4,01,B01
201800038332,2,02,000,00,1,1,01,A01
201800038333,0,07,000,00,0,0,00,A01
201800038333,0,32,000,00,2,1,00,B01
201800038334,1,34,000,00,1,1,01,A01
201800038335,1,34,000,01,0,1,15,A01
201800038336,2,30,000,00,2,1,02,A01
201800038336,1,10,000,00,2,4,02,B01
201800038337,1,07,000,00,2,2,01,A01
201800038337,1,07,000,00,2,3,16,B01
201800038338,1,07,000,00,1,1,15,A01
201800038339,1,07,000,00,1,1,01,A01
201800038340,1,10,000,00,2,2,15,A01
201800038340,1,10,000,00,2,3,01,B01
201800038341,1,30,000,00,1,1,05,A01
201800038342,1,10,000,00,0,0,15,A01
201800038342,1,02,000,00,0,0,01,B01
201800038343,2,10,000,00,2,3,15,A01
201800038343,1,33,000,00,2,1,02,B01
201800038344,2,07,000,00,1,0,23,A01
201800038345,2,07,000,00,1,3,15,A01
201800038346,2,30,000,09,0,1,01,A01
201800038347,,30,000,,,,,A01
201800038347,,07,000,,,,,B01
201800038348,1,07,000,00,2,8,09,A01
201800038348,2,32,000,00,2,1,01,B01
201800038349,2,07,000,00,1,1,01,A01
201800038350,0,37,001,00,1,2,01,A01
201800038351,1,07,000,00,1,2,16,A01
201800038352,1,07,000,00,1,5,15,A01
201800038353,,03,000,,1,,,A01
201800038354,2,33,000,00,1,2,02,A01
201800038355,1,31,000,00,2,4,23,A01
201800038355,1,07,000,00,2,1,02,B01
201800038356,1,07,000,00,1,4,04,A01
201800038357,1,07,000,00,0,0,17,A01
201800038357,1,01,000,00,0,0,02,B01
201800038358,2,07,000,00,1,3,16,A01
201800038359,2,34,000,00,1,1,17,A01
201800038360,1,07,000,00,2,2,00,A01
201800038360,1,07,000,00,2,2,00,B01
201800038361,1,07,000,00,2,8,09,A01
201800038361,2,34,000,00,2,1,21,B01
201800038362,1,07,000,00,1,1,01,A01
201800038363,1,07,000,00,2,2,19,A01
201800038363,1,31,000,00,2,1,19,B01
201800038364,1,07,000,00,2,3,10,A01
201800038364,1,33,000,00,2,2,17,B01
201800038365,1,07,000,00,1,1,01,A01
201800038366,2,07,000,00,2,3,13,A01
201800038366,1,31,000,00,2,3,15,B01
201800038367,1,31,000,03,0,7,15,A01
201800038368,2,07,000,00,1,2,17,A01
201800038369,1,07,000,00,1,1,15,A01
201800038370,1,07,000,00,1,2,15,A01
201800038371,2,31,000,00,1,2,01,A01
201800038372,2,14,000,00,1,1,01,A01
201800038373,2,99,000,00,0,0,00,A01
201800038374,1,07,000,11,0,1,01,A01
201800038375,2,01,000,00,2,1,01,E01
201800038375,2,07,000,00,2,2,01,B01
201800038376,1,36,000,02,6,1,19,A01
201800038377,1,10,000,00,2,1,01,A01
201800038377,1,07,000,00,2,1,01,B01
201800038378,2,02,000,00,2,1,01,A01
201800038378,1,07,000,00,2,3,01,B01
201800038379,1,07,000,00,2,2,01,A01
201800038379,2,33,000,00,2,8,15,B01
201800038380,0,33,000,00,0,7,16,A01
201800038381,0,32,000,00,0,0,00,A01
201800038382,1,30,000,00,2,3,13,A01
201800038382,2,07,000,00,2,3,01,B01
201800038383,2,34,000,00,0,1,01,A01
201800038384,1,10,000,00,1,2,17,A01
201800038385,1,30,000,00,2,1,02,A01
201800038385,1,30,000,00,2,4,02,B01
201800038386,0,31,000,00,2,7,00,A01
201800038386,0,10,000,00,2,2,09,B01
201800038387,0,07,000,00,1,2,02,A01
201800038388,,99,000,00,1,0,00,A01
201800038389,1,07,000,00,2,2,15,A01
201800038389,1,01,000,00,0,2,01,B01
201800038390,0,99,000,00,2,3,15,A01
201800038390,0,33,000,00,2,2,01,B01
201800038391,1,34,000,00,1,1,01,A01
201800038392,1,10,000,00,1,2,09,A01
201800038392,2,07,000,00,2,3,19,B01
201800038393,0,33,000,01,2,2,03,A01
201800038393,0,07,000,00,2,3,11,B01
201800038394,2,07,000,00,1,2,16,A01
201800038395,0,02,000,00,0,0,15,A01
201800038396,0,30,000,00,0,0,00,A01
201800038397,1,32,000,00,2,1,01,A01
201800038397,1,07,000,00,2,2,01,B01
201800038398,2,07,000,00,2,7,15,A01
201800038398,1,32,000,00,2,1,01,B01
201800038399,2,07,000,00,2,2,01,B01
201800038399,1,07,000,00,2,2,05,Z01
201800038400,2,02,000,00,2,1,17,A01
201800038400,2,07,000,00,2,8,15,B01
201800038401,2,10,000,00,1,2,01,A01
201800038402,2,33,000,00,1,3,01,A01
201800038403,1,07,000,00,1,4,04,A01
201800038404,1,31,000,00,2,1,07,B01
201800038404,1,14,000,00,2,2,16,A01
201800038405,1,31,000,00,1,1,01,Z01
201800038406,1,13,000,00,2,1,02,A01
201800038406,1,13,000,00,2,4,02,B01
201800038406,1,07,000,00,2,4,02,C01
201800038407,2,07,000,00,1,1,02,A01
201800038408,2,33,000,00,2,5,02,A01
201800038408,2,07,000,00,2,0,02,Z01
201800038409,2,33,000,00,2,1,01,B01
201800038409,2,07,000,00,2,4,13,Z01
201800038410,1,07,000,00,2,3,01,B01
201800038410,1,07,000,00,2,3,01,A01
201800038411,1,31,000,00,1,1,21,A01
201800038412,2,07,000,01,0,1,01,A01
201800038413,1,07,000,00,1,2,01,A01
201800038414,1,07,000,06,0,1,02,A01
201800038415,2,07,000,00,1,2,02,A01
201800038416,1,34,000,00,2,1,17,A01
201800038416,1,10,000,00,2,8,15,B01
201800038417,1,07,000,08,0,1,16,A01
201800038418,2,07,000,00,2,4,02,A01
201800038418,2,33,000,00,2,4,02,B01
201800038419,1,07,000,00,1,1,23,A01
201800038420,1,01,000,00,9,8,13,A01
201800038421,2,07,000,00,2,1,01,A01
201800038421,2,07,000,00,2,3,01,B01
201800038422,1,33,000,00,1,1,01,A01
201800038423,1,07,000,00,2,2,15,A01
201800038423,2,34,000,00,2,1,02,B01
201800038424,1,07,000,00,2,6,17,A01
201800038424,1,32,000,00,2,2,02,B01
201800038425,1,07,000,00,1,4,04,A01
201800038426,1,07,000,00,2,1,02,A01
201800038426,1,07,000,00,2,4,02,B01
201800038427,2,07,000,00,2,8,17,A01
201800038427,2,31,000,00,2,2,17,B01
201800038428,1,07,000,00,2,1,16,A01
201800038428,1,31,000,00,2,7,16,B01
201800038429,2,14,000,00,1,1,01,A01
201800038430,2,33,000,00,2,7,17,A01
201800038430,1,07,000,00,2,2,15,B01
201800038431,1,07,000,01,0,1,14,A01
201800038432,2,07,000,00,1,4,20,A01
201800038433,1,33,000,00,0,0,01,A01
201800038434,2,07,000,00,2,2,16,A01
201800038434,2,31,000,00,2,1,07,B01
201800038435,2,07,000,00,1,1,07,A01
201800038436,2,07,000,00,2,4,01,A01
201800038436,2,07,000,00,2,4,01,B01
201800038437,2,33,000,00,2,1,07,A01
201800038437,1,07,000,00,2,7,16,B01
201800038438,1,31,000,00,1,3,13,A01
201800038439,1,01,000,00,2,7,19,B01
201800038439,1,07,000,00,9,1,15,A01
201800038440,1,03,000,00,0,9,01,A01
201800038441,2,07,000,00,2,6,14,A01
201800038441,2,33,000,00,2,6,01,B01
201800038442,2,07,000,08,0,1,06,A01
201800038443,2,07,000,00,2,1,02,A01
201800038443,2,07,000,00,2,4,02,B01
201800038444,1,07,000,00,2,5,23,A01
201800038444,1,07,000,00,2,1,23,B01
201800038445,1,34,000,00,0,0,01,A01
201800038446,1,33,000,00,2,3,01,A01
201800038446,1,07,000,00,2,2,01,B01
201800038447,2,30,000,00,2,1,01,A01
201800038447,1,07,000,00,2,1,01,B01
201800038448,2,07,000,00,1,2,02,A01
201800038449,2,07,000,00,2,6,23,A01
201800038449,2,30,000,01,0,1,02,B01
201800038450,2,10,000,00,2,1,02,A01
201800038450,2,07,000,00,2,4,02,B01
201800038451,1,32,000,00,0,7,16,A01
201800038452,1,31,000,00,2,8,01,B01
201800038452,1,07,000,00,2,2,01,A01
201800038453,1,07,000,00,1,2,01,A01
201800038454,1,10,000,00,2,3,10,A01
201800038454,1,31,000,00,2,1,17,B01
201800038455,1,07,000,00,1,2,01,A01
201800038456,2,07,000,00,1,1,01,A01
201800038457,1,07,000,00,2,5,16,A01
201800038457,1,31,000,00,2,3,16,B01
201800038458,2,07,000,00,2,1,02,A01
201800038458,2,07,000,00,2,4,02,B01
201800038458,2,07,000,00,2,4,02,C01
201800038458,2,07,000,00,2,4,02,D01
201800038459,1,07,000,00,2,1,02,A01
201800038459,1,31,000,00,2,4,02,B01
201800038460,1,30,000,00,2,3,09,A01
201800038460,1,07,000,00,2,1,01,B01
201800038461,2,10,000,00,2,0,15,Z01
201800038461,0,99,000,00,2,0,00,R01
201800038462,1,07,000,00,1,2,09,A01
201800038463,2,07,000,00,1,7,17,A01
201800038464,1,07,000,00,1,2,00,A01
201800038465,1,10,000,00,2,8,00,A01
201800038465,1,34,000,00,2,2,01,B01
201800038466,1,10,000,00,1,7,01,A01
201800038467,2,20,000,08,0,3,21,A01
201800038468,1,10,000,00,2,1,02,A01
201800038468,1,07,000,00,2,1,02,B01
201800038468,1,07,000,00,2,1,23,C01
201800038469,0,40,100,00,1,1,00,A01
201800038470,0,02,000,00,2,1,16,A01
201800038470,1,07,000,00,2,5,16,B01
201800038471,1,07,000,00,2,1,21,A01
201800038471,1,07,000,00,2,4,00,B01
201800038472,2,07,000,00,1,2,01,A01
201800038473,2,02,000,00,2,1,02,B01
201800038473,2,07,000,00,2,6,02,Z01
201800038474,2,07,000,00,2,3,13,A01
201800038474,2,33,000,00,2,2,02,B01
201800038475,1,31,000,00,2,1,01,A01
201800038475,2,07,000,00,2,2,15,B01
201800038476,2,30,000,00,2,1,00,A01
201800038476,2,07,000,00,2,1,15,B01
201800038477,1,07,000,00,2,2,00,A01
201800038477,1,07,000,00,2,3,00,B01
201800038478,2,07,000,00,2,5,15,A01
201800038478,2,02,000,00,2,1,00,B01
201800038479,1,33,000,00,2,1,01,A01
201800038479,1,10,000,00,2,5,11,B01
201800038480,2,07,000,00,2,2,16,A01
201800038480,0,99,000,00,2,8,19,B01
201800038481,1,07,000,00,1,2,01,A01
201800038482,1,30,000,00,2,1,01,A01
201800038482,2,07,000,00,2,3,01,B01
201800038483,1,01,000,01,0,7,17,A01
201800038483,1,07,000,00,2,8,23,B01
201800038484,1,33,000,00,2,6,15,B01
201800038484,1,10,000,00,2,1,01,A01
201800038485,1,01,000,00,2,8,13,B01
201800038485,1,07,000,00,2,8,01,Z01
201800038486,1,07,000,00,1,8,01,A01
201800038487,1,32,000,00,2,0,17,A01
201800038488,2,30,000,00,0,8,03,A01
201800038489,1,32,000,00,1,1,00,A01
201800038490,2,07,000,00,2,1,02,A01
201800038490,2,07,000,00,2,4,23,B01
201800038490,2,07,000,00,2,4,23,C01
201800038491,1,32,000,00,2,1,01,B01
201800038491,2,10,000,00,2,2,17,A01
201800038492,2,10,000,00,1,2,01,A01
201800038493,2,33,000,00,2,8,18,B01
201800038493,2,10,000,00,2,7,14,Z01
201800038494,2,99,000,00,0,0,00,A01
201800038495,2,07,000,00,2,8,15,A01
201800038495,2,35,000,00,2,7,01,B01
201800038496,1,07,000,00,2,5,15,A01
201800038496,1,02,000,00,2,1,01,B01
201800038497,1,99,000,14,0,1,00,A01
201800038498,1,30,000,00,1,1,21,A01
201800038499,2,34,000,00,2,1,07,A01
201800038499,2,07,000,00,2,5,16,B01
201800038500,1,07,000,00,2,3,13,A01
201800038500,2,07,000,00,6,3,01,B01
201800038501,1,10,000,00,1,1,01,A01
201800038502,2,31,000,00,2,1,21,A01
201800038502,1,07,000,00,2,6,02,B01
201800038503,1,07,000,00,1,0,00,Z01
201800038504,1,33,000,00,1,2,19,A01
201800038505,1,07,000,00,1,1,01,A01
201800038506,2,07,000,00,2,3,10,A01
201800038506,2,32,000,00,2,1,01,B01
201800038507,1,10,000,00,2,2,01,A01
201800038507,1,07,000,00,2,3,01,B01
201800038508,0,07,000,00,1,2,01,Z01
201800038509,1,01,000,01,0,7,01,A01
201800038509,2,07,000,00,2,8,24,B01
201800038510,1,34,000,00,1,1,01,Z01
201800038511,2,30,000,00,0,0,09,A01
201800038512,2,07,000,00,2,3,15,A01
201800038512,1,02,000,00,2,0,00,B01
201800038513,2,07,000,00,2,6,04,A01
201800038513,2,33,000,00,2,3,23,B01
201800038514,2,07,000,01,0,2,01,A01
201800038514,1,07,000,00,0,8,24,B01
201800038515,1,31,000,00,2,0,00,A01
201800038515,2,01,000,00,2,7,01,B01
201800038516,1,02,000,00,2,1,01,B01
201800038516,2,07,000,00,2,3,10,A01
201800038517,1,07,000,00,2,2,09,A01
201800038517,1,02,000,01,2,2,01,B01
201800038517,1,07,000,01,2,6,00,C01
201800038518,1,10,000,00,1,3,01,A01
201800038519,1,10,000,00,1,8,16,A01
201800038520,2,10,000,00,2,4,02,A01
201800038520,2,07,000,00,2,4,02,B01
201800038521,2,33,000,00,1,1,01,A01
201800038522,2,07,000,00,2,1,01,A01
201800038522,2,07,000,00,2,4,01,B01
201800038523,2,07,000,00,6,3,15,A01
201800038523,2,01,000,00,2,2,13,B01
201800038524,1,07,000,00,2,8,16,A01
201800038524,1,33,000,00,2,7,01,B01
201800038525,1,07,000,00,2,1,01,A01
201800038525,1,13,000,00,0,4,01,B01
201800038526,1,07,000,01,0,2,01,A01
201800038527,1,07,000,00,1,1,15,A01
201800038528,1,07,000,00,1,1,15,A01
201800038529,1,07,000,00,0,2,09,A01
201800038529,1,31,000,00,0,8,09,B01
201800038530,1,01,000,00,0,1,05,B01
201800038530,2,07,000,16,0,3,19,A01
201800038531,1,07,000,00,1,3,15,A01
201800038532,1,07,000,00,1,2,16,A01
201800038533,1,07,000,00,1,2,19,A01
201800038534,2,07,000,00,2,8,10,A01
201800038534,2,34,000,00,2,7,17,B01
201800038535,2,07,000,00,1,1,02,A01
201800038536,2,07,000,00,1,3,21,A01
201800038537,1,07,000,00,2,3,20,A01
201800038537,1,34,000,00,2,2,02,B01
201800038538,1,07,000,00,2,7,15,A01
201800038538,2,31,000,00,2,1,01,B01
201800038539,2,07,000,00,1,5,01,A01
201800038540,1,07,000,00,2,5,23,B01
201800038540,1,02,000,00,2,1,02,A01
201800038541,2,07,000,00,1,1,02,A01
201800038542,1,10,000,00,2,8,11,A01
201800038542,1,07,000,00,2,7,01,B01
201800038543,1,07,000,08,0,1,01,A01
201800038544,1,14,000,00,2,2,21,A01
201800038544,1,07,000,00,2,6,16,B01
201800038545,1,07,000,00,1,3,01,A01
201800038546,1,30,000,00,1,1,01,A01
201800038547,1,34,000,00,1,2,01,A01
201800038548,1,30,000,00,1,0,01,Z01
201800038549,1,02,000,00,1,3,02,A01
201800038550,1,07,000,00,1,2,16,A01
201800038551,1,07,000,08,2,7,21,B01
201800038551,1,07,000,00,2,0,21,Z01
201800038552,1,10,000,00,2,6,00,A01
201800038552,1,07,000,00,2,6,09,B01
201800038553,1,07,000,00,2,7,00,A01
201800038553,1,07,000,00,2,8,00,B01
201800038554,1,07,000,00,2,1,01,A01
201800038554,1,07,000,00,2,7,19,B01
201800038555,1,07,000,00,9,3,11,A01
201800038555,1,31,000,00,2,2,01,B01
201800038556,1,07,000,00,2,1,20,A01
201800038556,1,33,000,00,2,4,00,B01
201800038557,1,07,000,00,1,1,19,A01
201800038558,2,33,000,00,2,1,13,A01
201800038558,1,34,000,01,2,1,13,B01
201800038559,1,10,000,00,9,0,15,A01
201800038559,1,31,000,01,0,3,21,B01
201800038560,1,10,000,00,2,2,10,A01
201800038560,2,33,000,00,2,2,09,B01
201800038561,1,07,000,00,1,3,07,A01
201800038562,1,33,000,01,2,3,07,B01
201800038562,1,07,000,00,1,7,12,A01
201800038563,2,07,000,00,2,1,08,A01
201800038563,1,07,000,00,2,1,23,B01
201800038563,1,07,000,00,2,1,23,C01
201800038564,1,02,000,00,1,1,00,Z01
201800038565,1,33,000,00,2,1,01,A01
201800038565,2,07,000,00,2,2,15,B01
201800038566,1,07,000,00,2,8,24,A01
201800038566,2,01,000,01,0,1,01,B01
201800038567,1,07,000,00,2,1,02,A01
201800038567,1,07,000,00,2,4,15,B01
201800038568,2,07,000,00,1,3,15,A01
201800038569,1,31,000,00,2,3,15,A01
201800038569,1,07,000,00,2,2,01,B01
201800038570,1,07,000,00,1,1,16,A01
201800038571,1,07,000,00,1,0,00,Z01
201800038572,1,33,000,00,2,8,01,A01
201800038572,1,07,000,00,2,7,19,B01
201800038573,1,07,000,00,2,3,13,A01
201800038573,1,33,000,00,2,7,13,B01
201800038574,1,07,000,00,2,8,18,A01
201800038574,1,07,000,00,2,1,01,B01
201800038575,1,30,000,00,1,1,01,A01
201800038576,1,31,000,02,0,1,21,A01
201800038577,1,02,000,00,2,3,01,B01
201800038577,1,07,000,00,2,1,01,A01
201800038578,1,31,000,00,2,3,18,A01
201800038578,1,07,000,00,2,5,23,B01
201800038579,2,33,000,00,2,3,01,A01
201800038579,1,07,000,00,2,2,01,B01
201800038580,1,32,000,00,2,1,21,A01
201800038580,1,07,000,00,2,3,15,B01
201800038581,1,01,000,00,2,3,05,B01
201800038582,1,20,000,00,1,3,10,A01
201800038582,1,34,000,00,2,2,23,B01
201800038583,1,07,000,00,2,3,10,A01
201800038583,1,07,000,00,2,2,01,B01
201800038584,2,07,000,00,2,1,19,A01
201800038584,1,07,000,00,2,8,19,B01
201800038585,2,31,000,00,2,1,01,Z01
201800038585,1,07,000,00,2,2,15,A01
201800038586,1,07,000,12,0,2,21,A01
201800038587,1,31,000,00,2,8,16,A01
201800038587,2,13,000,00,2,1,00,B01
201800038588,1,01,000,00,2,1,01,A01
201800038588,1,07,000,00,9,3,15,B01
201800038589,2,32,000,00,2,1,13,A01
201800038589,2,07,000,00,2,8,15,B01
201800038590,2,07,000,00,2,1,07,A01
201800038590,1,07,000,00,2,2,07,B01
201800038591,1,07,000,00,2,2,19,A01
201800038591,1,33,000,00,2,8,02,B01
201800038592,1,07,000,00,2,1,15,A01
201800038592,1,07,000,00,2,4,15,B01
201800038593,1,07,000,00,1,1,19,A01
201800038594,2,07,000,00,2,3,00,A01
201800038594,1,07,000,00,9,1,00,B01
201800038595,2,07,000,11,0,3,15,A01
201800038596,1,07,000,00,9,6,14,A01
201800038596,1,33,000,00,2,3,14,B01
201800038597,2,07,000,00,2,1,02,A01
201800038597,2,33,000,00,2,4,02,B01
201800038597,2,07,000,00,2,2,02,C01
201800038598,1,07,000,00,1,1,01,A01
201800038599,1,33,000,00,2,2,17,A01
201800038599,2,07,000,00,2,1,19,B01
201800038600,1,32,000,00,2,3,00,A01
201800038600,1,17,000,00,2,1,01,B01
201800038601,1,39,000,00,2,7,23,A01
201800038601,1,32,000,00,4,1,00,Z01
201800038602,1,07,000,00,2,6,10,A01
201800038602,1,10,000,00,2,1,02,B01
201800038603,1,33,000,15,2,3,01,B01
201800038603,2,10,000,00,2,2,15,A01
201800038604,2,07,000,00,1,2,15,A01
201800038605,1,07,000,00,1,8,01,A01
201800038606,0,07,000,00,2,8,01,B01
201800038606,0,30,000,00,2,1,15,A01
201800038607,1,14,000,00,2,2,09,A01
201800038607,1,34,000,02,2,3,00,B01
201800038608,1,30,000,00,2,1,00,A01
201800038608,1,30,000,00,2,4,02,B01
201800038609,1,07,000,00,2,4,00,A01
201800038609,1,14,000,00,2,1,00,B01
201800038610,0,10,000,00,2,3,09,A01
201800038610,0,07,000,00,2,5,01,B01
201800038611,0,10,000,01,0,3,01,A01
201800038611,0,07,000,00,2,6,00,B01
201800038612,0,07,000,00,2,1,01,A01
201800038612,0,07,000,00,2,2,01,B01
201800038613,,99,000,00,0,0,00,Y01
201800038613,1,30,000,00,2,0,00,Z01
201800038614,0,07,000,00,2,2,15,A01
201800038614,0,07,000,00,2,3,01,B01
201800038615,1,07,000,00,2,1,01,A01
201800038615,1,07,000,00,2,7,01,B01
201800038616,1,07,000,00,2,4,01,A01
201800038616,1,34,000,00,2,1,16,B01
201800038617,1,30,000,00,2,1,17,A01
201800038617,2,07,000,00,2,5,02,B01
201800038618,2,02,000,00,2,0,00,A01
201800038618,2,07,000,00,2,2,01,B01
201800038619,1,07,000,00,2,1,10,A01
201800038619,1,33,000,00,2,8,01,B01
201800038620,1,07,000,00,2,2,10,A01
201800038620,1,33,000,00,2,1,01,B01
201800038620,1,37,001,00,2,3,00,C01
201800038621,0,10,000,00,2,5,16,A01
201800038621,0,34,000,00,2,3,13,B01
201800038622,2,07,000,00,2,3,05,A01
201800038622,1,01,000,00,2,3,01,B01
201800038623,0,07,000,00,2,2,09,A01
201800038623,0,30,000,00,2,8,15,B01
201800038624,0,07,000,00,2,3,15,A01
201800038624,0,34,000,00,2,3,01,B01
201800038625,1,30,000,00,2,2,17,A01
201800038625,1,07,000,00,2,3,15,B01
201800038626,2,07,000,00,2,3,16,A01
201800038626,2,99,000,00,2,8,01,B01
201800038627,1,07,000,00,2,3,15,A01
201800038627,1,34,000,00,2,2,17,B01
201800038628,2,32,000,08,2,2,17,A01
201800038628,2,10,000,00,2,3,15,B01
201800038629,0,01,000,00,2,7,15,A01
201800038629,0,07,000,00,2,1,00,B01
201800038630,0,10,000,09,2,3,01,B01
201800038630,0,07,000,00,2,1,15,A01
201800038631,2,07,000,00,1,2,01,A01
201800038632,2,32,000,00,2,7,17,A01
201800038632,2,07,000,00,2,6,15,B01
201800038633,0,07,000,00,6,3,00,A01
201800038633,0,01,000,00,2,7,00,B01
201800038634,1,01,000,00,1,0,00,Z01
201800038635,0,10,000,00,1,1,01,A01
201800038636,1,07,000,00,2,1,15,A01
201800038636,1,02,000,00,2,1,01,B01
201800038637,1,07,000,00,2,6,12,A01
201800038637,1,33,000,00,2,1,00,B01
201800038638,1,07,000,00,1,1,15,A01
201800038639,0,07,000,00,2,1,01,A01
201800038639,0,07,000,00,2,3,01,B01
201800038640,0,07,000,00,1,4,04,A01
201800038641,1,37,003,00,2,1,09,A01
201800038641,1,07,000,00,2,8,09,B01
201800038642,1,07,000,00,2,1,01,B01
201800038642,1,07,000,00,2,7,01,A01
201800038643,2,10,000,00,2,8,02,A01
201800038643,0,01,000,00,2,3,19,B01
201800038644,1,34,000,00,2,8,19,A01
201800038644,1,30,000,00,2,1,01,Z01
201800038645,0,07,000,00,2,0,24,C01
201800038645,1,07,000,00,2,2,16,B01
201800038645,1,34,000,01,2,8,07,A01
201800038646,2,07,000,00,2,3,11,A01
201800038646,2,30,000,00,2,7,11,B01
201800038647,1,07,000,00,2,3,19,A01
201800038647,0,07,000,00,2,2,00,B01
201800038648,1,07,000,00,1,2,15,A01
201800038649,1,07,000,00,2,3,15,A01
201800038649,1,02,000,00,2,1,17,B01
201800038650,1,14,000,00,1,2,15,A01
201800038651,1,34,000,00,2,8,01,A01
201800038651,1,07,000,00,2,6,15,B01
201800038652,0,30,000,08,2,1,00,A01
201800038652,2,07,000,00,2,2,16,B01
201800038653,1,14,000,00,2,6,16,A01
201800038653,1,33,000,00,2,0,00,B01
201800038654,1,07,000,00,2,4,00,A01
201800038654,1,07,000,00,2,6,00,Z01
201800038655,1,07,000,00,1,3,01,A01
201800038656,1,07,000,00,2,2,14,A01
201800038656,1,30,000,00,2,3,02,B01
201800038657,0,07,000,00,2,1,19,A01
201800038657,0,07,000,00,2,8,19,B01
201800038658,0,13,000,00,2,1,02,A01
201800038658,0,07,000,00,2,9,02,B01
201800038658,0,13,000,00,2,4,00,C01
201800038659,0,07,000,00,1,1,01,A01
201800038660,2,07,000,00,1,1,16,A01
201800038661,1,07,000,00,1,1,01,A01
201800038662,1,07,000,00,2,7,01,B01
201800038662,2,07,000,00,2,1,01,A01
201800038663,1,07,000,04,0,2,14,A01
201800038664,2,07,000,00,1,6,20,A01
201800038665,1,07,000,00,1,1,01,A01
201800038666,1,07,000,00,1,1,01,A01
201800038667,1,07,000,00,2,8,09,A01
201800038667,1,14,000,00,2,2,01,B01
201800038668,1,07,000,00,2,2,15,A01
201800038668,1,34,000,00,2,1,19,B01
201800038669,0,07,000,00,2,2,15,A01
201800038669,0,02,000,00,2,3,00,B01
201800038670,2,07,000,00,1,1,15,A01
201800038671,1,31,000,00,2,7,14,B01
201800038671,1,33,000,00,2,8,03,A01
201800038671,1,07,000,00,2,8,01,C01
201800038672,1,01,000,00,1,1,01,A01
201800038673,2,07,000,00,1,3,15,A01
201800038674,1,10,000,00,1,5,04,A01
201800038675,1,07,000,00,2,7,19,B01
201800038675,1,07,000,00,2,3,19,A01
201800038676,1,02,000,00,1,1,01,A01
201800038677,2,07,000,00,2,2,10,A01
201800038677,1,31,000,00,2,1,18,B01
201800038678,1,07,000,00,2,1,21,A01
201800038678,1,01,000,00,2,8,19,B01
201800038679,1,07,000,00,2,1,02,A01
201800038679,1,07,000,00,2,4,02,B01
201800038680,1,07,000,00,1,2,19,A01
201800038681,1,37,000,10,0,1,09,A01
201800038682,1,07,000,00,2,5,16,A01
201800038682,1,07,000,00,2,3,01,B01
201800038683,1,07,000,00,2,4,23,C01
201800038683,1,07,000,00,2,4,23,B01
201800038683,1,07,000,00,2,4,23,D01
201800038683,1,07,000,00,2,1,19,A01
201800038684,0,31,000,00,2,4,21,A01
201800038684,0,07,000,00,2,0,21,B01
201800038685,0,07,000,00,2,1,01,A01
201800038685,0,07,000,00,2,4,01,B01
201800038685,2,07,000,00,2,4,01,C01
201800038686,0,10,000,00,2,1,02,A01
201800038686,0,07,000,00,2,4,02,B01
201800038687,1,33,000,00,2,1,21,A01
201800038687,1,07,000,00,0,5,02,B01
201800038688,1,34,000,00,1,0,02,A01
201800038689,1,07,000,00,2,3,13,A01
201800038689,1,34,000,00,2,7,17,B01
201800038690,2,07,000,00,2,3,11,A01
201800038690,1,30,000,00,2,8,21,B01
201800038691,1,07,000,00,2,6,15,A01
201800038691,2,34,000,00,2,3,21,B01
201800038692,1,07,000,00,2,2,19,A01
201800038692,1,33,000,00,2,8,19,B01
201800038693,1,07,000,00,2,2,23,A01
201800038693,1,33,000,00,2,4,23,B01
201800038694,1,33,000,00,1,1,01,A01
201800038695,1,07,000,00,1,2,15,A01
201800038696,1,07,000,00,1,4,04,A01
201800038697,1,13,000,00,2,2,14,A01
201800038697,1,07,000,00,2,8,23,B01
201800038698,1,07,000,00,2,8,15,A01
201800038698,1,31,000,00,2,1,17,B01
201800038699,2,33,000,00,9,3,17,A01
201800038699,1,01,000,00,2,3,01,B01
201800038700,1,07,000,08,2,1,17,A01
201800038700,2,34,000,00,2,1,21,B01
201800038701,1,07,000,01,0,1,00,A01
201800038702,1,07,000,07,2,9,01,A01
201800038702,1,07,000,00,2,9,02,B01