Num_Acc,senc,catv,occutc,obs,obsm,choc,manv,num_veh
201800040971,1,07,000,00,2,3,01,B01
201800040971,2,01,000,00,2,1,19,A01
201800040972,1,02,000,00,2,7,15,B01
201800040972,1,07,000,00,2,0,00,A01
201800040973,2,07,000,00,2,1,01,B01
201800040973,2,07,000,00,2,7,01,A01
201800040974,1,07,000,00,0,3,11,A01
201800040975,0,07,000,00,1,1,00,A01
201800040976,2,07,000,00,2,1,02,A01
201800040976,2,07,000,00,2,4,02,B01
201800040977,1,07,000,01,2,3,17,A01
201800040977,1,01,000,01,2,2,17,B01
201800040978,1,10,000,00,1,0,00,Z01
201800040979,1,07,000,00,1,1,16,A01
201800040980,0,07,000,00,1,5,01,A01
201800040981,2,07,000,00,2,1,15,B01
201800040981,2,07,000,00,2,3,16,A01
201800040982,2,07,000,08,2,1,12,A01
201800040983,1,33,000,00,2,2,09,A01
201800040983,1,07,000,00,2,8,15,B01
201800040984,2,07,000,00,1,1,01,A01
201800040985,1,07,000,00,2,3,16,B01
201800040985,1,37,001,00,2,2,02,A01
201800040986,2,10,000,00,2,6,00,C01
201800040986,1,07,000,00,2,1,13,A01
201800040986,2,07,000,00,2,1,00,B01
201800040987,2,07,000,00,2,1,02,A01
201800040987,2,07,000,00,0,4,23,B01
201800040988,2,07,000,01,1,3,01,A01
201800040989,2,07,000,00,2,4,02,B01
201800040989,2,10,000,00,2,1,02,A01
201800040990,1,30,000,00,1,1,02,A01
201800040991,0,07,000,00,1,3,15,A01
201800040992,1,07,000,00,2,3,11,A01
201800040992,1,31,000,00,2,2,01,B01
201800040993,0,10,000,00,2,0,00,B01
201800040993,0,07,000,00,2,1,02,A01
201800040994,1,07,000,00,2,3,17,A01
201800040994,1,32,000,00,2,5,17,B01
201800040995,1,10,000,00,2,4,02,A01
201800040995,1,10,000,00,2,1,02,B01
201800040996,1,99,000,,,,,B01
201800040996,1,99,000,,,,,A01
201800040997,1,03,000,00,2,6,01,B01
201800040997,1,07,000,00,2,0,00,A01
201800040998,1,07,000,00,2,2,01,A01
201800040998,1,07,000,00,2,1,13,B01
201800040999,2,13,000,00,1,3,01,A01
201800041000,2,07,000,00,1,1,02,A01
201800041001,1,07,000,00,2,3,15,B01
201800041001,1,02,000,00,2,0,00,A01
201800041002,1,07,000,00,2,5,01,A01
201800041002,1,07,000,00,2,3,01,B01
201800041003,2,33,000,00,1,1,02,A01
201800041004,2,07,000,00,2,8,02,A01
201800041004,1,07,000,00,2,0,03,B01
201800041005,2,07,000,00,2,1,02,A01
201800041005,1,07,000,00,2,8,09,B01
201800041006,1,34,000,00,1,1,21,A01
201800041007,1,07,000,00,2,3,19,A01
201800041007,2,33,000,00,2,1,17,B01
201800041007,1,07,000,00,2,6,24,C01
201800041008,2,31,000,00,2,1,02,A01
201800041008,2,07,000,00,2,8,10,B01
201800041009,0,07,000,00,2,4,23,A01
201800041009,2,07,000,01,0,4,23,C01
201800041009,2,07,000,01,2,4,23,B01
201800041010,1,07,000,00,0,1,01,A01
201800041010,2,31,000,00,2,1,13,B01
201800041011,1,07,000,01,0,8,22,A01
201800041011,1,34,000,01,0,2,13,B01
201800041012,2,33,000,00,1,1,01,A01
201800041013,1,07,000,00,2,2,12,A01
201800041013,1,07,000,00,2,3,07,B01
201800041014,2,10,000,00,1,1,00,A01
201800041015,1,07,000,00,2,8,15,A01
201800041015,1,34,000,00,2,7,01,B01
201800041016,2,33,000,00,2,1,15,A01
201800041016,1,07,000,00,2,5,15,B01
201800041017,1,07,000,00,2,1,07,A01
201800041017,1,07,000,00,2,9,07,B01
201800041017,1,07,000,00,2,4,07,C01
201800041018,1,07,000,00,2,3,15,A01
201800041018,1,32,000,00,2,1,21,B01
201800041019,2,07,000,00,2,1,10,A01
201800041019,1,34,000,00,2,2,17,B01
201800041020,1,07,000,00,2,3,15,B01
201800041020,1,07,000,00,2,1,19,A01
201800041021,1,99,000,00,2,8,09,A01
201800041021,2,07,000,00,9,3,09,B01
201800041022,2,10,000,00,2,1,19,C01
201800041022,1,33,000,00,2,1,17,A01
201800041022,1,14,000,00,2,3,09,B01
201800041023,1,07,000,00,9,1,11,B01
201800041023,2,01,000,00,2,1,13,A01
201800041024,1,07,000,00,0,2,01,A01
201800041024,2,31,000,00,2,1,01,B01
201800041025,1,99,000,00,2,8,14,A01
201800041026,1,07,000,01,1,2,14,A01
201800041027,1,30,000,00,0,6,07,A01
201800041027,1,07,000,00,2,6,24,B01
201800041028,2,07,000,00,1,2,01,A01
201800041029,1,07,000,00,2,3,10,A01
201800041029,1,33,000,00,2,1,01,B01
201800041030,1,01,000,00,2,1,09,B01
201800041030,1,07,000,00,9,1,09,A01
201800041031,1,07,000,00,2,5,16,A01
201800041031,1,31,000,00,2,3,18,B01
201800041032,1,30,000,00,2,1,01,B01
201800041032,1,07,000,00,2,3,10,A01
201800041033,1,34,000,00,2,8,19,B01
201800041033,1,07,000,00,2,1,09,A01
201800041034,2,34,000,00,1,3,01,A01
201800041035,2,33,000,00,1,1,03,A01
201800041036,2,31,000,00,2,4,17,A01
201800041036,2,07,000,00,2,4,15,B01
201800041037,1,10,000,00,9,4,02,B01
201800041037,1,07,000,00,2,1,02,A01
201800041038,2,07,000,00,2,3,16,B01
201800041038,2,30,000,00,2,3,17,A01
201800041039,2,31,000,00,1,2,21,A01
201800041040,2,07,000,00,1,3,09,A01
201800041041,1,31,000,00,2,1,17,A01
201800041041,1,07,000,00,2,3,15,B01
201800041042,2,07,000,00,1,1,21,A01
201800041043,2,07,000,01,2,8,09,A01
201800041043,2,10,000,00,2,2,01,B01
201800041044,1,31,000,00,2,3,18,B01
201800041044,1,07,000,00,2,2,16,A01
201800041045,1,10,000,00,2,3,15,A01
201800041045,1,31,000,00,2,1,03,B01
201800041046,1,30,000,00,2,1,03,B01
201800041046,1,07,000,00,2,3,15,A01
201800041047,2,07,000,00,2,3,15,B01
201800041047,2,32,000,00,2,2,13,A01
201800041048,2,07,000,00,1,3,00,A01
201800041049,1,32,000,00,1,6,17,A01
201800041050,2,20,000,09,0,2,13,A01
201800041051,2,99,000,15,1,2,00,A01
201800041052,1,07,000,00,2,3,15,A01
201800041052,1,02,000,00,2,1,01,B01
201800041053,0,99,000,00,2,1,17,A01
201800041053,0,31,000,00,2,1,01,B01
201800041054,2,07,000,00,2,2,10,B01
201800041054,1,33,000,00,2,3,00,A01
201800041055,1,07,000,00,2,8,15,A01
201800041055,1,30,000,00,2,7,13,B01
201800041056,1,99,000,,,,,B01
201800041056,0,34,000,00,2,7,19,A01
201800041057,1,99,000,00,6,1,01,B01
201800041057,2,07,000,00,6,2,15,A01
201800041058,2,07,000,00,1,3,10,A01
201800041059,1,01,000,00,2,1,00,B01
201800041059,0,07,000,00,2,3,01,A01
201800041060,2,32,000,00,2,1,17,B01
201800041060,2,07,000,00,2,3,13,A01
201800041061,0,07,000,01,2,7,00,A01
201800041061,0,07,000,00,2,3,12,C01
201800041061,1,33,000,14,2,8,17,B01
201800041062,2,07,000,00,2,5,10,A01
201800041062,1,34,000,01,2,1,01,B01
201800041062,0,07,000,00,2,3,00,C01
201800041063,0,34,000,00,2,7,00,B01
201800041063,0,03,000,00,2,1,15,A01
201800041064,1,20,000,00,1,0,19,A01
201800041065,2,34,000,00,2,1,00,B01
201800041065,1,07,000,00,2,2,10,A01
201800041066,0,33,000,00,1,1,01,A01
201800041067,0,07,000,00,2,3,15,B01
201800041067,0,30,000,00,2,1,17,A01
201800041068,2,07,000,00,2,0,02,A01
201800041068,2,99,000,00,2,4,00,B01
201800041069,1,07,000,00,2,1,15,A01
201800041069,2,34,000,00,2,1,01,B01
201800041070,0,07,000,00,0,3,15,A01
201800041070,0,33,000,00,0,3,21,B01
201800041071,0,07,000,00,2,4,00,A01
201800041071,0,30,000,00,2,1,00,B01
201800041072,0,33,000,00,0,0,00,B01
201800041072,0,07,000,00,2,8,15,A01
201800041073,0,03,000,08,0,1,01,B01
201800041073,0,03,000,08,0,8,01,A01
201800041074,2,30,000,00,1,1,01,A01
201800041075,0,07,000,00,2,0,00,B01
201800041075,0,07,000,00,2,3,01,A01
201800041076,1,07,000,00,2,3,15,A01
201800041076,2,32,000,00,2,1,01,B01
201800041077,1,01,000,00,0,8,02,B01
201800041077,1,17,000,00,0,0,01,A01
201800041078,2,10,000,00,2,2,09,A01
201800041078,1,34,000,00,2,1,01,B01
201800041079,1,07,000,00,2,2,06,B01
201800041079,2,07,000,00,2,1,01,A01
201800041080,0,33,000,00,2,1,01,B01
201800041080,0,07,000,00,2,6,00,A01
201800041081,1,07,000,00,1,7,01,A01
201800041082,0,07,000,00,1,0,00,Z01
201800041083,1,07,000,00,1,1,01,A01
201800041084,1,07,000,01,0,5,15,A01
201800041084,2,33,000,01,0,1,02,B01
201800041085,2,07,000,00,9,7,10,B01
201800041085,1,37,001,00,2,3,01,A01
201800041086,1,07,000,00,1,0,16,A01
201800041087,1,33,000,00,2,1,02,B01
201800041087,1,07,000,00,2,8,10,A01
201800041088,1,34,000,01,0,0,21,B01
201800041088,1,07,000,01,0,0,00,A01
201800041089,1,07,000,00,1,4,20,A01
201800041090,2,07,000,01,2,1,13,A01
201800041090,1,37,001,00,2,1,01,B01
201800041091,1,07,000,00,0,3,01,B01
201800041091,1,07,000,00,0,1,01,A01
201800041092,1,07,000,00,2,2,15,A01
201800041092,1,07,000,00,2,3,01,B01
201800041093,0,07,000,00,2,6,01,B01
201800041093,0,37,001,00,2,2,01,A01
201800041094,1,07,000,00,2,3,00,A01
201800041094,2,31,000,00,2,1,00,B01
201800041095,1,31,000,00,2,4,01,A01
201800041095,1,01,000,00,2,4,14,B01
201800041096,2,07,000,00,2,8,16,A01
201800041096,1,32,000,00,2,3,17,B01
201800041097,1,34,000,15,2,4,15,A01
201800041097,1,34,000,00,2,1,07,B01
201800041097,2,07,000,00,2,1,23,C01
201800041098,1,07,000,00,1,2,02,A01
201800041099,2,33,000,00,2,2,01,B01
201800041099,1,07,000,00,2,3,19,A01
201800041100,0,07,000,00,1,2,01,A01
201800041101,1,07,000,00,1,1,02,A01
201800041102,0,10,000,00,1,6,20,A01
201800041103,0,07,000,00,0,3,02,B01
201800041103,0,33,000,00,0,2,17,A01
201800041104,1,99,000,00,2,0,00,Z01
201800041104,0,99,000,00,2,2,01,A01
201800041105,1,07,000,00,1,3,02,A01
201800041106,0,07,000,00,1,3,00,A01
201800041107,1,07,000,00,2,3,00,A01
201800041107,2,07,000,00,2,1,00,B01
201800041108,1,07,000,00,2,1,15,B01
201800041108,0,34,000,00,2,3,18,A01
201800041109,1,07,000,00,0,2,15,A01
201800041109,2,07,000,00,0,3,00,B01
201800041110,0,07,000,00,2,5,00,B01
201800041110,1,07,000,00,2,2,16,A01
201800041111,0,07,000,00,2,5,19,A01
201800041111,0,07,000,00,2,1,19,B01
201800041112,1,33,000,00,2,1,17,A01
201800041112,2,07,000,00,2,8,20,B01
201800041113,0,07,000,00,1,3,02,A01
201800041114,0,07,000,00,1,1,19,A01
201800041115,1,33,000,00,1,7,03,A01
201800041115,1,07,000,00,2,3,01,B01
201800041116,1,15,000,00,2,6,00,Z01
201800041116,1,33,000,00,2,7,17,A01
201800041117,0,07,000,00,2,3,14,A01
201800041117,0,07,000,00,2,4,01,B01
201800041118,2,07,000,00,1,3,15,A01
201800041119,0,99,000,00,2,0,00,R01
201800041119,1,07,000,00,2,2,15,A01
201800041120,0,15,000,00,2,2,21,A01
201800041120,0,07,000,00,2,3,07,B01
201800041121,1,10,000,00,1,1,01,A01
201800041122,2,07,000,00,1,1,15,A01
201800041123,1,33,000,00,2,7,17,A01
201800041123,1,07,000,00,2,1,09,B01
201800041124,1,07,000,00,2,8,10,A01
201800041124,1,33,000,00,2,1,01,B01
201800041125,1,07,000,00,2,4,15,A01
201800041125,1,31,000,00,2,1,02,B01
201800041126,2,07,000,00,2,1,07,A01
201800041126,2,07,000,00,2,4,23,B01
201800041127,1,07,000,00,1,3,16,A01
201800041128,2,33,000,00,2,1,01,B01
201800041128,2,07,000,00,2,5,01,A01
201800041129,1,07,000,00,1,2,01,A01
201800041130,1,07,000,08,0,1,17,A01
201800041130,1,07,000,00,2,3,15,B01
201800041131,1,07,000,00,2,6,15,B01
201800041131,1,33,000,00,2,1,02,A01
201800041132,1,37,001,00,1,1,07,A01
201800041133,1,34,000,00,2,1,16,B01
201800041133,0,07,000,00,2,3,15,A01
201800041134,2,07,000,00,2,8,05,B01
201800041134,2,07,000,00,2,8,01,C01
201800041134,2,07,000,00,2,1,01,D01
201800041134,1,07,000,00,2,3,13,A01
201800041135,1,07,000,02,2,1,02,A01
201800041135,1,07,000,00,2,4,02,D01
201800041135,1,07,000,00,2,4,02,C01
201800041135,1,07,000,00,2,4,02,B01
201800041136,1,14,000,00,1,2,21,A01
201800041137,1,07,000,00,1,1,09,A01
201800041138,1,07,000,16,2,1,09,A01
201800041138,1,07,000,00,2,2,01,B01
201800041139,1,07,000,00,2,8,15,A01
201800041139,1,02,000,00,2,1,16,B01
201800041140,2,31,000,00,4,8,09,A01
201800041140,2,40,000,00,2,3,01,B01
201800041141,1,07,000,00,2,1,13,A01
201800041141,2,07,000,00,2,1,09,B01
201800041142,2,34,000,00,2,1,01,B01
201800041142,1,07,000,00,2,3,15,A01
201800041143,1,31,000,00,1,1,21,Z01
201800041144,2,07,000,00,2,6,15,A01
201800041144,2,99,000,00,2,0,00,R01
201800041145,2,07,000,00,2,2,09,A01
201800041145,2,33,000,00,2,3,21,B01
201800041146,0,07,000,01,2,1,01,A01
201800041146,0,07,000,00,2,4,24,B01
201800041147,1,33,000,00,2,1,17,B01
201800041147,1,07,000,00,2,3,10,A01
201800041148,1,07,000,00,1,2,09,A01
201800041149,1,07,000,00,2,3,13,A01
201800041149,1,07,000,00,2,3,01,B01
201800041150,1,99,000,00,2,0,00,R01
201800041150,1,07,000,00,2,8,22,A01
201800041151,2,07,000,01,0,3,13,A01
201800041152,1,07,000,00,2,1,15,A01
201800041152,2,07,000,00,2,8,01,B01
201800041153,1,07,000,00,2,8,15,B01
201800041153,1,33,000,00,2,1,01,A01
201800041154,1,07,000,00,2,3,01,A01
201800041154,2,03,000,00,2,2,01,B01
201800041155,2,03,000,00,2,1,02,B01
201800041155,2,07,000,00,2,8,01,A01
201800041156,1,03,000,00,1,0,19,A01
201800041157,0,07,000,00,2,0,04,A01
201800041157,0,30,000,00,2,0,00,B01
201800041158,0,07,000,00,2,3,15,A01
201800041158,0,01,000,00,2,2,01,B01
201800041159,1,07,000,00,2,4,01,B01
201800041159,1,30,000,00,2,7,11,A01
201800041160,0,07,000,00,2,7,14,A01
201800041160,0,34,000,00,2,8,02,B01
201800041161,1,07,000,16,6,8,08,B01
201800041162,2,32,000,00,1,1,00,A01
201800041162,2,07,000,00,2,2,01,B01
201800041163,1,07,000,00,1,1,16,A01
201800041164,1,07,000,12,0,4,07,C01
201800041164,1,07,000,12,0,5,07,B01
201800041164,1,07,000,00,2,1,07,A01
201800041165,1,07,000,00,1,2,01,A01
201800041166,0,40,010,00,1,4,23,A01
201800041167,0,13,000,00,1,1,00,A01
201800041168,2,32,000,00,2,1,00,B01
201800041168,2,10,000,00,2,2,15,A01
201800041169,0,07,000,00,2,2,02,A01
201800041169,2,31,000,00,0,4,02,B01
201800041170,0,32,000,00,2,1,01,B01
201800041170,0,07,000,00,2,5,01,A01
201800041171,0,33,000,00,2,0,00,B01
201800041171,0,07,000,00,2,6,15,A01
201800041172,1,07,000,11,0,1,14,A01
201800041173,1,07,000,00,2,6,01,A01
201800041173,1,07,000,00,2,1,15,C01
201800041173,1,07,000,16,,2,15,B01
201800041174,1,13,000,00,2,1,02,A01
201800041174,1,03,000,00,2,4,02,B01
201800041175,0,07,000,00,1,1,15,A01
201800041176,0,10,000,00,2,0,00,Z01
201800041176,0,10,000,00,2,6,15,A01
201800041177,0,07,000,00,2,1,10,A01
201800041177,0,07,000,00,2,5,21,B01
201800041178,0,33,000,00,2,1,00,A01
201800041178,0,07,000,00,2,4,00,B01
201800041179,2,03,000,00,1,2,01,A01
201800041180,0,07,000,00,2,4,02,B01
201800041180,0,07,000,00,2,1,21,A01
201800041181,0,07,000,00,1,4,00,A01
201800041182,1,07,000,00,0,9,01,A01
201800041183,1,01,000,00,2,1,09,B01
201800041183,1,07,000,00,2,4,09,A01
201800041184,1,10,000,02,9,3,02,A01
201800041185,2,07,000,00,2,1,02,B01
201800041185,2,07,000,00,2,4,23,A01
201800041186,1,07,000,00,0,7,09,A01
201800041187,1,07,000,00,2,1,02,A01
201800041187,1,07,000,00,2,4,23,B01
201800041188,2,07,000,00,2,1,01,B01
201800041188,2,07,000,00,2,3,01,A01
201800041189,1,07,000,00,1,2,01,A01
201800041190,2,07,000,00,9,1,19,A01
201800041190,2,07,000,00,2,4,19,B01
201800041191,1,07,000,09,2,8,01,A01
201800041191,2,07,000,00,2,1,15,B01
201800041192,1,31,000,00,2,7,01,A01
201800041192,0,07,000,00,2,3,09,B01
201800041193,1,07,000,00,2,4,23,A01
201800041193,1,10,000,00,2,1,02,B01
201800041194,1,07,000,00,2,4,01,A01
201800041194,1,07,000,00,2,1,01,B01
201800041195,2,07,000,06,0,1,16,A01
201800041196,1,07,000,00,1,1,21,A01
201800041197,1,07,000,00,2,1,19,B01
201800041197,1,07,000,16,2,3,19,A01
201800041198,2,07,000,00,2,1,16,B01
201800041198,1,07,000,00,2,3,15,A01
201800041199,1,07,000,00,2,3,01,A01
201800041199,1,07,000,00,2,1,15,B01
201800041200,2,07,000,00,2,2,09,B01
201800041200,1,07,000,00,2,5,00,A01
201800041201,1,99,000,00,2,0,17,A01
201800041201,1,07,000,00,2,8,21,B01
201800041201,2,07,000,00,2,1,02,C01
201800041202,2,07,000,00,2,4,23,A01
201800041202,2,07,000,00,2,1,01,C01
201800041202,2,07,000,00,2,4,23,B01
201800041203,1,07,000,00,2,4,02,A01
201800041203,1,07,000,00,2,4,02,B01
201800041203,1,07,000,00,2,1,02,C01
201800041204,0,07,000,00,1,2,01,A01
201800041205,1,10,000,00,2,3,19,A01
201800041205,1,07,000,00,2,2,19,B01
201800041206,1,07,000,00,2,3,15,A01
201800041206,1,37,001,00,2,1,02,B01
201800041207,1,99,000,02,0,3,09,A01
201800041208,1,07,000,00,1,1,15,A01
201800041209,2,07,000,00,1,1,01,A01
201800041210,1,07,000,00,2,8,01,A01
201800041210,1,07,000,00,2,2,19,B01
201800041211,1,33,000,00,2,8,21,T01
201800041211,1,10,000,00,2,3,09,A01
201800041212,1,07,000,00,2,4,23,C01
201800041212,1,07,000,00,2,1,09,A01
201800041212,1,07,000,00,2,4,23,B01
201800041213,2,07,000,08,2,3,02,A01
201800041213,2,07,000,08,2,3,02,B01
201800041214,2,03,000,00,2,3,15,A01
201800041214,1,03,000,00,2,1,01,B01
201800041215,1,07,000,01,2,3,19,B01
201800041215,1,07,000,00,2,3,01,A01
201800041216,1,07,000,00,2,4,02,C01
201800041216,1,07,000,00,2,4,02,B01
201800041216,1,07,000,00,2,1,02,A01
201800041217,1,13,000,00,2,2,14,A01
201800041217,1,07,000,00,2,8,01,B01
201800041218,1,07,000,00,2,5,00,A01
201800041218,1,07,000,00,2,0,00,B01
201800041218,1,07,000,00,2,8,02,C01
201800041219,1,07,000,04,2,1,21,A01
201800041220,1,07,000,00,1,1,01,A01
201800041221,1,10,000,00,2,2,02,A01
201800041221,1,07,000,00,2,1,02,B01
201800041222,1,07,000,00,2,5,02,B01
201800041222,1,33,000,00,2,1,21,A01
201800041223,1,07,000,15,0,4,02,A01
201800041223,1,10,000,15,0,1,11,B01
201800041224,1,07,000,00,1,0,20,A01
201800041225,2,37,001,00,2,1,02,A01
201800041225,2,07,000,00,2,4,02,B01
201800041225,2,07,000,00,2,4,02,C01
201800041226,1,07,000,00,1,0,00,A01
201800041227,1,10,000,00,2,1,09,A01
201800041227,1,37,000,00,2,7,09,B01
201800041228,1,07,000,00,1,3,01,A01
201800041229,1,07,000,00,1,1,01,A01
201800041230,1,37,001,02,0,1,13,A01
201800041231,1,01,000,00,2,8,19,B01
201800041231,1,07,000,00,2,2,01,A01
201800041232,2,07,000,00,2,1,21,B01
201800041232,2,07,000,00,2,1,13,A01
201800041233,1,07,000,09,1,1,16,A01
201800041234,1,07,000,04,2,2,02,A01
201800041234,1,07,000,04,0,6,02,B01
201800041235,1,07,000,00,2,2,09,B01
201800041235,1,33,000,00,2,1,01,A01
201800041236,1,07,000,00,2,1,00,A01
201800041237,2,07,000,00,2,5,01,A01
201800041237,2,07,000,00,2,2,01,B01
201800041238,0,07,000,00,2,8,15,A01
201800041238,0,07,000,00,2,1,01,B01
201800041239,1,07,000,00,2,4,00,A01
201800041239,1,07,000,00,2,1,00,C01
201800041239,1,07,000,00,2,4,02,B01
201800041240,1,01,000,00,2,7,01,B01
201800041240,1,07,000,00,2,1,09,A01
201800041241,1,07,000,00,2,1,00,B01
201800041241,1,13,000,00,2,4,23,A01
201800041242,1,07,000,00,2,2,15,A01
201800041242,2,07,000,00,2,3,02,B01
201800041243,1,07,000,00,2,1,01,A01
201800041243,1,07,000,00,9,4,02,B01
201800041244,1,07,000,00,2,6,02,B01
201800041244,1,07,000,00,2,1,02,A01
201800041245,1,10,000,04,1,5,09,A01
201800041245,1,37,000,00,2,1,01,B01
201800041246,1,33,000,00,2,6,21,B01
201800041246,1,07,000,00,2,1,10,A01
201800041247,1,10,000,00,2,3,22,A01
201800041247,1,33,000,01,0,7,00,B01
201800041248,2,07,000,00,2,4,23,B01
201800041248,2,07,000,00,2,1,02,A01
201800041249,1,07,000,00,1,1,16,A01
201800041250,2,37,000,00,2,1,02,A01
201800041250,2,07,000,00,2,4,02,B01
201800041251,1,07,000,00,2,7,01,A01
201800041251,1,07,000,00,2,3,16,B01
201800041252,2,07,000,05,0,3,16,A01
201800041253,2,07,000,00,2,1,23,A01
201800041253,2,07,000,00,2,4,04,B01
201800041254,1,07,000,00,2,1,19,B01
201800041254,1,02,000,00,2,8,19,A01
201800041255,2,37,001,00,2,3,01,B01
201800041255,1,31,000,00,2,1,11,A01
201800041256,1,07,000,00,2,1,01,A01
201800041256,2,07,000,00,2,1,15,B01
201800041257,1,07,000,00,2,4,02,A01
201800041257,1,07,000,00,2,1,02,B01
201800041258,0,07,000,00,2,1,01,A01
201800041258,0,10,000,00,2,8,01,B01
201800041259,0,07,000,00,2,1,01,A01
201800041259,0,10,000,00,2,8,01,B01
201800041260,0,07,000,00,0,2,21,A01
201800041261,1,07,000,00,2,1,00,A01
201800041261,1,07,000,00,2,4,23,B01
201800041262,0,07,000,00,1,2,11,A01
201800041263,1,07,000,13,0,2,01,A01
201800041264,0,07,000,00,2,1,00,B01
201800041264,0,07,000,00,2,1,21,A01
201800041264,0,07,000,01,0,4,00,C01
201800041265,0,99,000,00,2,4,00,A01
201800041265,0,13,000,00,2,1,02,B01
201800041266,0,07,000,01,2,0,00,B01
201800041266,0,07,000,00,2,4,00,A01
201800041267,0,07,000,00,1,1,01,A01
201800041268,0,10,000,00,0,4,01,B01
201800041268,0,37,001,00,2,2,01,A01
201800041269,0,15,000,00,2,5,21,B01
201800041269,0,37,006,03,2,7,14,A01
201800041270,0,07,000,00,1,1,01,A01
201800041271,0,07,000,00,2,4,23,A01
201800041271,0,07,000,00,2,1,01,B01
201800041272,0,07,000,00,2,1,15,B01
201800041272,0,07,000,00,2,3,01,A01
201800041273,0,01,000,00,2,1,01,B01
201800041273,0,07,000,00,2,2,00,A01
201800041274,1,07,000,00,2,4,00,C01
201800041274,1,07,000,00,2,1,00,A01
201800041274,1,07,000,00,2,9,00,B01
201800041275,0,07,000,00,1,2,19,A01
201800041276,1,10,000,00,2,3,02,A01
201800041276,1,07,000,00,2,4,02,B01
201800041277,0,07,000,01,2,1,02,B01
201800041277,0,07,000,00,2,4,23,A01
201800041278,0,07,000,00,2,1,05,A01
201800041278,0,07,000,00,2,8,01,B01
201800041279,0,07,000,00,2,0,00,A01
201800041279,0,07,000,00,2,7,00,B01
201800041280,0,07,000,00,0,3,00,C01
201800041280,0,07,000,00,0,2,01,B01
201800041280,0,07,000,00,2,1,01,A01
201800041281,1,07,000,00,2,2,15,A01
201800041281,2,33,000,00,2,7,01,B01
201800041282,0,07,000,00,2,1,00,B01
201800041282,0,07,000,00,2,1,00,C01
201800041282,0,07,000,01,0,1,00,D01
201800041283,1,07,000,00,1,3,01,A01
201800041284,1,07,000,00,1,4,04,A01
201800041285,0,07,000,00,2,4,09,A01
201800041285,0,10,000,00,2,1,02,C01
201800041285,0,07,000,00,2,4,02,B01
201800041286,0,10,000,04,0,3,13,A01
201800041287,0,07,000,00,1,3,09,A01
201800041288,2,10,000,00,1,2,01,A01
201800041289,1,01,000,00,2,4,00,A01
201800041289,1,07,000,00,6,1,00,B01
201800041290,1,07,000,06,0,1,15,A01
201800041291,0,07,000,00,2,6,01,A01
201800041291,0,07,000,00,2,6,01,B01
201800041292,0,07,000,00,2,1,09,B01
201800041292,0,07,000,00,2,7,01,A01
201800041293,0,07,000,00,2,4,02,B01
201800041293,0,07,000,00,2,4,02,D01
201800041293,0,07,000,00,2,1,02,A01
201800041293,0,07,000,00,2,4,02,C01
201800041294,0,10,000,03,0,9,13,A01
201800041295,2,37,001,00,2,3,01,B01
201800041295,1,07,000,00,2,3,13,A01
201800041296,0,07,000,00,2,6,01,A01
201800041296,0,10,000,01,0,2,21,C01
201800041296,0,15,000,00,2,2,01,B01
201800041297,1,07,000,00,2,4,23,A01
201800041297,1,10,000,00,2,1,01,B01
201800041298,1,07,000,00,2,6,02,B01
201800041298,1,07,000,00,2,2,02,A01
201800041299,0,07,000,00,2,0,23,B01
201800041299,0,07,000,00,2,2,01,A01
201800041300,0,37,001,00,2,2,13,A01
201800041300,0,07,000,00,2,6,12,B01
201800041301,2,07,000,06,2,4,01,A01
201800041302,2,07,000,00,2,1,02,A01
201800041302,2,07,000,00,0,4,02,B01
201800041303,1,34,000,00,2,1,13,B01
201800041303,0,07,000,00,2,3,13,A01
201800041304,2,33,000,00,2,5,16,B01
201800041304,2,07,000,00,2,3,15,A01
201800041305,2,01,000,00,2,8,01,B01
201800041305,1,10,000,00,2,3,15,A01
201800041306,0,07,000,00,2,1,00,A01
201800041306,0,07,000,00,2,7,01,B01
201800041307,0,07,000,09,2,7,01,A01
201800041307,0,37,001,00,2,1,01,B01
201800041308,0,37,001,00,2,4,02,B01
201800041308,0,37,001,00,2,1,02,A01
201800041309,0,07,000,15,0,3,02,A01
201800041309,0,20,000,14,0,4,04,B01
201800041310,0,20,000,00,2,3,09,A01
201800041310,1,99,000,00,2,1,14,Y01
201800041311,0,07,000,06,0,4,23,A01
201800041311,0,07,000,01,2,1,02,B01
201800041312,1,07,000,00,1,2,00,A01
201800041313,0,07,000,00,2,4,23,C01
201800041313,0,07,000,00,2,4,23,B01
201800041313,0,07,000,00,2,1,02,A01
201800041314,1,07,000,00,2,6,02,A01
201800041315,0,07,000,00,2,3,01,B01
201800041315,0,07,000,00,2,1,11,A01
201800041316,0,30,000,00,1,1,21,B01
201800041317,1,07,000,00,2,8,09,A01
201800041317,1,14,000,00,2,3,01,B01
201800041318,0,37,003,00,2,3,15,A01
201800041318,0,37,001,00,2,2,09,B01
201800041319,1,07,000,00,2,1,00,B01
201800041319,1,07,000,04,0,4,00,A01
201800041320,0,07,000,00,1,3,01,A01
201800041321,0,37,001,00,2,2,01,B01
201800041321,0,07,000,00,2,3,11,A01
201800041322,0,07,000,00,2,3,02,A01
201800041322,0,10,000,00,2,1,15,B01
201800041323,1,99,000,00,2,4,23,A01
201800041323,0,07,000,00,2,1,00,B01
201800041324,1,01,000,00,2,8,01,A01
201800041324,1,07,000,00,6,2,09,B01