Num_Acc,senc,catv,occutc,obs,obsm,choc,manv,num_veh
201800041325,1,07,000,00,2,5,01,A01
201800041325,1,07,000,00,2,3,09,B01
201800041326,0,07,000,00,2,1,17,A01
201800041326,0,07,000,00,2,3,01,B01
201800041327,0,07,000,00,0,9,14,A01
201800041328,0,07,000,13,2,1,21,A01
201800041328,0,10,000,00,0,0,13,B01
201800041329,0,37,060,00,1,2,20,A01
201800041330,1,07,000,00,2,1,01,B01
201800041330,0,07,000,00,2,1,05,A01
201800041331,1,37,001,00,1,3,02,A01
201800041332,1,07,000,00,2,1,01,A01
201800041332,1,07,000,00,2,7,01,B01
201800041333,2,07,000,00,2,8,11,A01
201800041333,2,33,000,00,2,2,13,B01
201800041334,2,10,000,00,2,3,21,B01
201800041334,2,07,000,00,2,8,19,A01
201800041335,1,07,000,00,2,1,19,A01
201800041335,1,07,000,00,2,1,09,B01
201800041336,1,34,000,00,1,1,01,A01
201800041337,1,07,000,00,2,4,20,A01
201800041337,2,01,000,00,2,8,01,B01
201800041338,1,32,000,00,0,0,00,A01
201800041339,1,33,000,00,1,3,17,A01
201800041340,1,07,000,00,1,1,01,A01
201800041341,1,07,000,00,1,0,14,A01
201800041342,2,07,000,00,1,2,15,A01
201800041343,1,31,000,00,1,1,01,A01
201800041344,2,07,000,00,1,1,01,A01
201800041345,1,30,000,00,1,0,00,A01
201800041346,2,07,000,00,2,1,02,A01
201800041346,2,34,000,00,2,4,02,B01
201800041347,1,07,000,00,1,1,01,A01
201800041348,1,07,000,00,2,1,01,A01
201800041348,1,34,000,00,2,4,02,B01
201800041349,1,32,000,00,2,1,19,B01
201800041349,1,07,000,00,2,3,19,A01
201800041350,1,07,000,09,0,4,00,A01
201800041350,1,01,000,09,0,4,00,B01
201800041351,2,30,000,14,0,1,02,A01
201800041351,2,07,000,00,2,4,23,B01
201800041352,1,01,000,00,2,7,19,B01
201800041352,1,07,000,00,2,3,19,A01
201800041353,1,10,000,00,0,8,22,A01
201800041353,1,33,000,01,0,1,01,B01
201800041354,2,30,000,00,2,1,01,B01
201800041354,1,07,000,00,2,2,15,A01
201800041355,1,07,000,00,2,3,01,A01
201800041355,2,02,000,00,2,1,01,B01
201800041356,2,10,000,00,2,1,01,A01
201800041356,2,07,000,00,2,3,15,B01
201800041357,1,07,000,00,1,3,15,A01
201800041358,2,01,000,14,2,2,21,A01
201800041358,1,37,026,00,2,3,23,B01
201800041359,1,07,000,00,2,3,15,A01
201800041359,1,01,000,00,2,2,05,B01
201800041360,1,02,000,00,2,1,17,A01
201800041360,1,07,000,00,2,3,15,B01
201800041361,1,07,000,00,2,1,00,C01
201800041361,0,07,000,00,2,1,00,B01
201800041361,1,34,000,00,2,0,00,A01
201800041362,2,07,000,00,2,3,22,A01
201800041362,2,01,000,01,0,1,01,B01
201800041363,0,07,000,00,2,3,16,B01
201800041363,0,07,000,00,2,3,15,A01
201800041364,0,07,000,00,2,0,00,A01
201800041364,0,31,000,00,2,1,01,B01
201800041365,1,07,000,00,1,1,15,A01
201800041366,1,07,000,00,2,2,15,A01
201800041366,2,30,000,00,2,1,02,B01
201800041367,1,30,000,00,2,7,17,B01
201800041367,1,07,000,00,2,3,13,A01
201800041368,2,31,000,00,2,1,01,A01
201800041368,1,07,000,00,2,5,15,B01
201800041369,2,32,000,00,2,1,01,B01
201800041369,1,07,000,00,2,7,15,A01
201800041370,0,07,000,00,1,3,01,A01
201800041371,0,02,000,00,2,1,01,B01
201800041371,0,07,000,00,2,2,15,A01
201800041372,1,07,000,00,2,2,02,A01
201800041372,1,33,000,00,2,4,01,B01
201800041373,2,10,000,08,0,1,02,A01
201800041374,2,31,000,04,0,1,01,A01
201800041375,2,07,000,00,1,2,01,A01
201800041376,2,33,000,00,0,0,01,A01
201800041377,1,07,000,00,2,2,15,B01
201800041377,1,10,000,00,2,3,01,A01
201800041378,1,07,000,00,2,2,15,A01
201800041378,1,07,000,00,2,1,02,B01
201800041379,2,31,000,00,2,1,01,A01
201800041379,2,07,000,00,2,6,23,B01
201800041380,1,07,000,00,2,3,01,B01
201800041380,1,07,000,00,2,2,09,A01
201800041381,1,07,000,00,1,2,16,A01
201800041382,2,07,000,00,2,1,02,A01
201800041382,2,07,000,00,2,4,23,B01
201800041383,1,33,000,00,0,0,13,A01
201800041384,1,07,000,00,2,1,01,B01
201800041384,1,07,000,00,2,5,15,A01
201800041385,2,07,000,00,2,5,23,B01
201800041385,2,33,000,00,2,1,01,A01
201800041386,1,14,000,00,1,5,16,A01
201800041387,1,07,000,00,2,1,02,A01
201800041387,1,07,000,00,2,4,01,B01
201800041388,0,07,000,00,1,3,15,A01
201800041389,2,07,000,00,2,3,01,A01
201800041389,2,33,000,00,2,1,15,B01
201800041390,1,07,000,00,2,4,04,A01
201800041390,1,31,000,00,2,1,02,B01
201800041391,1,07,000,00,1,1,01,A01
201800041392,1,31,000,12,0,1,09,A01
201800041393,1,07,000,06,0,1,16,A01
201800041394,1,07,000,09,0,2,01,A01
201800041395,1,37,010,00,2,7,19,B01
201800041395,2,07,000,00,2,2,19,A01
201800041396,1,33,000,00,2,7,01,A01
201800041396,2,07,000,00,2,3,13,B01
201800041397,1,07,000,00,2,6,11,A01
201800041397,1,33,000,00,2,3,11,B01
201800041398,1,07,000,12,0,1,01,A01
201800041399,1,07,000,09,0,2,16,A01
201800041400,1,13,000,00,1,1,01,A01
201800041401,1,07,000,00,2,1,02,A01
201800041401,1,31,000,00,2,4,02,B01
201800041402,1,34,000,00,2,7,13,A01
201800041402,1,07,000,00,2,0,01,Z02
201800041403,0,07,000,00,2,2,01,B01
201800041403,1,07,000,00,2,1,01,A01
201800041404,1,07,000,00,2,1,02,A01
201800041404,1,01,000,00,2,4,01,B02
201800041405,1,07,000,02,0,3,01,A01
201800041406,1,07,000,00,2,1,02,A01
201800041406,1,07,000,00,2,4,02,B01
201800041407,1,07,000,00,9,4,02,Z01
201800041407,1,01,000,00,2,1,02,A01
201800041408,1,07,000,08,0,1,09,A01
201800041409,1,07,000,00,2,9,02,A01
201800041410,1,07,000,00,1,1,01,A01
201800041411,1,07,000,00,2,0,17,A01
201800041411,1,31,000,00,2,0,02,B01
201800041412,1,07,000,00,1,1,02,A01
201800041413,1,34,000,00,2,3,18,A01
201800041413,1,07,000,00,2,5,09,B01
201800041414,2,07,000,06,2,5,01,A01
201800041414,2,07,000,00,2,0,02,Z01
201800041415,1,07,000,00,2,1,02,A01
201800041415,1,07,000,00,2,7,23,B01
201800041416,2,07,000,00,2,2,15,A01
201800041416,1,07,000,00,2,1,09,B01
201800041417,2,01,000,00,2,2,17,B01
201800041417,2,07,000,00,2,3,13,A01
201800041418,2,07,000,00,2,1,09,A01
201800041418,2,07,000,00,2,1,09,B01
201800041418,2,07,000,00,2,4,23,C01
201800041418,2,07,000,00,2,4,09,D01
201800041419,1,34,000,12,0,8,02,A01
201800041420,1,31,000,00,0,3,21,A01
201800041421,1,07,000,03,2,1,02,A01
201800041421,1,07,000,00,2,6,02,B01
201800041422,0,07,000,00,0,1,01,A01
201800041423,1,07,000,14,1,4,04,A01
201800041424,2,34,000,00,1,7,17,A01
201800041425,2,07,000,00,2,1,02,A01
201800041425,2,07,000,00,2,4,02,B01
201800041425,2,07,000,00,9,4,02,C01
201800041426,2,01,000,00,0,0,00,A01
201800041427,1,07,000,06,0,1,16,A01
201800041428,1,07,000,00,2,2,15,A01
201800041428,1,31,000,00,2,1,21,B01
201800041429,1,07,000,00,2,4,23,D01
201800041429,1,10,000,00,2,1,01,A01
201800041429,1,07,000,00,2,4,23,B01
201800041429,1,07,000,00,2,4,23,C01
201800041430,2,01,000,00,2,1,15,A01
201800041430,2,07,000,01,2,3,01,B01
201800041431,1,33,000,00,0,7,16,A01
201800041432,1,33,000,00,0,9,01,B01
201800041432,1,10,000,00,2,5,15,A01
201800041433,1,07,000,00,2,3,15,B01
201800041433,1,33,000,00,2,3,17,A01
201800041434,1,07,000,01,0,2,01,A01
201800041435,1,07,000,00,2,6,13,A01
201800041435,1,34,000,00,2,7,02,B01
201800041436,1,07,000,00,2,1,19,B01
201800041436,1,07,000,15,2,2,19,A01
201800041436,1,07,000,00,2,3,19,C01
201800041437,1,33,000,00,2,2,17,B01
201800041437,1,07,000,00,2,3,15,A01
201800041438,1,07,000,00,1,7,02,A01
201800041439,1,07,000,00,2,1,02,A01
201800041439,1,07,000,00,9,4,02,B01
201800041440,1,01,000,00,2,5,15,B01
201800041440,1,10,000,00,2,3,09,A01
201800041441,2,34,000,00,2,8,01,B01
201800041441,2,07,000,00,2,2,14,A01
201800041442,2,07,000,01,0,1,15,A01
201800041443,1,31,000,00,0,8,16,A01
201800041444,1,07,000,00,2,1,02,B01
201800041444,1,15,000,00,2,1,02,A01
201800041444,1,13,000,00,2,4,02,C01
201800041445,2,33,000,00,2,3,17,A01
201800041445,2,07,000,00,2,3,20,B01
201800041446,1,10,000,00,2,2,01,A01
201800041446,1,07,000,00,2,4,02,B01
201800041447,1,07,000,00,2,8,01,B01
201800041447,0,07,000,00,2,2,15,A01
201800041448,1,07,000,00,0,5,02,A01
201800041448,1,07,000,00,2,0,23,B01
201800041448,1,07,000,00,9,4,23,C01
201800041449,1,07,000,00,1,1,01,A01
201800041450,2,07,000,00,2,1,01,A01
201800041450,2,07,000,00,2,4,23,B01
201800041450,2,07,000,00,2,4,23,C01
201800041451,1,07,000,00,2,1,02,A01
201800041451,1,07,000,00,2,4,02,B01
201800041452,1,07,000,04,0,3,15,A01
201800041453,1,07,000,00,1,2,19,A01
201800041454,2,10,000,00,2,1,02,A01
201800041454,2,07,000,00,0,4,02,B01
201800041455,2,33,000,00,2,1,05,A01
201800041455,2,07,000,00,2,8,01,B01
201800041456,1,07,000,00,2,1,02,B01
201800041456,1,07,000,00,2,7,02,A01
201800041457,1,07,000,00,2,8,02,A01
201800041457,2,07,000,00,2,1,02,B01
201800041458,2,07,000,00,2,3,02,B01
201800041458,1,33,000,00,2,1,17,A01
201800041459,1,07,000,01,0,1,01,A01
201800041460,1,07,000,00,2,3,15,A01
201800041460,1,33,000,00,2,1,17,B01
201800041461,1,07,000,00,2,3,02,A01
201800041461,1,31,000,00,2,1,02,B01
201800041462,2,07,000,00,2,1,19,A01
201800041462,2,07,000,00,2,8,19,B01
201800041463,2,31,000,00,2,8,09,A01
201800041463,2,07,000,00,2,2,02,B01
201800041464,1,34,000,00,2,1,03,A01
201800041464,1,07,000,00,0,2,23,C01
201800041464,1,07,000,00,2,4,23,B01
201800041465,1,33,000,00,0,0,21,A01
201800041466,1,07,000,00,2,4,23,B01
201800041466,1,07,000,00,2,1,01,A01
201800041467,1,07,000,00,2,1,14,A01
201800041467,1,07,000,00,2,4,24,B01
201800041468,1,07,000,00,1,3,01,A01
201800041469,1,17,000,00,6,1,00,A01
201800041469,1,32,000,00,2,2,00,B01
201800041470,,07,000,08,0,2,15,A01
201800041471,2,07,000,00,2,3,15,A01
201800041471,1,07,000,00,2,6,01,B01
201800041472,1,32,000,00,2,0,00,A01
201800041473,0,07,000,00,1,4,04,A01
201800041474,1,07,000,08,0,2,02,A01
201800041475,1,07,000,09,0,1,00,A01
201800041476,2,32,000,04,0,7,01,A01
201800041477,0,37,001,00,1,7,02,A01
201800041478,2,07,000,00,2,3,02,B01
201800041478,2,07,000,00,2,2,17,A01
201800041479,1,01,000,00,2,1,00,B01
201800041479,1,07,000,00,2,6,00,A01
201800041480,1,33,000,00,2,1,01,B01
201800041480,1,07,000,00,2,2,15,A01
201800041481,1,07,000,00,1,3,00,A01
201800041482,0,07,000,00,2,1,02,A01
201800041482,0,07,000,00,2,4,02,B01
201800041482,0,07,000,00,2,4,02,C01
201800041482,0,07,000,00,2,4,02,D01
201800041483,2,07,000,00,0,0,01,A01
201800041484,1,07,000,00,2,1,19,A01
201800041484,2,37,000,00,2,8,01,B01
201800041485,1,07,000,00,1,2,02,A01
201800041486,2,33,000,00,2,1,01,B01
201800041486,1,07,000,00,2,3,09,A01
201800041487,1,07,000,00,1,3,15,A01
201800041488,0,07,000,00,1,3,02,A01
201800041489,1,07,000,00,2,1,02,A01
201800041489,0,30,000,00,2,4,01,B01
201800041490,1,32,000,00,2,1,02,A01
201800041490,1,10,000,00,2,8,16,B01
201800041491,2,34,000,00,1,1,02,A01
201800041492,1,01,000,00,2,1,01,B01
201800041492,2,10,000,00,6,4,20,A01
201800041493,1,07,000,00,2,1,01,A01
201800041493,1,07,000,00,2,4,02,C01
201800041493,1,07,000,00,2,5,02,B01
201800041494,1,07,000,04,0,1,01,A01
201800041495,1,33,000,04,0,1,01,A01
201800041496,1,10,000,00,2,3,13,A01
201800041496,1,33,000,00,2,1,01,B01
201800041497,2,07,000,00,2,6,15,B01
201800041497,0,30,000,00,2,1,17,A01
201800041498,0,03,000,00,2,9,01,A01
201800041499,0,07,000,00,1,5,04,A01
201800041500,2,07,000,00,2,4,02,B01
201800041500,2,01,000,00,2,1,02,A01
201800041501,0,07,000,00,1,4,04,A01
201800041502,1,07,000,08,2,2,15,A01
201800041502,2,07,000,08,2,1,01,B01
201800041503,1,07,000,00,2,2,19,A01
201800041503,1,07,000,00,2,3,01,B01
201800041504,1,07,000,00,1,6,23,A01
201800041505,1,07,000,00,0,9,00,A01
201800041506,0,99,000,15,0,1,00,A01
201800041507,2,33,000,00,1,1,17,A01
201800041508,1,33,000,00,0,7,01,A01
201800041509,0,10,000,00,2,3,17,A01
201800041509,0,07,000,00,0,0,00,C01
201800041509,0,07,000,00,2,8,03,B01
201800041510,0,07,000,00,0,0,20,A01
201800041510,1,33,000,00,2,0,00,B01
201800041511,2,10,000,00,1,5,00,A01
201800041512,0,07,000,12,0,3,00,A01
201800041513,0,10,000,00,2,1,02,A01
201800041513,0,07,000,00,2,4,02,B01
201800041514,2,07,000,00,2,1,01,B01
201800041514,1,07,000,00,2,1,13,A01
201800041515,2,34,000,00,0,7,16,A01
201800041516,0,33,000,00,0,1,02,A01
201800041517,0,10,000,00,2,1,02,A01
201800041517,0,10,000,00,2,4,02,C01
201800041517,0,10,000,00,2,4,02,B01
201800041518,0,17,000,00,1,1,15,A01
201800041519,1,07,000,00,2,2,15,A01
201800041519,2,07,000,00,2,1,01,B01
201800041520,0,07,000,08,0,3,00,A01
201800041521,1,07,000,00,2,2,15,A01
201800041521,0,30,000,00,2,1,01,B01
201800041522,0,07,000,00,2,4,00,B01
201800041522,0,33,000,00,2,1,00,A01
201800041523,0,34,000,00,2,3,02,B01
201800041523,0,02,000,00,0,0,05,A01
201800041524,1,10,000,00,2,3,01,B01
201800041524,1,07,000,00,2,5,01,A01
201800041525,0,33,000,14,0,7,01,A01
201800041526,2,07,000,04,0,2,01,A01
201800041527,0,01,000,00,0,1,01,A01
201800041528,1,03,000,00,1,1,01,Z01
201800041529,0,07,000,00,2,1,02,A01
201800041529,0,07,000,00,2,0,00,B01
201800041530,0,07,000,00,2,3,02,A01
201800041530,0,01,000,00,2,2,02,B01
201800041531,1,07,000,00,2,1,15,A01
201800041531,2,07,000,00,2,3,01,B01
201800041532,2,07,000,00,1,1,02,A01
201800041533,0,07,000,00,2,3,15,A01
201800041533,0,07,000,00,2,1,00,B01
201800041534,1,07,000,00,1,1,02,A01
201800041535,0,07,000,00,2,1,01,B01
201800041535,0,07,000,00,2,1,13,A01
201800041536,2,13,000,00,2,4,01,B01
201800041536,2,07,000,00,2,1,01,A01
201800041536,2,07,000,00,0,4,01,C01
201800041537,0,10,000,00,2,4,02,A01
201800041537,0,07,000,00,2,4,02,B01
201800041537,0,15,000,00,2,1,02,Z01
201800041538,1,34,000,00,1,2,17,A01
201800041539,1,07,000,00,1,3,16,A01
201800041540,2,34,000,00,1,1,03,A01
201800041541,1,07,000,00,1,3,00,A01
201800041542,1,07,000,00,1,3,09,A01
201800041543,1,07,000,00,2,8,16,B01
201800041543,1,07,000,00,2,1,02,A01
201800041544,2,33,000,00,2,1,02,A01
201800041544,2,07,000,00,2,4,09,B01
201800041545,2,07,000,00,1,1,17,A01
201800041546,1,07,000,00,1,2,05,A01
201800041547,1,07,000,00,2,1,19,A01
201800041547,1,07,000,00,2,7,19,B01
201800041548,1,10,000,00,1,1,15,A01
201800041549,1,07,000,00,2,1,15,A01
201800041549,1,33,000,00,2,7,13,B01
201800041550,1,07,000,00,1,3,16,A01
201800041551,1,02,000,00,1,8,00,Z01
201800041552,1,07,000,00,2,3,11,A01
201800041552,2,07,000,00,2,3,01,B01
201800041552,2,30,000,00,2,1,01,C01
201800041553,1,14,000,00,1,3,09,A01
201800041554,1,33,000,00,2,8,01,B01
201800041554,1,07,000,00,2,1,09,A01
201800041555,1,07,000,00,2,7,09,A01
201800041555,1,01,000,00,2,5,09,B01
201800041556,1,07,000,00,2,5,01,A01
201800041556,1,07,000,00,2,1,01,B01
201800041557,1,31,000,00,2,3,13,A01
201800041557,1,07,000,00,2,0,20,C01
201800041558,1,07,000,00,2,1,16,A01
201800041558,2,10,000,00,2,3,01,B01
201800041559,1,33,000,00,2,1,01,A01
201800041559,1,07,000,00,2,8,15,B01
201800041560,1,07,000,00,1,2,01,A01
201800041561,2,07,000,00,2,2,15,A01
201800041561,1,33,000,00,2,1,01,B01
201800041562,2,07,000,00,1,2,01,A01
201800041563,2,31,000,00,2,1,19,A01
201800041563,2,07,000,00,2,3,19,B01
201800041564,1,31,000,08,0,2,01,A01
201800041565,1,07,000,00,2,3,19,A01
201800041565,0,99,000,00,2,0,00,R01
201800041566,2,07,000,00,2,8,15,A01
201800041566,1,07,000,00,2,2,02,B01
201800041567,1,33,000,00,2,3,21,A01
201800041567,2,34,000,00,2,3,01,B01
201800041568,2,07,000,00,1,4,24,A01
201800041569,1,07,000,00,2,2,09,A01
201800041569,1,33,000,00,2,3,00,B01
201800041570,2,07,000,00,2,4,23,D01
201800041570,2,33,000,00,2,7,17,B01
201800041570,2,07,000,00,2,1,13,A01
201800041570,2,07,000,00,2,1,23,C01
201800041571,1,07,000,00,1,0,00,A01
201800041572,1,33,000,00,2,3,01,B01
201800041572,1,07,000,00,2,7,16,A01
201800041573,1,07,000,00,1,2,09,A01
201800041574,2,01,000,00,2,8,19,A01
201800041574,1,07,000,00,9,1,00,B01
201800041575,1,07,000,04,0,2,00,A01
201800041576,1,07,000,00,2,2,02,B01
201800041576,1,07,000,00,2,1,02,A01
201800041576,1,07,000,00,2,4,23,C01
201800041577,2,33,000,00,2,4,16,A01
201800041577,2,07,000,00,2,5,02,B01
201800041578,0,33,000,00,1,8,17,Z01
201800041579,2,07,000,00,2,3,15,A01
201800041579,2,31,000,00,2,1,01,B01
201800041580,1,07,000,00,1,1,02,A01
201800041581,2,31,000,14,0,0,01,A01
201800041582,1,33,000,00,2,1,01,A01
201800041582,2,07,000,00,2,1,15,B01
201800041583,1,07,000,14,0,1,00,A01
201800041584,1,07,000,00,1,1,01,A01
201800041585,2,33,000,00,2,3,01,B01
201800041585,2,07,000,00,2,2,15,A01
201800041586,1,33,000,14,0,1,16,A01
201800041587,1,07,000,00,2,1,13,A01
201800041587,2,07,000,00,2,3,01,B01
201800041587,2,07,000,00,2,3,01,C01
201800041588,0,01,000,00,2,1,01,B01
201800041588,0,07,000,00,2,7,15,A01
201800041589,1,07,000,00,1,2,17,A01
201800041590,0,07,000,00,2,1,01,A01
201800041590,2,07,000,00,2,8,01,B01
201800041591,2,10,000,14,1,1,00,A01
201800041592,1,02,000,00,2,1,19,A01
201800041592,0,07,000,00,6,8,19,B01
201800041593,2,37,007,01,2,2,01,B01
201800041593,2,03,000,00,2,3,20,A01
201800041594,1,10,000,01,0,1,01,A01
201800041595,0,01,000,04,0,8,00,A01
201800041595,1,07,000,00,0,5,00,B01
201800041596,1,07,000,00,1,3,02,A01
201800041597,0,07,000,00,2,2,14,A01
201800041597,0,07,000,00,2,2,01,B01
201800041598,1,99,000,00,2,3,02,B01
201800041598,1,10,000,00,6,2,17,A01
201800041599,1,07,000,00,1,2,17,A01
201800041600,0,07,000,00,2,3,09,A01
201800041600,0,01,000,00,2,1,05,B01
201800041601,1,07,000,00,2,1,00,A01
201800041601,1,07,000,00,2,5,00,B01
201800041602,1,33,000,00,2,1,01,B01
201800041602,2,10,000,00,2,1,15,A01
201800041603,1,01,000,00,2,1,01,B01
201800041603,1,07,000,00,2,0,09,A01
201800041604,1,07,000,00,2,7,15,A01
201800041604,1,33,000,00,2,1,01,B01
201800041605,2,10,000,01,0,2,01,A01
201800041606,1,33,000,00,2,8,01,B01
201800041606,1,07,000,00,2,3,15,A01
201800041607,1,07,000,00,0,4,01,B01
201800041607,1,30,000,00,2,1,00,A01
201800041608,0,07,000,00,1,5,04,A01
201800041609,1,07,000,00,1,2,15,A01
201800041610,2,10,000,00,2,1,00,Z01
201800041610,2,10,000,00,2,4,02,B01
201800041610,1,10,000,00,2,4,02,A01
201800041611,1,13,000,00,6,2,00,Z01
201800041611,1,99,000,00,2,2,01,B01
201800041612,1,07,000,00,1,3,15,A01
201800041613,0,02,000,00,1,0,00,Z01
201800041614,1,33,000,00,2,0,21,A01
201800041615,1,10,000,00,1,4,00,A01
201800041616,1,07,000,00,1,1,01,A01
201800041617,1,03,000,01,0,1,01,A01
201800041618,1,10,000,14,0,1,05,A01
201800041618,1,10,000,12,2,1,01,B01
201800041619,1,07,000,00,2,0,00,Z01
201800041619,1,07,000,00,2,1,00,A01
201800041619,1,07,000,00,2,1,01,B01
201800041620,0,07,000,00,2,4,02,A01
201800041620,0,07,000,00,2,1,02,B01
201800041620,0,07,000,00,2,1,02,C01
201800041621,1,99,000,14,2,1,01,A01
201800041621,1,07,000,14,0,3,01,B01
201800041622,1,10,000,00,1,1,19,Z01
201800041623,1,32,000,00,1,1,17,A01
201800041624,1,02,000,00,2,1,17,A01
201800041624,1,07,000,00,2,8,15,B01
201800041625,1,07,000,00,1,2,01,A01
201800041626,2,10,000,00,2,1,02,A01
201800041626,2,10,000,00,2,4,02,B01
201800041627,2,07,000,00,1,2,01,A01
201800041628,0,31,000,00,0,8,15,A01
201800041629,1,07,000,00,1,7,00,A01
201800041630,1,33,000,00,2,8,17,A01
201800041630,2,07,000,00,2,2,09,B01
201800041631,1,07,000,00,2,1,01,C01
201800041631,1,07,000,00,2,1,01,A01
201800041632,1,10,000,00,2,2,15,A01
201800041632,2,33,000,00,2,1,01,B01
201800041633,0,07,000,00,1,4,04,A01
201800041634,1,07,000,00,1,3,01,A01
201800041635,1,33,000,00,1,8,17,A01
201800041636,1,07,000,00,0,5,01,B01
201800041636,1,02,000,00,2,1,21,A01
201800041637,2,07,000,00,1,2,01,A01
201800041638,0,07,000,00,1,2,16,A01
201800041639,2,07,000,11,0,1,00,A01
201800041640,1,33,000,00,2,3,02,B01
201800041640,1,07,000,00,2,3,11,A01
201800041641,1,07,000,00,2,1,01,A01
201800041641,1,07,000,00,2,2,01,B01
201800041642,1,07,000,00,2,1,01,B01
201800041642,0,07,000,00,2,7,15,A01
201800041643,1,10,000,00,2,3,15,A01
201800041643,2,34,000,00,2,1,01,B01
201800041644,2,07,000,00,2,2,19,A01
201800041644,1,07,000,00,2,2,21,B01
201800041645,1,07,000,00,1,2,21,A01
201800041646,2,31,000,14,0,1,01,A01
201800041647,1,07,000,00,9,3,02,A01
201800041647,2,01,000,00,2,7,15,B01
201800041648,2,07,000,00,2,3,09,A01
201800041648,2,33,000,00,2,1,01,B01
201800041649,1,07,000,00,2,4,02,Z02
201800041649,1,07,000,00,2,1,13,A01
201800041650,1,33,000,00,2,1,01,B01
201800041650,2,07,000,00,2,3,15,A01
201800041651,1,07,000,06,0,2,14,A01
201800041652,2,07,000,00,2,3,13,A01
201800041652,1,31,000,00,2,2,17,B01
201800041653,1,07,000,00,2,3,05,A01
201800041653,2,33,000,00,2,1,01,B01
201800041654,1,07,000,00,2,1,15,A01
201800041654,2,32,000,00,2,1,01,B01
201800041655,1,07,000,04,0,1,05,A01
201800041656,0,07,000,00,1,2,14,A01
201800041657,1,33,000,00,2,1,02,A01
201800041657,1,07,000,00,2,6,23,B01
201800041658,1,34,000,00,1,1,01,A01
201800041659,1,01,000,04,0,1,14,A01
201800041660,2,07,000,01,0,1,21,A01
201800041661,1,33,000,00,1,1,00,A01
201800041662,1,33,000,01,2,7,02,B01
201800041662,1,07,000,00,2,3,15,A01
201800041663,1,01,000,00,1,2,19,A01
201800041664,1,34,000,00,1,7,01,A01
201800041665,1,07,000,00,2,2,14,A01
201800041665,1,37,000,00,2,3,01,B01
201800041666,2,02,000,00,0,8,15,A01
201800041667,1,31,000,00,2,7,09,B01
201800041667,1,07,000,00,2,3,15,A01
201800041668,2,10,000,00,1,2,15,A01
201800041669,2,07,000,00,2,3,19,A01
201800041669,1,31,000,00,2,1,01,B01
201800041670,1,07,000,15,0,2,16,A01
201800041671,2,07,000,12,0,2,01,A01
201800041672,1,07,000,00,2,2,15,B01
201800041672,1,03,000,00,2,3,16,A01
201800041673,2,33,000,00,2,5,17,B01
201800041673,2,07,000,00,2,3,13,A01
201800041674,2,01,000,00,2,3,11,B01
201800041674,2,07,000,00,2,7,11,A01
201800041675,1,31,000,01,0,2,01,A01
201800041675,1,14,000,00,2,6,24,B01
201800041676,1,07,000,00,2,2,15,A01
201800041676,2,01,000,00,2,1,01,B01
201800041677,1,07,000,00,2,1,02,B01
201800041677,1,07,000,00,2,4,20,A01
201800041678,1,07,000,04,0,1,11,A01
201800041679,2,07,000,04,0,2,15,A01
201800041680,2,02,000,00,2,1,00,A01
201800041680,1,99,000,00,2,1,00,B01
201800041681,1,07,000,00,1,2,00,A01
201800041682,1,07,000,00,2,4,02,A01
201800041682,1,02,000,00,0,4,02,B01
201800041683,0,10,000,00,0,4,20,A01
201800041683,0,01,000,00,2,0,00,B01
201800041684,1,10,000,01,1,2,01,A01
201800041685,2,01,000,01,0,1,17,B01
201800041685,2,07,000,00,2,3,24,A01
201800041686,1,07,000,00,2,6,18,A01
201800041686,1,07,000,00,2,5,23,B01
201800041687,0,07,000,00,2,3,16,B01
201800041687,0,32,000,00,2,2,01,A01
201800041688,2,01,000,01,0,7,01,B01
201800041688,2,07,000,00,6,3,22,A01
201800041689,2,07,000,00,2,6,15,A01
201800041689,1,33,000,00,2,1,02,B01
201800041690,1,33,000,04,2,1,01,A01
201800041690,2,38,001,00,2,1,01,B01
201800041691,0,99,000,00,2,0,00,R01
201800041691,2,07,000,00,2,4,04,A01
201800041692,1,07,000,14,0,1,01,A01
201800041693,1,30,000,00,2,1,01,A01
201800041693,2,07,000,00,2,2,15,B01
201800041694,1,34,000,00,1,2,16,A01
201800041695,1,33,000,07,0,1,00,A01
201800041696,2,07,000,00,2,4,02,A01
201800041696,2,33,000,00,2,4,02,B01
201800041697,2,07,000,00,2,1,00,A01
201800041697,1,31,000,00,2,1,02,B01
201800041698,2,01,000,00,2,1,19,B01
201800041698,2,07,000,00,6,3,15,A01
201800041699,2,01,000,00,2,1,01,B01
201800041699,0,07,000,00,2,3,01,A01
201800041700,2,07,000,00,2,2,15,A01
201800041700,1,31,000,00,2,8,21,C01
201800041700,1,31,000,00,2,1,01,B01
201800041701,1,07,000,10,0,9,01,A01
201800041702,1,07,000,14,0,6,02,B01
201800041702,1,33,000,14,0,0,02,A01
201800041703,2,02,000,00,2,3,01,B01
201800041703,2,07,000,00,2,4,01,A01
201800041704,2,32,000,00,2,5,12,B01
201800041704,2,07,000,00,2,3,01,A01
201800041705,1,07,000,00,2,1,15,A01
201800041705,2,07,000,00,2,1,01,B01
201800041706,2,07,000,08,0,1,14,A01
201800041707,1,07,000,00,2,7,01,A01
201800041707,1,07,000,00,2,1,15,B01
201800041708,2,07,000,00,2,6,15,A01
201800041708,1,07,000,01,2,9,01,B01
201800041709,1,07,000,00,1,1,15,A01
201800041710,1,02,000,00,2,1,17,A01