Num_Acc,senc,catv,occutc,obs,obsm,choc,manv,num_veh
201800042482,2,07,000,00,2,7,02,B01
201800042482,1,34,000,00,2,1,01,A01
201800042483,1,30,000,00,2,2,01,B01
201800042483,1,32,000,00,2,1,10,A01
201800042484,1,32,000,00,1,8,01,A01
201800042485,1,07,000,01,0,2,00,A01
201800042486,0,07,000,01,0,2,20,A01
201800042486,0,01,000,00,2,2,05,B01
201800042487,2,10,000,00,2,4,01,B01
201800042487,2,30,000,00,2,1,01,A01
201800042488,1,33,000,00,1,2,00,A01
201800042489,1,07,000,00,2,7,15,A01
201800042489,1,31,000,00,2,1,01,B01
201800042490,2,07,000,00,2,7,01,B01
201800042490,2,07,000,00,2,4,20,A01
201800042491,2,07,000,00,1,2,17,A01
201800042492,2,07,000,00,1,2,01,A01
201800042493,2,01,000,00,2,1,15,A01
201800042493,1,07,000,00,6,1,01,B01
201800042494,1,07,000,00,2,3,16,A01
201800042494,2,07,000,00,2,3,01,B01
201800042495,1,07,000,00,2,8,15,B01
201800042495,1,02,000,00,2,7,01,A01
201800042496,2,07,000,09,2,8,15,B01
201800042496,2,07,000,00,2,1,11,A01
201800042497,2,07,000,00,1,2,01,A01
201800042498,1,07,000,00,2,3,01,B01
201800042498,2,32,000,00,1,1,21,A01
201800042499,2,07,000,00,2,8,01,A01
201800042499,2,07,000,00,2,1,01,B01
201800042500,1,02,000,00,2,4,23,B01
201800042500,1,07,000,00,2,1,02,A01
201800042501,2,34,000,08,0,1,00,A01
201800042502,1,07,000,00,1,3,01,A01
201800042503,1,07,000,00,2,4,01,B01
201800042503,2,10,000,00,2,1,01,A01
201800042504,0,07,000,00,1,4,04,A01
201800042505,1,10,000,00,1,2,00,A01
201800042506,0,01,000,01,0,1,01,B01
201800042506,0,07,000,00,2,8,23,A01
201800042507,1,07,000,00,1,7,01,A01
201800042508,2,07,000,00,1,1,01,Z01
201800042509,1,07,000,00,1,2,21,A01
201800042510,0,10,000,00,2,8,15,A01
201800042510,0,33,000,00,2,1,01,B01
201800042511,1,01,000,00,2,3,01,B01
201800042511,1,07,000,00,2,2,16,A01
201800042512,1,31,000,14,0,1,00,A01
201800042513,1,30,000,00,2,1,19,A01
201800042513,2,07,000,00,2,8,19,B01
201800042514,1,07,000,09,2,6,01,B01
201800042514,1,07,000,00,2,1,17,A01
201800042515,1,99,000,01,0,1,00,A01
201800042516,2,99,000,00,2,1,19,A01
201800042516,1,07,000,00,2,1,01,B01
201800042517,2,07,000,00,1,3,01,A01
201800042518,1,10,000,00,2,1,15,B01
201800042518,2,34,000,00,2,2,00,A01
201800042519,1,07,000,00,2,8,01,B01
201800042519,2,33,000,00,2,8,17,A01
201800042520,2,30,000,00,2,2,12,A01
201800042520,2,10,000,00,2,8,01,B01
201800042521,2,34,000,00,2,2,17,A01
201800042521,2,07,000,00,2,6,01,B01
201800042522,2,07,000,00,2,3,15,B01
201800042522,2,31,000,00,2,3,15,A01
201800042523,2,07,000,00,1,1,15,A01
201800042524,1,07,000,00,1,8,01,A01
201800042525,2,07,000,00,1,2,17,A01
201800042526,1,30,000,00,2,1,00,A01
201800042526,1,10,000,00,2,6,00,B01
201800042527,1,07,000,00,1,3,01,A01
201800042528,1,07,000,00,2,1,01,B01
201800042528,2,07,000,00,2,1,00,A01
201800042528,1,07,000,00,2,1,01,C01
201800042529,1,07,000,08,0,1,01,A01
201800042530,1,33,000,00,2,1,02,A01
201800042530,1,07,000,00,2,3,15,B01
201800042531,1,37,005,00,1,1,00,B01
201800042532,2,34,000,00,2,1,01,B01
201800042532,2,07,000,00,0,2,15,A01
201800042533,1,10,000,00,1,2,16,A01
201800042534,1,07,000,00,1,0,01,Z01
201800042535,1,07,000,00,1,1,16,A01
201800042536,1,07,000,00,2,1,01,A01
201800042536,2,07,000,00,2,3,01,B01
201800042537,2,30,000,12,2,8,21,A01
201800042537,2,10,000,00,2,7,14,Z01
201800042538,1,07,000,00,1,3,15,Z01
201800042539,2,31,000,12,0,7,01,A01
201800042540,2,07,000,00,1,2,02,A01
201800042541,1,07,000,00,2,7,09,B01
201800042541,2,07,000,00,2,1,09,A01
201800042542,1,33,000,00,2,1,15,A01
201800042542,2,07,000,00,2,1,01,B01
201800042543,2,31,000,00,2,3,08,B01
201800042543,1,07,000,00,2,2,15,A01
201800042544,2,07,000,00,2,3,19,A01
201800042544,1,07,000,00,2,1,19,B01
201800042545,2,07,000,00,1,1,01,A01
201800042546,1,01,000,00,2,5,01,B01
201800042546,1,07,000,00,2,7,01,A01
201800042547,1,07,000,12,2,1,01,A01
201800042547,1,31,000,09,2,3,01,B01
201800042548,1,07,000,00,2,6,02,B01
201800042548,1,32,000,00,2,2,02,A01
201800042549,0,10,000,00,1,1,15,A01
201800042550,1,07,000,00,1,2,01,A01
201800042551,1,07,000,00,1,1,01,A01
201800042552,1,33,000,00,2,1,17,A01
201800042552,1,10,000,00,2,6,15,B01
201800042553,2,31,000,00,2,8,02,A01
201800042553,2,07,000,00,2,5,02,B01
201800042554,1,07,000,00,2,1,02,A01
201800042554,1,31,000,00,2,4,02,B01
201800042555,1,10,000,00,1,2,16,A01
201800042556,2,33,000,00,2,1,01,B01
201800042556,1,07,000,00,2,3,15,A01
201800042557,1,32,000,14,0,1,01,A01
201800042558,2,07,000,00,2,8,22,Z01
201800042558,2,01,000,00,2,7,01,B01
201800042559,1,01,000,00,2,0,00,B01
201800042559,1,07,000,00,2,2,16,A01
201800042560,1,07,000,00,2,1,00,A01
201800042560,1,07,000,00,2,8,01,B01
201800042561,2,07,000,00,1,3,01,A01
201800042562,1,07,000,00,1,2,00,A01
201800042563,1,07,000,04,0,9,00,A01
201800042564,1,07,000,00,1,1,01,A01
201800042565,1,31,000,00,1,1,01,A01
201800042566,1,33,000,00,1,1,01,Z01
201800042567,2,02,000,02,0,1,01,A01
201800042567,1,10,000,02,0,1,15,B01
201800042568,1,30,000,12,0,1,15,A01
201800042569,2,10,000,00,2,8,18,Z01
201800042569,2,01,000,00,2,7,01,A01
201800042570,1,33,000,14,0,1,02,A01
201800042571,1,10,000,00,1,1,16,A01
201800042572,1,10,000,11,0,2,00,A01
201800042573,1,01,000,00,2,2,00,B01
201800042573,1,07,000,00,2,3,00,A01
201800042574,2,07,000,00,1,2,01,A01
201800042575,1,10,000,00,2,3,15,A01
201800042575,1,33,000,00,2,1,01,B01
201800042576,1,30,000,00,1,1,17,A01
201800042577,1,10,000,00,1,1,17,A01
201800042578,1,07,000,00,2,2,01,A01
201800042578,1,07,000,00,2,1,05,Z01
201800042579,2,30,000,00,2,1,16,A01
201800042579,2,07,000,00,2,5,11,B01
201800042580,1,07,000,00,1,1,01,A01
201800042581,1,10,000,00,1,2,02,A01
201800042582,2,01,000,14,0,1,00,A01
201800042583,1,10,000,00,2,3,13,Z01
201800042583,1,07,000,00,2,2,02,A01
201800042584,1,07,000,04,0,1,16,A01
201800042585,1,07,000,01,2,1,01,Z01
201800042585,1,07,000,16,0,8,19,A01
201800042586,2,07,000,00,1,2,00,A01
201800042587,2,07,000,00,2,1,15,A01
201800042587,1,07,000,00,2,1,19,B01
201800042588,1,07,000,00,2,1,01,B01
201800042588,2,30,000,00,2,7,01,A01
201800042589,2,07,000,00,2,2,01,A01
201800042589,2,30,000,00,2,3,15,B01
201800042590,1,07,000,00,2,1,01,Z01
201800042590,1,07,000,02,2,6,00,A01
201800042591,1,07,000,00,1,2,15,A01
201800042592,2,07,000,15,0,1,00,A01
201800042593,1,32,000,00,2,1,01,B01
201800042593,2,07,000,00,2,2,15,A01
201800042594,2,10,000,00,1,4,00,A01
201800042595,1,33,000,00,2,2,01,B01
201800042595,1,07,000,00,2,8,12,A01
201800042596,1,01,000,01,0,1,00,B01
201800042596,1,07,000,00,0,3,24,A01
201800042597,0,10,000,00,2,3,01,A01
201800042597,0,02,000,00,2,7,01,B01
201800042598,1,33,000,00,2,1,21,A01
201800042598,2,07,000,00,2,3,00,Z01
201800042599,1,37,002,00,1,7,01,A01
201800042600,2,07,000,00,2,2,16,Z01
201800042600,2,99,000,00,2,1,01,B01
201800042601,1,07,000,00,2,3,00,B01
201800042601,1,07,000,00,2,2,00,A01
201800042602,2,33,000,00,2,4,02,B01
201800042602,2,07,000,00,2,1,02,A01
201800042603,1,07,000,11,2,3,17,A01
201800042604,1,30,000,16,0,0,00,B01
201800042604,2,33,000,00,2,1,00,A01
201800042605,2,30,000,00,2,1,01,A01
201800042605,2,07,000,00,2,4,23,B01
201800042606,2,10,000,00,1,2,17,A01
201800042607,1,30,000,00,1,1,18,A01
201800042608,2,07,000,01,0,2,02,A01
201800042609,1,07,000,00,2,1,00,C01
201800042609,1,07,000,00,2,1,02,B01
201800042609,1,07,000,00,0,4,00,A01
201800042610,2,07,000,15,0,2,00,A01
201800042611,1,07,000,00,1,4,04,A01
201800042612,2,07,000,00,1,1,01,A01
201800042613,2,32,000,00,6,7,21,A01
201800042614,1,33,000,00,0,7,01,A01
201800042615,0,30,000,12,0,2,01,A01
201800042616,1,32,000,00,2,2,02,A01
201800042616,1,07,000,01,0,8,02,Z01
201800042617,2,07,000,01,0,2,00,A01
201800042618,1,07,000,12,0,1,01,A01
201800042619,1,07,000,00,2,6,23,B01
201800042619,1,10,000,01,0,6,00,A01
201800042620,1,32,000,00,2,2,17,A01
201800042620,1,10,000,00,2,3,00,B01
201800042621,1,31,000,00,2,7,19,A01
201800042622,1,01,000,00,2,1,20,A01
201800042622,1,07,000,00,2,1,20,B01
201800042623,1,34,000,00,2,0,00,B01
201800042623,1,07,000,00,6,3,15,A01
201800042624,2,99,000,00,1,2,16,Z01
201800042625,2,07,000,00,2,4,01,B01
201800042625,2,07,000,00,2,1,01,A01
201800042626,1,07,000,09,0,1,16,A01
201800042627,2,07,000,00,1,1,20,Z01
201800042628,1,07,000,00,1,1,01,A01
201800042629,2,01,000,00,2,4,02,B01
201800042629,2,30,000,00,2,1,02,Z01
201800042630,2,07,000,08,0,1,01,A01
201800042631,1,31,000,00,0,8,00,A01
201800042632,1,07,000,00,1,2,01,A01
201800042633,1,17,000,00,1,1,01,A01
201800042634,1,30,000,00,2,8,01,B01
201800042634,1,30,000,00,2,1,15,A01
201800042635,1,07,000,13,0,3,00,B01
201800042635,1,07,000,15,0,2,19,A01
201800042636,1,10,000,00,2,2,01,B01
201800042636,2,07,000,00,2,1,00,A01
201800042637,1,07,000,00,0,0,23,B01
201800042637,1,07,000,00,2,1,00,Z01
201800042638,1,07,000,00,1,2,00,Z01
201800042639,1,37,002,15,0,2,00,A01
201800042640,1,07,000,00,2,2,21,B01
201800042640,1,07,000,00,2,5,01,A01
201800042641,1,07,000,00,2,2,15,A01
201800042641,2,31,000,00,2,1,01,B01
201800042642,2,31,000,00,0,0,16,A01
201800042643,2,07,000,00,2,1,15,A01
201800042643,1,02,000,00,2,1,01,B01
201800042644,1,07,000,00,2,1,10,A01
201800042644,2,33,000,00,2,1,01,B01
201800042645,2,02,000,00,2,1,17,B01
201800042645,1,07,000,00,2,3,09,A01
201800042646,2,07,000,00,1,3,02,A01
201800042647,2,07,000,00,2,2,02,A01
201800042647,2,31,000,00,2,4,23,B01
201800042648,1,07,000,00,2,5,05,A01
201800042648,1,07,000,00,2,3,15,B01
201800042649,1,07,000,00,2,1,02,A01
201800042649,1,07,000,00,2,4,02,B01
201800042650,1,07,000,00,2,1,09,A01
201800042650,1,07,000,00,2,4,23,B01
201800042650,1,07,000,00,2,4,23,C01
201800042651,1,07,000,00,1,3,02,A01
201800042652,1,10,000,00,2,6,10,A01
201800042652,1,33,000,00,2,1,01,B01
201800042653,2,07,000,00,2,1,01,A01
201800042653,1,07,000,00,2,2,01,B01
201800042654,2,07,000,00,2,1,01,B01
201800042654,1,07,000,00,2,8,06,A01
201800042655,1,07,000,00,2,1,01,A01
201800042655,0,99,000,00,2,0,00,R01
201800042656,1,10,000,00,2,2,15,A01
201800042656,2,33,000,00,2,1,01,B01
201800042657,2,31,000,00,1,1,03,A01
201800042658,1,07,000,00,2,3,15,A01
201800042658,1,33,000,00,2,2,17,B01
201800042659,2,07,000,00,1,3,15,A01
201800042660,2,07,000,00,2,3,15,A01
201800042660,1,02,000,00,2,3,01,B01
201800042661,1,07,000,00,2,2,15,A01
201800042661,2,33,000,00,2,1,16,B01
201800042662,1,33,000,00,1,1,00,A01
201800042663,2,07,000,00,1,1,02,A01
201800042664,1,33,000,00,1,1,19,A01
201800042665,1,31,000,00,1,2,02,A01
201800042666,1,10,000,00,2,7,15,A01
201800042666,1,07,000,00,2,1,01,B01
201800042667,2,33,000,00,0,2,15,A01
201800042668,1,07,000,00,2,5,16,A01
201800042668,1,01,000,00,2,1,02,B01
201800042669,1,30,000,00,2,1,01,B01
201800042669,2,07,000,00,2,1,21,A01
201800042670,1,07,000,14,0,3,05,A01
201800042670,1,07,000,00,2,6,02,C01
201800042670,1,07,000,00,2,3,02,B01
201800042671,2,07,000,00,1,3,01,A01
201800042672,1,02,000,00,2,7,19,B01
201800042672,2,07,000,00,2,1,19,A01
201800042673,1,07,000,00,2,1,16,B01
201800042673,1,07,000,00,2,2,21,A01
201800042674,2,31,000,00,2,1,17,B01
201800042674,2,07,000,00,2,8,10,A01
201800042675,2,07,000,00,1,2,10,A01
201800042676,1,33,000,15,0,0,24,A01
201800042677,2,34,000,00,1,2,17,A01
201800042678,1,07,000,00,1,1,01,A01
201800042679,1,07,000,00,2,8,01,C01
201800042679,2,07,000,00,2,3,13,A01
201800042679,1,07,000,00,2,6,01,B01
201800042680,1,07,000,00,2,1,02,X01
201800042680,1,34,000,00,2,5,02,A01
201800042681,1,33,000,00,1,8,21,A01
201800042682,1,37,004,00,2,2,02,A01
201800042682,1,07,000,00,2,3,09,B01
201800042683,1,31,000,00,2,1,01,B01
201800042683,2,07,000,00,2,2,10,A01
201800042684,1,07,000,00,1,1,01,A01
201800042685,2,07,000,00,1,4,04,A01
201800042686,2,07,000,04,0,2,14,A01
201800042687,1,10,000,00,1,3,01,A01
201800042688,1,07,000,01,0,1,17,A01
201800042688,1,07,000,00,2,0,23,B01
201800042689,2,01,000,00,2,3,01,A01
201800042689,1,01,000,00,2,2,01,B01
201800042690,1,07,000,00,2,2,01,A01
201800042690,1,30,000,00,2,1,01,B01
201800042691,1,32,000,08,0,1,01,A01
201800042692,1,07,000,00,2,5,14,A01
201800042692,1,07,000,00,2,2,01,B01
201800042693,2,07,000,00,2,3,11,A01
201800042693,2,31,000,00,2,2,02,B01
201800042694,2,30,000,01,1,1,01,A01
201800042695,2,30,000,00,0,7,14,A01
201800042696,1,07,000,00,1,3,15,A01
201800042697,1,07,000,01,2,6,02,B01
201800042697,1,07,000,00,2,1,02,A01
201800042698,1,31,000,00,2,1,02,A01
201800042698,1,07,000,00,2,6,23,B01
201800042698,2,07,000,00,0,1,15,C01
201800042699,1,07,000,00,2,1,01,A01
201800042699,1,31,000,00,2,8,01,B01
201800042700,2,07,000,00,2,3,15,A01
201800042700,1,31,000,00,2,8,01,B01
201800042701,1,33,000,01,2,8,01,B01
201800042701,1,07,000,01,2,7,12,A01
201800042702,2,07,000,00,2,1,15,A01
201800042702,1,33,000,00,2,0,00,B01
201800042703,1,32,000,00,0,0,13,A01
201800042704,2,07,000,00,1,2,00,A01
201800042705,2,07,000,00,1,2,00,A01
201800042706,1,30,000,01,0,1,00,A01
201800042707,1,07,000,04,0,2,01,A01
201800042708,2,07,000,00,1,1,02,A01
201800042709,1,07,000,01,0,2,00,A01
201800042710,1,07,000,00,6,2,16,A01
201800042710,1,01,000,00,2,3,01,B01
201800042711,1,01,000,00,1,0,02,A01
201800042712,1,33,000,00,2,7,02,B01
201800042712,1,07,000,00,2,1,15,A01
201800042713,0,07,000,00,2,0,00,B01
201800042713,1,30,000,00,2,7,15,A01
201800042714,1,07,000,00,2,1,02,A01
201800042714,1,07,000,00,2,4,02,B01
201800042714,1,07,000,00,2,4,02,C01
201800042715,2,33,000,00,2,1,01,B01
201800042715,2,15,000,00,2,8,19,A01
201800042716,1,07,000,00,6,3,15,A01
201800042716,1,01,000,00,2,1,05,B01
201800042717,2,07,000,00,1,2,20,A01
201800042718,2,02,000,00,2,8,02,B01
201800042718,2,07,000,00,2,7,02,A01
201800042719,1,07,000,00,1,1,15,A01
201800042720,2,30,000,00,1,8,01,A01
201800042721,0,07,000,12,0,9,00,A01
201800042722,1,10,000,00,2,1,16,A01
201800042722,1,33,000,00,2,7,02,B01
201800042723,2,02,000,00,0,7,01,A01
201800042724,1,07,000,00,2,4,23,B01
201800042724,1,07,000,00,2,1,02,A01
201800042725,2,02,000,00,2,1,01,B01
201800042725,1,07,000,00,2,7,15,A01
201800042726,2,10,000,06,0,1,02,A01
201800042727,1,33,000,00,2,1,01,A01
201800042727,1,37,010,00,2,5,01,B01
201800042728,1,07,000,00,1,3,01,A01
201800042729,1,07,000,00,1,1,01,A01
201800042730,1,07,000,00,1,4,04,A01
201800042731,2,07,000,11,0,3,01,A01
201800042732,2,31,000,00,2,1,01,A01
201800042732,2,07,000,00,2,6,13,B01
201800042733,1,07,000,00,1,1,15,A01
201800042734,2,07,000,00,2,3,10,A01
201800042734,2,31,000,00,2,7,01,B01
201800042735,1,07,000,00,1,0,15,A01
201800042736,1,07,000,00,2,4,04,A01
201800042736,1,01,000,00,2,1,01,B01
201800042737,1,07,000,00,1,1,00,A01
201800042738,0,07,000,14,0,1,01,A01
201800042739,1,10,000,00,1,1,15,A01
201800042740,1,01,000,00,2,2,01,B01
201800042740,2,07,000,00,9,3,15,A01
201800042741,1,07,000,00,2,1,02,A01
201800042741,1,07,000,00,2,4,02,B01
201800042742,1,07,000,00,2,2,01,A01
201800042742,1,07,000,00,2,3,15,B01
201800042743,1,07,000,00,2,2,16,A01
201800042743,1,31,000,00,2,4,16,B01
201800042744,2,30,000,00,2,7,14,A01
201800042744,2,10,000,00,2,8,02,B01
201800042745,1,33,000,00,2,1,01,B01
201800042745,1,07,000,00,2,2,15,A01
201800042746,1,07,000,00,2,3,01,A01
201800042746,1,07,000,00,2,6,23,B01
201800042747,1,07,000,00,2,2,15,A01
201800042747,1,31,000,00,2,1,01,B01
201800042748,1,07,000,00,2,3,15,A01
201800042748,1,30,000,00,2,2,17,B01
201800042749,1,10,000,00,1,4,04,A01
201800042750,1,99,000,00,2,1,01,B01
201800042750,1,14,000,00,2,7,01,A01
201800042751,0,99,000,00,2,0,00,R01
201800042751,1,33,000,00,2,1,01,A01
201800042752,1,33,000,00,2,1,02,B01
201800042752,1,07,000,00,2,7,10,A01
201800042753,2,32,000,14,0,1,02,A01
201800042753,2,07,000,00,2,6,23,B01
201800042754,1,07,000,00,2,2,01,B01
201800042754,1,03,000,00,2,8,01,A01
201800042755,1,33,000,00,2,3,02,B01
201800042755,0,07,000,00,2,2,15,A01
201800042756,2,07,000,00,2,4,02,B01
201800042756,2,30,000,00,2,1,02,A01
201800042757,2,01,000,00,2,1,01,B01
201800042757,1,07,000,00,2,2,15,A01
201800042758,1,07,000,00,2,1,01,B01
201800042758,1,07,000,00,2,1,13,A01
201800042759,2,33,000,00,2,1,01,B01
201800042759,1,07,000,00,2,7,15,A01
201800042760,1,02,000,00,2,0,00,B01
201800042760,1,07,000,00,2,0,00,A01
201800042761,1,02,000,00,2,8,00,B01
201800042761,1,07,000,00,2,0,00,A01
201800042762,1,07,000,00,2,5,16,B01
201800042762,1,33,000,01,2,8,01,A01
201800042763,1,02,000,08,0,1,14,A01
201800042764,0,07,000,00,2,8,01,A01
201800042764,0,10,000,00,2,1,00,B01
201800042765,1,07,000,00,2,4,23,B01
201800042765,1,33,000,00,2,1,00,A01
201800042766,1,33,000,00,2,1,18,A01
201800042766,1,07,000,00,2,5,12,B01
201800042767,1,33,000,00,2,1,01,B01
201800042767,1,07,000,00,2,2,15,A01
201800042768,1,07,000,00,2,7,01,A01
201800042768,1,31,000,00,2,8,01,B01
201800042769,1,07,000,08,0,1,01,A01
201800042770,2,02,000,00,2,3,01,B01
201800042770,0,07,000,00,2,1,01,A01
201800042771,2,10,000,00,1,6,04,A01
201800042772,1,01,000,01,0,2,01,A01
201800042773,0,10,000,00,2,1,01,B01
201800042773,0,30,000,00,2,1,01,A01
201800042774,2,02,000,00,1,1,13,A01
201800042775,1,01,000,00,2,1,01,B01
201800042775,2,07,000,00,2,5,15,A01
201800042776,0,10,000,08,2,1,01,B01
201800042776,0,07,000,00,2,3,16,A01
201800042777,1,07,000,01,0,2,01,A01
201800042778,1,33,000,00,2,1,02,A01
201800042778,1,07,000,00,0,6,21,B01
201800042779,2,32,000,00,6,7,01,A01
201800042780,1,33,000,00,2,1,01,A01
201800042780,2,07,000,00,2,2,15,B01
201800042781,2,07,000,00,2,2,01,A01
201800042781,1,07,000,00,2,2,15,B01
201800042782,2,07,000,00,2,8,15,A01
201800042782,2,31,000,00,2,7,02,B01
201800042783,1,07,000,00,1,1,01,A01
201800042784,1,01,000,00,1,1,01,A01
201800042785,1,33,000,00,2,2,18,B01
201800042785,1,07,000,00,2,3,20,A01
201800042786,2,34,000,00,2,1,01,A01
201800042786,0,07,000,00,2,6,15,B01
201800042787,2,01,000,00,2,1,01,Y01
201800042787,2,07,000,00,0,0,00,A01
201800042788,1,32,000,00,2,0,00,A01
201800042788,0,07,000,00,2,0,00,B01
201800042789,1,30,000,00,1,2,21,A01
201800042790,2,31,000,00,2,1,01,B01
201800042790,1,07,000,00,2,3,15,A01
201800042791,0,07,000,00,2,1,02,A01
201800042791,0,07,000,00,0,4,02,B01
201800042792,1,07,000,00,1,6,20,A01
201800042793,2,07,000,00,2,6,15,B01
201800042793,2,02,000,00,2,1,03,A01
201800042794,1,07,000,00,2,1,01,A01
201800042794,2,07,000,00,2,5,23,B01
201800042795,2,32,000,00,0,0,21,A01
201800042796,1,07,000,00,2,6,01,B01
201800042796,0,10,000,08,2,2,01,A01
201800042797,2,07,000,00,2,7,01,A01
201800042797,1,01,000,00,0,8,01,B01
201800042798,2,07,000,00,2,1,15,A01
201800042798,1,07,000,00,2,3,15,B01
201800042799,1,07,000,00,1,1,01,Z01
201800042800,1,07,000,00,1,3,15,A01
201800042801,0,01,000,00,2,1,01,A01
201800042801,2,07,000,00,2,3,01,B01
201800042802,1,15,000,00,1,2,16,A01
201800042803,1,07,000,00,2,3,01,B01
201800042803,1,07,000,00,2,2,15,A01
201800042804,2,07,000,00,1,2,19,A01
201800042805,1,07,000,01,0,2,01,A01
201800042806,1,07,000,00,1,1,01,A01
201800042807,2,34,000,00,2,1,17,A01
201800042807,2,10,000,00,2,8,15,B01
201800042808,1,30,000,00,0,0,19,A01
201800042809,2,07,000,00,1,3,01,A01
201800042810,1,07,000,00,2,1,16,B01
201800042810,1,10,000,00,2,1,01,A01
201800042811,1,07,000,00,9,8,15,A01
201800042811,1,01,000,00,2,8,16,B01
201800042812,2,33,000,00,2,7,17,A01
201800042812,2,07,000,00,2,3,15,B01
201800042813,1,07,000,00,2,1,15,A01
201800042813,2,31,000,00,2,7,01,B01
201800042814,1,01,000,00,2,1,02,A01
201800042814,1,07,000,00,2,4,23,B01
201800042815,2,07,000,00,2,2,15,A01
201800042815,1,07,000,00,2,1,01,B01
201800042816,0,07,000,00,1,8,15,A01
201800042817,1,07,000,00,1,1,15,A01
201800042818,2,07,000,02,2,5,09,A01
201800042818,1,07,000,00,2,2,01,B01
201800042819,1,07,000,00,1,1,01,A01
201800042820,1,33,000,04,0,1,13,A01
201800042821,2,32,000,00,0,0,01,A01
201800042822,1,31,000,00,1,8,01,A01
201800042823,1,31,000,00,2,1,02,A01
201800042823,1,07,000,00,0,4,02,B01
201800042824,1,07,000,00,1,3,01,A01
201800042825,1,07,000,00,2,2,01,B01
201800042825,2,07,000,00,2,3,01,A01
201800042826,1,07,000,00,2,7,15,A01
201800042826,1,33,000,00,2,1,01,B01
201800042827,0,07,000,00,2,0,09,A01
201800042827,1,07,000,00,2,3,01,B01
201800042828,1,10,000,00,2,3,15,A01
201800042828,2,33,000,00,2,6,01,B01
201800042829,1,07,000,00,2,1,01,A01
201800042829,1,07,000,00,2,8,01,B01
201800042830,2,07,000,00,2,2,02,A01
201800042830,2,07,000,00,2,6,01,B01
201800042831,2,07,000,00,1,2,01,A01
201800042832,2,07,000,01,1,6,05,A01
201800042833,1,07,000,00,2,2,01,B01
201800042833,2,01,000,00,2,1,01,A01
201800042834,2,07,000,09,0,1,02,A01
201800042835,2,31,000,00,2,2,00,A01
201800042835,1,07,000,00,2,3,15,B01
201800042835,1,07,000,00,2,6,16,C01
201800042836,1,07,000,00,2,7,15,A01
201800042836,2,34,000,00,2,1,19,B01
201800042837,1,34,000,00,2,3,01,B01
201800042837,1,07,000,00,2,3,16,A01
201800042838,2,01,000,00,2,8,02,B01
201800042838,2,07,000,00,2,2,16,A01
201800042839,2,10,000,00,1,7,16,A01
201800042840,1,02,000,00,2,1,01,B01
201800042840,2,07,000,00,2,3,09,A01
201800042841,2,07,000,09,2,1,15,A01
201800042841,1,07,000,01,2,1,01,B01
201800042842,1,07,000,00,1,2,01,A01
201800042843,1,10,000,00,1,1,01,A01
201800042844,1,30,000,00,2,1,19,A01
201800042844,1,07,000,00,2,8,19,B01
201800042845,2,31,000,00,1,1,13,A01
201800042846,2,07,000,00,2,6,04,A01
201800042846,1,33,000,00,2,1,02,B01
201800042847,2,07,000,00,9,3,15,A01
201800042847,1,01,000,00,2,1,01,B01
201800042848,1,07,000,01,2,5,19,A01
201800042848,1,07,000,00,2,3,01,B01
201800042849,0,01,000,00,1,1,01,A01
201800042850,1,33,000,00,2,1,02,B01
201800042850,2,10,000,00,2,0,15,A01
201800042851,2,07,000,00,2,7,02,A01
201800042851,2,07,000,00,2,1,02,B01
201800042852,1,07,000,00,2,3,15,A01
201800042852,2,31,000,00,2,3,02,B01
201800042853,1,32,000,00,2,4,01,B01
201800042853,2,07,000,00,2,1,01,C01
201800042853,1,07,000,00,2,3,01,A01
201800042854,1,33,000,00,1,1,01,A01
201800042855,1,31,000,00,2,5,17,B01
201800042855,1,07,000,00,2,1,16,A01
201800042856,1,01,000,01,0,7,01,B01
201800042856,1,10,000,00,9,8,22,A01
201800042857,1,07,000,08,2,4,09,A01
201800042857,1,07,000,00,2,7,01,B01
201800042858,1,31,000,00,1,1,01,A01
201800042859,1,31,000,00,2,1,01,A01
201800042859,1,34,000,00,2,8,15,B01
201800042860,1,10,000,01,2,2,01,A01
201800042860,2,07,000,00,2,1,01,B01
201800042861,1,33,000,00,2,1,01,B01
201800042861,2,07,000,00,2,2,15,A01
201800042862,1,34,000,00,2,8,01,B01
201800042862,1,07,000,00,2,1,01,A01
201800042863,2,07,000,00,1,1,01,A01
201800042864,1,07,000,00,2,1,15,B01
201800042864,1,01,000,00,2,2,01,A01
201800042865,1,07,000,00,2,3,15,A01
201800042865,1,33,000,00,2,2,17,B01
201800042866,2,07,000,00,2,4,02,B01
201800042866,2,07,000,00,2,1,02,A01
201800042867,1,07,000,00,2,6,02,B01
201800042867,1,32,000,00,2,2,02,A01
201800042868,2,07,000,00,2,3,15,B01
201800042868,2,33,000,00,2,2,17,A01
201800042869,1,07,000,00,2,3,01,B01
201800042869,1,07,000,00,2,1,16,A01
201800042870,1,07,000,00,1,1,01,A01
201800042871,2,34,000,14,5,1,21,A01
201800042872,2,07,000,00,1,2,15,Z01
201800042873,1,07,000,00,1,2,02,A01
201800042874,2,07,000,00,9,3,15,B01
201800042874,1,01,000,00,2,3,05,A01
201800042875,1,07,000,00,9,2,01,B01
201800042875,1,02,000,00,2,3,09,A01
201800042876,2,07,000,00,2,3,15,A01
201800042876,2,01,000,00,2,1,01,B01
201800042877,1,07,000,00,2,1,19,A01
201800042877,1,07,000,00,2,2,01,B01
201800042878,1,07,000,00,1,2,01,A01
201800042879,2,30,000,00,2,2,19,B01