Num_Acc,senc,catv,occutc,obs,obsm,choc,manv,num_veh
201800043265,2,07,000,00,2,6,19,B01
201800043265,2,07,000,00,2,1,19,A01
201800043266,1,07,000,00,2,3,13,A01
201800043266,1,07,000,00,2,3,00,B01
201800043266,1,07,000,01,0,3,00,C01
201800043267,2,07,000,15,0,1,00,A01
201800043268,1,99,000,00,2,1,19,A01
201800043268,1,07,000,00,2,1,16,B01
201800043269,1,07,000,00,1,2,00,A01
201800043270,1,07,000,12,0,1,02,A01
201800043271,1,10,000,00,1,1,16,A01
201800043272,2,34,000,00,2,0,00,B01
201800043272,1,07,000,00,2,0,15,A01
201800043273,1,07,000,00,2,2,00,A01
201800043273,1,34,000,00,0,0,00,B01
201800043274,1,10,000,00,1,2,01,A01
201800043275,2,07,000,00,1,1,01,A01
201800043276,1,01,000,00,2,7,01,B01
201800043276,1,07,000,00,2,2,01,A01
201800043277,1,07,000,01,2,8,18,A01
201800043277,1,13,000,00,2,2,01,B01
201800043278,0,30,000,00,2,1,09,A01
201800043278,0,02,000,00,2,2,09,B01
201800043279,1,07,000,00,1,1,16,A01
201800043280,1,07,000,00,1,2,01,A01
201800043281,1,33,000,00,2,1,01,B01
201800043281,1,07,000,00,2,2,15,A01
201800043282,2,07,000,00,2,2,01,A01
201800043282,1,34,000,00,2,3,01,B01
201800043283,2,07,000,00,1,2,15,A01
201800043284,1,07,000,00,0,1,02,A01
201800043284,1,07,000,00,0,4,02,B01
201800043285,0,07,000,00,2,1,13,A01
201800043285,0,07,000,00,2,1,02,C01
201800043285,1,07,000,00,0,0,00,B01
201800043286,1,02,000,00,2,3,01,B01
201800043286,2,07,000,00,2,1,15,A01
201800043287,1,07,000,00,2,1,15,B01
201800043287,0,07,000,00,2,1,05,A01
201800043288,1,10,000,00,1,3,00,A01
201800043289,2,07,000,00,1,1,01,A01
201800043290,2,07,000,00,2,8,00,A01
201800043290,2,07,000,00,2,1,01,B01
201800043291,1,07,000,00,2,8,16,B01
201800043291,1,10,000,00,2,2,02,A01
201800043292,1,07,000,00,0,0,02,B01
201800043292,1,02,000,00,0,0,01,A01
201800043293,1,07,000,00,1,1,17,A01
201800043294,1,07,000,00,2,1,02,A01
201800043294,1,31,000,00,2,4,01,B01
201800043295,1,07,000,00,1,3,00,A01
201800043296,1,07,000,04,0,1,01,A01
201800043297,2,30,000,00,1,1,00,A01
201800043298,1,03,000,00,2,8,24,A01
201800043298,1,01,000,01,2,0,01,B01
201800043299,0,07,000,00,1,1,15,A01
201800043300,1,07,000,01,0,2,19,A01
201800043300,2,33,000,16,0,1,01,B01
201800043301,2,02,000,00,2,3,00,B01
201800043301,1,07,000,00,2,2,14,A01
201800043302,1,07,000,00,2,4,23,B01
201800043302,1,07,000,00,2,1,01,A01
201800043303,2,34,000,00,2,1,01,B01
201800043303,2,07,000,00,2,7,15,A01
201800043304,2,07,000,07,0,1,01,A01
201800043305,2,07,000,08,2,8,02,B01
201800043305,1,07,000,09,2,1,00,A01
201800043306,1,07,000,00,1,3,16,A01
201800043307,,34,000,08,0,7,14,A01
201800043308,0,07,000,15,0,9,16,A01
201800043309,2,01,000,00,2,1,01,A01
201800043309,1,07,000,00,2,1,11,Z01
201800043310,0,07,000,00,2,1,01,A01
201800043310,0,07,000,00,2,1,15,B01
201800043311,1,33,000,00,1,1,01,A01
201800043312,2,01,000,00,2,7,16,B01
201800043312,2,07,000,00,2,8,09,A01
201800043313,2,07,000,00,2,7,15,A01
201800043313,1,33,000,00,2,1,01,B01
201800043314,1,30,000,00,2,7,15,B01
201800043314,1,07,000,00,2,1,01,A01
201800043315,2,33,000,00,2,5,17,B01
201800043315,2,07,000,00,2,8,15,A01
201800043316,1,34,000,15,2,8,17,A01
201800043316,2,07,000,00,2,8,23,B01
201800043317,0,07,000,00,1,7,01,A01
201800043318,1,07,000,,2,4,02,B01
201800043318,0,33,000,,2,1,01,A01
201800043319,1,33,000,00,2,1,17,A01
201800043319,1,07,000,00,2,6,15,B01
201800043320,1,07,000,00,1,3,01,A01
201800043321,0,07,000,00,1,2,01,A01
201800043322,0,02,000,00,1,1,01,A01
201800043323,0,07,000,00,2,8,15,B01
201800043323,0,33,000,00,2,1,17,A01
201800043324,2,33,000,01,0,1,01,B01
201800043324,2,10,000,00,2,4,23,A01
201800043325,1,07,000,,2,4,02,C01
201800043325,1,07,000,,2,1,01,A01
201800043325,1,33,000,,2,7,03,B01
201800043326,0,07,000,00,1,1,01,A01
201800043327,0,33,000,00,2,2,17,B01
201800043327,0,07,000,00,2,8,15,A01
201800043328,0,07,000,00,1,6,04,A01
201800043329,0,01,000,12,2,8,19,B01
201800043329,1,37,038,00,2,2,01,A01
201800043330,1,34,000,00,1,1,01,Z01
201800043331,1,15,000,00,1,2,01,A01
201800043332,1,30,000,00,1,1,01,A01
201800043333,1,30,000,00,2,1,17,A01
201800043333,1,07,000,00,2,2,01,C01
201800043333,2,10,000,00,2,1,01,B01
201800043334,1,07,000,00,2,2,15,A01
201800043334,2,33,000,00,2,8,21,B01
201800043335,0,32,000,00,2,1,01,B01
201800043335,0,07,000,00,2,3,10,A01
201800043336,2,07,000,00,1,3,01,A01
201800043337,0,34,000,00,2,8,18,B01
201800043337,0,07,000,00,2,7,16,A01
201800043338,1,07,000,00,1,1,01,Z01
201800043339,2,30,000,00,2,1,01,A01
201800043339,0,07,000,00,2,3,16,B01
201800043340,0,10,000,00,1,1,01,A01
201800043341,2,32,000,12,2,8,01,A01
201800043341,0,07,000,00,2,1,09,B01
201800043342,0,33,000,00,2,1,01,B01
201800043342,0,07,000,00,2,1,15,A01
201800043343,1,99,000,00,1,1,01,A01
201800043344,2,33,000,00,2,1,01,B01
201800043344,0,07,000,00,2,3,09,A01
201800043345,1,07,000,00,2,1,01,Z01
201800043345,1,07,000,00,2,4,02,A01
201800043346,0,07,000,02,2,1,11,B01
201800043346,0,07,000,00,2,1,01,A01
201800043347,2,01,000,00,2,1,19,B01
201800043347,2,10,000,00,2,5,01,A01
201800043348,0,07,000,00,1,7,15,A01
201800043349,2,10,000,00,2,3,10,A01
201800043349,2,33,000,00,2,8,01,B01
201800043350,2,30,000,00,2,1,17,A01
201800043350,1,07,000,00,2,1,15,B01
201800043351,0,33,000,00,1,3,21,A01
201800043352,1,07,000,00,2,2,09,B01
201800043352,1,33,000,00,2,1,01,A01
201800043353,1,07,000,00,1,2,17,A01
201800043354,1,07,000,,1,1,01,A01
201800043355,0,07,000,00,1,3,01,A01
201800043356,2,07,000,00,1,3,01,A01
201800043357,1,07,000,00,2,1,01,A01
201800043357,0,07,000,00,2,2,19,B01
201800043358,0,34,000,14,0,7,01,A01
201800043359,2,07,000,00,2,6,01,B01
201800043359,0,07,000,06,2,1,19,A01
201800043360,1,07,000,14,0,9,21,A01
201800043361,0,07,000,00,1,3,01,A01
201800043362,2,07,000,00,2,1,01,B01
201800043362,1,07,000,00,2,1,13,A01
201800043363,2,37,002,00,1,3,01,A01
201800043364,2,99,000,00,2,1,13,Z02
201800043364,1,07,000,00,2,8,10,A01
201800043365,1,15,000,00,2,6,02,B01
201800043365,1,07,000,00,2,1,01,A01
201800043366,1,07,000,00,1,1,01,A01
201800043367,0,30,000,00,2,1,01,A01
201800043367,0,07,000,00,2,2,01,B01
201800043368,0,33,000,13,0,1,01,A01
201800043369,2,33,000,00,2,7,14,A01
201800043370,1,07,000,00,2,1,01,A01
201800043370,0,07,000,00,2,8,15,B01
201800043371,0,07,000,00,1,2,21,A01
201800043372,0,33,000,00,2,3,01,B01
201800043372,0,07,000,00,2,2,13,A01
201800043373,2,01,000,00,2,8,19,Y01
201800043373,0,07,000,00,2,2,17,A01
201800043374,2,07,000,00,2,7,12,B01
201800043374,2,30,000,00,2,8,03,A01
201800043375,0,07,000,00,2,2,14,A01
201800043375,0,14,000,00,2,3,01,B01
201800043376,0,15,000,00,2,1,13,A01
201800043376,0,02,000,00,2,1,01,B01
201800043377,1,07,000,04,2,4,02,B01
201800043377,1,33,000,04,2,1,01,A01
201800043378,0,07,000,00,2,1,15,A01
201800043378,0,07,000,00,2,3,01,B01
201800043379,1,33,000,00,2,1,01,B01
201800043379,1,07,000,00,2,6,09,A01
201800043380,0,01,000,00,2,8,01,A01
201800043381,1,33,000,14,0,9,01,A01
201800043382,0,07,000,02,1,2,01,A01
201800043383,2,07,000,00,2,3,15,B01
201800043383,1,33,000,00,2,1,19,A01
201800043384,0,37,001,00,1,7,07,A01
201800043385,0,07,000,00,1,2,01,A01
201800043386,1,33,000,00,2,1,01,B01
201800043386,1,07,000,00,2,3,01,A01
201800043387,2,07,000,00,2,4,02,C01
201800043387,2,07,000,00,2,7,12,A01
201800043387,2,33,000,00,2,8,03,B01
201800043388,0,01,000,00,2,8,09,B01
201800043388,0,07,000,00,6,1,01,A01
201800043389,1,01,000,00,2,1,01,C01
201800043389,1,01,000,00,2,1,01,B01
201800043389,2,07,000,00,6,1,21,A01
201800043390,1,07,000,00,1,3,01,A01
201800043391,0,07,000,00,2,4,02,B01
201800043391,0,07,000,00,2,1,01,A01
201800043392,0,30,000,00,2,1,09,A01
201800043392,0,07,000,00,2,7,02,B01
201800043393,0,07,000,00,1,1,01,A01
201800043394,2,07,000,00,2,3,01,B01
201800043394,1,07,000,00,2,3,13,A01
201800043395,0,33,000,00,2,7,01,B01
201800043395,0,07,000,00,2,3,15,A01
201800043396,1,15,000,01,0,6,23,A01
201800043396,1,02,000,00,2,1,02,B01
201800043397,1,07,000,00,1,2,13,Z01
201800043398,2,07,000,00,1,3,07,A01
201800043399,0,07,000,00,1,1,01,A01
201800043400,1,34,000,00,2,1,01,B01
201800043400,2,07,000,00,2,3,15,A01
201800043401,1,13,000,00,2,3,17,B01
201800043401,1,31,000,00,2,2,23,A01
201800043402,0,07,000,00,2,6,01,B01
201800043402,0,07,000,00,2,1,21,A01
201800043403,1,33,000,00,1,8,01,A01
201800043404,0,01,000,01,2,1,01,B01
201800043404,0,07,000,12,2,5,04,A01
201800043405,0,07,000,00,2,3,01,A01
201800043405,0,07,000,00,2,3,01,B01
201800043406,2,10,000,00,2,1,01,B01
201800043406,2,07,000,00,1,4,23,A01
201800043407,2,07,000,00,2,1,01,A01
201800043407,2,07,000,00,2,4,23,B01
201800043408,1,01,000,12,2,1,01,B01
201800043408,1,07,000,00,2,7,09,A01
201800043409,2,07,000,01,1,2,17,A01
201800043410,1,07,000,00,2,3,09,A01
201800043410,1,99,000,00,2,0,00,R01
201800043411,0,31,000,00,2,4,01,A01
201800043411,0,07,000,00,2,0,01,Z01
201800043412,1,07,000,01,0,2,14,A01
201800043413,0,30,000,00,2,4,02,B01
201800043413,0,02,000,00,2,1,01,A01
201800043414,0,07,000,00,2,1,21,A01
201800043414,0,07,000,00,2,8,16,B01
201800043415,2,07,000,00,2,1,01,A01
201800043415,2,07,000,00,2,4,02,B01
201800043416,1,07,000,00,2,1,01,A01
201800043416,1,07,000,00,2,4,02,B01
201800043417,1,07,000,00,1,2,16,A01
201800043418,1,07,000,00,2,3,15,A01
201800043418,1,33,000,00,2,2,17,B01
201800043419,1,31,000,08,0,7,01,A01
201800043420,0,07,000,00,1,2,01,A01
201800043421,0,33,000,16,0,8,16,A01
201800043422,1,07,000,00,0,4,02,C01
201800043422,1,07,000,00,2,1,01,A01
201800043422,1,07,000,00,2,4,02,B01
201800043423,0,07,000,00,1,4,20,A01
201800043424,1,07,000,00,1,1,01,A01
201800043425,1,10,000,00,1,1,01,A01
201800043426,2,07,000,00,2,8,09,A01
201800043426,2,34,000,00,2,2,01,B01
201800043427,1,07,000,00,1,1,01,A01
201800043428,1,33,000,00,2,1,01,B01
201800043428,1,07,000,00,2,5,10,A01
201800043429,0,07,000,00,1,1,01,Z01
201800043430,2,07,000,00,2,3,15,A01
201800043430,2,33,000,00,2,2,17,B01
201800043431,0,30,000,00,1,3,21,A01
201800043432,1,33,000,00,2,7,18,B01
201800043432,1,10,000,00,2,3,01,A01
201800043433,1,07,000,08,1,2,14,A01
201800043434,2,33,000,00,2,2,01,B01
201800043434,2,07,000,00,2,3,11,A01
201800043435,0,07,000,00,1,1,15,A01
201800043436,0,07,000,00,1,4,04,A01
201800043437,2,10,000,00,2,2,14,A01
201800043437,2,01,000,00,2,4,01,B01
201800043438,2,07,000,00,1,7,13,A01
201800043439,2,03,000,00,0,6,15,A01
201800043439,2,33,000,00,2,1,02,B01
201800043440,0,13,000,00,1,7,04,A01
201800043441,2,07,000,01,0,1,13,A01
201800043442,1,33,000,00,2,6,17,B01
201800043442,1,10,000,00,2,8,15,A01
201800043443,1,02,000,00,2,8,01,B01
201800043443,1,03,000,00,2,3,15,A01
201800043444,2,10,000,00,2,3,01,B01
201800043444,1,01,000,00,2,2,15,A01
201800043445,0,33,000,00,2,3,01,B01
201800043445,0,07,000,00,2,1,15,A01
201800043446,0,32,000,11,0,1,13,A01
201800043447,2,30,000,00,2,1,01,B01
201800043447,2,07,000,00,2,4,02,A01
201800043448,,07,000,01,1,6,20,A01
201800043449,1,33,000,00,2,7,21,A01
201800043449,1,07,000,00,2,6,13,B01
201800043450,0,07,000,00,2,2,01,A01
201800043450,0,07,000,00,2,9,01,C01
201800043450,0,07,000,00,2,4,02,D01
201800043450,0,07,000,00,2,4,02,B01
201800043451,0,07,000,,1,1,01,A01
201800043452,0,07,000,00,2,2,16,A01
201800043452,0,31,000,11,2,7,01,B01
201800043453,2,10,000,00,2,8,01,B01
201800043453,1,07,000,08,2,3,06,A01
201800043454,1,02,000,00,2,1,03,A01
201800043454,1,07,000,00,2,5,23,B01
201800043455,0,07,000,00,1,3,01,A01
201800043456,0,34,000,16,0,8,01,A01
201800043457,0,07,000,00,2,3,22,A01
201800043457,0,01,000,00,2,1,01,B01
201800043458,1,99,000,00,2,7,16,B01
201800043458,1,10,000,00,2,7,09,A01
201800043459,2,33,000,00,2,8,03,A01
201800043459,2,07,000,00,2,2,01,B01
201800043460,1,34,000,00,2,2,13,B01
201800043460,0,10,000,00,2,2,15,A01
201800043461,0,10,000,00,1,2,01,A01
201800043462,2,07,000,00,1,3,01,A01
201800043463,0,07,000,00,2,1,01,A01
201800043463,0,33,000,00,2,4,23,B01
201800043464,2,07,000,00,1,7,15,A01
201800043465,2,07,000,00,2,3,15,B01
201800043465,0,30,000,00,2,1,01,A01
201800043466,2,33,000,00,1,1,01,A01
201800043467,1,07,000,00,2,2,01,A01
201800043467,1,10,000,00,2,1,01,B01
201800043468,0,07,000,00,2,3,01,B01
201800043468,0,07,000,00,2,1,15,A01
201800043469,2,07,000,00,1,1,15,A01
201800043470,0,07,000,14,0,1,13,A01
201800043471,0,07,000,15,2,9,16,A01
201800043472,1,07,000,00,1,2,01,A01
201800043473,2,07,000,00,1,1,01,A01
201800043474,1,99,000,00,2,8,13,A01
201800043474,1,07,000,00,2,2,17,B01
201800043475,2,07,000,00,2,3,01,A01
201800043475,0,01,000,00,2,7,19,B01
201800043476,1,20,000,00,1,2,21,A01
201800043477,1,01,000,00,1,1,17,A01
201800043478,0,07,000,00,2,7,22,A01
201800043478,0,01,000,00,2,1,18,B01
201800043479,2,01,000,08,2,1,01,A01
201800043479,2,07,000,00,2,5,16,B01
201800043480,1,07,000,00,2,4,23,A01
201800043480,1,07,000,00,2,1,01,B01
201800043481,0,07,000,00,1,2,01,A01
201800043482,1,07,000,00,2,8,02,B01
201800043482,1,32,000,00,2,7,09,A01
201800043483,2,07,000,00,2,3,13,B01
201800043483,1,07,000,01,2,3,01,A01
201800043484,1,07,000,09,0,2,14,A01
201800043485,1,07,000,00,2,4,20,A01
201800043485,1,02,000,00,2,1,01,B01
201800043486,1,07,000,00,2,7,01,A01
201800043486,0,07,000,00,2,1,01,B01
201800043487,0,07,000,00,1,1,01,A01
201800043488,1,07,000,06,0,1,01,A01
201800043489,1,07,000,00,2,3,09,A01
201800043489,2,07,000,00,2,1,01,B01
201800043490,0,07,000,00,1,2,01,A01
201800043491,2,33,000,00,1,2,01,A01
201800043492,1,07,000,00,1,3,09,A01
201800043493,1,07,000,00,1,1,01,A01
201800043494,0,99,000,00,1,0,00,Z01
201800043495,0,07,000,00,1,8,01,A01
201800043496,1,20,000,00,2,1,01,B01
201800043496,2,07,000,00,2,1,13,A01
201800043497,1,01,000,00,2,4,02,B01
201800043497,1,32,000,00,2,1,01,A01
201800043498,1,01,000,00,2,8,09,A01
201800043499,2,01,000,00,2,7,01,B01
201800043499,0,07,000,00,2,2,09,A01
201800043500,2,32,000,00,2,1,01,A01
201800043500,0,07,000,00,2,3,15,B01
201800043501,0,07,000,01,1,2,01,A01
201800043502,0,07,000,00,1,1,01,A01
201800043503,0,07,000,00,2,1,13,A01
201800043503,0,10,000,00,2,3,01,B01
201800043504,2,07,000,00,2,3,15,B01
201800043504,1,07,000,00,2,1,01,A01
201800043505,1,32,000,00,1,1,01,A01
201800043506,2,07,000,00,2,5,01,B01
201800043506,2,07,000,00,2,1,09,A01
201800043507,0,07,000,00,1,1,01,A01
201800043507,,07,000,00,2,1,01,B01
201800043508,0,07,000,00,1,1,09,A01
201800043509,2,07,000,12,0,1,13,A01
201800043510,0,07,000,00,2,1,01,A01
201800043510,0,01,000,00,2,2,19,B01
201800043511,1,07,000,00,1,1,01,A01
201800043512,1,07,000,00,1,2,01,A01
201800043513,0,07,000,00,1,1,01,A01
201800043514,1,07,000,00,6,2,01,A01
201800043514,1,07,000,00,2,4,02,B01
201800043515,0,30,000,00,2,1,01,A01
201800043515,0,07,000,00,2,6,15,B01
201800043516,0,07,000,00,2,7,15,B01
201800043516,0,07,000,00,2,1,01,A01
201800043517,1,07,000,00,9,6,02,A01
201800043517,1,10,000,00,2,3,01,B01
201800043518,0,07,000,00,1,1,01,Z01
201800043519,0,07,000,00,1,1,21,A01
201800043520,1,07,000,02,0,7,14,A01
201800043521,1,07,000,00,1,3,01,A01
201800043522,1,07,000,12,9,1,21,A01
201800043523,2,07,000,00,1,1,01,A01
201800043524,0,07,000,00,1,1,01,A01
201800043525,0,07,000,00,2,4,02,B01
201800043525,0,07,000,00,2,1,01,A01
201800043526,0,31,000,00,2,2,21,A01
201800043526,0,07,000,00,2,3,15,B01
201800043527,0,07,000,00,2,2,09,Z01
201800043527,0,07,000,03,2,3,19,A01
201800043528,1,07,000,00,2,1,01,B01
201800043528,2,07,000,00,2,7,15,A01
201800043529,1,07,000,00,2,4,01,B01
201800043529,1,07,000,00,2,2,17,A01
201800043529,1,07,000,00,2,1,02,C01
201800043530,0,07,000,00,2,3,15,B01
201800043530,0,07,000,00,2,2,15,A01
201800043531,2,07,000,00,2,4,02,A01
201800043532,0,07,000,00,1,2,01,A01
201800043533,0,07,000,00,1,1,16,A01
201800043534,0,07,000,00,1,7,01,A01
201800043535,0,34,000,01,0,1,14,B01
201800043535,0,37,002,00,2,4,23,A01
201800043536,1,32,000,00,1,1,17,A01
201800043537,2,13,000,00,2,6,09,A01
201800043537,2,07,000,00,2,7,01,B01
201800043538,2,07,000,00,2,1,01,A01
201800043538,2,07,000,01,2,8,16,B01
201800043539,1,07,000,00,2,1,01,A01
201800043539,1,07,000,00,0,4,11,B01
201800043540,0,07,000,00,1,2,01,A01
201800043541,0,31,000,00,1,1,01,A01
201800043542,1,07,000,00,2,1,01,A01
201800043542,1,07,000,00,2,4,02,B01
201800043543,1,33,000,00,2,1,17,A01
201800043543,2,07,000,00,2,2,11,B01
201800043544,,10,000,14,0,3,01,A01
201800043545,1,01,000,14,2,5,19,B01
201800043545,1,03,000,00,2,2,01,A01
201800043546,1,07,000,03,0,2,14,A01
201800043547,0,07,000,01,1,2,13,A01
201800043548,0,07,000,00,2,1,01,B01
201800043548,0,07,000,00,2,5,15,A01
201800043549,0,07,000,00,2,2,20,A01
201800043549,0,30,000,00,2,1,01,B01
201800043550,0,02,000,00,2,2,01,B01
201800043550,0,10,000,00,2,3,20,A01
201800043551,0,10,000,12,1,1,01,A01
201800043552,1,07,000,00,1,2,01,A01
201800043553,2,30,000,00,1,1,01,A01
201800043554,0,07,000,00,1,1,01,Z01
201800043555,1,07,000,01,0,2,14,A01
201800043556,2,07,000,00,2,1,15,A01
201800043556,1,33,000,00,2,8,01,B01
201800043557,0,07,000,00,1,3,01,A01
201800043558,0,10,000,00,1,5,20,A01
201800043559,0,07,000,00,1,3,01,A01
201800043560,0,07,000,14,0,1,01,A01
201800043561,2,07,000,00,1,8,13,A01
201800043562,0,10,000,00,1,6,20,A01
201800043563,0,07,000,00,2,1,01,A01
201800043563,0,07,000,00,5,9,01,B01
201800043564,2,07,000,00,2,1,01,B01
201800043564,2,14,000,00,2,6,15,A01
201800043565,0,07,000,00,1,2,01,A01
201800043566,0,07,000,00,2,4,02,C01
201800043566,0,07,000,00,2,1,01,A01
201800043566,0,07,000,00,2,4,02,B01
201800043567,1,07,000,00,2,5,15,A01
201800043567,0,33,000,00,2,1,01,B01
201800043568,1,10,000,00,2,1,01,B01
201800043568,1,07,000,00,1,1,01,A01
201800043569,2,34,000,00,1,3,01,A01
201800043570,1,30,000,00,2,1,19,A01
201800043570,1,07,000,00,2,2,01,B01
201800043571,1,07,000,00,2,6,02,B01
201800043571,1,07,000,00,2,1,01,A01
201800043572,1,07,000,00,2,4,23,B01
201800043572,1,07,000,00,2,1,01,A01
201800043573,0,10,000,00,1,1,01,A01
201800043574,0,30,000,00,2,1,01,A01
201800043574,0,10,000,00,2,6,15,B01
201800043575,0,30,000,00,1,3,01,A01
201800043576,2,07,000,00,1,1,15,A01
201800043577,1,07,000,00,2,2,19,A01
201800043577,1,07,000,00,2,2,24,C01
201800043577,1,33,000,00,2,1,01,B01
201800043578,0,07,000,00,2,5,21,B01
201800043578,0,07,000,00,2,2,06,A01
201800043579,1,07,000,00,2,1,01,A01
201800043579,1,10,000,00,2,3,16,B01
201800043580,1,07,000,00,1,1,01,A01
201800043581,1,07,000,01,1,1,01,A01
201800043582,1,07,000,00,2,3,13,A01
201800043582,2,10,000,00,2,3,01,C01
201800043582,2,07,000,00,2,3,01,B01
201800043583,2,07,000,00,2,5,01,A01
201800043583,2,37,015,00,2,3,09,B01
201800043584,0,32,000,00,2,2,17,A01
201800043584,0,07,000,00,2,3,20,B01
201800043585,1,37,002,00,1,2,01,A01
201800043586,1,10,000,00,2,4,23,C01
201800043586,1,10,000,00,2,7,12,B01
201800043586,1,10,000,00,2,1,01,A01
201800043587,1,07,000,00,1,1,01,A01
201800043588,0,32,000,00,2,2,01,A01
201800043588,0,10,000,00,2,3,21,Z01
201800043589,1,07,000,00,2,1,01,B01
201800043589,1,07,000,00,2,3,09,A01
201800043590,0,10,000,00,2,8,15,A01
201800043590,0,34,000,00,1,7,17,Z01
201800043591,0,07,000,00,1,1,21,Z01
201800043592,,07,000,01,1,3,01,A01
201800043593,1,07,000,00,2,4,23,B01
201800043593,1,07,000,00,2,1,01,A01
201800043594,0,10,000,00,1,1,01,Z01
201800043595,1,10,000,00,2,8,01,B01
201800043595,0,10,000,00,2,3,01,A01
201800043596,1,07,000,00,2,3,13,A01
201800043596,2,37,003,00,2,3,01,B01
201800043597,0,32,000,00,2,1,18,A01
201800043597,0,07,000,00,2,5,01,B01
201800043598,0,07,000,00,1,1,16,A01
201800043599,1,07,000,00,2,4,02,B01
201800043599,1,07,000,00,2,1,01,A01
201800043599,1,07,000,00,2,4,02,C01
201800043599,1,07,000,00,2,4,02,D01
201800043600,1,10,000,00,2,7,01,B01
201800043600,1,10,000,00,2,1,01,A01
201800043601,0,07,000,01,0,4,02,E01
201800043601,1,07,000,00,2,1,13,A01
201800043601,0,07,000,00,2,3,01,B01
201800043601,0,07,000,01,0,1,02,D01
201800043601,0,07,000,00,2,1,01,C01
201800043602,2,20,000,00,2,1,09,B01
201800043602,1,20,000,00,2,1,01,A01
201800043603,0,10,000,00,2,8,13,C01
201800043603,0,10,000,00,2,8,20,B01
201800043603,0,10,000,00,2,1,01,A01
201800043604,0,07,000,00,2,3,01,B01
201800043604,0,07,000,00,2,3,10,A01
201800043605,0,07,000,00,1,3,01,A01
201800043606,0,07,000,00,1,2,01,Z01
201800043607,2,07,000,00,2,8,01,B01
201800043607,2,07,000,00,2,5,02,C01
201800043607,2,07,000,00,2,2,12,A01
201800043608,1,07,000,00,2,4,02,C01
201800043608,1,07,000,00,2,1,01,A01
201800043608,1,07,000,00,2,4,02,B01
201800043609,0,10,000,00,1,1,01,A01
201800043610,1,07,000,16,0,7,14,A01
201800043611,1,07,000,07,1,3,17,Z01
201800043612,1,07,000,00,1,1,01,A01
201800043613,0,07,000,00,2,1,20,B01
201800043613,0,07,000,00,2,2,01,A01
201800043614,0,07,000,00,1,3,01,A01
201800043615,0,07,000,00,1,1,15,A01
201800043616,0,07,000,00,2,2,20,A01
201800043616,0,02,000,00,2,1,03,B01
201800043617,0,07,000,00,1,1,20,A01
201800043618,2,07,000,00,2,1,01,B01
201800043618,1,07,000,00,2,2,15,A01
201800043619,1,07,000,00,2,3,15,A01
201800043619,2,33,000,00,2,1,01,B01
201800043620,2,31,000,00,2,2,14,A01
201800043620,1,07,000,00,1,3,01,B01
201800043621,1,07,000,00,2,3,15,A01
201800043621,1,02,000,00,2,1,17,B01
201800043622,1,34,000,00,1,3,01,A01
201800043623,1,32,000,00,1,0,01,A01
201800043624,1,31,000,00,2,8,01,B01
201800043624,1,07,000,00,2,2,09,A01
201800043625,1,07,000,00,0,0,09,A01
201800043625,1,30,000,00,0,0,02,B01
201800043626,1,07,000,00,2,3,15,A01
201800043626,1,32,000,00,2,1,03,B01
201800043627,1,07,000,00,2,6,24,A01
201800043627,1,03,000,01,0,2,14,B01
201800043628,2,07,000,00,2,3,15,A01
201800043628,2,33,000,00,2,7,01,B01
201800043629,1,02,000,00,0,7,16,A01
201800043630,1,02,000,00,2,1,03,A01
201800043630,2,07,000,00,2,3,15,B01
201800043631,2,02,000,00,2,1,01,B01
201800043631,2,07,000,00,2,3,15,A01
201800043632,2,07,000,00,2,0,00,A01
201800043632,2,07,000,00,2,2,15,B01
201800043633,1,07,000,00,1,0,00,Z01
201800043634,2,33,000,00,5,7,21,A01
201800043635,1,07,000,00,1,4,04,A01
201800043636,2,07,000,00,2,3,11,A01
201800043636,2,34,000,00,2,9,21,B01
201800043636,1,07,000,00,2,4,21,C01
201800043637,1,07,000,00,2,2,09,A01
201800043637,1,02,000,00,2,1,01,B01
201800043638,2,07,000,00,2,1,01,A01
201800043638,2,07,000,00,2,4,00,B01
201800043639,1,07,000,00,2,2,01,A01
201800043639,1,07,000,00,2,6,23,B01
201800043640,1,07,000,00,2,1,15,A01
201800043640,1,02,000,00,2,1,01,B01
201800043641,2,07,000,00,2,1,15,A01
201800043641,1,34,000,00,2,1,01,B01
201800043642,1,33,000,00,9,1,02,A01
201800043643,1,33,000,15,0,7,13,A01
201800043644,1,10,000,00,2,1,01,B01
201800043644,1,07,000,00,2,2,01,A01
201800043645,1,07,000,00,2,2,19,A01
201800043645,1,32,000,00,2,3,01,B01
201800043646,1,07,000,00,2,1,02,A01
201800043646,1,07,000,00,2,4,02,B01
201800043646,1,07,000,00,2,4,02,C01
201800043646,1,07,000,00,2,4,02,D01
201800043646,1,10,000,00,2,4,02,E01
201800043647,1,07,000,00,2,3,15,A01
201800043647,1,32,000,00,2,2,17,B01
201800043648,1,07,000,00,1,3,00,A01
201800043649,1,07,000,00,2,1,21,A01
201800043649,1,07,000,00,9,4,23,B01
201800043650,2,34,000,00,1,8,00,A01
201800043651,2,07,000,00,2,1,09,A01
201800043651,1,33,000,00,2,7,03,B01
201800043652,1,30,000,00,2,1,17,A01
201800043652,2,07,000,00,2,3,01,B01
201800043653,2,07,000,00,2,5,02,A01
201800043653,2,32,000,00,2,1,02,B01
201800043654,1,02,000,00,2,1,03,B01
201800043654,0,07,000,00,2,3,15,A01
201800043655,1,07,000,00,2,2,09,A01