Num_Acc,senc,catv,occutc,obs,obsm,choc,manv,num_veh
201800044245,2,10,000,00,2,3,23,B01
201800044245,2,10,000,00,2,6,01,C01
201800044246,2,07,000,00,2,4,02,B01
201800044246,2,07,000,00,2,1,02,A01
201800044247,2,15,000,00,2,4,01,A01
201800044247,2,13,000,00,2,1,02,B01
201800044248,2,07,000,00,2,4,01,A01
201800044248,2,10,000,00,2,4,01,B01
201800044248,2,10,000,00,2,1,01,C01
201800044249,1,31,000,00,2,1,02,B01
201800044249,1,07,000,00,2,2,12,A01
201800044250,2,10,000,00,2,5,00,B01
201800044250,2,31,000,00,2,1,00,A01
201800044251,2,31,000,00,2,3,03,A01
201800044252,2,10,000,00,2,2,12,B01
201800044252,2,07,000,04,2,3,00,A01
201800044253,2,33,000,03,0,8,17,A01
201800044254,1,07,000,03,0,7,14,A01
201800044255,2,07,000,00,2,4,01,C01
201800044255,2,07,000,00,2,9,01,A01
201800044255,2,07,000,00,2,1,11,B01
201800044256,2,07,000,00,2,8,00,B01
201800044256,2,33,000,00,2,1,09,A01
201800044257,2,33,000,00,2,8,03,A01
201800044257,2,07,000,00,2,2,12,B01
201800044258,2,15,000,00,2,2,12,A01
201800044258,2,07,000,00,2,8,01,B01
201800044259,1,07,000,00,2,6,01,A01
201800044259,1,07,000,00,2,5,01,B01
201800044259,1,33,000,00,2,9,03,C01
201800044260,1,10,000,00,2,4,02,B01
201800044260,1,10,000,00,2,1,02,A01
201800044261,1,07,000,00,2,5,23,B01
201800044261,1,07,000,00,2,3,01,A01
201800044262,2,07,000,00,2,1,01,C01
201800044262,2,10,000,00,2,4,01,A01
201800044262,2,07,000,00,2,1,01,B01
201800044263,2,33,000,00,2,8,02,A01
201800044264,1,07,000,00,2,1,02,B01
201800044264,1,10,000,00,0,4,23,A01
201800044265,1,07,000,06,0,2,00,A01
201800044266,1,07,000,00,2,6,02,B01
201800044266,2,07,000,00,2,2,14,A01
201800044266,1,07,000,00,2,4,02,C01
201800044267,2,07,000,00,2,6,01,A01
201800044267,2,14,000,00,2,2,12,B01
201800044268,2,07,000,14,0,1,01,A01
201800044268,2,07,000,00,2,4,23,B01
201800044268,2,07,000,00,2,7,01,C01
201800044269,2,07,000,00,2,4,01,A01
201800044269,2,07,000,00,2,1,02,B01
201800044270,1,07,000,06,0,2,21,A01
201800044271,1,07,000,03,0,2,21,A01
201800044272,2,33,000,00,2,0,03,A01
201800044272,2,07,000,00,2,4,01,B01
201800044273,1,07,000,03,0,2,01,A01
201800044274,2,07,000,00,2,7,01,D01
201800044274,2,07,000,00,2,3,01,A01
201800044274,2,07,000,00,2,5,01,C01
201800044274,2,07,000,00,2,9,03,B01
201800044275,1,07,000,00,2,2,12,A01
201800044275,1,33,000,00,2,8,03,B01
201800044276,1,07,000,00,2,0,00,A01
201800044276,1,07,000,00,2,0,00,B01
201800044276,1,07,000,00,2,0,00,C01
201800044277,2,10,000,00,2,1,02,A01
201800044277,2,07,000,00,2,4,23,B01
201800044278,1,07,000,00,2,4,02,B01
201800044278,1,07,000,00,2,1,02,A01
201800044278,1,07,000,00,2,4,02,C01
201800044279,2,07,000,00,2,1,02,A01
201800044280,2,07,000,00,2,4,01,C01
201800044280,2,07,000,00,2,1,01,A01
201800044280,2,07,000,00,2,4,01,B01
201800044281,1,31,000,00,2,8,01,A01
201800044282,2,33,000,00,2,7,03,B01
201800044282,2,07,000,00,2,4,00,A01
201800044283,2,07,000,00,2,1,01,A01
201800044283,2,07,000,00,2,4,23,B01
201800044284,2,07,000,00,2,4,11,A01
201800044284,2,33,000,00,2,1,01,B01
201800044285,2,07,000,00,2,1,02,C01
201800044285,2,07,000,00,2,4,02,B01
201800044285,2,07,000,00,2,4,02,A01
201800044286,1,07,000,00,2,2,12,B01
201800044286,1,07,000,00,2,6,01,A01
201800044287,2,33,000,00,2,7,03,A01
201800044287,2,07,000,00,2,3,11,B01
201800044288,2,31,000,00,0,0,02,A01
201800044289,2,07,000,00,2,2,12,A01
201800044289,2,33,000,00,2,8,03,B01
201800044290,1,33,000,00,2,1,03,A01
201800044290,1,07,000,00,2,7,01,B01
201800044291,2,07,000,00,2,1,01,A01
201800044291,2,07,000,00,2,4,01,D01
201800044291,2,07,000,00,2,4,01,C01
201800044291,2,07,000,00,2,4,01,B01
201800044292,2,10,000,00,2,7,11,A01
201800044292,2,33,000,00,2,0,03,B01
201800044293,2,10,000,00,2,3,11,A01
201800044293,2,33,000,00,2,1,02,B01
201800044294,2,13,000,00,2,4,02,A01
201800044294,2,10,000,00,2,1,02,B01
201800044294,2,15,000,03,0,1,21,C01
201800044295,2,07,000,00,2,5,00,A01
201800044295,2,31,000,00,2,1,00,B01
201800044296,1,07,000,00,2,5,12,A01
201800044296,1,32,000,00,2,1,03,B01
201800044297,1,07,000,00,2,1,09,A01
201800044297,1,33,000,00,2,1,02,B01
201800044297,1,07,000,00,2,8,21,C01
201800044298,2,07,000,00,2,4,12,A01
201800044298,2,33,000,00,2,1,03,B01
201800044299,1,33,000,00,2,3,03,A01
201800044299,1,07,000,00,2,7,12,B01
201800044300,1,33,000,00,2,2,03,A01
201800044300,1,07,000,00,2,3,12,B01
201800044301,2,07,000,00,2,1,01,C01
201800044301,2,07,000,00,2,1,01,A01
201800044301,2,07,000,00,2,1,01,D01
201800044301,2,07,000,00,2,1,01,B01
201800044302,1,07,000,06,0,1,01,A01
201800044303,1,07,000,04,0,1,01,A01
201800044304,1,07,000,00,2,5,01,A01
201800044304,1,33,000,00,2,1,03,B01
201800044305,1,07,000,00,2,4,02,A01
201800044305,1,07,000,00,2,1,02,B01
201800044306,2,33,000,00,2,1,03,A01
201800044306,2,10,000,00,2,5,12,Z01
201800044307,2,07,000,00,2,4,12,B01
201800044307,2,07,000,00,2,1,02,C01
201800044307,2,07,000,00,2,4,01,A01
201800044308,1,07,000,00,2,4,01,B01
201800044308,1,07,000,00,2,4,01,A01
201800044308,1,10,000,00,2,1,01,C01
201800044309,2,07,000,00,6,1,01,A01
201800044309,1,07,000,00,6,4,02,B01
201800044310,2,07,000,00,2,6,01,B01
201800044310,2,07,000,00,2,0,01,C01
201800044310,2,15,000,00,2,2,12,A01
201800044311,2,07,000,00,2,4,01,A01
201800044311,2,07,000,00,2,4,01,B01
201800044311,2,07,000,00,2,4,01,C01
201800044311,2,07,000,00,2,4,01,D01
201800044311,2,07,000,00,2,1,01,E01
201800044312,2,07,000,00,2,8,11,A01
201800044312,2,34,000,00,2,2,03,B01
201800044312,2,07,000,00,2,4,13,C01
201800044313,2,07,000,00,2,4,00,A01
201800044313,2,07,000,00,2,1,00,B01
201800044313,2,07,000,00,2,4,00,C01
201800044314,2,33,000,00,2,1,02,A01
201800044314,2,14,000,00,0,4,02,B01
201800044315,2,07,000,00,2,1,02,A01
201800044315,2,07,000,00,0,4,02,B01
201800044316,1,10,000,00,2,5,12,A01
201800044316,1,15,000,00,2,3,01,B01
201800044317,1,15,000,00,2,1,13,A01
201800044317,1,15,000,00,2,2,02,B01
201800044317,1,37,044,00,2,2,01,C01
201800044318,1,33,000,00,0,0,21,A01
201800044319,1,33,000,00,0,2,03,A01
201800044320,2,10,000,00,2,4,12,A01
201800044320,2,33,000,00,2,1,03,B01
201800044321,1,34,000,00,2,0,02,A01
201800044321,1,07,000,00,2,0,00,Z01
201800044322,1,32,000,00,2,1,12,B01
201800044322,1,07,000,00,2,4,01,A01
201800044323,1,07,000,00,2,4,02,B01
201800044323,1,07,000,00,2,2,02,A01
201800044323,1,07,000,00,2,1,02,C01
201800044324,1,07,000,00,2,6,01,A01
201800044324,1,31,000,00,2,1,01,B01
201800044325,2,33,000,03,0,8,01,A01
201800044326,1,07,000,04,0,2,01,A01
201800044327,1,07,000,04,0,1,21,A01
201800044328,1,10,000,00,2,1,02,A01
201800044328,1,07,000,00,2,4,02,B01
201800044329,1,07,000,00,2,1,21,A01
201800044329,1,07,000,00,2,4,01,B01
201800044329,1,07,000,00,2,4,01,C01
201800044330,1,07,000,00,2,8,12,A01
201800044330,1,33,000,00,2,1,03,B01
201800044331,2,33,000,00,2,1,01,A01
201800044331,2,07,000,00,2,4,01,B01
201800044332,2,10,000,00,0,6,11,A01
201800044332,2,33,000,00,2,1,03,B01
201800044333,2,07,000,00,2,8,11,A01
201800044333,2,33,000,00,2,1,01,B01
201800044334,1,07,000,00,2,4,00,B01
201800044334,1,07,000,00,2,1,00,A01
201800044335,1,07,000,00,2,5,12,A01
201800044335,1,33,000,00,2,1,03,B01
201800044336,1,07,000,04,0,3,13,A01
201800044337,1,07,000,00,2,1,02,A01
201800044337,1,07,000,00,2,4,02,B01
201800044337,1,07,000,00,2,4,02,C01
201800044337,1,07,000,00,2,4,02,D01
201800044337,1,07,000,00,2,4,02,E01
201800044338,1,33,000,00,2,1,17,B01
201800044338,1,07,000,00,2,6,11,A01
201800044339,2,07,000,00,2,1,02,B01
201800044339,2,33,000,00,2,4,02,C01
201800044339,2,07,000,00,2,4,01,A01
201800044340,2,33,000,00,2,1,03,A01
201800044340,2,07,000,00,2,1,00,C01
201800044340,2,10,000,00,2,5,14,B01
201800044341,2,07,000,04,0,1,12,A01
201800044342,2,07,000,00,2,4,02,C01
201800044342,2,07,000,00,2,4,02,B01
201800044342,2,07,000,00,2,1,02,D01
201800044342,2,07,000,00,2,4,01,A01
201800044343,1,07,000,03,2,4,02,B01
201800044343,1,15,000,00,2,1,02,A01
201800044344,1,07,000,04,2,5,01,A01
201800044344,1,07,000,00,2,2,03,B01
201800044344,1,07,000,00,2,6,01,C01
201800044345,1,07,000,04,0,1,00,A01
201800044346,1,07,000,00,2,1,01,D01
201800044346,1,17,000,00,2,2,01,B01
201800044346,1,07,000,00,2,3,11,A01
201800044346,1,07,000,00,2,4,23,C01
201800044347,1,07,000,00,0,3,09,A01
201800044348,2,07,000,00,2,1,01,A01
201800044348,2,07,000,00,2,4,01,B01
201800044348,2,07,000,00,2,4,01,C01
201800044349,1,31,000,03,2,8,03,A01
201800044349,1,07,000,00,2,5,12,B01
201800044350,2,07,000,04,0,3,01,A01
201800044351,1,10,000,13,0,2,02,A01
201800044352,2,07,000,00,2,2,00,A01
201800044352,2,07,000,00,2,6,14,B01
201800044353,1,10,000,00,2,1,02,B01
201800044353,1,07,000,00,2,4,02,A01
201800044354,1,10,000,04,0,3,13,A01
201800044355,2,33,000,00,2,1,03,A01
201800044355,2,07,000,00,2,4,01,B01
201800044356,1,07,000,00,2,7,00,A01
201800044356,1,33,000,00,2,8,03,B01
201800044357,2,10,000,00,2,0,12,B01
201800044357,2,33,000,00,2,3,03,C01
201800044357,2,07,000,00,2,2,01,A01
201800044358,1,33,000,00,2,1,02,B01
201800044358,1,07,000,00,2,5,01,A01
201800044359,2,07,000,00,2,5,11,B01
201800044359,2,33,000,00,2,1,03,A01
201800044360,1,33,000,00,0,7,03,A01
201800044360,1,07,000,00,0,0,12,B01
201800044361,1,33,000,00,2,1,01,B01
201800044361,1,07,000,00,2,5,11,A01
201800044362,2,32,000,00,0,8,02,A01
201800044363,2,33,000,14,0,1,01,A01
201800044364,1,07,000,00,2,1,09,A01
201800044364,1,07,000,00,2,4,02,B01
201800044365,2,34,000,00,2,3,03,A01
201800044365,2,07,000,00,2,2,01,B01
201800044365,2,07,000,00,2,4,01,C01
201800044366,2,07,000,04,0,1,00,A01
201800044367,1,07,000,03,0,1,16,A01
201800044368,2,07,000,03,2,6,11,A01
201800044368,2,07,000,00,2,2,02,B01
201800044368,2,07,000,00,2,8,02,C01
201800044369,2,33,000,00,0,8,21,A01
201800044370,1,07,000,04,0,1,01,A01
201800044371,1,10,000,06,0,3,11,A01
201800044372,2,10,000,00,2,3,01,A01
201800044372,2,14,000,04,2,8,01,B01
201800044373,2,07,000,06,2,1,01,A01
201800044373,2,07,000,00,2,4,01,B01
201800044374,1,07,000,00,2,3,13,A01
201800044374,1,07,000,04,2,5,02,C01
201800044374,1,07,000,00,2,7,02,B01
201800044375,2,07,000,03,0,1,14,A01
201800044376,1,07,000,00,2,8,11,A01
201800044376,1,15,000,00,2,2,01,B01
201800044376,1,17,000,00,2,1,01,C01
201800044377,2,33,000,00,2,1,03,B01
201800044377,2,07,000,00,0,5,14,A01
201800044378,1,10,000,00,0,4,11,A01
201800044378,1,32,000,00,2,1,01,B01
201800044379,2,17,000,00,2,4,01,A01
201800044379,2,17,000,00,2,1,02,B01
201800044380,2,31,000,01,0,0,09,B01
201800044380,2,10,000,00,2,0,24,A01
201800044381,1,10,000,00,2,1,00,Z01
201800044381,1,07,000,00,2,5,01,A01
201800044382,2,17,000,00,2,1,02,A01
201800044382,2,07,000,00,2,0,02,D01
201800044382,2,07,000,00,2,7,02,C01
201800044382,2,07,000,00,2,4,23,B01
201800044383,2,14,000,00,2,1,01,A01
201800044383,2,07,000,00,2,4,01,B01
201800044383,2,15,000,00,2,4,01,C01
201800044384,2,07,000,00,2,1,02,A01
201800044384,2,07,000,00,2,4,02,B01
201800044384,1,07,000,00,2,4,02,C01
201800044385,1,31,000,00,2,1,00,C01
201800044385,1,07,000,00,2,8,00,B01
201800044385,1,07,000,00,2,7,12,A01
201800044386,2,34,000,00,2,2,03,A01
201800044386,2,07,000,00,2,6,11,B01
201800044387,2,07,000,00,2,2,12,B01
201800044387,2,32,000,00,2,8,03,A01
201800044388,1,07,000,04,0,1,01,A01
201800044389,2,07,000,00,2,5,01,B01
201800044389,2,33,000,00,2,1,01,A01
201800044390,2,33,000,00,0,0,00,A01
201800044391,1,10,000,00,2,2,01,A01
201800044391,1,10,000,00,2,6,01,B01
201800044392,1,07,000,00,2,3,01,A01
201800044392,1,07,000,00,2,5,01,B01
201800044393,2,07,000,00,2,1,02,A01
201800044393,2,07,000,00,2,4,02,B01
201800044393,2,07,000,00,2,4,02,C01
201800044394,2,07,000,00,0,9,02,A01
201800044395,2,07,000,00,2,4,23,B01
201800044395,2,33,000,00,2,1,02,A01
201800044396,2,17,000,03,2,1,02,A01
201800044396,2,17,000,00,2,4,23,B01
201800044396,2,17,000,00,2,4,23,C01
201800044396,2,17,000,00,2,4,23,D01
201800044397,2,07,000,00,2,3,02,A01
201800044397,2,15,000,00,2,2,02,B01
201800044398,2,07,000,00,2,1,02,A01
201800044398,2,07,000,06,2,4,01,B01
201800044399,2,07,000,00,2,4,02,A01
201800044399,2,07,000,00,2,1,02,B01
201800044400,1,07,000,00,2,6,23,A01
201800044400,1,07,000,00,2,2,01,B01
201800044400,1,07,000,00,6,2,01,C01
201800044401,1,10,000,00,1,2,00,A01
201800044402,1,07,000,00,2,1,02,A01
201800044402,1,07,000,04,2,3,02,B01
201800044403,2,07,000,03,0,1,16,A01
201800044404,1,07,000,14,0,1,21,A01
201800044405,1,33,000,00,2,5,03,B01
201800044405,1,07,000,00,2,6,11,A01
201800044406,2,15,000,04,0,1,01,A01
201800044407,2,07,000,00,2,4,02,B01
201800044407,2,07,000,00,2,1,02,A01
201800044408,1,17,000,00,2,6,12,A01
201800044408,1,07,000,00,2,6,02,B01
201800044409,1,07,000,13,0,1,14,A01
201800044410,1,07,000,00,2,4,01,B01
201800044410,1,07,000,00,2,1,02,A01
201800044411,2,07,000,00,2,1,02,A01
201800044411,2,07,000,00,2,1,02,B01
201800044411,2,07,000,00,2,4,02,C01
201800044411,2,07,000,00,2,4,02,D01
201800044412,2,07,000,00,2,1,02,A01
201800044412,2,07,000,00,2,4,01,B01
201800044412,2,07,000,00,2,6,23,C01
201800044413,1,07,000,03,0,2,14,A01
201800044414,2,07,000,00,2,1,02,A01
201800044414,2,10,000,00,2,4,02,B01
201800044415,1,07,000,00,2,6,01,A01
201800044415,1,07,000,00,2,2,11,Z01
201800044416,2,07,000,00,2,1,01,B01
201800044416,2,07,000,03,0,1,01,A01
201800044417,1,07,000,03,0,0,02,A01
201800044418,2,07,000,04,0,9,01,A01
201800044419,1,10,000,00,2,6,13,B01
201800044419,1,32,000,00,2,2,13,A01
201800044420,2,07,000,00,2,4,02,B01
201800044420,2,10,000,00,2,4,02,C01
201800044420,2,07,000,00,2,1,02,A01
201800044421,2,07,000,00,0,8,01,A01
201800044422,1,13,000,03,0,8,13,A01
201800044423,2,07,000,03,0,2,09,A01
201800044424,2,07,000,04,0,3,01,A01
201800044425,1,07,000,00,2,1,02,A01
201800044425,1,07,000,00,2,4,02,B01
201800044425,1,07,000,03,2,1,01,C01
201800044426,1,07,000,04,0,3,00,A01
201800044427,1,10,000,00,2,2,02,A01
201800044427,1,07,000,00,2,6,02,B01
201800044427,1,07,000,00,2,4,02,C01
201800044427,1,07,000,00,2,4,02,D01
201800044428,1,07,000,10,0,3,01,A01
201800044429,2,34,000,11,0,3,15,A01
201800044430,1,07,000,00,2,4,01,B01
201800044430,1,07,000,00,2,1,01,A01
201800044431,1,07,000,00,2,1,02,A01
201800044431,1,07,000,00,2,4,02,B01
201800044432,1,14,000,00,2,4,01,B01
201800044432,1,17,000,00,2,2,01,A01
201800044433,1,17,000,00,2,2,14,A01
201800044433,1,07,000,00,2,3,13,B01
201800044434,2,07,000,00,2,1,02,A01
201800044434,2,07,000,00,2,4,02,B01
201800044435,2,07,000,00,2,2,02,A01
201800044435,2,07,000,00,2,6,02,B01
201800044436,2,15,000,00,2,1,02,A01
201800044436,2,15,000,00,2,4,02,B01
201800044436,2,15,000,00,2,4,02,C01
201800044437,2,07,000,00,2,1,00,A01
201800044437,2,34,000,00,2,4,00,B01
201800044438,1,07,000,00,2,8,23,C01
201800044438,1,17,000,00,2,7,17,A01
201800044438,1,17,000,00,2,3,02,B01
201800044439,1,10,000,00,2,4,02,A01
201800044439,1,17,000,00,2,1,02,C01
201800044439,1,10,000,00,2,4,02,B01
201800044440,2,07,000,00,2,4,02,B01
201800044440,2,07,000,00,2,1,02,A01
201800044441,1,07,000,04,0,2,02,A01
201800044442,1,07,000,00,2,1,02,B01
201800044442,1,07,000,00,2,4,09,A01
201800044443,1,07,000,03,0,7,00,A01
201800044444,1,07,000,13,0,0,02,A01
201800044444,1,10,000,00,0,4,23,B01
201800044444,1,07,000,01,0,1,14,C01
201800044445,1,07,000,00,2,1,02,A01
201800044445,1,07,000,03,2,7,12,B01
201800044446,1,15,000,00,2,7,12,A01
201800044446,1,07,000,00,2,8,01,B01
201800044447,1,07,000,00,2,8,11,A01
201800044447,1,33,000,00,2,7,03,B01
201800044448,2,33,000,00,0,9,01,A01
201800044448,2,07,000,00,2,1,01,B01
201800044448,2,07,000,00,2,1,01,C01
201800044449,1,31,000,00,2,1,01,B01
201800044449,1,07,000,00,2,4,01,A01
201800044450,2,07,000,00,2,4,01,B01
201800044450,2,07,000,00,2,4,01,C01
201800044450,2,07,000,00,2,1,01,A01
201800044451,1,07,000,00,2,1,13,A01
201800044451,1,31,000,00,2,4,01,B01
201800044451,1,07,000,00,2,1,02,C01
201800044452,1,13,000,01,0,2,01,A01
201800044452,1,10,000,00,2,6,00,B01
201800044453,2,17,000,00,0,6,23,B01
201800044453,2,33,000,00,2,1,02,A01
201800044454,1,07,000,00,2,3,11,A01
201800044454,1,31,000,00,2,1,03,B01
201800044455,1,07,000,00,2,6,01,A01
201800044455,1,07,000,15,2,2,17,C01
201800044455,1,07,000,00,2,6,01,B01
201800044456,1,07,000,06,0,1,17,A01
201800044457,2,07,000,04,0,1,01,A01
201800044458,1,07,000,00,1,3,01,B01
201800044459,1,10,000,00,2,1,02,A01
201800044459,1,07,000,00,2,4,02,B01
201800044459,1,07,000,00,2,4,02,C01
201800044460,1,34,000,00,0,7,14,A01
201800044461,1,07,000,00,2,2,00,A01
201800044461,1,07,000,00,2,6,01,B01
201800044462,1,07,000,13,0,0,00,A01
201800044463,2,33,000,00,2,7,03,B01
201800044463,2,07,000,00,2,8,11,A01
201800044464,2,10,000,00,2,4,02,B01
201800044464,2,07,000,00,2,4,02,C01
201800044464,2,07,000,00,2,1,02,A01
201800044465,2,07,000,00,2,1,23,C01
201800044465,2,31,000,00,2,9,03,B01
201800044465,2,07,000,00,2,4,23,A01
201800044466,2,07,000,00,2,2,02,A01
201800044466,2,07,000,00,2,6,11,B01
201800044467,2,07,000,00,2,5,12,A01
201800044467,2,07,000,00,2,3,12,B01
201800044468,2,07,000,00,2,4,11,A01
201800044468,2,34,000,00,2,2,03,B01
201800044469,2,34,000,00,2,1,03,B01
201800044469,2,33,000,00,2,4,03,A01
201800044470,2,13,000,00,2,2,12,B01
201800044470,2,07,000,03,2,8,02,A01
201800044471,1,07,000,00,2,8,11,A01
201800044471,1,31,000,00,2,2,01,B01
201800044472,2,07,000,04,0,1,01,A01
201800044473,2,07,000,03,0,2,01,A01
201800044474,2,07,000,03,0,5,01,A01
201800044475,1,07,000,00,2,1,02,A01
201800044475,1,07,000,00,2,4,02,B01
201800044475,1,07,000,00,2,4,02,C01
201800044476,1,10,000,00,0,1,01,A01
201800044477,2,07,000,00,2,3,01,A01
201800044477,2,07,000,00,2,5,01,B01
201800044478,1,07,000,13,0,9,01,A01
201800044479,1,07,000,00,2,1,02,A01
201800044479,1,07,000,00,2,4,02,B01
201800044479,1,07,000,00,2,4,02,C01
201800044480,2,07,000,03,0,6,02,A01
201800044480,2,07,000,00,0,0,00,B01
201800044481,2,07,000,04,0,1,01,A01
201800044481,2,07,000,01,0,4,23,B01
201800044481,2,07,000,01,0,1,01,C01
201800044482,2,07,000,00,0,9,01,A01
201800044483,2,07,000,00,2,4,02,A01
201800044483,2,07,000,00,2,3,12,B01
201800044483,2,07,000,00,2,1,02,C01
201800044484,1,07,000,04,0,1,01,A01
201800044485,1,07,000,00,2,4,00,B01
201800044485,1,07,000,00,2,0,00,A01
201800044485,1,07,000,01,0,1,01,C01
201800044486,2,07,000,03,0,0,00,A01
201800044487,1,07,000,00,2,6,24,B01
201800044487,1,10,000,01,0,2,01,A01
201800044488,1,07,000,00,1,2,01,A01
201800044489,1,07,000,00,2,1,02,A01
201800044489,1,07,000,00,2,4,23,B01
201800044490,2,07,000,04,0,1,00,A01
201800044491,2,07,000,04,0,3,13,A01
201800044492,1,07,000,00,2,2,01,B01
201800044492,1,10,000,00,2,7,13,A01
201800044493,1,07,000,00,2,4,02,B01
201800044493,1,07,000,00,2,1,02,A01
201800044493,1,07,000,00,2,4,02,C01
201800044494,1,10,000,00,2,1,02,A01
201800044494,1,07,000,00,2,3,02,B01
201800044495,2,07,000,04,2,2,14,A01
201800044495,2,07,000,00,2,3,00,B01
201800044496,2,07,000,00,2,1,02,A01
201800044496,2,10,000,00,2,4,02,B01
201800044497,2,33,000,00,0,7,01,A01
201800044498,1,07,000,03,0,1,15,A01
201800044499,1,07,000,01,0,2,01,B01
201800044499,1,07,000,00,2,3,23,A01
201800044500,2,10,000,04,0,1,15,A01
201800044501,2,10,000,04,0,1,00,A01
201800044502,1,07,000,00,2,1,01,A01
201800044502,1,10,000,00,2,4,01,C01
201800044502,1,07,000,00,2,4,01,B01
201800044503,2,07,000,04,0,3,00,A01
201800044504,2,07,000,01,0,1,00,A01
201800044504,2,07,000,00,2,6,23,Z01
201800044505,1,07,000,00,2,4,02,B01
201800044505,1,07,000,00,2,1,02,A01
201800044506,2,07,000,00,2,1,02,A01
201800044506,2,07,000,00,2,4,23,B01
201800044506,2,07,000,00,2,4,23,C01
201800044507,1,07,000,00,2,4,00,A01
201800044507,1,07,000,00,2,1,12,C01
201800044507,1,07,000,00,2,4,00,B01
201800044508,2,07,000,04,2,1,11,A01
201800044509,1,07,000,04,2,8,23,B01
201800044509,1,07,000,00,2,7,01,A01
201800044510,2,07,000,04,0,1,14,A01
201800044511,1,07,000,04,0,1,01,A01
201800044512,1,33,000,00,2,7,01,B01
201800044512,1,10,000,00,2,8,11,A01
201800044513,1,07,000,00,2,6,13,A01
201800044513,1,31,000,00,2,2,01,B01
201800044514,2,07,000,00,2,2,12,A01
201800044514,2,07,000,00,2,6,02,B01
201800044515,2,15,000,04,0,3,01,A01
201800044515,2,15,000,00,2,1,21,C01
201800044515,2,15,000,00,2,4,01,B01
201800044516,2,07,000,04,0,1,16,A01
201800044517,1,07,000,00,2,2,12,A01
201800044517,1,17,000,00,2,6,01,B01
201800044518,2,31,000,00,2,7,03,A01
201800044518,2,10,000,00,2,8,11,B01
201800044519,2,07,000,00,2,6,01,B01
201800044519,2,07,000,00,2,1,12,A01
201800044520,1,07,000,00,2,1,01,B01
201800044520,1,07,000,04,2,4,23,A01
201800044521,1,15,000,00,2,4,12,B01
201800044521,1,33,000,00,2,1,03,A01
201800044522,1,07,000,00,2,1,01,A01
201800044522,1,10,000,00,2,4,02,D01
201800044522,1,07,000,00,2,4,02,C01
201800044522,1,07,000,00,2,4,02,B01
201800044523,2,33,000,00,2,1,00,A01
201800044523,2,07,000,00,2,5,18,B01
201800044524,1,07,000,00,2,4,02,B01
201800044524,1,07,000,00,2,1,02,A01
201800044525,2,07,000,00,2,8,11,B01
201800044525,2,07,000,04,2,7,01,A01
201800044526,2,07,000,00,2,4,02,C01
201800044526,2,10,000,00,2,1,02,A01
201800044526,2,07,000,00,2,4,02,B01
201800044527,1,07,000,00,2,4,02,Z01
201800044527,1,07,000,00,2,1,01,A01
201800044528,1,07,000,00,2,7,12,A01
201800044528,1,07,000,00,2,1,01,B01
201800044529,1,33,000,00,2,1,02,C01
201800044529,1,07,000,00,2,8,02,D01
201800044529,1,07,000,00,2,5,01,B01
201800044529,1,16,000,00,2,2,12,A01
201800044530,2,10,000,00,2,1,01,A01
201800044530,2,07,000,00,2,4,02,B01
201800044530,2,07,000,00,2,4,02,C01
201800044531,1,10,000,00,2,2,12,A01
201800044531,1,17,000,00,2,6,01,B01
201800044532,1,07,000,04,0,1,02,A01
201800044533,1,33,000,00,2,7,03,A01
201800044533,1,07,000,00,2,0,00,Z01
201800044534,2,10,000,00,2,4,23,A01
201800044534,1,07,000,00,2,1,00,C01
201800044534,2,10,000,00,2,4,23,B01
201800044535,2,34,000,00,2,1,03,A01
201800044535,2,07,000,00,2,7,02,B01
201800044535,2,07,000,00,2,5,02,C01
201800044536,2,32,000,00,2,8,03,A01
201800044536,2,07,000,00,2,7,12,B01
201800044537,2,10,000,00,2,1,02,A01
201800044537,2,07,000,00,2,4,02,B01
201800044538,1,07,000,04,0,2,21,A01
201800044539,1,07,000,00,2,1,02,A01
201800044539,1,07,000,00,2,4,02,B01
201800044540,2,33,000,00,0,0,21,A01
201800044541,1,07,000,00,2,1,01,A01
201800044541,1,07,000,00,2,4,02,B01
201800044542,2,07,000,04,0,1,01,A01
201800044543,1,07,000,00,2,6,13,B01
201800044543,1,10,000,00,2,2,01,A01
201800044544,2,34,000,16,0,1,01,A01
201800044545,1,14,000,00,2,1,01,A01
201800044545,1,17,000,00,2,6,02,B01
201800044546,1,07,000,00,2,1,02,A01
201800044546,1,07,000,00,2,4,02,B01
201800044546,1,07,000,00,2,4,02,C01
201800044547,2,33,000,00,2,1,03,C01
201800044547,2,10,000,00,2,5,01,B01
201800044547,2,10,000,00,2,8,01,A01
201800044548,2,34,000,00,2,1,01,C01
201800044548,2,07,000,00,2,1,01,A01
201800044548,2,07,000,00,2,2,01,B01
201800044549,2,07,000,00,2,1,01,C01
201800044549,2,07,000,00,2,6,01,B01
201800044549,2,07,000,00,2,2,14,A01
201800044549,2,07,000,00,2,1,02,D01
201800044550,2,33,000,00,0,1,02,A01
201800044551,1,07,000,00,2,2,02,B01
201800044551,1,07,000,04,2,1,00,A01
201800044552,1,32,000,00,0,7,00,A01
201800044553,1,07,000,00,2,6,02,B01
201800044553,1,31,000,00,2,7,02,A01
201800044554,2,07,000,00,2,3,01,B01
201800044554,2,10,000,00,2,2,17,A01
201800044555,2,07,000,00,2,4,02,B01
201800044555,2,10,000,00,2,1,01,A01
201800044556,1,34,000,04,0,9,01,A01
201800044557,1,10,000,00,2,4,02,B01