Num_Acc,senc,catv,occutc,obs,obsm,choc,manv,num_veh
201800045185,2,07,000,00,2,4,02,B01
201800045186,1,07,000,00,2,4,01,B01
201800045186,1,10,000,00,2,1,11,A01
201800045187,2,07,000,00,2,2,01,C01
201800045187,2,34,000,00,2,2,03,A01
201800045187,2,10,000,00,2,6,01,B01
201800045188,1,33,000,04,0,2,09,A01
201800045189,1,07,000,00,2,4,02,B01
201800045189,1,17,000,00,2,1,02,A01
201800045190,2,33,000,00,2,3,17,B01
201800045190,2,07,000,00,2,4,02,A01
201800045191,2,07,000,00,2,6,13,A01
201800045191,2,14,000,00,2,7,01,B01
201800045192,1,07,000,00,2,4,02,C01
201800045192,1,07,000,00,2,2,01,B01
201800045192,1,10,000,00,2,8,11,A01
201800045193,1,31,000,00,0,0,00,A01
201800045194,2,34,000,04,2,3,00,A01
201800045194,2,07,000,00,2,6,13,Z01
201800045195,2,07,000,00,2,4,00,C01
201800045195,2,10,000,00,2,2,00,B01
201800045195,2,07,000,00,2,6,11,A01
201800045196,2,07,000,00,2,4,00,A01
201800045196,2,33,000,00,2,1,00,B01
201800045197,1,07,000,00,2,0,00,Z01
201800045197,1,07,000,00,2,3,01,A01
201800045198,1,14,000,00,2,3,11,A01
201800045198,1,07,000,00,2,7,01,B01
201800045199,2,07,000,00,2,4,02,A01
201800045199,2,33,000,00,2,1,02,B01
201800045200,2,07,000,00,2,1,01,A01
201800045200,2,07,000,00,2,4,01,B01
201800045201,1,07,000,04,2,9,01,A01
201800045201,1,07,000,00,2,1,01,B01
201800045202,2,07,000,00,2,2,00,Z01
201800045202,2,07,000,00,2,4,00,A01
201800045203,1,33,000,16,0,8,16,A01
201800045204,1,14,000,00,2,3,12,A01
201800045204,1,17,000,00,2,5,01,B01
201800045205,1,07,000,00,2,4,02,B01
201800045205,1,07,000,00,2,1,01,A01
201800045206,1,07,000,00,2,1,01,A01
201800045206,1,07,000,00,2,4,01,B01
201800045206,1,07,000,00,2,4,01,C01
201800045207,2,33,000,00,2,3,03,A01
201800045207,2,07,000,00,2,6,01,B01
201800045208,1,33,000,00,0,8,03,A01
201800045208,1,07,000,00,0,0,12,B01
201800045209,1,07,000,04,2,2,00,A01
201800045209,1,14,000,00,2,2,02,B01
201800045210,2,17,000,00,2,7,12,A01
201800045210,2,07,000,00,2,2,01,C01
201800045210,2,07,000,00,2,8,01,B01
201800045211,2,10,000,00,2,1,02,A01
201800045211,2,07,000,00,2,4,02,B01
201800045212,1,32,000,00,2,1,03,A01
201800045212,1,07,000,00,2,5,01,B01
201800045213,2,33,000,00,2,7,03,A01
201800045213,2,17,000,00,2,8,01,B01
201800045214,1,15,000,00,2,4,23,A01
201800045214,1,07,000,01,0,1,01,B01
201800045215,1,07,000,04,0,2,12,A01
201800045216,2,37,001,00,2,8,11,A01
201800045216,2,33,000,00,2,7,01,B01
201800045217,1,07,000,00,2,8,13,A01
201800045217,1,33,000,00,2,7,01,B01
201800045218,1,07,000,00,2,4,02,C01
201800045218,1,07,000,00,2,1,01,A01
201800045218,1,10,000,00,2,4,02,B01
201800045219,1,07,000,00,6,1,01,A01
201800045220,2,07,000,00,2,2,01,C01
201800045220,2,07,000,00,2,3,01,B01
201800045220,2,17,000,00,2,2,12,A01
201800045221,2,31,000,00,0,7,21,A01
201800045222,2,07,000,00,2,4,02,A01
201800045222,2,07,000,00,2,1,02,B01
201800045222,2,07,000,00,2,1,02,C01
201800045222,2,10,000,00,2,1,02,D01
201800045222,2,07,000,00,2,1,02,E01
201800045222,2,07,000,00,2,1,02,F01
201800045223,2,07,000,00,2,1,02,A01
201800045223,2,07,000,00,2,4,02,B01
201800045224,2,33,000,00,2,7,21,A01
201800045224,2,07,000,00,2,8,11,B01
201800045225,1,34,000,00,2,1,02,A01
201800045225,1,07,000,00,2,8,13,B01
201800045226,2,07,000,00,2,6,11,B01
201800045226,2,33,000,00,2,0,03,A01
201800045227,1,31,000,00,2,1,11,A01
201800045227,1,07,000,00,2,4,02,B01
201800045228,2,07,000,03,0,1,14,A01
201800045229,1,17,000,00,2,6,02,B01
201800045229,1,07,000,00,2,2,02,A01
201800045230,1,07,000,13,0,9,01,A01
201800045231,1,07,000,00,2,1,01,B01
201800045231,1,07,000,03,2,4,02,A01
201800045232,1,07,000,00,2,5,02,B01
201800045232,1,07,000,00,2,8,02,C01
201800045232,1,33,000,00,2,0,03,A01
201800045233,2,10,000,00,2,1,01,A01
201800045233,2,07,000,00,2,4,02,B01
201800045234,2,07,000,00,1,2,12,A01
201800045235,2,07,000,04,0,3,13,A01
201800045236,1,10,000,00,2,1,12,A01
201800045236,1,07,000,00,2,8,02,B01
201800045236,1,07,000,00,2,4,02,C01
201800045237,2,07,000,00,2,1,00,Z01
201800045237,2,10,000,04,0,2,21,C01
201800045237,2,10,000,00,2,8,01,B01
201800045238,2,07,000,00,2,1,02,A01
201800045238,2,07,000,00,2,4,02,B01
201800045238,2,07,000,00,2,4,02,C01
201800045239,1,07,000,03,0,9,00,A01
201800045240,1,10,000,00,2,4,02,B01
201800045240,1,07,000,00,2,1,01,A01
201800045241,2,07,000,01,0,2,02,A01
201800045241,2,07,000,00,2,6,02,B01
201800045242,2,07,000,00,2,1,02,A01
201800045242,2,07,000,00,2,4,02,B01
201800045243,2,34,000,00,2,1,03,A01
201800045243,2,07,000,00,2,4,02,C01
201800045243,2,33,000,00,2,4,03,B01
201800045244,1,07,000,04,0,3,11,A01
201800045245,1,07,000,04,0,1,21,A01
201800045246,1,16,000,00,2,2,12,A01
201800045246,1,07,000,00,2,3,01,B01
201800045247,1,07,000,00,2,3,13,A01
201800045247,1,07,000,00,2,4,23,C01
201800045247,1,07,000,00,2,6,23,B01
201800045248,1,07,000,00,2,4,01,A01
201800045248,1,33,000,00,2,1,03,B01
201800045249,2,31,000,00,2,8,03,B01
201800045249,2,07,000,00,2,7,12,A01
201800045250,2,07,000,00,2,6,11,B01
201800045250,2,33,000,00,2,2,03,A01
201800045251,1,17,000,00,2,2,12,A01
201800045251,1,07,000,00,2,3,02,B01
201800045252,1,07,000,03,0,9,02,A01
201800045253,2,07,000,04,0,1,11,A01
201800045254,1,07,000,00,2,3,21,B01
201800045254,1,07,000,00,2,5,02,A01
201800045255,2,07,000,00,2,4,01,B01
201800045255,2,07,000,00,2,1,01,A01
201800045256,2,07,000,00,2,2,01,B01
201800045256,2,07,000,00,2,3,11,A01
201800045257,2,10,000,00,2,8,11,A01
201800045257,2,33,000,00,2,7,01,B01
201800045258,1,17,000,00,2,1,01,A01
201800045258,1,14,000,00,2,4,02,C01
201800045258,1,14,000,00,2,4,02,B01
201800045258,1,07,000,00,2,4,02,D01
201800045259,2,34,000,00,2,1,03,A01
201800045259,2,07,000,00,2,7,12,B01
201800045260,1,07,000,00,2,8,11,B01
201800045260,1,14,000,00,2,2,01,A01
201800045261,1,34,000,16,0,7,14,A01
201800045262,1,07,000,00,2,5,12,A01
201800045262,1,31,000,00,2,3,02,B01
201800045263,2,07,000,01,0,1,02,A01
201800045263,2,07,000,00,2,4,23,B01
201800045264,2,15,000,00,2,4,00,B01
201800045264,2,07,000,01,0,1,01,A01
201800045265,2,32,000,00,2,7,01,A01
201800045265,2,07,000,00,2,8,11,B01
201800045266,2,33,000,00,2,8,03,A01
201800045266,2,07,000,00,2,6,01,C01
201800045266,2,07,000,00,2,7,12,B01
201800045267,2,38,050,00,2,5,01,C01
201800045267,2,07,000,00,2,8,09,B01
201800045267,2,17,000,00,2,7,01,A01
201800045268,2,07,000,00,2,5,02,C01
201800045268,2,34,000,00,2,2,03,A01
201800045268,2,07,000,00,2,3,11,B01
201800045269,2,34,000,00,2,7,03,A01
201800045269,2,07,000,00,2,3,11,B01
201800045270,2,07,000,00,2,4,02,D01
201800045270,2,07,000,00,2,4,02,C01
201800045270,2,07,000,00,2,1,02,A01
201800045270,2,07,000,00,2,4,02,B01
201800045271,2,10,000,00,1,1,00,A01
201800045272,1,07,000,04,2,4,02,A01
201800045272,1,10,000,00,2,1,01,B01
201800045273,2,07,000,00,2,6,11,A01
201800045273,2,32,000,00,2,2,03,B01
201800045274,2,10,000,00,2,4,01,C01
201800045274,2,07,000,00,2,1,02,A01
201800045274,2,07,000,00,2,4,02,B01
201800045275,2,32,000,00,2,3,03,A01
201800045275,2,07,000,00,2,2,12,B01
201800045276,2,07,000,04,0,2,02,A01
201800045277,1,07,000,00,2,1,01,A01
201800045277,1,07,000,00,2,4,02,B01
201800045278,2,07,000,00,2,5,01,C01
201800045278,2,33,000,00,2,4,03,B01
201800045278,2,32,000,00,2,3,03,A01
201800045279,2,07,000,00,2,4,23,A01
201800045279,2,07,000,00,2,1,02,B01
201800045279,2,07,000,00,2,4,02,C01
201800045280,1,10,000,00,2,4,02,C01
201800045280,1,07,000,00,2,4,02,B01
201800045280,1,10,000,00,2,1,02,A01
201800045281,2,07,000,00,2,1,01,A01
201800045281,2,07,000,00,2,4,02,B01
201800045282,1,07,000,00,2,4,02,B01
201800045282,1,07,000,00,2,1,01,A01
201800045282,1,07,000,00,2,4,02,C01
201800045283,2,07,000,00,2,8,11,A01
201800045283,2,31,000,00,2,7,01,B01
201800045284,2,07,000,00,2,4,23,B01
201800045284,2,07,000,01,0,1,01,A01
201800045285,1,07,000,04,0,1,13,A01
201800045286,2,07,000,00,0,7,01,A01
201800045287,2,07,000,04,0,9,00,A01
201800045288,1,34,000,03,0,2,14,A01
201800045289,1,34,000,00,2,6,03,C01
201800045289,1,33,000,00,2,7,03,A01
201800045289,1,07,000,00,2,6,01,B01
201800045290,1,07,000,04,0,3,02,A01
201800045291,2,10,000,04,0,7,14,A01
201800045292,2,07,000,04,0,1,01,A01
201800045293,2,07,000,04,0,7,14,A01
201800045294,1,07,000,04,2,1,01,B01
201800045294,1,07,000,00,2,1,13,A01
201800045294,1,07,000,00,2,1,01,C01
201800045295,2,07,000,16,0,9,01,A01
201800045296,2,07,000,00,2,8,11,A01
201800045296,2,33,000,00,2,7,17,B01
201800045297,2,10,000,00,2,1,02,Z01
201800045297,2,07,000,00,2,4,02,A01
201800045298,1,07,000,00,2,4,02,A01
201800045298,1,07,000,00,2,1,01,B01
201800045299,1,33,000,13,0,1,12,A01
201800045300,1,07,000,00,2,4,02,B01
201800045300,1,17,000,00,2,1,02,A01
201800045301,2,15,000,00,2,3,01,B01
201800045301,2,07,000,00,2,9,12,A01
201800045302,1,07,000,00,2,4,02,B01
201800045302,1,10,000,00,2,1,01,A01
201800045303,2,07,000,00,2,1,02,A01
201800045303,2,07,000,00,2,4,02,B01
201800045303,2,10,000,00,2,4,02,C01
201800045304,2,07,000,00,2,7,12,A01
201800045304,2,32,000,00,2,8,03,B01
201800045305,1,34,000,00,2,7,03,A01
201800045305,1,07,000,00,2,8,11,B01
201800045306,2,30,000,00,0,0,00,A01
201800045307,2,07,000,00,2,8,11,B01
201800045307,2,32,000,00,2,8,03,A01
201800045308,2,07,000,00,2,6,11,A01
201800045308,2,33,000,00,2,1,03,B01
201800045309,2,33,000,03,0,1,02,A01
201800045310,1,32,000,00,2,1,03,A01
201800045310,1,07,000,00,2,4,01,B01
201800045311,2,33,000,00,2,1,03,A01
201800045311,2,07,000,00,2,6,11,B01
201800045312,1,07,000,00,2,1,02,A01
201800045312,1,07,000,00,2,4,02,B01
201800045312,1,07,000,00,2,4,02,C01
201800045313,2,07,000,00,2,1,02,C01
201800045313,2,07,000,00,2,1,01,A01
201800045313,2,07,000,00,2,4,02,D01
201800045313,2,07,000,00,2,1,02,B01
201800045314,2,17,000,04,2,1,21,A01
201800045314,2,99,000,00,2,0,00,Z01
201800045315,2,07,000,03,0,1,00,A01
201800045316,1,33,000,03,0,7,00,A01
201800045317,2,07,000,04,2,9,13,A01
201800045317,2,07,000,00,2,9,02,B01
201800045317,2,07,000,00,2,4,02,C01
201800045317,2,07,000,00,2,4,02,D01
201800045318,1,07,000,00,2,8,11,A01
201800045318,1,33,000,00,2,7,03,B01
201800045319,1,07,000,00,2,4,01,B01
201800045319,1,33,000,00,2,1,12,A01
201800045320,1,07,000,03,0,9,14,A01
201800045321,1,07,000,03,0,1,14,A01
201800045322,2,07,000,00,2,1,01,A01
201800045322,2,07,000,00,2,4,02,B01
201800045323,2,07,000,00,2,8,09,Z01
201800045323,2,07,000,00,2,2,01,B01
201800045324,1,07,000,04,0,8,21,A01
201800045325,2,10,000,00,1,2,21,A01
201800045326,1,07,000,11,0,2,14,A01
201800045327,1,07,000,00,2,4,02,A01
201800045327,1,07,000,00,2,1,02,B01
201800045328,2,07,000,00,2,4,02,B01
201800045328,2,33,000,00,2,1,03,C01
201800045328,2,07,000,14,2,1,01,A01
201800045329,2,07,000,00,2,4,02,B01
201800045329,2,10,000,00,2,1,01,A01
201800045330,1,10,000,01,0,3,21,A01
201800045331,1,33,000,00,0,0,03,A01
201800045332,1,34,000,00,2,1,02,A01
201800045332,1,10,000,00,2,4,02,B01
201800045333,2,14,000,00,2,2,12,A01
201800045333,2,07,000,00,2,3,01,B01
201800045334,2,07,000,00,2,4,02,B01
201800045334,2,07,000,00,2,4,02,C01
201800045334,2,16,000,00,2,1,01,A01
201800045335,2,07,000,00,2,7,12,A01
201800045335,2,07,000,00,2,4,02,C01
201800045335,2,32,000,00,2,3,03,B01
201800045336,2,07,000,00,2,4,02,B01
201800045336,2,07,000,00,2,1,02,A01
201800045337,1,07,000,03,0,2,01,A01
201800045338,1,31,000,00,2,1,03,A01
201800045338,1,10,000,00,2,5,02,B01
201800045338,1,17,000,00,2,8,02,C01
201800045339,2,33,000,00,2,3,03,A01
201800045339,2,10,000,00,2,7,12,B01
201800045339,2,07,000,00,2,6,01,C01
201800045340,1,33,000,00,2,3,01,B01
201800045340,1,07,000,00,2,2,12,A01
201800045341,1,02,000,00,0,1,01,A01
201800045342,1,07,000,00,2,1,02,B01
201800045342,1,07,000,00,2,4,02,A01
201800045343,2,07,000,00,2,5,12,A01
201800045343,2,34,000,00,2,8,03,B01
201800045344,2,33,000,00,2,8,03,B01
201800045344,2,07,000,00,2,7,12,A01
201800045345,2,07,000,04,0,1,09,A01
201800045346,1,33,000,00,2,1,02,B01
201800045346,1,07,000,00,2,5,01,A01
201800045347,2,33,000,00,2,8,03,A01
201800045347,2,07,000,00,2,7,12,Z01
201800045348,1,33,000,00,0,1,03,A01
201800045349,1,34,000,00,2,1,01,A01
201800045349,1,07,000,00,2,5,12,B01
201800045350,2,07,000,01,0,3,21,A01
201800045350,2,07,000,00,2,5,23,B01
201800045351,2,33,000,00,2,1,03,A01
201800045351,2,07,000,00,2,3,00,B01
201800045352,2,07,000,00,2,5,02,C01
201800045352,2,33,000,00,2,1,03,A01
201800045352,2,07,000,00,2,3,02,B01
201800045353,2,07,000,00,2,0,00,Z01
201800045353,2,33,000,00,2,0,03,A01
201800045354,1,10,000,00,2,1,01,A01
201800045354,1,07,000,00,2,4,02,B01
201800045355,2,33,000,00,2,7,03,A01
201800045355,2,07,000,00,2,8,01,B01
201800045356,2,07,000,00,2,5,01,D01
201800045356,2,33,000,00,2,1,03,B01
201800045356,2,07,000,00,2,5,12,A01
201800045356,2,10,000,00,2,3,01,C01
201800045357,2,10,000,01,1,2,21,D01
201800045357,2,07,000,00,2,4,01,A01
201800045357,2,07,000,01,0,3,21,C01
201800045358,2,07,000,03,0,2,14,A01
201800045359,1,07,000,06,0,1,21,A01
201800045360,1,07,000,00,2,6,23,A01
201800045360,1,07,000,01,0,2,01,B01
201800045361,2,33,000,00,0,7,21,A01
201800045362,1,07,000,00,2,4,23,B01
201800045362,1,34,000,01,0,1,02,A01
201800045363,1,07,000,00,2,4,02,B01
201800045363,1,07,000,00,2,1,01,A01
201800045363,1,07,000,00,2,4,02,C01
201800045364,1,33,000,00,2,1,01,A01
201800045364,1,07,000,00,2,4,11,B01
201800045365,2,33,000,00,2,7,02,B01
201800045365,2,07,000,00,2,6,11,A01
201800045366,1,16,000,00,2,2,12,A01
201800045366,1,07,000,00,2,6,01,B01
201800045367,1,07,000,04,0,2,00,A01
201800045368,2,07,000,00,2,1,02,Z01
201800045368,2,10,000,00,2,4,02,B01
201800045369,2,07,000,00,2,2,06,A01
201800045369,2,33,000,00,2,8,01,B01
201800045370,1,07,000,00,0,9,01,A01
201800045371,1,07,000,00,2,2,02,C01
201800045371,1,37,001,00,2,4,02,D01
201800045371,1,14,000,00,2,1,02,A01
201800045371,1,14,000,00,2,4,02,B01
201800045372,2,31,000,00,2,1,03,A01
201800045372,2,07,000,00,2,4,12,B01
201800045373,2,07,000,00,2,4,02,B01
201800045373,2,33,000,00,2,1,02,A01
201800045373,2,10,000,00,2,4,02,C01
201800045374,1,33,000,00,0,8,01,A01
201800045375,2,07,000,00,2,4,02,B01
201800045375,2,07,000,00,2,1,01,A01
201800045376,1,07,000,04,0,1,21,A01
201800045377,2,07,000,03,2,4,01,A01
201800045377,2,07,000,00,2,2,12,B01
201800045378,1,10,000,00,2,4,02,B01
201800045378,1,07,000,00,2,1,02,A01
201800045379,2,07,000,00,2,1,02,A01
201800045379,2,07,000,00,2,4,02,B01
201800045380,2,07,000,00,2,8,00,B01
201800045380,2,34,000,00,2,2,03,A01
201800045381,2,17,000,00,2,2,12,B01
201800045381,2,07,000,00,2,6,02,D01
201800045381,2,07,000,00,2,1,01,C01
201800045381,2,07,000,00,2,8,02,A01
201800045382,2,10,000,00,2,1,01,A01
201800045382,2,07,000,00,2,4,02,B01
201800045383,2,07,000,04,0,1,14,A01
201800045384,1,07,000,04,2,1,14,A01
201800045384,1,07,000,00,2,7,11,B01
201800045385,1,10,000,04,2,4,02,A01
201800045385,1,10,000,04,2,1,01,B01
201800045386,2,07,000,04,0,1,14,A01
201800045387,2,07,000,00,2,4,02,B01
201800045387,2,07,000,00,2,5,02,C01
201800045387,2,32,000,00,2,1,01,A01
201800045388,2,07,000,03,0,2,14,A01
201800045389,1,10,000,00,2,4,02,C01
201800045389,1,10,000,00,2,1,02,A01
201800045389,1,07,000,00,2,4,02,B01
201800045390,2,07,000,00,2,6,11,B01
201800045390,2,33,000,00,2,7,01,A01
201800045391,2,10,000,00,2,6,02,B01
201800045391,2,16,000,00,2,7,02,C01
201800045391,2,33,000,00,2,1,02,A01
201800045392,1,07,000,04,0,1,02,A01
201800045393,2,33,000,00,0,1,02,A01
201800045394,2,32,000,00,2,1,02,B01
201800045394,2,07,000,00,2,6,02,A01
201800045395,2,33,000,04,0,7,00,A01
201800045396,1,07,000,04,0,2,01,A01
201800045397,2,07,000,04,0,3,01,A01
201800045398,1,07,000,00,2,1,01,A01
201800045398,1,07,000,00,2,4,02,B01
201800045399,2,07,000,04,0,1,00,A01
201800045400,2,07,000,04,0,2,14,A01
201800045401,2,07,000,00,2,7,12,A01
201800045401,2,17,000,00,2,8,01,C01
201800045401,2,33,000,00,2,9,03,B01
201800045402,1,07,000,00,2,2,01,A01
201800045402,1,07,000,14,2,8,11,B01
201800045403,1,07,000,04,0,1,14,A01
201800045404,2,07,000,03,0,3,00,A01
201800045405,1,07,000,00,2,2,14,A01
201800045405,1,07,000,00,2,6,01,B01
201800045406,1,07,000,00,2,5,12,A01
201800045406,1,33,000,00,2,3,01,B01
201800045407,1,10,000,00,2,5,02,B01
201800045407,1,07,000,00,2,3,11,A01
201800045407,1,10,000,00,2,4,02,C01
201800045408,1,10,000,00,2,1,01,Z01
201800045408,1,10,000,00,2,4,02,A01
201800045409,1,07,000,00,2,4,02,B01
201800045409,1,99,000,00,2,3,02,A01
201800045410,1,07,000,00,2,5,23,C01
201800045410,1,07,000,00,2,4,23,B01
201800045410,1,07,000,00,2,1,02,Z01
201800045411,2,07,000,00,2,4,02,B01
201800045411,2,10,000,00,2,1,02,A01
201800045411,2,07,000,00,2,4,02,C01
201800045412,1,07,000,00,2,1,02,A01
201800045412,1,07,000,00,2,4,02,C01
201800045412,1,07,000,00,2,4,02,B01
201800045413,1,07,000,03,0,3,13,A01
201800045414,1,07,000,00,2,1,02,A01
201800045414,1,10,000,00,2,4,02,C01
201800045414,1,07,000,00,2,4,02,B01
201800045415,2,07,000,00,2,1,01,A01
201800045415,2,07,000,00,2,4,02,B01
201800045415,2,07,000,00,2,4,02,C01
201800045416,2,07,000,00,2,1,02,A01
201800045416,2,07,000,00,2,4,02,B01
201800045416,2,07,000,00,2,4,02,C01
201800045416,2,07,000,00,2,4,02,D01
201800045417,2,38,001,00,2,1,01,A01
201800045417,2,07,000,00,2,4,02,B01
201800045417,2,07,000,00,2,4,02,C01
201800045418,2,33,000,00,0,0,01,A01
201800045419,1,33,000,14,0,8,00,A01
201800045420,1,07,000,00,2,6,01,B01
201800045420,1,17,000,00,2,2,12,A01
201800045421,2,33,000,00,2,1,03,A01
201800045421,2,07,000,00,2,2,12,B01
201800045422,1,07,000,03,0,1,01,A01
201800045423,1,07,000,04,0,2,15,A01
201800045424,2,07,000,00,2,0,00,A01
201800045424,2,33,000,00,2,0,00,B01
201800045425,1,07,000,00,2,5,12,B01
201800045425,1,33,000,00,2,3,18,A01
201800045426,1,07,000,00,2,1,01,A01
201800045426,1,07,000,00,2,4,02,B01
201800045426,1,10,000,00,2,4,02,C01
201800045426,1,07,000,00,2,4,02,D01
201800045427,1,07,000,00,2,4,01,B01
201800045427,1,07,000,00,2,1,14,A01
201800045427,1,07,000,00,2,6,01,C01
201800045428,2,07,000,00,2,1,01,A01
201800045428,2,07,000,00,2,4,02,B01
201800045429,2,14,000,00,2,6,02,D01
201800045429,2,07,000,00,2,8,11,B01
201800045429,2,07,000,00,2,5,02,C01
201800045429,2,33,000,00,2,7,03,A01
201800045430,2,07,000,00,2,7,12,A01
201800045430,2,33,000,00,2,8,02,B01
201800045431,2,07,000,04,0,6,01,A01
201800045432,2,07,000,00,2,4,02,B01
201800045432,2,10,000,00,2,1,01,A01
201800045433,1,33,000,04,0,1,14,A01
201800045434,1,16,000,00,2,1,01,A01
201800045434,1,10,000,00,2,4,02,B01
201800045435,2,07,000,00,2,1,02,A01
201800045435,2,10,000,00,2,4,01,B01
201800045435,2,10,000,00,2,4,01,C01
201800045436,1,07,000,00,2,4,02,A01
201800045436,1,07,000,00,2,1,02,B01
201800045437,2,07,000,04,0,3,13,A01
201800045438,1,07,000,04,0,1,01,A01
201800045439,1,07,000,04,0,1,01,A01
201800045440,2,10,000,00,2,1,01,B01
201800045440,2,07,000,04,2,1,01,A01
201800045441,1,07,000,04,0,3,01,A01
201800045442,2,07,000,04,0,3,00,A01
201800045443,2,10,000,00,2,3,12,A01
201800045443,2,07,000,03,2,5,01,B01
201800045444,2,07,000,04,0,9,01,A01
201800045445,2,07,000,03,0,2,00,A01
201800045446,2,07,000,04,0,3,02,A01
201800045447,1,07,000,04,0,3,11,A01
201800045448,1,07,000,04,0,9,01,A01
201800045449,2,31,000,00,2,3,03,A01
201800045450,2,07,000,04,0,1,01,A01
201800045451,1,07,000,04,0,4,02,A01
201800045452,2,32,000,00,2,8,03,B01
201800045452,2,07,000,00,2,7,12,A01
201800045453,1,31,000,03,0,7,01,A01
201800045454,2,10,000,00,2,5,13,A01
201800045454,2,33,000,00,2,8,18,B01
201800045455,2,17,000,00,2,4,02,A01
201800045455,2,10,000,00,2,4,02,C01
201800045455,2,07,000,00,2,4,02,B01
201800045455,2,07,000,00,2,1,02,D01
201800045456,2,10,000,04,2,1,02,A01
201800045456,2,17,000,00,2,4,02,C01
201800045456,2,14,000,00,2,5,02,B01
201800045457,2,33,000,00,2,1,03,B01
201800045457,2,07,000,00,2,8,11,A01
201800045458,1,33,000,14,0,7,02,A01
201800045459,2,33,000,00,2,1,02,A01
201800045459,2,07,000,00,2,4,23,B01
201800045460,2,07,000,00,2,1,02,A01
201800045460,2,07,000,00,2,4,02,B01
201800045461,2,07,000,00,2,5,12,B01
201800045461,2,33,000,00,2,3,03,A01
201800045462,1,34,000,00,2,1,12,A01
201800045462,1,07,000,00,2,5,01,B01
201800045463,1,07,000,04,0,3,01,A01
201800045464,1,07,000,00,2,4,12,B01
201800045464,1,33,000,00,2,1,03,A01
201800045465,2,33,000,00,2,4,00,A01
201800045465,2,07,000,00,2,1,00,Z01
201800045466,2,07,000,04,0,9,01,A01
201800045467,1,07,000,00,2,4,02,B01
201800045467,1,07,000,00,2,4,21,A01
201800045468,1,07,000,04,0,1,01,A01
201800045469,2,07,000,01,0,1,01,B01
201800045469,2,07,000,00,2,8,23,A01
201800045470,1,07,000,00,2,4,02,B01
201800045470,1,07,000,00,2,1,02,A01
201800045471,1,07,000,03,0,1,01,A01
201800045472,1,33,000,00,2,1,01,D01
201800045472,1,07,000,00,2,1,01,A01
201800045472,1,07,000,00,2,4,02,C01
201800045472,1,07,000,00,2,4,02,B01
201800045473,1,07,000,00,2,4,02,B01
201800045473,1,10,000,00,2,1,01,A01
201800045474,1,07,000,00,2,7,12,A01
201800045474,1,33,000,00,2,8,03,B01
201800045475,2,07,000,00,2,4,00,B01
201800045475,2,07,000,00,2,1,00,A01
201800045476,1,07,000,00,2,5,02,A01
201800045476,1,10,000,00,2,0,00,Z01
201800045477,1,07,000,00,2,5,02,B01
201800045477,1,33,000,00,2,1,01,A01
201800045478,1,07,000,00,2,4,12,A01
201800045478,1,33,000,00,2,1,01,B01
201800045479,2,07,000,00,2,1,01,B01
201800045479,2,10,000,00,2,4,02,A01
201800045480,2,31,000,00,2,7,03,A01
201800045480,2,07,000,00,2,8,11,B01
201800045481,2,10,000,01,0,2,12,B01
201800045481,2,10,000,00,2,6,23,A01
201800045482,1,33,000,00,2,2,02,A01
201800045482,1,07,000,00,2,3,02,B01
201800045483,2,07,000,03,0,1,01,A01
201800045484,1,07,000,04,0,3,11,A01
201800045485,1,07,000,00,2,7,12,A01
201800045485,1,32,000,00,2,8,03,B01
201800045486,2,07,000,04,0,1,02,A01
201800045487,2,07,000,00,2,4,02,C01
201800045487,2,07,000,00,2,4,02,B01
201800045487,2,07,000,00,2,1,01,A01
201800045488,2,07,000,00,2,2,01,B01
201800045488,2,07,000,00,2,1,18,A01
201800045489,1,07,000,02,0,0,01,A01
201800045490,1,07,000,00,2,4,02,A01
201800045490,1,10,000,00,2,1,01,B01
201800045491,1,07,000,04,0,0,00,A01
201800045492,2,33,000,04,0,3,13,A01
201800045493,1,07,000,00,2,5,02,C01
201800045493,1,07,000,00,2,1,02,A01
201800045493,1,07,000,00,2,4,02,B01
201800045494,2,07,000,01,2,8,13,C01
201800045494,2,07,000,01,2,7,01,A01
201800045494,2,07,000,00,2,1,23,B01
201800045495,2,07,000,00,2,4,01,B01
201800045495,2,10,000,04,2,1,01,A01
201800045496,2,07,000,04,0,2,01,A01
201800045497,1,32,000,16,0,3,13,A01
201800045498,1,07,000,03,0,1,01,A01
201800045499,2,07,000,00,0,1,01,A01
201800045500,2,33,000,00,2,7,03,A01
201800045500,2,15,000,00,2,8,01,B01
201800045501,2,07,000,04,0,1,01,A01
201800045502,1,10,000,04,0,2,13,A01
201800045503,2,07,000,04,0,3,01,A01
201800045504,2,07,000,03,0,1,15,A01
201800045505,2,33,000,00,2,1,13,A01
201800045505,2,07,000,00,2,4,01,B01
201800045506,2,07,000,00,2,4,02,B01
201800045506,2,07,000,00,2,1,01,A01
201800045507,1,32,000,00,2,1,02,A01
201800045507,1,07,000,00,2,4,02,B01
201800045508,2,10,000,04,0,2,14,A01
201800045509,1,33,000,00,2,2,12,A01
201800045509,1,07,000,00,2,6,01,B01
201800045510,1,07,000,00,2,7,12,Z01
201800045510,1,33,000,00,2,8,03,A01
201800045510,1,07,000,00,2,6,01,B01
201800045511,1,15,000,00,2,1,01,A01
201800045511,1,17,000,00,2,4,02,B01
201800045512,2,07,000,00,2,3,01,B01
201800045512,2,14,000,00,2,2,14,A01
201800045513,2,07,000,00,2,4,02,B01
201800045513,2,34,000,00,2,1,02,A01