Num_Acc,senc,catv,occutc,obs,obsm,choc,manv,num_veh
201800045846,1,07,000,00,2,4,01,B01
201800045846,1,07,000,00,2,1,01,C01
201800045847,1,34,000,00,2,1,00,A01
201800045847,2,07,000,00,2,4,00,B01
201800045848,1,07,000,00,2,2,12,A01
201800045848,1,33,000,00,2,1,03,B01
201800045849,1,31,000,00,0,7,01,A01
201800045850,1,33,000,00,2,1,02,A01
201800045850,1,07,000,00,2,4,02,B01
201800045851,2,07,000,05,0,1,01,A01
201800045852,2,14,000,00,2,1,00,A01
201800045852,2,07,000,00,2,1,00,B01
201800045852,2,07,000,00,2,4,00,C01
201800045853,1,33,000,00,0,0,00,A01
201800045853,1,33,000,00,0,0,00,B01
201800045854,1,07,000,00,2,1,02,A01
201800045854,2,07,000,00,2,4,02,B01
201800045855,2,07,000,00,6,1,01,C01
201800045855,2,07,000,00,2,1,02,A01
201800045855,2,14,000,00,2,4,01,B01
201800045856,2,33,000,00,2,4,02,A01
201800045856,2,07,000,00,2,4,02,B01
201800045856,2,33,000,00,2,0,21,C01
201800045857,2,33,000,04,0,3,02,A01
201800045858,0,31,000,00,2,1,02,A01
201800045859,2,31,000,00,0,3,00,A01
201800045860,2,10,000,04,0,0,11,A01
201800045861,2,33,000,00,2,3,01,A01
201800045861,2,33,000,00,2,2,12,B01
201800045862,0,07,000,06,0,7,01,A01
201800045863,1,07,000,00,2,3,11,A01
201800045863,1,07,000,00,2,5,01,B01
201800045864,1,07,000,00,2,3,11,A01
201800045864,1,07,000,00,2,7,01,B01
201800045864,1,07,000,00,2,5,01,C01
201800045865,1,07,000,00,2,1,02,A01
201800045865,1,07,000,00,2,4,02,B01
201800045866,1,33,000,00,0,7,01,A01
201800045867,2,10,000,03,0,1,13,A01
201800045868,2,07,000,03,0,7,01,B01
201800045868,2,07,000,03,0,1,09,A01
201800045868,2,07,000,03,0,2,02,C01
201800045869,2,10,000,14,0,2,00,A01
201800045870,2,31,000,00,2,2,02,A01
201800045870,2,32,000,00,2,4,01,B01
201800045871,1,07,000,06,0,1,00,B01
201800045872,1,07,000,00,2,1,01,A01
201800045872,1,07,000,00,2,4,01,B01
201800045873,1,07,000,04,0,1,01,A01
201800045874,2,33,000,00,2,3,00,B01
201800045874,2,07,000,00,2,5,12,A01
201800045875,2,07,000,00,2,4,02,C01
201800045875,2,07,000,00,2,1,02,A01
201800045875,2,07,000,00,2,4,02,B01
201800045876,2,10,000,03,0,2,21,A01
201800045877,2,33,000,00,2,1,12,A01
201800045877,2,10,000,00,2,5,23,B01
201800045878,1,31,000,00,2,1,03,A01
201800045878,1,07,000,00,2,6,11,B01
201800045879,1,33,000,00,2,2,03,B01
201800045879,2,07,000,00,0,3,11,A01
201800045880,2,33,000,00,0,0,02,A01
201800045881,2,10,000,00,2,1,02,A01
201800045881,2,07,000,00,2,4,23,B01
201800045882,2,33,000,00,2,2,03,A01
201800045882,2,07,000,00,2,6,12,B01
201800045883,2,07,000,00,2,6,11,A01
201800045883,2,33,000,00,2,1,03,B01
201800045884,2,07,000,00,2,1,01,A01
201800045884,2,07,000,00,2,4,01,B01
201800045884,2,07,000,00,2,4,01,C01
201800045885,2,07,000,00,2,3,11,A01
201800045885,2,31,000,00,2,2,03,B01
201800045886,1,07,000,00,2,1,02,A01
201800045886,1,07,000,00,2,4,02,B01
201800045886,1,07,000,00,2,4,02,C01
201800045887,1,10,000,00,2,3,11,A01
201800045887,1,33,000,00,2,2,12,B01
201800045888,1,33,000,00,2,1,00,A01
201800045888,1,07,000,00,2,6,01,B01
201800045889,1,33,000,00,2,1,03,A01
201800045889,1,10,000,00,2,5,01,B01
201800045890,2,07,000,11,0,1,01,A01
201800045891,2,10,000,00,2,7,00,A01
201800045891,2,33,000,00,2,8,03,B01
201800045891,2,10,000,00,2,4,02,C01
201800045892,1,07,000,00,2,1,01,A01
201800045892,1,07,000,00,2,4,01,B01
201800045893,1,07,000,00,2,7,12,A01
201800045893,1,33,000,00,2,8,03,B01
201800045894,1,10,000,00,2,1,01,A01
201800045894,1,10,000,00,2,4,00,B01
201800045895,2,10,000,00,2,2,01,B01
201800045895,2,07,000,00,2,3,11,A01
201800045896,1,10,000,04,0,8,11,A01
201800045897,2,07,000,00,2,1,02,A01
201800045897,2,07,000,00,2,4,02,B01
201800045898,2,07,000,00,2,3,01,B01
201800045898,2,07,000,00,2,7,01,C01
201800045898,2,07,000,00,2,5,12,A01
201800045899,2,10,000,00,2,1,01,A01
201800045899,2,07,000,00,2,4,01,B01
201800045899,2,07,000,00,2,4,01,C01
201800045900,2,07,000,03,0,1,14,A01
201800045901,1,07,000,00,2,1,02,A01
201800045901,1,07,000,00,2,4,02,B01
201800045902,2,07,000,03,0,1,01,A01
201800045903,1,07,000,00,2,2,14,A01
201800045903,1,33,000,00,2,1,01,B01
201800045903,1,07,000,00,2,0,00,C01
201800045904,1,10,000,00,2,1,00,A01
201800045904,1,10,000,00,6,4,00,B01
201800045905,2,34,000,00,2,7,01,B01
201800045905,2,99,000,00,2,1,19,Z01
201800045906,1,07,000,03,2,3,14,A01
201800045906,1,10,000,00,2,2,01,B01
201800045907,2,32,000,00,2,7,03,B01
201800045907,2,07,000,00,2,3,11,A01
201800045908,1,07,000,00,2,1,02,A01
201800045908,1,07,000,00,2,4,02,B01
201800045908,1,07,000,00,2,4,02,C01
201800045908,1,07,000,00,2,4,02,D01
201800045909,2,07,000,00,2,6,11,A01
201800045909,2,33,000,00,2,2,03,B01
201800045909,2,07,000,00,2,8,01,C01
201800045910,1,33,000,00,2,5,12,A01
201800045910,1,33,000,00,2,3,03,B01
201800045910,1,07,000,00,2,7,01,C01
201800045911,1,07,000,00,6,1,01,A01
201800045912,1,07,000,00,2,2,01,A01
201800045913,2,07,000,04,0,8,13,A01
201800045914,2,33,000,00,2,3,03,A01
201800045914,2,10,000,00,2,5,14,B01
201800045915,2,07,000,00,2,1,02,A01
201800045915,2,33,000,00,2,4,02,B01
201800045916,1,10,000,00,2,2,00,A01
201800045916,1,10,000,04,2,6,00,B01
201800045917,2,33,000,00,2,3,03,A01
201800045917,2,07,000,00,2,2,12,B01
201800045918,2,07,000,00,2,8,09,A01
201800045918,2,31,000,00,2,2,01,B01
201800045919,2,33,000,00,2,1,02,A01
201800045919,2,07,000,00,2,4,02,B01
201800045920,1,15,000,00,2,2,12,A01
201800045920,1,07,000,00,2,6,01,B01
201800045921,1,34,000,00,2,2,03,A01
201800045921,1,07,000,00,2,6,11,B01
201800045922,2,31,000,00,2,3,03,A01
201800045922,2,07,000,00,2,7,01,B01
201800045923,1,07,000,00,2,2,11,B01
201800045923,1,07,000,00,2,5,12,A01
201800045924,1,33,000,12,0,8,17,A01
201800045924,1,07,000,00,0,0,01,T01
201800045925,1,07,000,00,2,4,02,B01
201800045925,1,07,000,00,2,1,02,A01
201800045926,1,10,000,00,2,2,14,A01
201800045926,1,10,000,00,2,8,01,B01
201800045927,1,07,000,00,2,6,11,A01
201800045927,1,07,000,00,2,2,01,B01
201800045927,1,33,000,00,2,1,01,C01
201800045928,2,07,000,13,0,9,01,A01
201800045929,1,07,000,00,2,1,02,C01
201800045929,1,07,000,00,2,1,02,B01
201800045929,1,07,000,00,2,4,00,A01
201800045930,2,10,000,00,2,3,02,A01
201800045930,2,10,000,00,2,5,01,B01
201800045931,1,07,000,04,0,3,02,A01
201800045932,2,33,000,00,0,0,01,A01
201800045933,2,07,000,06,6,8,17,B01
201800045933,1,14,000,04,0,3,19,A01
201800045934,1,07,000,04,0,1,16,A01
201800045935,2,07,000,00,2,1,01,A01
201800045935,2,07,000,00,2,4,01,B01
201800045936,0,07,000,00,0,1,02,A01
201800045937,2,15,000,00,2,0,00,Z01
201800045937,2,07,000,00,2,6,01,A01
201800045938,1,17,000,00,2,0,00,B01
201800045938,1,16,000,00,2,1,01,A01
201800045939,1,07,000,00,2,0,00,A01
201800045939,1,07,000,00,2,5,00,B01
201800045940,2,07,000,00,2,3,11,A01
201800045940,2,33,000,00,2,7,03,B01
201800045941,1,07,000,00,0,2,21,A01
201800045942,2,07,000,00,2,4,02,B01
201800045942,2,07,000,00,2,1,02,A01
201800045942,2,07,000,00,2,4,02,C01
201800045943,1,07,000,06,0,3,13,A01
201800045944,2,15,000,00,2,2,02,A01
201800045944,2,10,000,00,2,4,02,C01
201800045944,2,07,000,00,2,5,02,B01
201800045945,1,07,000,00,2,6,00,B01
201800045945,1,31,000,00,2,2,02,A01
201800045946,2,07,000,00,2,4,02,C01
201800045946,2,13,000,00,2,4,02,B01
201800045946,2,10,000,00,2,1,02,A01
201800045947,2,07,000,04,0,9,00,A01
201800045948,2,33,000,03,0,1,16,A01
201800045949,1,07,000,00,2,1,01,A01
201800045949,1,07,000,00,2,4,01,B01
201800045949,1,07,000,00,2,4,01,C01
201800045949,1,07,000,00,2,4,01,D01
201800045949,1,07,000,00,2,4,01,E01
201800045950,2,07,000,00,2,2,02,A01
201800045950,2,07,000,00,2,1,02,B01
201800045950,2,07,000,00,2,4,02,C01
201800045951,2,07,000,00,2,1,02,A01
201800045951,2,10,000,00,2,4,01,B01
201800045952,2,07,000,00,2,6,12,A01
201800045952,2,31,000,00,2,1,03,B01
201800045953,2,31,000,00,2,1,02,A01
201800045953,2,07,000,00,2,4,00,B01
201800045954,2,07,000,04,0,2,01,A01
201800045955,2,07,000,00,2,4,01,C01
201800045955,2,07,000,00,2,4,01,E01
201800045955,2,07,000,00,2,4,01,D01
201800045955,2,07,000,00,2,4,01,B01
201800045955,2,10,000,00,2,1,01,A01
201800045956,2,34,000,00,2,1,03,A01
201800045956,2,07,000,00,2,4,01,B01
201800045957,1,31,000,00,2,2,03,A01
201800045957,1,07,000,00,2,6,01,B01
201800045958,2,33,000,00,2,5,12,A01
201800045958,2,07,000,00,2,1,03,B01
201800045959,1,10,000,00,2,1,02,A01
201800045959,1,07,000,00,2,1,02,B01
201800045959,1,10,000,00,2,4,02,C01
201800045960,1,07,000,00,2,4,01,C01
201800045960,1,07,000,00,2,4,01,B01
201800045960,1,07,000,00,2,1,01,A01
201800045961,1,33,000,14,0,7,01,A01
201800045962,2,07,000,03,0,8,01,A01
201800045963,2,07,000,00,2,4,01,E01
201800045963,2,07,000,00,2,1,00,D01
201800045963,2,07,000,00,2,4,01,C01
201800045963,2,07,000,00,2,1,01,A01
201800045963,2,07,000,00,2,4,01,B01
201800045964,2,07,000,00,2,8,23,B01
201800045964,2,33,000,00,2,1,03,A01
201800045964,2,07,000,00,2,7,23,E01
201800045964,2,07,000,00,2,8,23,D01
201800045965,2,07,000,04,0,2,01,A01
201800045966,2,07,000,00,2,5,14,A01
201800045966,2,34,000,00,2,2,03,B01
201800045967,2,07,000,00,2,1,00,A01
201800045967,1,07,000,00,2,4,00,B01
201800045968,2,17,000,01,0,0,00,Z01
201800045968,2,07,000,00,2,8,23,B01
201800045969,1,10,000,00,2,1,03,A01
201800045969,1,07,000,00,2,8,11,B01
201800045970,1,07,000,00,2,6,02,B01
201800045970,1,07,000,00,2,4,00,C01
201800045970,1,10,000,00,2,1,02,A01
201800045970,1,07,000,00,2,0,00,D01
201800045971,2,07,000,00,2,1,02,A01
201800045971,2,07,000,00,2,4,02,B01
201800045972,1,07,000,00,2,5,12,A01
201800045972,1,07,000,00,2,3,02,B01
201800045973,2,33,000,00,2,3,01,B01
201800045973,2,07,000,00,2,7,12,A01
201800045974,2,07,000,00,2,1,02,A01
201800045974,2,07,000,00,2,4,02,B01
201800045975,0,33,000,00,0,8,00,A01
201800045976,2,33,000,00,2,0,00,B01
201800045976,2,07,000,00,2,0,00,C01
201800045976,2,10,000,00,2,0,00,D01
201800045976,2,07,000,00,2,1,00,A01
201800045977,1,31,000,00,2,0,03,B01
201800045977,1,07,000,00,2,8,11,A01
201800045978,2,10,000,00,2,1,02,A01
201800045978,2,10,000,00,2,4,02,B01
201800045978,2,07,000,00,2,0,00,C01
201800045979,1,07,000,00,2,1,02,A01
201800045979,1,07,000,00,2,4,02,B01
201800045980,2,07,000,00,2,1,02,A01
201800045980,2,07,000,00,2,4,00,C01
201800045980,2,07,000,00,2,4,02,B01
201800045981,2,07,000,00,2,1,00,A01
201800045981,2,07,000,00,2,0,00,B01
201800045982,2,32,000,00,0,8,00,A01
201800045983,1,33,000,00,0,2,21,A01
201800045984,1,07,000,00,2,1,02,A01
201800045984,1,07,000,00,2,1,02,B01
201800045984,1,07,000,00,2,1,02,C01
201800045984,1,07,000,00,2,4,02,D01
201800045985,1,07,000,00,2,1,01,A01
201800045985,1,10,000,00,2,4,01,B01
201800045985,1,07,000,00,2,4,02,C01
201800045985,1,07,000,00,2,4,02,D01
201800045986,2,07,000,03,0,2,14,A01
201800045986,2,33,000,00,2,1,01,B01
201800045987,1,33,000,00,2,1,02,A01
201800045987,1,07,000,00,2,4,02,B01
201800045988,2,33,000,00,2,3,03,B01
201800045988,2,07,000,00,2,2,14,A01
201800045989,2,31,000,00,2,8,02,B01
201800045989,2,10,000,00,2,8,11,A01
201800045990,2,33,000,00,0,5,02,A01
201800045991,1,33,000,00,2,1,02,A01
201800045991,1,07,000,00,2,6,02,B01
201800045991,1,07,000,00,2,1,02,C01
201800045991,1,07,000,00,2,1,02,D01
201800045991,1,07,000,00,2,1,02,E01
201800045992,1,07,000,00,2,0,14,A01
201800045992,1,33,000,00,2,7,01,B01
201800045993,2,07,000,00,2,1,02,A01
201800045993,2,07,000,00,2,4,02,B01
201800045993,2,07,000,00,2,6,02,C01
201800045994,1,07,000,00,2,1,02,A01
201800045994,1,07,000,00,2,4,00,B01
201800045995,1,07,000,00,2,1,02,A01
201800045995,1,07,000,00,2,4,00,B01
201800045996,1,33,000,00,2,1,03,B01
201800045996,1,07,000,00,2,4,12,A01
201800045997,2,07,000,03,2,1,02,B01
201800045997,2,07,000,03,2,4,02,A01
201800045998,1,07,000,00,2,4,02,B01
201800045998,1,07,000,00,2,1,02,A01
201800045998,1,07,000,00,2,2,02,C01
201800045999,2,07,000,00,2,3,14,A01
201800045999,2,07,000,00,2,6,01,B01
201800046000,1,07,000,03,0,1,13,A01
201800046001,2,10,000,10,2,3,13,A01
201800046001,2,33,000,10,2,1,01,B01
201800046002,1,14,000,00,2,5,02,B01
201800046002,1,07,000,00,2,3,01,A01
201800046003,2,07,000,00,2,1,01,A01
201800046003,2,07,000,00,2,4,01,B01
201800046004,1,07,000,00,2,4,02,B01
201800046004,1,07,000,00,2,1,02,A01
201800046005,2,07,000,03,0,1,01,A01
201800046006,1,07,000,05,0,6,23,A01
201800046006,1,10,000,00,2,2,21,B01
201800046007,2,07,000,00,2,0,00,A01
201800046008,1,07,000,00,2,2,12,A01
201800046008,1,33,000,00,2,1,03,B01
201800046009,2,07,000,00,2,1,02,A01
201800046009,2,07,000,00,2,4,02,B01
201800046010,1,07,000,00,2,3,02,A01
201800046010,1,07,000,00,2,5,02,B01
201800046011,0,07,000,00,2,1,01,A01
201800046011,0,07,000,00,2,4,01,B01
201800046012,2,07,000,00,2,4,02,B01
201800046012,2,07,000,00,2,1,02,A01
201800046013,2,33,000,00,2,8,11,A01
201800046013,2,17,000,00,2,2,01,B01
201800046014,1,07,000,00,2,6,01,B01
201800046014,1,33,000,00,2,2,03,A01
201800046015,1,33,000,00,0,3,00,A01
201800046016,2,07,000,00,2,5,01,C01
201800046016,2,33,000,00,2,1,01,A01
201800046016,2,07,000,00,2,4,01,B01
201800046017,1,33,000,00,2,1,03,A01
201800046017,1,07,000,00,2,5,02,B01
201800046018,1,34,000,00,0,2,01,A01
201800046019,2,15,000,00,2,0,12,A01
201800046019,2,07,000,00,2,0,00,B01
201800046020,2,07,000,01,0,1,12,A01
201800046021,2,07,000,04,0,3,01,A01
201800046022,2,10,000,00,2,1,02,A01
201800046022,2,10,000,00,2,4,02,B01
201800046023,2,10,000,00,2,9,02,B01
201800046023,2,10,000,00,2,2,02,C01
201800046023,2,15,000,00,2,1,02,A01
201800046024,1,07,000,00,2,3,12,A01
201800046024,1,07,000,00,2,6,01,B01
201800046024,1,07,000,00,2,5,01,C01
201800046025,1,07,000,04,0,1,00,A01
201800046026,1,07,000,00,2,4,02,B01
201800046026,1,07,000,00,2,1,02,A01
201800046027,2,07,000,03,2,1,01,A01
201800046027,2,07,000,00,2,7,01,B01
201800046028,2,99,000,00,2,2,02,A01
201800046028,2,33,000,00,2,4,02,B01
201800046029,1,07,000,04,2,0,01,A01
201800046030,2,07,000,00,2,5,00,A01
201800046030,2,33,000,00,0,0,00,B01
201800046031,2,07,000,00,2,3,01,A01
201800046031,2,07,000,00,2,5,01,B01
201800046032,2,13,000,00,2,1,01,A01
201800046032,2,10,000,00,2,4,23,B01
201800046033,1,33,000,00,0,7,01,A01
201800046034,2,07,000,00,2,7,17,A01
201800046034,2,07,000,00,2,8,01,B01
201800046035,1,07,000,00,2,4,02,B01
201800046035,1,07,000,00,2,1,02,A01
201800046035,1,07,000,00,2,0,00,C01
201800046036,1,07,000,04,0,1,02,A01
201800046037,1,07,000,00,2,1,01,A01
201800046037,1,07,000,00,2,4,01,B01
201800046038,2,34,000,14,0,1,01,A01
201800046039,2,31,000,00,0,0,02,A01
201800046039,2,07,000,00,2,2,02,C01
201800046039,2,07,000,00,2,3,02,B01
201800046040,2,10,000,00,2,4,23,B01
201800046040,1,10,000,01,2,1,02,A01
201800046041,1,07,000,00,2,1,02,A01
201800046041,1,07,000,00,2,4,02,B01
201800046042,1,07,000,00,2,5,01,B01
201800046042,1,10,000,00,2,3,02,A01
201800046043,1,13,000,00,2,2,12,A01
201800046043,1,07,000,00,2,6,02,B01
201800046044,1,33,000,00,2,1,03,A01
201800046044,1,07,000,00,2,4,00,B01
201800046045,2,33,000,00,0,8,02,A01
201800046046,2,34,000,00,2,1,02,A01
201800046046,2,07,000,00,2,5,00,B01
201800046047,1,07,000,03,2,7,12,A01
201800046048,2,07,000,00,2,1,02,C01
201800046048,2,07,000,00,2,2,02,D01
201800046048,2,07,000,00,2,1,02,A01
201800046048,2,07,000,00,2,6,02,E01
201800046048,2,07,000,00,2,4,02,B01
201800046049,2,07,000,04,0,8,13,A01
201800046050,1,33,000,00,2,3,03,A01
201800046050,2,15,000,00,2,1,01,B01
201800046051,1,07,000,00,2,4,02,C01
201800046051,1,10,000,00,2,5,00,B01
201800046051,1,07,000,00,2,1,02,A01
201800046052,1,33,000,00,0,0,00,A01
201800046053,2,07,000,00,2,6,18,A01
201800046053,2,32,000,00,2,1,01,B01
201800046054,1,07,000,00,2,2,14,A01
201800046054,1,07,000,00,2,8,01,B01
201800046055,2,07,000,03,0,8,01,A01
201800046056,1,33,000,00,2,1,02,A01
201800046056,1,10,000,00,2,4,00,B01
201800046057,2,07,000,04,0,1,00,A01
201800046058,2,07,000,00,2,6,01,B01
201800046058,2,17,000,00,2,1,12,A01
201800046059,2,10,000,00,2,2,01,A01
201800046059,2,10,000,00,2,6,23,B01
201800046060,1,10,000,00,2,1,01,A01
201800046060,1,07,000,00,2,4,01,B01
201800046061,2,10,000,00,2,4,02,A01
201800046061,2,10,000,00,2,1,02,B01
201800046061,2,10,000,00,2,1,02,C01
201800046062,2,07,000,00,2,1,02,A01
201800046062,2,07,000,00,2,4,02,B01
201800046063,2,33,000,00,2,3,18,A01
201800046063,2,33,000,00,2,2,18,B01
201800046064,2,07,000,00,2,8,02,B01
201800046064,2,13,000,00,2,7,12,A01
201800046065,2,07,000,00,2,1,01,A01
201800046065,2,07,000,00,2,4,01,B01
201800046065,2,07,000,00,2,4,01,C01
201800046066,0,31,000,00,0,7,02,A01
201800046067,2,07,000,04,0,1,00,A01
201800046068,2,33,000,00,0,3,21,A01
201800046069,1,33,000,00,2,8,03,A01
201800046069,1,07,000,04,2,2,02,B01
201800046070,1,33,000,00,0,0,09,A01
201800046071,2,33,000,00,2,2,02,A01
201800046071,2,07,000,00,2,6,02,B01
201800046072,2,33,000,00,2,1,03,A01
201800046072,2,33,000,00,2,7,03,B01
201800046072,2,10,000,00,2,5,01,C01
201800046073,1,10,000,00,2,1,01,A01
201800046073,1,10,000,00,2,9,01,B01
201800046073,1,10,000,00,2,4,01,C01
201800046074,1,07,000,00,2,3,02,A01
201800046074,1,07,000,00,2,4,02,D01
201800046074,1,07,000,00,2,4,02,C01
201800046074,1,07,000,00,2,5,02,B01
201800046075,1,07,000,00,2,2,17,B01
201800046075,1,07,000,03,2,6,13,A01
201800046076,2,10,000,00,2,7,12,B01
201800046076,2,33,000,00,2,3,03,A01
201800046077,2,33,000,00,2,7,03,A01
201800046077,2,07,000,00,2,6,11,B01
201800046078,2,10,000,01,2,7,02,C01
201800046078,2,07,000,01,2,2,02,B01
201800046078,2,07,000,01,2,1,02,D01
201800046078,2,10,000,01,2,1,02,E01
201800046078,2,07,000,01,2,9,02,A01
201800046079,2,07,000,03,2,8,00,B01
201800046079,2,07,000,03,2,0,21,A01
201800046079,2,07,000,00,2,0,00,C01
201800046080,1,07,000,00,2,4,02,B01
201800046080,1,31,000,00,2,1,02,A01
201800046081,1,32,000,00,6,1,02,A01
201800046081,1,07,000,00,2,6,02,B01
201800046082,1,10,000,00,2,1,09,A01
201800046083,2,33,000,00,2,1,02,A01
201800046083,2,07,000,00,2,6,02,B01
201800046084,1,10,000,01,2,2,01,A01
201800046084,1,10,000,16,0,6,23,B01
201800046085,2,07,000,00,2,1,02,A01
201800046085,2,07,000,00,2,4,02,C01
201800046085,2,07,000,00,2,4,02,B01
201800046086,1,32,000,00,2,2,03,A01
201800046086,1,34,000,00,2,6,12,B01
201800046086,1,10,000,00,2,5,01,C01
201800046087,1,07,000,00,2,4,02,B01
201800046087,1,07,000,00,2,9,03,A01
201800046088,2,07,000,00,2,1,02,A01
201800046088,2,07,000,00,2,4,02,C01
201800046088,2,07,000,00,2,4,02,B01
201800046088,2,07,000,00,2,6,02,D01
201800046089,2,07,000,00,2,5,12,B01
201800046089,2,33,000,00,2,1,00,A01
201800046090,1,10,000,00,2,1,00,A01
201800046090,1,10,000,00,2,4,00,B01
201800046091,2,31,000,00,2,3,03,A01
201800046091,2,07,000,00,2,5,12,B01
201800046092,1,07,000,00,2,8,01,B01
201800046092,1,07,000,00,2,0,00,A01
201800046093,2,07,000,00,2,4,02,E01
201800046093,2,07,000,00,2,4,02,B01
201800046093,2,07,000,00,2,1,02,A01
201800046093,2,07,000,00,2,4,02,C01
201800046093,2,07,000,00,2,4,02,D01
201800046094,1,07,000,00,2,1,00,A01
201800046094,1,07,000,00,2,4,00,B01
201800046094,2,07,000,00,2,4,00,C01
201800046094,2,07,000,00,2,4,00,D01
201800046095,1,32,000,00,2,1,03,A01
201800046095,1,07,000,00,2,3,11,B01
201800046096,1,10,000,00,2,0,00,Z01
201800046096,1,10,000,00,2,1,02,A01
201800046096,1,10,000,00,2,0,00,Y01
201800046097,1,33,000,00,2,2,03,A01
201800046097,1,10,000,00,2,3,11,B01
201800046098,2,07,000,00,2,5,02,C01
201800046098,2,07,000,00,2,3,02,B01
201800046098,2,33,000,00,2,7,03,A01
201800046099,2,07,000,00,2,3,01,C01
201800046099,2,07,000,00,2,5,01,B01
201800046099,2,33,000,00,2,8,03,A01
201800046100,1,33,000,00,2,7,03,A01
201800046100,1,07,000,00,2,3,01,B01
201800046101,1,07,000,00,2,7,14,A01
201800046101,1,33,000,00,2,2,03,B01
201800046102,2,10,000,03,0,1,14,A01
201800046103,1,07,000,00,2,1,02,A01
201800046103,1,07,000,00,2,4,02,B01
201800046104,1,07,000,04,0,8,02,A01
201800046105,2,33,000,00,0,8,17,A01
201800046105,2,07,000,00,0,0,02,B01
201800046106,2,07,000,03,2,1,02,A01
201800046106,2,07,000,00,0,4,02,B01
201800046106,1,07,000,00,2,4,00,C01
201800046107,2,31,000,00,2,2,03,B01
201800046107,2,07,000,00,2,8,12,A01
201800046108,1,07,000,00,2,8,13,A01
201800046108,1,31,000,00,2,2,03,B01
201800046109,1,07,000,14,0,2,00,A01
201800046110,1,07,000,00,2,8,01,A01
201800046110,1,17,000,00,2,2,12,B01
201800046111,1,07,000,04,0,3,00,A01
201800046112,1,10,000,00,2,4,02,B01
201800046112,1,10,000,00,2,3,02,A01
201800046113,2,07,000,01,0,1,01,A01
201800046113,2,07,000,00,2,4,23,B01
201800046114,1,10,000,00,2,8,01,C01
201800046114,1,10,000,00,2,1,12,A01
201800046114,1,31,000,00,2,4,12,B01
201800046115,1,07,000,00,2,1,02,A01
201800046115,1,07,000,00,2,4,02,B01
201800046116,2,34,000,00,0,3,02,A01
201800046117,2,07,000,04,0,3,21,A01
201800046118,2,10,000,00,2,8,09,A01
201800046118,2,33,000,00,2,2,00,B01
201800046119,1,07,000,00,2,1,02,A01
201800046119,1,07,000,00,2,4,02,B01
201800046120,2,07,000,00,2,6,11,A01
201800046120,2,33,000,00,2,1,03,B01
201800046121,2,07,000,04,2,9,00,A01
201800046121,2,07,000,00,2,2,01,B01
201800046121,2,07,000,00,2,1,02,E01
201800046121,2,10,000,00,2,2,01,D01
201800046121,2,10,000,00,2,3,01,C01
201800046122,1,07,000,00,2,1,02,A01
201800046122,1,07,000,00,2,4,02,B01
201800046123,1,34,000,00,2,1,01,A01
201800046123,1,07,000,00,2,0,00,B01
201800046124,2,07,000,00,2,2,12,A01
201800046124,2,32,000,00,2,8,03,B01
201800046125,1,10,000,00,2,7,12,A01
201800046125,1,32,000,00,2,3,03,B01
201800046126,1,10,000,00,2,7,12,A01
201800046126,1,32,000,00,2,8,03,B01
201800046127,2,34,000,00,2,8,03,A01
201800046127,2,07,000,00,0,7,01,B01
201800046128,2,07,000,00,2,7,12,A01
201800046128,1,33,000,00,2,8,03,B01
201800046129,2,07,000,00,2,2,02,A01
201800046129,2,07,000,00,2,6,00,B01
201800046130,2,33,000,00,2,2,03,A01
201800046130,2,33,000,00,2,8,03,B01
201800046130,2,07,000,00,2,8,01,C01
201800046131,2,31,000,00,2,3,21,A01
201800046131,2,07,000,00,2,5,01,B01
201800046132,2,07,000,00,2,5,14,A01
201800046132,2,33,000,00,2,1,01,B01
201800046133,2,33,000,00,0,8,21,A01
201800046134,1,07,000,00,2,1,02,A01
201800046134,2,07,000,00,2,4,02,B01
201800046135,0,10,000,00,0,3,00,A01
201800046136,1,10,000,00,1,1,01,A01
201800046137,2,07,000,04,0,0,13,A01
201800046138,2,07,000,04,0,0,01,A01
201800046139,1,07,000,04,0,3,02,A01
201800046140,2,10,000,00,2,8,11,A01
201800046140,2,07,000,00,2,7,01,B01
201800046140,2,33,000,00,2,7,03,C01
201800046141,1,33,000,00,2,8,03,A01
201800046141,1,07,000,00,2,2,12,B01
201800046141,1,07,000,00,2,6,01,C01
201800046142,1,32,000,00,2,3,00,A01
201800046142,1,07,000,00,2,5,01,B01
201800046143,2,33,000,00,2,7,03,B01
201800046143,2,07,000,00,2,8,11,A01
201800046144,2,07,000,04,0,1,01,A01
201800046145,2,31,000,00,2,1,03,A01
201800046145,2,07,000,00,2,6,11,B01
201800046146,1,07,000,00,2,6,02,B01
201800046146,1,07,000,00,2,2,02,A01
201800046147,2,07,000,00,2,7,14,B01
201800046147,1,34,000,00,2,3,03,A01
201800046148,1,34,000,00,2,3,00,Z01
201800046148,1,07,000,00,2,2,00,B01
201800046149,2,07,000,00,2,6,12,B01
201800046149,2,33,000,00,2,3,03,A01
201800046150,2,31,000,00,2,1,00,A01
201800046150,2,07,000,00,2,3,01,B01
201800046151,1,32,000,00,2,1,00,B01
201800046151,1,07,000,00,2,8,00,Z01
201800046152,2,07,000,00,2,2,12,A01
201800046152,2,34,000,00,2,3,03,B01
201800046153,2,13,000,03,0,1,01,A01
201800046154,2,07,000,04,0,3,01,A01
201800046155,2,07,000,00,2,8,11,A01
201800046155,2,31,000,00,2,7,03,B01
201800046156,1,07,000,00,2,4,01,B01