Num_Acc,senc,catv,occutc,obs,obsm,choc,manv,num_veh
201800046475,2,10,000,00,2,4,02,B01
201800046476,1,07,000,00,2,4,14,B01
201800046476,1,33,000,00,2,1,03,A01
201800046477,1,10,000,00,2,1,01,A01
201800046477,1,07,000,00,2,4,02,B01
201800046477,1,10,000,00,2,4,02,C01
201800046478,2,07,000,00,2,7,12,A01
201800046478,2,31,000,00,2,9,01,B01
201800046479,2,33,000,00,2,1,03,A01
201800046479,2,07,000,00,2,4,11,B01
201800046480,1,13,000,00,2,2,12,A01
201800046480,1,07,000,00,2,8,01,B01
201800046481,2,33,000,00,2,1,01,B01
201800046481,2,33,000,00,2,4,01,A01
201800046482,2,07,000,00,2,2,12,A01
201800046482,2,31,000,00,2,8,03,B01
201800046482,2,07,000,00,2,6,01,C01
201800046483,2,07,000,03,2,5,18,B01
201800046483,2,10,000,00,2,3,18,A01
201800046484,1,10,000,00,2,4,02,B01
201800046484,1,07,000,00,2,1,02,A01
201800046484,1,10,000,00,2,4,02,C01
201800046485,1,07,000,00,2,2,12,A01
201800046485,1,07,000,00,2,6,01,B01
201800046486,2,07,000,00,2,2,14,A01
201800046486,2,33,000,00,2,8,03,B01
201800046487,1,07,000,00,2,4,01,A01
201800046487,1,10,000,00,2,1,02,B01
201800046488,2,07,000,16,0,9,01,A01
201800046489,1,07,000,00,2,6,11,B01
201800046489,1,32,000,00,2,1,03,A01
201800046490,1,07,000,00,2,2,01,A01
201800046490,1,07,000,00,2,3,13,B01
201800046491,2,33,000,00,2,8,01,B01
201800046491,2,07,000,00,2,7,09,A01
201800046492,2,07,000,00,2,4,12,A01
201800046492,2,33,000,00,2,1,03,B01
201800046493,1,31,000,16,0,8,19,A01
201800046494,1,99,000,00,2,0,00,A01
201800046494,1,07,000,00,2,8,01,B01
201800046495,1,07,000,00,2,4,02,C01
201800046495,1,10,000,00,2,1,01,A01
201800046495,1,07,000,00,2,4,02,B01
201800046495,1,10,000,00,2,4,02,E01
201800046495,1,07,000,00,2,4,02,D01
201800046496,2,07,000,00,2,1,01,A01
201800046496,2,07,000,00,2,4,02,B01
201800046497,2,10,000,00,2,5,12,A01
201800046497,2,33,000,00,2,3,03,B01
201800046498,1,07,000,00,2,8,11,A01
201800046498,1,33,000,00,2,7,03,B01
201800046499,1,07,000,00,2,3,01,B01
201800046499,1,10,000,00,2,2,12,A01
201800046499,1,33,000,00,2,3,03,C01
201800046500,2,07,000,00,2,6,11,A01
201800046500,2,32,000,00,2,2,03,B01
201800046501,1,31,000,00,2,4,00,B01
201800046501,1,10,000,00,2,3,00,A01
201800046502,1,10,000,00,2,1,02,A01
201800046502,1,07,000,00,2,4,02,B01
201800046502,1,07,000,00,2,4,02,C01
201800046502,1,07,000,00,2,4,02,D01
201800046503,1,07,000,00,2,1,01,A01
201800046503,1,07,000,00,2,4,02,C01
201800046503,1,07,000,00,2,1,02,B01
201800046504,2,33,000,00,2,4,02,B01
201800046504,2,10,000,00,2,1,09,A01
201800046505,1,07,000,00,2,4,02,B01
201800046505,1,10,000,00,2,1,01,A01
201800046506,2,33,000,00,2,8,01,B01
201800046506,2,07,000,00,2,7,12,A01
201800046506,1,15,000,00,0,8,01,C01
201800046507,2,15,000,00,2,2,12,B01
201800046507,2,07,000,00,2,8,01,A01
201800046508,1,07,000,06,0,1,01,A01
201800046509,2,33,000,00,0,0,00,A01
201800046510,1,07,000,00,2,1,00,B01
201800046510,1,07,000,00,2,8,01,A01
201800046510,1,07,000,00,2,7,01,C01
201800046511,1,07,000,00,2,4,02,B01
201800046511,1,07,000,00,2,4,02,C01
201800046511,1,10,000,00,2,1,02,A01
201800046512,2,33,000,16,0,0,09,A01
201800046513,2,07,000,00,2,1,01,B01
201800046513,2,07,000,00,2,8,01,C01
201800046513,2,07,000,00,2,1,12,A01
201800046513,2,10,000,00,2,6,01,D01
201800046514,1,07,000,00,2,8,01,B01
201800046514,1,17,000,00,2,7,12,A01
201800046515,2,07,000,00,2,1,01,A01
201800046515,2,07,000,00,2,4,02,B01
201800046515,2,99,000,00,2,4,02,C01
201800046516,2,07,000,00,2,3,01,A01
201800046516,2,07,000,00,2,5,01,C01
201800046516,2,07,000,00,2,5,11,B01
201800046517,2,07,000,00,2,4,02,C01
201800046517,2,07,000,00,2,1,01,A01
201800046517,2,07,000,00,2,4,02,B01
201800046518,2,07,000,00,2,4,02,B01
201800046518,2,07,000,00,2,1,01,A01
201800046519,2,33,000,00,2,7,03,B01
201800046519,2,07,000,00,2,8,15,A01
201800046520,2,33,000,16,0,1,01,A01
201800046521,1,10,000,00,2,4,11,A01
201800046521,1,33,000,00,2,1,01,B01
201800046522,2,07,000,00,2,1,02,A01
201800046522,0,07,000,00,2,4,02,B01
201800046522,2,07,000,00,2,4,02,C01
201800046523,2,07,000,00,2,7,12,A01
201800046523,2,31,000,00,2,8,03,B01
201800046524,2,07,000,00,2,1,01,A01
201800046524,2,07,000,00,2,4,02,B01
201800046525,2,07,000,00,2,1,13,A01
201800046525,1,07,000,00,2,1,01,B01
201800046526,2,07,000,04,0,3,01,A01
201800046527,2,17,000,00,2,1,02,A01
201800046527,2,07,000,00,2,4,02,B01
201800046527,2,07,000,00,2,4,02,C01
201800046527,2,07,000,00,2,4,02,D01
201800046528,1,10,000,00,2,4,02,B01
201800046528,1,07,000,00,2,1,02,A01
201800046528,1,07,000,00,2,4,02,C01
201800046529,2,07,000,00,2,6,01,B01
201800046529,2,07,000,00,2,2,01,A01
201800046530,0,07,000,00,2,2,09,A01
201800046530,0,01,000,00,2,8,19,B01
201800046531,1,13,000,00,2,1,02,A01
201800046531,1,07,000,00,2,4,02,B01
201800046532,2,33,000,00,2,1,01,A01
201800046532,2,07,000,00,2,4,01,B01
201800046533,2,07,000,00,2,4,02,A01
201800046533,2,33,000,00,2,1,02,B01
201800046533,2,07,000,00,2,4,02,D01
201800046533,2,07,000,00,2,4,02,C01
201800046534,1,07,000,14,0,1,00,A01
201800046535,2,07,000,00,2,1,01,A01
201800046535,2,07,000,00,2,4,02,B01
201800046536,1,07,000,00,2,4,02,A01
201800046536,1,07,000,00,2,4,02,B01
201800046536,1,07,000,00,2,1,02,C01
201800046537,2,07,000,00,2,1,01,A01
201800046537,2,07,000,00,2,4,01,B01
201800046538,2,07,000,16,0,1,01,A01
201800046539,2,31,000,16,0,8,21,A01
201800046540,1,07,000,00,2,2,01,B01
201800046540,1,14,000,00,2,8,13,A01
201800046541,1,13,000,01,,1,01,A01
201800046542,2,07,000,00,2,1,02,C01
201800046542,2,07,000,00,2,4,01,A01
201800046542,2,07,000,00,2,4,02,B01
201800046543,2,31,000,00,2,3,03,A01
201800046543,2,10,000,00,2,6,12,B01
201800046544,2,07,000,00,2,3,13,B01
201800046544,2,33,000,00,2,1,03,A01
201800046544,2,10,000,00,2,5,01,C01
201800046545,1,07,000,00,2,1,01,A01
201800046545,1,07,000,00,2,4,02,B01
201800046545,1,07,000,00,2,4,02,C01
201800046545,1,07,000,00,2,4,02,D01
201800046546,2,07,000,00,2,1,02,A01
201800046546,2,07,000,00,2,4,02,B01
201800046547,1,07,000,04,0,0,00,A01
201800046548,1,07,000,00,2,2,01,A01
201800046548,1,07,000,00,2,5,01,B01
201800046549,1,07,000,01,2,4,02,B01
201800046549,1,07,000,02,2,1,01,A01
201800046550,2,07,000,00,2,1,01,A01
201800046550,2,07,000,00,2,4,02,B01
201800046551,2,07,000,00,2,4,01,A01
201800046551,2,15,000,00,2,1,02,C01
201800046551,2,07,000,00,2,4,02,B01
201800046552,2,07,000,00,0,7,01,A01
201800046553,2,07,000,00,2,1,02,A01
201800046553,2,07,000,00,2,4,02,B01
201800046553,2,10,000,00,2,4,02,C01
201800046554,1,07,000,04,0,2,14,A01
201800046555,1,07,000,03,0,1,01,A01
201800046556,2,07,000,00,2,6,02,B01
201800046556,2,33,000,00,2,7,01,C01
201800046556,2,07,000,00,2,1,01,A01
201800046557,0,33,000,00,2,1,01,B01
201800046557,0,07,000,00,2,4,23,A01
201800046558,1,07,000,00,2,1,02,B01
201800046558,1,07,000,00,2,1,01,A01
201800046559,2,07,000,00,2,1,01,A01
201800046559,2,07,000,00,2,4,01,B01
201800046560,1,07,000,00,2,8,01,B01
201800046560,2,10,000,00,2,1,16,A01
201800046561,1,07,000,00,2,2,12,A01
201800046561,1,31,000,00,2,1,03,B01
201800046562,2,17,000,00,2,1,01,A01
201800046562,2,07,000,00,2,8,09,B01
201800046563,2,33,000,00,2,8,01,A01
201800046564,1,07,000,00,2,4,01,A01
201800046564,1,31,000,00,2,0,03,B01
201800046565,1,17,000,00,2,7,12,A01
201800046565,1,33,000,00,2,3,01,B01
201800046566,1,33,000,00,6,1,01,A01
201800046567,2,33,000,00,0,7,21,A01
201800046568,2,33,000,00,2,2,03,A01
201800046568,2,17,000,00,2,8,01,B01
201800046568,2,07,000,00,2,2,01,C01
201800046569,2,07,000,00,2,4,01,B01
201800046569,2,10,000,00,2,1,01,A01
201800046570,1,33,000,00,2,6,03,B01
201800046570,1,07,000,00,2,6,11,A01
201800046571,1,33,000,00,0,7,14,A01
201800046572,1,07,000,00,2,1,17,A01
201800046572,1,07,000,00,2,4,01,B01
201800046573,2,07,000,00,2,1,01,A01
201800046573,2,07,000,00,2,4,01,B01
201800046574,1,07,000,00,2,9,09,B01
201800046574,1,17,000,00,2,2,01,A01
201800046575,1,33,000,16,0,0,00,A01
201800046576,1,07,000,00,2,4,23,B01
201800046576,1,07,000,00,2,1,01,A01
201800046577,2,07,000,00,2,5,01,B01
201800046577,2,33,000,00,2,1,03,A01
201800046578,2,10,000,00,2,1,01,B01
201800046578,2,01,000,00,2,7,19,A01
201800046579,2,32,000,00,0,0,14,A01
201800046580,1,32,000,00,2,1,03,A01
201800046580,1,07,000,00,2,2,01,B01
201800046581,2,07,000,16,0,9,01,A01
201800046582,2,32,000,00,2,1,17,A01
201800046582,2,10,000,00,2,6,01,B01
201800046582,2,07,000,00,2,5,01,C01
201800046583,1,07,000,00,2,4,01,B01
201800046583,1,07,000,00,2,1,01,A01
201800046584,2,07,000,00,2,2,12,A01
201800046584,2,33,000,00,2,8,03,B01
201800046585,2,07,000,13,0,1,01,A01
201800046586,2,17,000,00,2,1,01,C01
201800046586,2,07,000,00,2,4,23,A01
201800046586,2,07,000,00,2,1,01,B01
201800046587,2,10,000,00,2,1,01,A01
201800046587,2,10,000,00,2,4,02,B01
201800046587,2,07,000,00,2,4,02,C01
201800046588,2,07,000,00,2,4,01,B01
201800046588,2,33,000,00,2,1,01,A01
201800046588,2,07,000,00,6,4,01,C01
201800046589,2,33,000,00,2,1,01,B01
201800046589,2,07,000,00,2,1,01,A01
201800046590,2,15,000,00,2,7,12,B01
201800046590,2,07,000,00,2,6,01,A01
201800046591,2,10,000,00,2,1,02,A01
201800046591,2,07,000,00,2,4,02,D01
201800046591,2,07,000,00,2,4,02,C01
201800046591,2,07,000,00,2,4,02,E01
201800046591,2,07,000,00,2,4,02,B01
201800046592,1,07,000,00,2,2,12,A01
201800046592,1,07,000,00,2,6,01,B01
201800046593,2,07,000,00,2,7,12,B01
201800046593,2,33,000,00,2,1,03,A01
201800046594,1,31,000,00,2,0,03,A01
201800046594,1,07,000,00,2,2,02,Z01
201800046595,1,07,000,03,0,8,00,A01
201800046596,1,33,000,00,2,1,03,A01
201800046596,1,07,000,00,2,4,12,B01
201800046597,1,07,000,00,2,4,02,B01
201800046597,1,07,000,00,2,4,02,C01
201800046597,1,07,000,00,2,1,02,A01
201800046598,2,07,000,00,2,6,11,A01
201800046598,2,33,000,00,2,1,03,B01
201800046599,2,07,000,00,2,4,01,A01
201800046599,2,17,000,00,2,1,01,B01
201800046600,2,33,000,00,0,7,01,A01
201800046601,1,34,000,00,2,1,03,B01
201800046601,1,07,000,00,2,2,12,A01
201800046602,2,10,000,00,2,1,01,Z01
201800046602,2,33,000,00,2,4,01,A01
201800046603,1,07,000,00,2,7,12,A01
201800046603,1,07,000,00,2,8,11,B01
201800046604,2,33,000,04,0,2,01,A01
201800046605,1,33,000,03,0,0,00,A01
201800046606,2,31,000,00,2,1,03,B01
201800046606,2,07,000,00,2,2,12,A01
201800046607,2,07,000,00,2,1,13,A01
201800046607,1,33,000,00,2,1,01,B01
201800046608,1,07,000,00,2,1,01,A01
201800046608,1,07,000,00,2,4,01,B01
201800046609,1,07,000,00,2,3,01,A01
201800046609,1,07,000,00,2,1,01,B01
201800046610,1,07,000,00,2,1,13,A01
201800046610,1,07,000,00,2,5,01,B01
201800046611,2,07,000,00,2,2,12,A01
201800046611,2,33,000,00,2,8,01,B01
201800046612,2,33,000,00,2,7,01,B01
201800046612,2,07,000,00,2,8,17,A01
201800046613,2,07,000,00,2,6,11,A01
201800046613,2,33,000,00,2,1,03,B01
201800046614,2,07,000,00,2,6,11,B01
201800046614,2,33,000,00,2,1,03,A01
201800046615,2,34,000,00,2,7,17,A01
201800046615,2,10,000,00,2,3,11,B01
201800046615,2,07,000,00,2,4,01,C01
201800046616,2,33,000,00,2,8,03,B01
201800046616,2,07,000,00,2,7,12,A01
201800046617,1,07,000,05,0,1,01,A01
201800046618,2,07,000,00,2,1,01,A01
201800046618,2,07,000,00,2,4,02,D01
201800046618,2,10,000,00,2,4,02,B01
201800046618,2,10,000,00,2,4,02,C01
201800046619,2,07,000,00,6,8,13,A01
201800046619,2,07,000,04,2,9,01,B01
201800046620,1,10,000,00,2,1,01,A01
201800046620,1,07,000,00,2,4,02,B01
201800046621,2,07,000,06,0,1,11,A01
201800046622,2,07,000,00,2,1,02,C01
201800046622,2,15,000,00,2,2,01,B01
201800046622,2,07,000,00,2,4,02,D01
201800046622,2,10,000,00,2,6,11,A01
201800046623,1,10,000,00,2,4,02,B01
201800046623,1,10,000,00,2,4,02,C01
201800046623,1,10,000,00,2,1,01,A01
201800046624,2,07,000,00,2,4,02,B01
201800046624,2,07,000,00,2,1,02,A01
201800046625,1,07,000,00,2,6,11,A01
201800046625,1,07,000,00,2,3,01,B01
201800046626,2,10,000,00,2,4,02,C01
201800046626,2,07,000,00,2,4,02,D01
201800046626,2,07,000,00,2,4,02,B01
201800046626,2,07,000,00,2,1,02,A01
201800046627,2,07,000,00,2,5,12,B01
201800046627,2,33,000,00,2,1,03,A01
201800046628,2,07,000,00,2,1,01,A01
201800046628,2,07,000,00,2,4,01,B01
201800046629,0,07,000,06,0,1,01,A01
201800046630,1,07,000,00,2,4,01,A01
201800046630,1,14,000,00,2,1,02,B01
201800046631,2,33,000,00,0,3,11,A01
201800046632,2,07,000,00,2,4,02,B01
201800046632,2,33,000,00,2,1,01,A01
201800046633,2,10,000,00,2,5,12,A01
201800046633,2,34,000,00,2,6,03,B01
201800046634,1,33,000,16,0,7,00,A01
201800046635,1,07,000,00,2,4,01,B01
201800046635,1,33,000,00,2,1,01,A01
201800046636,1,33,000,00,2,1,03,C01
201800046636,1,07,000,00,2,3,01,B01
201800046636,1,07,000,00,2,6,01,A01
201800046637,1,07,000,00,2,1,02,A01
201800046637,1,07,000,00,2,4,02,B01
201800046637,1,15,000,00,2,6,02,C01
201800046638,2,07,000,00,2,9,00,A01
201800046639,1,07,000,00,2,4,01,A01
201800046639,1,10,000,00,2,1,01,C01
201800046639,1,07,000,04,2,4,01,B01
201800046640,1,07,000,00,2,4,01,B01
201800046640,1,10,000,00,2,1,01,A01
201800046641,1,10,000,00,2,1,02,A01
201800046641,1,07,000,00,2,4,02,C01
201800046641,1,07,000,00,2,4,02,B01
201800046642,1,07,000,00,2,4,02,B01
201800046642,1,07,000,00,2,1,01,A01
201800046642,1,07,000,00,2,4,02,C01
201800046643,2,32,000,00,2,6,01,A01
201800046643,2,07,000,00,2,2,02,Z01
201800046644,1,07,000,00,0,9,00,A01
201800046645,1,07,000,14,0,1,01,C01
201800046645,1,07,000,14,0,1,01,B01
201800046645,1,20,000,14,2,4,04,A01
201800046645,1,10,000,14,0,1,02,D01
201800046645,1,14,000,00,2,1,01,E01
201800046646,2,33,000,00,2,1,03,B01
201800046646,2,07,000,00,2,5,14,A01
201800046646,2,14,000,00,2,6,13,C01
201800046647,2,38,001,00,2,2,01,A01
201800046647,2,07,000,00,2,4,02,C01
201800046647,2,07,000,00,2,4,02,D01
201800046647,2,10,000,00,2,4,02,B01
201800046648,2,31,000,00,2,7,11,B01
201800046648,2,10,000,00,2,6,01,A01
201800046649,2,31,000,00,2,7,01,A01
201800046649,2,10,000,00,2,8,11,B01
201800046650,2,31,000,00,2,8,01,B01
201800046650,2,07,000,00,2,6,11,A01
201800046651,1,07,000,14,0,3,01,A01
201800046652,2,10,000,00,2,1,01,A01
201800046652,2,10,000,00,2,4,02,B01
201800046652,2,07,000,00,2,4,02,C01
201800046652,2,07,000,00,2,1,02,D01
201800046653,1,33,000,00,2,7,03,A01
201800046653,1,07,000,00,2,8,13,C01
201800046653,1,07,000,00,2,6,01,B01
201800046654,2,07,000,00,2,4,01,A01
201800046654,2,07,000,00,2,1,02,C01
201800046654,2,07,000,00,2,4,02,B01
201800046655,2,07,000,00,2,5,12,Z01
201800046655,2,33,000,00,2,1,03,A01
201800046656,1,10,000,00,2,2,02,A01
201800046656,1,07,000,00,2,4,02,B01
201800046656,1,07,000,00,2,4,02,C01
201800046657,2,07,000,00,2,3,01,B01
201800046657,2,16,000,00,2,2,01,A01
201800046658,1,07,000,00,2,4,02,C01
201800046658,1,07,000,00,2,1,02,B01
201800046658,1,10,000,00,2,3,01,A01
201800046659,1,07,000,03,0,0,00,A01
201800046660,2,07,000,00,2,5,12,A01
201800046660,1,07,000,00,2,1,03,B01
201800046661,2,31,000,00,2,7,12,B01
201800046661,2,07,000,00,2,3,11,A01
201800046662,2,07,000,00,2,4,02,B01
201800046662,2,07,000,00,2,4,02,C01
201800046662,2,07,000,00,2,1,01,A01
201800046662,2,07,000,00,2,4,02,D01
201800046663,1,33,000,00,2,1,03,B01
201800046663,1,07,000,00,2,6,11,A01
201800046664,1,07,000,00,2,6,01,C01
201800046664,1,07,000,00,2,2,12,A01
201800046664,1,07,000,00,2,8,11,B01
201800046665,1,07,000,00,2,6,11,B01
201800046665,1,33,000,00,2,1,01,A01
201800046666,1,34,000,00,2,1,03,B01
201800046666,1,10,000,00,2,6,12,A01
201800046667,1,07,000,00,2,8,01,A01
201800046667,1,14,000,00,2,1,12,B01
201800046668,2,07,000,00,2,4,01,B01
201800046668,2,10,000,00,2,1,01,A01
201800046669,2,07,000,00,2,1,14,A01
201800046669,2,07,000,00,2,1,01,B01
201800046670,1,33,000,00,0,0,03,A01
201800046671,2,33,000,00,2,2,03,B01
201800046671,2,07,000,00,2,6,11,A01
201800046672,1,07,000,00,2,1,02,A01
201800046672,1,07,000,00,2,4,02,B01
201800046672,1,07,000,00,2,4,02,C01
201800046673,2,34,000,00,2,8,03,B01
201800046673,2,07,000,00,2,2,12,A01
201800046674,2,34,000,00,0,8,03,B01
201800046675,2,07,000,00,2,6,12,A01
201800046675,2,31,000,00,2,1,03,B01
201800046675,2,07,000,00,2,5,01,C01
201800046676,1,15,000,00,2,3,01,A01
201800046676,1,07,000,00,2,4,02,C01
201800046676,1,07,000,00,2,5,02,B01
201800046677,2,07,000,00,2,7,12,A01
201800046677,2,34,000,00,2,8,03,B01
201800046678,2,07,000,00,2,4,02,B01
201800046678,2,07,000,00,2,1,01,A01
201800046679,2,07,000,00,5,1,01,A01
201800046680,2,33,000,00,2,3,03,B01
201800046680,2,07,000,00,2,5,12,A01
201800046681,1,07,000,00,2,4,02,C01
201800046681,1,07,000,00,2,1,01,A01
201800046681,1,07,000,00,2,4,02,B01
201800046682,2,07,000,00,2,1,01,A01
201800046682,2,07,000,00,2,4,02,C01
201800046682,2,10,000,00,2,4,02,B01
201800046683,1,07,000,00,2,4,02,B01
201800046683,1,07,000,00,2,4,02,C01
201800046683,1,07,000,00,2,1,02,A01
201800046684,1,07,000,00,2,4,01,B01
201800046684,1,07,000,00,2,1,01,A01
201800046685,1,07,000,00,2,1,12,A01
201800046685,1,34,000,00,2,8,03,B01
201800046686,2,07,000,00,2,4,02,B01
201800046686,2,07,000,00,2,1,01,A01
201800046687,2,33,000,00,2,9,17,C01
201800046687,2,07,000,00,2,4,01,B01
201800046687,2,10,000,00,2,8,13,A01
201800046688,2,07,000,00,2,6,01,C01
201800046688,2,33,000,00,2,1,03,A01
201800046688,2,07,000,00,2,8,11,B01
201800046689,1,07,000,00,2,4,02,D01
201800046689,1,07,000,00,2,4,02,E01
201800046689,1,07,000,00,2,4,02,B01
201800046689,1,07,000,00,2,4,02,C01
201800046689,1,14,000,00,2,1,01,A01
201800046690,1,07,000,00,2,2,09,A01
201800046690,1,07,000,00,2,2,09,B01
201800046691,1,33,000,00,2,8,03,A01
201800046691,1,07,000,00,2,7,12,B01
201800046692,2,33,000,00,2,3,03,B01
201800046692,2,07,000,00,2,2,12,A01
201800046693,1,07,000,00,2,1,01,A01
201800046693,1,07,000,00,2,4,02,B01
201800046694,1,07,000,00,2,1,02,A01
201800046694,1,07,000,00,2,4,02,C01
201800046694,1,07,000,00,2,4,02,B01
201800046695,2,33,000,01,2,1,01,A01
201800046695,2,07,000,00,2,4,01,B01
201800046696,2,33,000,00,0,9,21,A01
201800046697,2,33,000,00,2,6,03,B01
201800046697,2,07,000,00,2,7,12,A01
201800046698,2,33,000,00,2,7,03,B01
201800046698,2,07,000,00,2,4,01,C01
201800046698,2,07,000,00,2,8,11,A01
201800046699,2,15,000,00,2,4,02,B01
201800046699,2,14,000,00,2,1,01,A01
201800046700,2,10,000,00,2,8,01,A01
201800046700,2,33,000,00,2,1,01,B01
201800046701,1,07,000,00,2,4,02,B01
201800046701,1,15,000,00,2,1,01,A01
201800046701,1,07,000,00,2,4,02,C01
201800046702,1,10,000,00,2,4,01,B01
201800046702,1,07,000,00,2,1,01,A01
201800046703,1,07,000,00,2,4,01,B01
201800046703,1,33,000,00,2,1,01,A01
201800046704,2,07,000,00,2,1,01,A01
201800046704,2,07,000,00,2,4,02,B01
201800046704,2,07,000,00,2,4,02,C01
201800046705,1,34,000,00,2,1,01,A01
201800046705,1,10,000,00,2,4,02,B01
201800046706,2,07,000,00,2,5,01,C01
201800046706,2,07,000,00,2,8,11,A01
201800046706,2,33,000,00,2,1,03,B01
201800046706,2,34,000,00,2,4,01,D01
201800046707,2,07,000,00,2,7,13,A01
201800046707,2,07,000,00,2,1,01,B01
201800046708,1,10,000,00,2,1,02,Z01
201800046708,1,07,000,00,2,4,02,C01
201800046708,1,07,000,00,2,4,01,A01
201800046708,1,07,000,00,2,4,02,B01
201800046709,1,07,000,00,2,4,09,A01
201800046709,1,31,000,00,2,1,01,B01
201800046710,1,07,000,00,2,2,01,B01
201800046710,1,07,000,00,2,2,05,A01
201800046711,2,33,000,00,2,1,03,B01
201800046711,2,07,000,00,2,4,14,A01
201800046712,1,07,000,00,2,4,02,B01
201800046712,1,07,000,00,2,4,02,C01
201800046712,1,07,000,00,2,1,02,A01
201800046713,1,33,000,00,2,6,01,B01
201800046713,1,07,000,00,2,2,14,A01
201800046714,2,07,000,00,2,4,01,B01
201800046714,2,07,000,00,2,1,01,A01
201800046715,1,07,000,00,2,1,02,B01
201800046715,1,07,000,00,2,1,02,C01
201800046715,1,07,000,00,2,1,01,A01
201800046715,1,07,000,00,2,1,02,D01
201800046715,1,07,000,00,2,4,02,E01
201800046716,2,07,000,00,2,4,02,C01
201800046716,2,07,000,00,2,4,02,B01
201800046716,2,10,000,00,2,1,01,A01
201800046717,2,07,000,00,2,4,02,B01
201800046717,2,07,000,00,2,1,01,A01
201800046718,1,31,000,00,2,7,03,B01
201800046718,1,07,000,00,2,8,13,A01
201800046719,2,07,000,00,2,1,01,A01
201800046719,2,07,000,00,2,4,02,B01
201800046720,2,20,000,04,0,9,01,A01
201800046721,2,07,000,00,2,6,01,B01
201800046721,2,07,000,00,2,5,02,C01
201800046721,2,33,000,00,2,1,03,A01
201800046722,1,07,000,00,2,6,01,C01
201800046722,1,07,000,00,2,7,12,A01
201800046722,1,33,000,00,2,8,01,B01
201800046723,1,15,000,00,2,1,01,A01
201800046723,1,07,000,00,2,4,02,B01
201800046724,1,07,000,00,2,9,01,B01
201800046724,1,15,000,00,2,8,01,A01
201800046725,1,10,000,00,2,4,01,C01
201800046725,1,10,000,00,2,1,01,A01
201800046725,1,10,000,00,2,6,15,B01
201800046726,2,07,000,00,2,4,12,B01
201800046726,2,34,000,00,2,1,03,A01
201800046727,1,10,000,00,2,5,12,A01
201800046727,1,31,000,00,2,3,03,B01
201800046728,0,07,000,00,2,2,01,A01
201800046728,0,07,000,00,2,1,01,B01
201800046729,1,07,000,00,2,1,01,A01
201800046729,1,31,000,00,2,4,02,B01
201800046730,2,07,000,00,2,4,02,B01
201800046730,2,07,000,00,2,4,02,C01
201800046730,2,07,000,00,2,4,02,D01
201800046730,2,10,000,00,2,1,02,A01
201800046731,1,14,000,00,2,2,12,Z01
201800046731,1,07,000,00,2,8,01,B01
201800046731,1,07,000,00,2,1,01,C01
201800046732,2,07,000,01,0,1,01,A01
201800046733,2,10,000,00,2,4,01,B01
201800046733,2,34,000,00,2,1,13,A01
201800046734,1,07,000,00,2,8,13,A01
201800046734,1,31,000,00,2,7,01,B01
201800046735,2,32,000,00,2,0,01,A01
201800046736,2,07,000,00,2,1,01,A01
201800046736,2,07,000,00,2,4,02,B01
201800046736,2,07,000,00,2,4,02,C01
201800046737,2,07,000,00,2,1,01,B01
201800046737,2,07,000,00,2,3,01,A01
201800046738,1,10,000,00,2,4,02,B01
201800046738,1,07,000,00,2,1,01,A01
201800046739,2,33,000,00,2,7,01,B01
201800046739,2,07,000,00,2,3,11,A01
201800046740,2,07,000,00,2,4,02,C01
201800046740,2,10,000,00,2,1,02,A01
201800046740,2,10,000,00,2,4,02,B01
201800046740,2,07,000,00,2,4,02,D01
201800046741,1,07,000,00,2,8,11,B01
201800046741,1,32,000,00,2,7,03,A01
201800046742,1,07,000,16,0,9,00,A01
201800046743,2,10,000,00,2,1,02,C01
201800046743,2,07,000,00,2,4,23,A01
201800046743,0,07,000,00,2,1,02,B01
201800046744,0,07,000,00,0,0,00,Z01
201800046744,1,33,000,00,2,7,12,A01
201800046745,2,10,000,00,2,1,02,A01
201800046745,2,07,000,00,2,4,02,C01
201800046745,2,07,000,00,2,4,02,B01
201800046746,1,07,000,00,2,4,02,B01
201800046746,1,07,000,00,2,1,01,A01
201800046747,1,07,000,00,2,1,01,B01
201800046747,1,07,000,00,2,1,01,A01
201800046748,1,07,000,00,2,1,01,A01
201800046748,1,07,000,00,2,4,02,B01
201800046749,2,07,000,00,2,4,02,C01
201800046749,2,07,000,00,2,1,02,A01
201800046749,2,07,000,00,2,4,02,B01
201800046749,2,07,000,00,2,4,02,D01
201800046750,2,07,000,03,0,1,01,A01
201800046751,2,07,000,00,2,4,02,C01
201800046751,2,07,000,00,2,8,11,A01
201800046751,2,07,000,00,2,1,02,B01
201800046752,2,07,000,00,2,4,01,E01
201800046752,2,07,000,00,2,8,01,C01
201800046752,2,07,000,00,2,6,01,D01
201800046752,2,10,000,00,2,3,11,A01
201800046752,2,07,000,00,2,2,01,B01
201800046753,1,07,000,00,2,3,01,B01
201800046753,1,07,000,00,2,8,13,A01
201800046754,2,07,000,00,2,3,14,Z01
201800046754,2,31,000,00,2,7,01,A01
201800046755,1,33,000,00,2,9,00,A01
201800046756,1,07,000,06,0,3,00,A01
201800046757,2,33,000,00,2,5,00,A01
201800046758,2,07,000,00,2,3,11,A01
201800046758,2,31,000,00,2,2,03,B01
201800046759,1,33,000,00,0,1,12,A01
201800046760,2,33,000,00,2,8,01,B01
201800046760,2,07,000,00,2,7,12,A01
201800046761,2,10,000,00,2,1,01,A01
201800046761,2,07,000,00,2,4,02,C01