Num_Acc,senc,catv,occutc,obs,obsm,choc,manv,num_veh
201800048515,2,03,000,00,2,0,00,A01
201800048516,2,01,000,14,0,0,01,A01
201800048517,1,07,000,00,1,4,04,A01
201800048518,1,01,000,00,2,1,19,B01
201800048518,0,07,000,00,2,3,16,A01
201800048519,1,01,000,00,1,1,01,A01
201800048520,0,07,000,00,2,8,15,A01
201800048520,0,33,000,00,2,1,02,B01
201800048520,0,07,000,00,2,0,15,Z01
201800048521,1,07,000,00,2,3,20,A01
201800048521,2,02,000,00,2,3,13,B01
201800048522,1,07,000,00,2,8,02,B01
201800048522,2,07,000,00,2,1,05,A01
201800048523,2,33,000,00,2,1,00,B01
201800048523,1,07,000,00,2,3,09,A01
201800048524,1,07,000,00,0,3,01,A01
201800048524,1,07,000,00,2,2,01,B01
201800048525,1,07,000,00,1,3,15,A01
201800048526,2,33,000,00,2,1,01,B01
201800048526,2,07,000,00,2,5,01,A01
201800048527,1,03,000,00,2,2,16,A01
201800048527,1,30,000,00,2,8,18,B01
201800048528,0,07,000,00,1,1,15,A01
201800048529,2,07,000,00,1,3,15,A01
201800048530,0,01,000,00,4,8,00,B01
201800048530,2,40,050,00,2,2,00,A01
201800048531,2,30,000,00,2,1,01,B01
201800048531,1,30,000,00,2,1,13,A01
201800048532,1,01,000,00,2,5,01,B01
201800048532,2,07,000,00,2,1,13,A01
201800048533,1,34,000,00,2,2,01,A01
201800048533,2,07,000,00,2,2,15,B01
201800048534,2,07,000,00,2,2,05,A01
201800048534,1,32,000,00,2,3,16,B01
201800048535,1,07,000,00,2,7,15,A01
201800048535,2,33,000,00,2,1,01,B01
201800048536,1,34,000,00,2,1,15,A01
201800048536,1,07,000,00,2,6,15,B01
201800048537,2,30,000,00,0,7,01,A01
201800048538,2,07,000,09,0,0,01,A01
201800048538,2,07,000,00,2,1,01,B01
201800048539,2,07,000,00,2,1,01,A01
201800048539,1,01,000,00,2,1,19,B01
201800048540,1,07,000,00,2,1,01,A01
201800048540,1,01,000,00,2,8,00,B01
201800048541,0,07,000,00,2,3,02,A01
201800048541,0,07,000,00,2,4,02,B01
201800048542,2,01,000,00,2,1,02,A01
201800048542,2,07,000,14,0,4,23,B01
201800048543,2,07,000,00,2,4,01,B01
201800048543,2,07,000,00,2,1,01,A01
201800048544,0,40,001,00,2,1,01,B01
201800048544,0,07,000,00,4,8,00,A01
201800048545,2,01,000,00,1,1,19,A01
201800048546,1,07,000,00,2,0,00,B01
201800048546,1,01,000,00,2,0,00,A01
201800048547,2,07,000,01,1,2,14,A01
201800048548,1,07,000,00,2,1,01,A01
201800048548,1,07,000,00,2,3,01,B01
201800048549,0,07,000,00,2,1,01,A01
201800048549,0,01,000,00,2,8,01,B01
201800048550,1,10,000,00,2,2,08,A01
201800048550,1,07,000,00,2,8,01,B01
201800048551,2,07,000,00,2,2,10,A01
201800048551,1,32,000,00,2,1,01,B01
201800048552,1,07,000,00,1,3,01,A01
201800048553,2,07,000,00,1,1,15,A01
201800048554,1,07,000,00,2,7,01,A01
201800048554,1,07,000,00,2,1,01,B01
201800048555,1,17,000,00,2,2,15,A01
201800048555,2,34,000,00,2,2,01,B01
201800048556,2,07,000,00,2,0,13,A01
201800048556,2,32,000,00,2,3,14,B01
201800048557,1,99,000,00,2,3,22,A01
201800048557,1,01,000,01,0,2,01,B01
201800048558,2,07,000,00,1,2,17,A01
201800048559,0,38,001,00,2,7,24,B01
201800048559,0,01,000,00,2,1,00,A01
201800048560,1,07,000,00,2,5,01,B01
201800048560,1,01,000,00,2,1,19,A01
201800048561,1,07,000,00,2,1,01,A01
201800048561,1,07,000,00,2,4,00,B01
201800048561,1,07,000,00,0,0,00,C01
201800048562,1,07,000,00,1,1,01,A01
201800048563,2,07,000,00,2,1,05,A01
201800048563,1,07,000,00,2,1,00,B01
201800048564,2,07,000,00,2,1,15,A01
201800048564,1,02,000,00,2,8,01,B01
201800048565,0,10,000,00,2,3,09,A01
201800048565,2,10,000,00,2,2,01,B01
201800048566,1,07,000,12,0,3,08,A01
201800048567,1,07,000,00,2,1,01,B01
201800048567,2,07,000,00,2,6,01,A01
201800048568,1,07,000,00,2,3,01,A01
201800048568,1,01,000,00,2,1,01,B01
201800048569,1,02,000,00,2,1,17,A01
201800048569,1,33,000,00,2,8,15,B01
201800048570,1,07,000,00,2,1,00,B01
201800048570,1,07,000,00,2,4,09,A01
201800048571,2,33,000,00,2,3,07,A01
201800048571,2,07,000,00,2,7,16,B01
201800048572,2,32,000,00,2,1,01,A01
201800048572,2,10,000,00,2,2,01,B01
201800048573,2,07,000,00,1,3,08,A01
201800048574,1,10,000,00,2,1,01,A01
201800048574,1,07,000,00,2,7,01,B01
201800048575,2,32,000,11,0,8,00,A01
201800048576,1,32,000,00,2,1,01,B01
201800048577,0,31,000,12,0,1,15,A01
201800048578,1,33,000,00,1,1,21,A01
201800048579,2,01,000,00,2,1,01,B01
201800048579,1,07,000,00,2,1,15,A01
201800048580,2,31,000,00,2,1,00,A01
201800048580,2,33,000,00,2,1,00,B01
201800048580,0,07,000,00,2,3,01,C01
201800048581,0,07,000,00,4,3,11,A01
201800048581,1,40,015,00,2,1,00,B01
201800048581,2,40,024,00,2,1,00,C01
201800048582,2,07,000,00,4,8,15,B01
201800048582,1,40,001,00,2,0,00,A01
201800048583,0,07,000,00,1,7,00,A01
201800048584,2,07,000,00,2,2,01,B01
201800048584,1,30,000,00,2,7,01,A01
201800048585,0,07,000,00,1,4,20,A01
201800048586,1,07,000,00,1,1,15,A01
201800048587,0,14,000,00,2,2,15,A01
201800048587,0,34,000,00,2,8,10,B01
201800048588,2,07,000,00,1,3,01,A01
201800048589,1,31,000,00,2,1,17,A01
201800048589,2,07,000,00,2,1,15,B01
201800048590,2,07,000,00,2,7,01,A01
201800048590,2,33,000,00,2,8,01,B01
201800048591,1,07,000,00,2,1,01,B01
201800048591,1,07,000,00,2,7,01,A01
201800048592,2,01,000,00,2,7,19,B01
201800048592,1,30,000,00,2,1,00,A01
201800048593,2,07,000,00,1,1,17,A01
201800048594,2,07,000,00,1,2,01,A01
201800048595,0,07,000,00,1,6,01,B01
201800048596,0,10,000,00,1,1,19,A01
201800048597,1,10,000,00,2,3,09,A01
201800048597,1,07,000,00,2,0,00,B01
201800048598,0,07,000,14,0,1,00,A01
201800048599,2,33,000,00,1,1,00,A01
201800048600,2,07,000,06,2,1,01,A01
201800048600,2,07,000,00,2,1,15,B01
201800048601,0,33,000,00,2,3,01,B01
201800048601,0,07,000,00,2,1,15,A01
201800048602,1,01,000,00,2,7,01,B01
201800048602,2,07,000,00,2,3,01,A01
201800048603,2,07,000,00,2,1,02,A01
201800048603,2,07,000,00,2,0,00,B01
201800048604,0,99,000,00,2,8,00,B01
201800048604,0,20,000,00,6,7,16,A01
201800048605,2,40,071,00,1,2,01,A01
201800048606,2,33,000,00,2,1,02,B01
201800048606,2,07,000,00,2,3,19,A01
201800048607,1,07,000,00,2,7,15,A01
201800048607,1,33,000,00,2,7,01,B01
201800048608,1,07,000,00,1,1,00,A01
201800048609,0,01,000,00,2,4,00,B01
201800048609,0,07,000,00,2,1,00,A01
201800048610,1,07,000,00,2,3,01,A01
201800048610,1,32,000,00,2,9,01,B01
201800048610,1,07,000,00,2,7,01,C01
201800048611,1,07,000,00,1,3,08,A01
201800048612,2,14,000,00,1,7,01,A01
201800048613,1,07,000,00,2,7,00,B01
201800048613,1,33,000,00,2,8,18,A01
201800048614,2,07,000,00,2,2,01,B01
201800048614,1,10,000,00,2,1,19,A01
201800048615,0,10,000,00,6,2,19,A01
201800048615,0,01,000,00,2,7,00,B01
201800048616,1,99,000,00,2,2,08,A01
201800048616,1,07,000,00,0,3,00,B01
201800048617,0,07,000,00,2,1,01,A01
201800048617,0,07,000,00,2,8,01,B01
201800048618,1,07,000,00,6,1,15,A01
201800048618,2,01,000,00,2,8,01,B01
201800048619,1,07,000,00,1,1,01,A01
201800048620,1,07,000,00,1,1,01,A01
201800048621,2,07,000,01,1,3,15,A01
201800048622,0,10,000,00,2,6,24,A01
201800048622,1,33,000,01,0,2,01,B01
201800048623,2,07,000,00,1,1,01,A01
201800048624,2,33,000,00,2,4,01,B01
201800048624,2,07,000,00,2,1,01,A01
201800048625,2,07,000,00,2,6,15,B01
201800048625,1,07,000,00,2,3,01,A01
201800048626,0,07,000,01,0,2,16,A01
201800048627,2,30,000,00,0,0,00,A01
201800048628,1,07,000,00,1,1,01,A01
201800048629,2,34,000,00,0,1,12,A01
201800048630,2,99,000,00,2,1,15,A01
201800048630,1,33,000,00,2,8,01,B01
201800048631,1,07,000,00,2,1,15,A01
201800048631,0,10,000,00,2,3,23,C01
201800048631,2,07,000,00,2,8,01,B01
201800048632,1,07,000,00,2,1,15,A01
201800048632,1,07,000,00,2,8,01,B01
201800048633,2,10,000,00,1,1,15,A01
201800048634,1,07,000,00,1,1,00,A01
201800048635,2,07,000,00,2,7,15,A01
201800048635,1,01,000,00,2,1,01,B01
201800048636,2,10,000,00,1,2,01,A01
201800048637,2,01,000,00,2,1,15,B01
201800048637,2,07,000,00,6,5,01,A01
201800048638,1,07,000,00,2,3,01,B01
201800048638,2,07,000,00,2,1,15,A01
201800048639,1,07,000,00,2,6,01,A01
201800048639,1,99,000,00,2,1,01,B01
201800048640,2,37,002,00,2,4,01,B01
201800048640,2,07,000,00,2,1,02,A01
201800048641,1,07,000,00,2,3,01,B01
201800048641,2,07,000,00,2,2,15,A01
201800048642,0,07,000,00,2,0,00,B01
201800048642,0,07,000,14,2,1,00,A01
201800048643,1,07,000,00,2,7,16,A01
201800048643,1,31,000,00,2,8,16,B01
201800048644,0,07,000,03,2,8,01,B01
201800048644,0,07,000,00,2,2,01,A01
201800048645,0,10,000,00,0,1,19,A01
201800048646,1,30,000,00,2,7,19,A01
201800048646,1,07,000,00,2,1,01,B01
201800048647,1,07,000,00,1,1,01,A01
201800048648,1,07,000,14,1,1,01,A01
201800048649,2,07,000,00,2,1,01,B01
201800048649,2,07,000,00,2,2,01,A01
201800048650,1,07,000,00,1,1,01,A01
201800048651,0,07,000,00,2,1,00,A01
201800048652,1,07,000,00,1,1,00,A01
201800048653,1,30,000,00,0,0,00,A01
201800048654,0,07,000,00,2,0,02,A01
201800048654,0,07,000,00,2,0,00,B01
201800048655,1,07,000,00,2,6,01,A01
201800048655,1,07,000,00,2,1,01,B01
201800048656,1,07,000,14,0,1,01,A01
201800048656,1,07,000,00,0,4,23,B01
201800048657,0,07,000,00,2,0,00,B01
201800048657,0,07,000,00,2,7,15,A01
201800048658,1,07,000,00,2,1,15,B01
201800048658,1,16,000,00,2,8,09,A01
201800048659,0,07,000,00,1,0,15,A01
201800048660,0,01,000,00,2,1,01,B01
201800048660,0,32,000,00,2,1,05,Z01
201800048661,2,07,000,00,2,1,02,B01
201800048661,1,07,000,00,2,7,15,A01
201800048662,2,10,000,00,2,3,11,A01
201800048662,2,10,000,00,2,2,01,B01
201800048662,2,10,000,00,2,4,01,C01
201800048663,0,07,000,00,2,1,05,B01
201800048663,0,15,000,00,2,2,02,A01
201800048664,1,37,004,00,2,3,01,A01
201800048664,2,01,000,00,2,7,19,B01
201800048665,0,07,000,00,2,6,00,A01
201800048665,0,07,000,00,2,1,00,B01
201800048666,0,07,000,00,2,1,01,A01
201800048666,0,07,000,00,2,4,02,B01
201800048666,0,07,000,00,2,4,02,C01
201800048667,1,07,000,00,0,0,00,B01
201800048667,1,07,000,00,2,1,00,A01
201800048668,1,07,000,00,2,1,02,A01
201800048668,1,07,000,00,2,4,02,B01
201800048669,1,07,000,00,2,2,15,B01
201800048669,2,34,000,00,2,1,08,A01
201800048670,1,37,010,00,1,2,01,A01
201800048671,0,07,000,00,2,0,00,B01
201800048671,0,07,000,00,2,1,02,A01
201800048672,1,07,000,00,0,7,23,A01
201800048672,1,01,000,14,0,0,01,B01
201800048673,0,07,000,00,1,1,01,A01
201800048674,2,07,000,00,2,7,15,B01
201800048674,1,07,000,00,2,1,00,A01
201800048675,1,10,000,00,2,1,19,A01
201800048675,2,07,000,00,2,1,23,C01
201800048675,2,07,000,00,0,0,00,D01
201800048675,1,07,000,00,2,3,01,B01
201800048676,1,33,000,00,2,1,01,B01
201800048676,1,07,000,00,2,8,19,A01
201800048677,2,10,000,00,2,4,02,A01
201800048677,1,32,000,00,2,1,02,B01
201800048677,0,07,000,00,2,1,01,C01
201800048678,1,10,000,01,0,2,14,A01
201800048679,2,07,000,00,1,1,16,A01
201800048680,2,07,000,00,2,3,24,A01
201800048680,2,01,000,00,2,1,02,B01
201800048681,1,07,000,00,2,0,00,A01
201800048681,2,32,000,00,2,3,01,B01
201800048682,0,07,000,00,2,4,01,B01
201800048682,0,07,000,00,2,1,02,A01
201800048683,2,07,000,00,1,1,01,A01
201800048684,1,07,000,00,0,0,06,A01
201800048684,1,02,000,00,2,0,01,B01
201800048685,0,10,000,15,0,1,15,A01
201800048686,1,07,000,00,2,1,15,A01
201800048686,2,07,000,00,2,8,01,B01
201800048687,0,07,000,00,2,3,15,A01
201800048687,0,99,000,00,2,0,00,B01
201800048688,0,99,000,00,2,1,01,B01
201800048688,0,07,000,00,2,3,15,A01
201800048689,1,07,000,00,4,8,15,B01
201800048689,0,40,001,00,2,0,00,A01
201800048690,2,07,000,00,2,7,02,B01
201800048690,2,07,000,00,2,1,02,A01
201800048691,1,07,000,00,2,4,01,B01
201800048691,1,07,000,00,2,1,00,A01
201800048692,1,07,000,00,2,1,01,A01
201800048692,1,07,000,00,2,6,14,B01
201800048693,0,07,000,00,1,2,15,A01
201800048694,2,07,000,00,1,1,01,B01
201800048695,1,07,000,00,2,2,12,A01
201800048695,1,32,000,00,2,8,01,B01
201800048696,2,07,000,00,2,2,19,A01
201800048696,1,07,000,00,2,3,01,B01
201800048697,1,07,000,00,2,6,01,B01
201800048697,1,32,000,00,2,2,01,A01
201800048698,1,07,000,00,2,1,01,A01
201800048698,1,07,000,00,2,2,15,B01
201800048699,1,10,000,00,1,0,15,A01
201800048700,1,07,000,00,2,1,01,A01
201800048700,2,01,000,00,2,1,15,B01
201800048701,2,07,000,00,1,6,20,A01
201800048702,2,31,000,00,2,1,01,B01
201800048702,0,07,000,00,2,8,01,A01
201800048703,1,07,000,11,0,1,01,A01
201800048704,0,10,000,01,0,3,00,A01
201800048704,2,10,000,00,2,5,24,C01
201800048705,1,07,000,00,1,3,01,A01
201800048706,2,07,000,00,0,0,00,B01
201800048706,1,07,000,00,0,1,01,A01
201800048707,0,32,000,01,0,2,01,A01
201800048708,1,07,000,00,2,1,01,B01
201800048708,2,07,000,00,2,2,15,A01
201800048709,1,07,000,00,1,1,01,A01
201800048710,2,07,000,00,2,1,01,A01
201800048710,2,07,000,00,2,4,01,B01
201800048711,0,32,000,00,2,7,11,B01
201800048711,0,07,000,00,2,3,11,A01
201800048712,0,40,050,00,1,2,00,A01
201800048713,2,07,000,00,2,2,09,A01
201800048713,2,33,000,00,2,3,03,B01
201800048714,1,07,000,00,2,7,15,A01
201800048714,1,01,000,00,2,8,19,B01
201800048715,0,07,000,00,2,1,01,B01
201800048715,0,07,000,00,2,5,15,A01
201800048716,1,37,015,00,2,2,01,A01
201800048716,1,01,000,00,2,1,19,B01
201800048717,2,07,000,00,2,1,01,A01
201800048717,2,01,000,00,2,8,09,B01
201800048718,1,07,000,00,2,6,15,A01
201800048718,1,33,000,00,2,1,01,B01
201800048719,1,02,000,00,2,1,01,B01
201800048719,1,07,000,00,2,1,15,A01
201800048720,1,01,000,00,1,1,01,A01
201800048721,1,07,000,00,2,1,01,C01
201800048721,2,07,000,00,2,7,01,A01
201800048721,1,37,001,00,2,1,23,B01
201800048722,2,07,000,00,2,1,01,A01
201800048722,2,07,000,00,,8,01,B01
201800048723,0,01,000,00,2,4,13,A01
201800048723,0,34,000,00,6,1,00,B01
201800048724,0,01,000,00,0,0,00,A01
201800048725,0,03,000,09,0,1,00,A01
201800048726,0,07,000,00,6,2,16,A01
201800048726,0,01,000,00,2,1,01,B01
201800048727,1,40,015,00,1,7,20,A01
201800048728,1,30,000,00,2,8,01,A01
201800048728,1,07,000,00,2,7,16,B01
201800048729,1,07,000,00,2,1,15,A01
201800048729,2,07,000,00,2,1,01,B01
201800048730,0,32,000,00,2,1,01,A01
201800048730,0,07,000,00,0,0,23,B01
201800048731,0,02,000,12,0,1,02,A01
201800048731,0,07,000,00,0,0,15,B01
201800048732,1,30,000,00,0,0,00,A01
201800048733,1,99,000,00,0,0,00,A01
201800048734,2,07,000,08,0,9,01,A01
201800048735,2,07,000,00,2,1,17,A01
201800048735,2,99,000,00,2,8,15,B01
201800048736,2,07,000,00,2,0,22,A01
201800048736,2,01,000,01,0,1,01,B01
201800048737,1,07,000,00,2,2,13,A01
201800048737,2,07,000,00,2,3,01,B01
201800048738,2,30,000,00,2,1,21,A01
201800048738,2,07,000,00,2,4,02,B01
201800048739,1,99,000,00,1,1,01,A01
201800048740,0,07,000,00,1,2,15,A01
201800048741,2,07,000,00,2,1,01,A01
201800048741,1,07,000,00,2,7,01,B01
201800048742,1,10,000,00,6,8,16,A01
201800048742,1,99,000,00,2,1,01,Y01
201800048743,2,14,000,00,2,2,16,A01
201800048743,2,01,000,00,2,0,01,B01
201800048744,1,07,000,00,1,2,00,A01
201800048745,1,10,000,00,1,7,16,A01
201800048746,2,10,000,00,1,0,01,A01
201800048747,0,07,000,00,1,1,01,A01
201800048748,2,01,000,00,1,1,00,A01
201800048749,1,07,000,00,2,5,01,A01
201800048749,1,31,000,00,2,1,01,B01
201800048750,2,07,000,00,2,5,20,A01
201800048750,2,01,000,00,2,1,01,B01
201800048751,0,07,000,00,2,6,10,A01
201800048751,0,33,000,00,2,1,17,B01
201800048752,2,07,000,00,1,1,01,A01
201800048753,2,07,000,00,2,1,01,B01
201800048753,2,07,000,00,2,3,01,A01
201800048754,1,07,000,00,2,1,01,A01
201800048754,1,33,000,00,2,8,01,B01
201800048755,2,07,000,00,2,6,01,A01
201800048755,2,07,000,00,2,2,01,B01
201800048756,2,10,000,00,1,2,16,A01
201800048757,1,10,000,00,1,1,00,A01
201800048758,1,07,000,00,2,3,01,A01
201800048758,2,07,000,00,2,6,01,B01
201800048759,0,33,000,00,2,3,11,A01
201800048759,0,07,000,00,2,1,01,B01
201800048760,0,32,000,00,0,7,19,A01
201800048761,1,02,000,00,2,1,01,B01
201800048761,2,07,000,00,2,2,01,A01
201800048762,0,99,000,00,0,0,01,A01
201800048763,0,07,000,00,2,2,09,A01
201800048763,0,02,000,00,2,1,01,B01
201800048764,1,07,000,00,2,1,02,A01
201800048764,2,07,000,00,2,3,02,B01
201800048765,1,10,000,00,2,0,00,A01
201800048765,1,07,000,00,2,4,01,B01
201800048765,1,07,000,00,2,4,01,C01
201800048766,1,07,000,00,4,3,15,A01
201800048766,1,40,010,00,2,2,01,B01
201800048767,0,07,000,00,2,1,02,A01
201800048767,0,07,000,00,2,4,01,B01
201800048768,2,07,000,00,1,1,01,A01
201800048769,2,07,000,00,1,1,01,A01
201800048770,1,01,000,00,2,1,19,A01
201800048770,1,07,000,00,6,8,01,B01
201800048771,2,07,000,00,2,1,02,A01
201800048771,2,07,000,00,2,4,01,B01
201800048771,2,07,000,00,2,4,01,C01
201800048772,2,07,000,00,2,1,01,A01
201800048772,2,01,000,00,2,7,19,B01
201800048773,1,07,000,00,2,4,20,A01
201800048773,1,01,000,00,2,1,00,B01
201800048774,0,07,000,00,2,1,01,A01
201800048774,0,99,000,00,2,1,15,B01
201800048775,0,07,000,00,6,1,16,A01
201800048775,0,01,000,00,2,1,19,B01
201800048776,2,07,000,00,2,2,01,B01
201800048776,1,07,000,00,2,1,19,A01
201800048777,0,99,000,00,2,0,00,B01
201800048777,0,07,000,00,2,3,15,A01
201800048778,1,07,000,00,2,6,11,A01
201800048778,1,07,000,00,2,0,00,B01
201800048779,0,07,000,00,2,1,02,A01
201800048779,0,07,000,00,2,4,02,B01
201800048780,2,07,000,00,2,3,01,B01
201800048780,1,07,000,00,2,1,15,A01
201800048781,2,30,000,00,2,1,01,A01
201800048781,2,07,000,00,2,4,01,B01
201800048782,2,07,000,00,2,8,15,A01
201800048782,2,33,000,00,2,1,02,B01
201800048783,2,30,000,00,2,1,21,A01
201800048783,2,07,000,00,2,5,00,B01
201800048784,2,02,000,00,2,8,01,A01
201800048784,1,07,000,00,2,1,01,B01
201800048785,0,07,000,01,0,2,14,A01
201800048786,1,30,000,00,2,1,16,A01
201800048786,1,10,000,00,2,1,01,B01
201800048787,0,14,000,00,1,0,00,A01
201800048788,1,07,000,00,1,1,01,A01
201800048789,0,07,000,00,2,3,13,A01
201800048789,0,30,000,00,2,2,00,B01
201800048790,2,07,000,00,0,8,01,A01
201800048791,1,07,000,00,2,5,23,B01
201800048791,1,07,000,00,2,4,23,C01
201800048791,1,07,000,00,2,1,02,A01
201800048792,1,07,000,00,2,4,00,C01
201800048792,1,34,000,00,2,1,01,B01
201800048792,1,07,000,00,2,1,02,A01
201800048793,1,33,000,07,0,1,02,A01
201800048794,2,07,000,00,2,5,11,A01
201800048794,2,33,000,00,2,1,03,B01
201800048795,1,07,000,00,2,4,23,C01
201800048795,1,07,000,00,2,4,02,B01
201800048795,1,07,000,00,2,1,02,A01
201800048796,1,33,000,00,2,8,03,B01
201800048796,1,07,000,00,2,2,12,A01
201800048797,1,07,000,04,0,2,21,A01
201800048798,2,10,000,00,2,5,12,A01
201800048798,2,07,000,00,2,5,01,C01
201800048798,2,33,000,00,2,8,03,B01
201800048799,1,07,000,00,2,1,02,A01
201800048799,1,07,000,00,2,4,23,B01
201800048799,1,17,000,00,2,4,23,C01
201800048800,2,10,000,03,0,1,13,A01
201800048801,1,07,000,00,2,4,23,D01
201800048801,1,07,000,00,6,1,23,B01
201800048801,1,10,000,00,2,1,02,A01
201800048801,1,07,000,00,2,4,23,C01
201800048801,1,07,000,00,2,4,23,E01
201800048802,2,07,000,03,0,1,01,A01
201800048803,1,07,000,04,0,3,13,A01
201800048804,1,07,000,04,0,3,13,A01
201800048805,1,07,000,00,2,4,09,A01
201800048805,1,17,000,00,2,1,02,B01
201800048806,2,33,000,00,2,7,03,B01
201800048806,2,10,000,00,2,8,11,A01
201800048807,1,07,000,14,0,1,12,A01
201800048808,1,07,000,00,2,7,12,A01
201800048808,1,33,000,00,2,8,03,B01
201800048809,2,10,000,00,2,2,14,A01
201800048809,2,07,000,00,2,8,01,B01
201800048810,2,17,000,00,2,4,23,B01
201800048810,2,10,000,00,2,1,02,A01
201800048811,2,07,000,00,2,2,01,B01
201800048811,2,07,000,00,2,6,11,A01
201800048812,2,15,000,00,2,2,12,A01
201800048812,2,10,000,00,2,2,01,C01
201800048812,2,07,000,00,2,6,01,B01
201800048813,1,07,000,00,2,3,02,A01
201800048813,1,07,000,00,2,4,23,D01
201800048813,1,07,000,00,2,1,02,B01
201800048813,1,07,000,00,2,4,02,C01
201800048814,1,07,000,00,2,2,12,A01
201800048814,1,33,000,00,2,8,01,B01
201800048815,1,17,000,00,2,0,12,A01
201800048815,1,07,000,00,2,3,01,B01
201800048816,2,32,000,03,2,7,03,B01
201800048816,2,07,000,00,2,3,09,C01
201800048816,2,07,000,00,2,8,11,A01
201800048817,1,07,000,04,0,1,13,A01
201800048818,2,07,000,00,2,2,02,A01
201800048818,2,30,000,00,2,4,02,B01
201800048819,1,33,000,00,0,0,17,A01
201800048820,1,17,000,00,2,6,01,C01
201800048820,1,33,000,00,2,8,03,B01
201800048820,1,10,000,00,2,5,12,A01
201800048821,1,07,000,00,2,8,11,A01
201800048821,1,33,000,00,2,7,03,B01
201800048822,2,07,000,00,2,4,02,B01
201800048822,2,07,000,00,2,1,02,A01
201800048823,1,17,000,00,2,1,02,A01
201800048823,1,07,000,00,2,4,02,B01
201800048824,1,10,000,00,2,1,01,C01
201800048824,1,07,000,00,2,4,02,B01
201800048824,1,15,000,00,2,1,02,A01
201800048825,1,07,000,00,2,4,02,B01
201800048825,1,10,000,00,2,1,02,A01
201800048826,2,07,000,00,2,5,23,B01
201800048826,2,10,000,00,2,1,02,A01
201800048827,2,07,000,00,2,4,02,B01
201800048827,2,10,000,00,2,1,02,A01
201800048827,2,07,000,00,2,4,02,C01
201800048828,2,07,000,00,2,4,02,B01
201800048828,2,07,000,00,2,1,02,A01
201800048829,2,07,000,00,2,7,14,A01
201800048829,2,07,000,00,2,3,01,B01
201800048830,1,07,000,00,2,1,02,A01
201800048830,1,07,000,00,2,4,02,B01
201800048831,2,33,000,00,2,8,01,B01
201800048831,2,07,000,00,2,2,12,A01
201800048832,1,17,000,00,2,4,01,C01
201800048832,1,16,000,00,2,1,02,A01
201800048832,1,10,000,00,2,4,02,B01
201800048833,1,07,000,04,0,1,13,A01
201800048834,2,07,000,00,2,1,02,A01
201800048834,2,10,000,00,2,6,23,B01
201800048834,2,07,000,00,2,4,23,C01
201800048835,1,07,000,03,2,4,02,B01
201800048835,1,07,000,00,2,1,02,A01
201800048836,2,17,000,00,2,1,02,A01
201800048836,2,10,000,00,2,4,01,B01
201800048837,1,07,000,00,2,5,01,B01
201800048837,1,07,000,00,2,3,12,A01
201800048838,1,07,000,00,2,4,23,B01
201800048838,1,07,000,00,2,4,23,C01
201800048838,1,14,000,00,2,1,02,A01
201800048839,1,07,000,03,2,7,17,A01
201800048839,1,07,000,00,2,1,01,B01
201800048840,2,31,000,00,0,8,03,A01
201800048841,2,07,000,00,2,4,11,B01
201800048841,2,33,000,00,2,1,01,A01
201800048842,2,07,000,04,2,2,09,A01
201800048842,2,17,000,00,2,7,00,B01
201800048843,1,31,000,00,2,7,03,A01
201800048843,1,07,000,00,2,5,11,B01
201800048844,1,33,000,00,2,3,03,A01
201800048844,1,07,000,00,2,4,01,B01
201800048845,2,07,000,00,2,4,02,B01
201800048845,2,07,000,00,2,1,02,A01
201800048846,1,07,000,00,2,4,02,B01
201800048846,1,07,000,00,2,4,02,C01
201800048846,1,10,000,00,2,1,02,A01
201800048847,1,07,000,00,2,4,02,C01
201800048847,1,07,000,00,2,4,02,B01
201800048847,1,07,000,00,2,4,02,D01
201800048847,1,07,000,00,2,1,02,A01
201800048848,1,33,000,00,2,7,03,B01
201800048848,1,07,000,00,2,6,21,A01
201800048849,1,07,000,00,2,1,02,A01
201800048849,1,07,000,00,2,4,23,B01
201800048849,1,07,000,00,2,4,23,C01
201800048850,1,07,000,04,0,3,13,A01
201800048851,1,17,000,00,2,2,12,A01
201800048851,1,07,000,00,2,8,01,B01
201800048851,1,07,000,04,2,1,01,C01
201800048852,2,07,000,00,2,1,02,Z01
201800048852,2,07,000,03,2,4,02,A01
201800048853,1,10,000,00,2,4,02,B01
201800048853,1,10,000,00,2,1,02,A01
201800048854,1,07,000,04,2,6,09,B01
201800048854,1,15,000,00,2,2,12,A01
201800048855,1,33,000,00,2,2,03,B01
201800048855,1,07,000,00,2,6,11,A01
201800048856,2,07,000,00,2,1,02,A01
201800048856,2,07,000,00,2,4,01,B01
201800048857,2,07,000,00,2,6,11,A01
201800048857,2,07,000,04,2,2,01,B01
201800048858,1,07,000,00,2,7,12,B01
201800048858,1,33,000,00,2,1,03,A01
201800048859,2,07,000,07,0,1,14,A01
201800048860,1,07,000,03,2,1,09,A01
201800048860,1,10,000,03,2,7,01,B01
201800048861,1,07,000,00,2,4,01,B01
201800048861,1,17,000,00,2,1,02,A01
201800048862,2,34,000,00,2,2,03,B01
201800048862,2,10,000,00,2,8,11,A01
201800048863,1,07,000,00,2,4,02,C01
201800048863,1,07,000,00,2,4,23,B01
201800048863,1,07,000,00,2,1,01,A01
201800048864,2,07,000,03,2,2,01,B01
201800048864,2,07,000,00,2,6,11,Z01
201800048865,2,07,000,00,2,4,23,B01
201800048865,2,10,000,00,2,1,02,A01