Num_Acc,senc,catv,occutc,obs,obsm,choc,manv,num_veh
201800048866,2,07,000,00,2,5,01,C01
201800048866,2,07,000,00,2,3,11,A01
201800048866,2,33,000,00,2,7,03,B01
201800048867,2,07,000,00,2,1,02,A01
201800048867,2,07,000,00,2,4,02,B01
201800048868,2,07,000,03,2,1,21,B01
201800048868,2,07,000,03,2,1,09,A01
201800048869,1,07,000,03,0,1,01,A01
201800048870,2,07,000,00,2,4,02,B01
201800048870,2,07,000,00,2,1,02,A01
201800048871,2,07,000,00,2,8,01,B01
201800048871,2,17,000,00,2,2,12,A01
201800048872,2,10,000,00,2,3,23,B01
201800048872,2,15,000,00,2,8,01,A01
201800048873,1,07,000,00,2,4,02,B01
201800048873,1,07,000,00,2,1,02,A01
201800048874,2,07,000,00,2,4,02,C01
201800048874,2,07,000,00,2,4,02,B01
201800048874,2,07,000,00,2,1,02,A01
201800048875,2,07,000,00,2,4,23,C01
201800048875,2,07,000,00,2,1,02,A01
201800048875,2,07,000,00,2,4,23,B01
201800048876,1,07,000,00,2,1,02,A01
201800048876,1,07,000,03,2,4,02,B01
201800048877,1,07,000,00,2,1,02,A01
201800048877,1,14,000,00,2,4,01,B01
201800048878,1,33,000,00,2,7,03,B01
201800048878,1,07,000,00,2,6,11,A01
201800048879,1,14,000,00,2,3,02,A01
201800048879,1,17,000,07,2,5,02,B01
201800048880,1,33,000,03,2,1,03,B01
201800048880,1,07,000,00,2,3,11,A01
201800048881,1,07,000,15,0,2,14,A01
201800048882,2,07,000,00,2,4,23,C01
201800048882,2,10,000,00,2,1,02,A01
201800048882,2,07,000,00,2,4,23,B01
201800048883,2,07,000,00,2,1,02,A01
201800048883,2,07,000,00,2,4,01,B01
201800048884,2,07,000,00,2,1,02,A01
201800048884,2,10,000,00,2,4,23,B01
201800048884,2,07,000,00,2,4,23,C01
201800048884,2,07,000,00,2,4,23,D01
201800048885,1,33,000,00,2,2,21,D01
201800048885,1,17,000,00,2,3,01,B01
201800048885,1,07,000,04,2,5,12,A01
201800048885,1,07,000,00,2,6,23,C01
201800048886,2,10,000,04,0,9,14,A01
201800048887,2,07,000,04,2,1,01,C01
201800048887,2,15,000,00,2,0,13,Z01
201800048887,2,07,000,04,2,7,01,B01
201800048888,1,07,000,03,0,1,13,A01
201800048889,1,07,000,04,2,6,01,B01
201800048889,1,07,000,00,2,2,14,A01
201800048890,1,07,000,03,2,6,01,B01
201800048890,1,17,000,00,2,2,12,A01
201800048891,1,07,000,00,2,4,23,C01
201800048891,1,07,000,00,2,1,02,A01
201800048891,1,07,000,00,2,4,23,D01
201800048891,1,07,000,00,2,4,23,B01
201800048891,1,07,000,00,2,4,23,E01
201800048892,2,07,000,00,2,6,02,B01
201800048892,2,17,000,00,2,3,12,A01
201800048893,2,33,000,00,2,3,01,B01
201800048893,2,07,000,00,2,5,12,A01
201800048894,2,07,000,00,2,4,02,C01
201800048894,2,07,000,03,2,4,23,B01
201800048894,2,07,000,03,2,3,02,A01
201800048895,1,10,000,00,2,4,01,B01
201800048895,1,17,000,00,2,2,02,A01
201800048896,2,07,000,04,0,1,13,A01
201800048897,2,32,000,00,2,4,02,B01
201800048897,2,07,000,00,2,2,02,A01
201800048898,2,17,000,00,2,2,01,B01
201800048898,2,07,000,00,2,8,09,A01
201800048899,1,17,000,00,2,4,02,B01
201800048899,1,17,000,00,2,1,02,A01
201800048900,2,07,000,00,2,4,23,C01
201800048900,2,07,000,00,2,1,02,A01
201800048900,2,07,000,00,2,4,23,B01
201800048901,2,07,000,00,2,1,13,A01
201800048901,2,07,000,00,2,4,01,B01
201800048902,2,10,000,00,2,3,02,A01
201800048902,2,07,000,00,2,4,02,D01
201800048902,2,07,000,00,2,4,02,B01
201800048902,2,07,000,00,2,4,02,C01
201800048903,2,07,000,00,2,3,11,A01
201800048903,2,33,000,00,2,7,03,B01
201800048904,1,07,000,00,2,5,01,B01
201800048904,1,33,000,00,2,3,03,A01
201800048905,1,10,000,00,2,1,02,A01
201800048905,1,17,000,00,2,4,01,B01
201800048906,2,07,000,00,2,1,01,C01
201800048906,2,07,000,04,2,0,21,B01
201800048906,2,07,000,00,2,0,09,A01
201800048907,1,07,000,03,2,1,13,A01
201800048907,1,07,000,00,2,2,01,B01
201800048908,1,07,000,00,2,1,02,A01
201800048908,1,07,000,00,2,4,02,B01
201800048909,2,33,000,00,0,7,03,A01
201800048910,1,10,000,00,2,0,00,D01
201800048910,1,17,000,00,2,7,14,C01
201800048910,1,07,000,00,2,0,00,A01
201800048910,1,07,000,00,2,6,02,B01
201800048911,2,17,000,13,0,0,14,A01
201800048912,2,14,000,00,2,2,01,B01
201800048912,2,07,000,00,2,6,09,A01
201800048913,1,10,000,00,2,1,01,A01
201800048913,1,07,000,00,2,6,23,C01
201800048913,1,07,000,04,2,4,23,B01
201800048914,1,07,000,00,2,4,23,D01
201800048914,1,07,000,00,2,4,23,B01
201800048914,1,10,000,00,2,1,02,A01
201800048914,1,07,000,00,2,4,23,E01
201800048914,1,07,000,00,2,4,23,C01
201800048915,1,33,000,04,2,1,01,B01
201800048915,1,07,000,00,2,8,01,C01
201800048915,1,07,000,00,2,6,11,A01
201800048915,1,07,000,00,2,4,01,D01
201800048916,1,17,000,00,2,2,12,A01
201800048916,1,07,000,05,2,6,01,B01
201800048917,1,07,000,00,2,1,14,A01
201800048917,1,07,000,00,2,4,01,B01
201800048918,2,07,000,03,0,3,13,A01
201800048919,1,07,000,00,2,6,23,B01
201800048919,1,33,000,00,2,1,21,A01
201800048920,1,07,000,00,2,1,02,A01
201800048920,1,07,000,00,2,4,01,B01
201800048921,1,32,000,04,2,2,01,B01
201800048921,1,07,000,00,2,6,11,A01
201800048922,1,07,000,03,0,1,13,A01
201800048923,2,07,000,00,2,5,23,C01
201800048923,2,07,000,00,2,1,02,A01
201800048923,2,07,000,00,2,4,23,B01
201800048924,2,10,000,00,2,6,01,C01
201800048924,2,07,000,00,2,7,12,A01
201800048924,2,33,000,00,2,8,03,B01
201800048925,1,07,000,00,2,4,01,B01
201800048925,1,33,000,00,2,1,02,A01
201800048926,1,07,000,00,2,1,01,C01
201800048926,1,07,000,00,2,6,01,B01
201800048926,1,07,000,00,2,1,12,A01
201800048927,1,07,000,00,2,4,02,B01
201800048927,1,07,000,00,2,1,02,A01
201800048928,1,07,000,00,2,4,12,B01
201800048928,1,33,000,00,2,1,01,A01
201800048929,2,07,000,00,2,4,23,B01
201800048929,2,07,000,00,2,4,23,C01
201800048929,2,07,000,00,2,4,23,D01
201800048929,2,07,000,00,2,1,02,A01
201800048930,1,17,000,00,2,2,12,A01
201800048930,1,07,000,00,2,6,01,B01
201800048931,1,07,000,00,2,7,12,A01
201800048931,1,32,000,00,2,1,03,B01
201800048932,2,10,000,00,2,1,02,A01
201800048932,2,10,000,00,2,4,23,B01
201800048932,2,07,000,00,2,4,23,C01
201800048932,2,07,000,00,2,4,23,D01
201800048933,2,33,000,00,2,1,03,A01
201800048933,2,07,000,00,2,0,01,B01
201800048934,1,07,000,00,2,1,02,A01
201800048934,1,07,000,00,2,4,02,C01
201800048934,1,07,000,00,2,4,02,B01
201800048935,1,14,000,00,2,2,01,A01
201800048935,1,07,000,00,0,1,09,B01
201800048936,1,07,000,04,0,1,19,A01
201800048937,1,34,000,00,0,8,00,A01
201800048938,2,33,000,00,2,3,01,B01
201800048938,2,07,000,00,2,5,01,C01
201800048938,2,07,000,00,2,8,11,A01
201800048939,1,07,000,05,0,1,14,A01
201800048940,2,17,000,00,2,1,01,C01
201800048940,2,07,000,00,2,6,01,B01
201800048940,2,10,000,03,2,2,14,A01
201800048940,2,07,000,00,2,4,01,D01
201800048941,2,10,000,14,0,1,14,A01
201800048942,1,07,000,00,2,1,02,A01
201800048942,1,07,000,00,2,4,02,C01
201800048942,1,07,000,00,2,4,02,B01
201800048943,2,07,000,00,2,1,02,A01
201800048943,2,07,000,00,2,4,01,B01
201800048944,2,07,000,00,2,4,01,B01
201800048944,2,07,000,00,2,1,02,A01
201800048945,1,07,000,00,2,4,02,B01
201800048945,1,07,000,00,2,1,01,A01
201800048946,2,07,000,00,2,6,01,B01
201800048946,2,33,000,00,2,1,03,A01
201800048947,1,14,000,00,2,0,01,B01
201800048947,1,17,000,00,2,1,11,A01
201800048947,1,17,000,00,2,1,01,C01
201800048948,2,07,000,00,2,6,11,A01
201800048948,2,07,000,04,2,2,01,B01
201800048949,2,07,000,00,2,4,01,B01
201800048949,2,07,000,00,2,1,02,A01
201800048950,1,33,000,00,2,8,01,B01
201800048950,1,07,000,00,2,2,12,A01
201800048950,1,10,000,00,2,6,01,C01
201800048951,2,07,000,00,2,1,02,A01
201800048951,2,07,000,00,2,4,01,B01
201800048952,1,07,000,00,2,4,01,B01
201800048952,1,07,000,00,2,1,02,A01
201800048952,1,07,000,00,2,1,02,C01
201800048953,2,07,000,00,2,1,02,A01
201800048953,2,17,000,00,2,4,00,B01
201800048954,1,07,000,00,2,1,02,A01
201800048954,1,07,000,00,2,4,23,C01
201800048954,1,07,000,00,2,4,23,B01
201800048955,2,07,000,14,0,1,01,B01
201800048955,2,07,000,,0,0,01,A01
201800048956,1,07,000,16,0,0,14,A01
201800048957,2,07,000,00,2,1,09,A01
201800048957,2,33,000,00,2,4,01,B01
201800048958,1,07,000,00,2,1,01,B01
201800048958,1,07,000,00,2,4,23,A01
201800048959,2,07,000,00,2,6,01,B01
201800048959,2,07,000,03,2,1,02,A01
201800048960,1,07,000,00,2,4,02,C01
201800048960,1,10,000,00,2,5,01,B01
201800048960,1,07,000,00,2,1,02,A01
201800048961,1,10,000,00,2,1,02,A01
201800048961,1,07,000,00,2,4,23,B01
201800048961,1,07,000,00,2,4,23,C01
201800048962,1,07,000,00,2,1,02,A01
201800048962,1,07,000,00,2,4,02,C01
201800048962,1,07,000,00,2,4,02,D01
201800048962,1,07,000,00,2,4,02,B01
201800048963,2,07,000,00,2,4,01,C01
201800048963,2,07,000,00,2,4,01,B01
201800048963,2,07,000,00,2,1,02,A01
201800048964,1,14,000,00,2,5,23,B01
201800048964,1,10,000,00,2,3,21,A01
201800048965,2,07,000,00,2,1,02,A01
201800048965,2,07,000,00,2,4,23,B01
201800048965,2,10,000,00,2,4,23,C01
201800048966,1,17,000,00,2,1,02,A01
201800048966,1,07,000,00,2,4,12,B01
201800048966,1,17,000,00,2,4,02,C01
201800048967,1,10,000,00,2,4,00,B01
201800048967,1,33,000,00,2,1,01,A01
201800048968,2,07,000,04,2,6,01,B01
201800048968,2,14,000,00,2,2,12,A01
201800048969,2,33,000,00,2,1,03,A01
201800048969,2,10,000,00,2,6,01,B01
201800048970,1,07,000,00,2,4,01,B01
201800048970,1,07,000,00,2,1,02,A01
201800048970,1,07,000,00,2,4,01,C01
201800048971,1,33,000,00,2,6,23,B01
201800048971,1,07,000,00,2,1,02,A01
201800048972,1,07,000,03,2,5,01,B01
201800048972,1,07,000,00,2,1,02,A01
201800048973,1,15,000,00,2,4,23,B01
201800048973,1,07,000,00,2,1,02,A01
201800048974,1,07,000,00,2,1,12,A01
201800048974,1,07,000,00,2,4,01,B01
201800048974,1,07,000,00,2,4,01,D01
201800048974,1,07,000,00,2,4,01,C01
201800048975,2,07,000,00,2,1,02,A01
201800048975,2,07,000,00,2,4,01,B01
201800048976,1,33,000,04,0,3,13,A01
201800048977,2,33,000,00,0,0,01,A01
201800048978,2,07,000,04,0,1,14,A01
201800048979,1,07,000,00,2,6,09,A01
201800048979,1,14,000,00,2,0,01,B01
201800048980,1,07,000,00,2,6,01,B01
201800048980,1,33,000,03,2,1,17,A01
201800048981,1,07,000,00,2,5,23,B01
201800048981,1,33,000,00,2,1,03,A01
201800048982,1,99,000,,1,,,Z01
201800048983,2,07,000,00,2,4,23,B01
201800048983,2,07,000,00,2,1,02,A01
201800048984,2,17,000,00,2,5,01,B01
201800048984,2,07,000,00,2,8,13,A01
201800048985,1,07,000,00,2,3,00,B01
201800048985,1,07,000,04,2,3,21,A01
201800048985,1,07,000,00,0,0,12,Z01
201800048986,2,33,000,14,0,7,03,A01
201800048987,2,33,000,00,2,8,03,B01
201800048987,2,07,000,00,2,7,12,A01
201800048988,2,07,000,00,2,1,02,A01
201800048988,2,10,000,00,2,4,02,B01
201800048988,2,07,000,00,2,4,02,C01
201800048989,1,07,000,13,0,1,13,A01
201800048990,2,07,000,00,2,2,12,A01
201800048990,2,07,000,00,2,6,01,B01
201800048991,1,33,000,00,2,1,01,A01
201800048991,1,07,000,00,2,6,11,B01
201800048992,2,10,000,00,2,1,02,A01
201800048992,2,07,000,00,2,4,02,B01
201800048993,2,07,000,00,9,7,01,C01
201800048993,2,17,000,00,2,4,02,B01
201800048993,2,07,000,00,2,1,02,A01
201800048994,2,17,000,00,2,1,02,A01
201800048994,2,17,000,00,2,4,23,B01
201800048994,2,17,000,00,2,4,23,C01
201800048995,2,33,000,00,2,7,09,A01
201800048995,2,17,000,00,2,6,01,B01
201800048996,2,07,000,03,0,2,14,A01
201800048997,1,31,000,00,2,8,01,B01
201800048997,1,07,000,00,2,7,12,Z01
201800048998,1,33,000,00,2,8,03,A01
201800048998,1,07,000,00,2,7,12,B01
201800048999,2,33,000,00,2,1,21,A01
201800048999,2,07,000,00,2,4,23,B01
201800049000,2,07,000,03,0,0,14,A01
201800049001,2,14,000,00,2,2,01,B01
201800049001,2,07,000,00,2,4,01,A01
201800049002,1,33,000,00,2,1,03,A01
201800049002,1,10,000,00,2,5,01,B01
201800049003,2,07,000,00,2,1,02,A01
201800049003,2,07,000,00,2,4,01,B01
201800049004,2,10,000,00,2,4,23,B01
201800049004,2,07,000,00,2,1,02,A01
201800049004,2,10,000,00,2,4,23,C01
201800049005,1,07,000,04,0,2,14,A01
201800049006,1,07,000,00,2,4,23,B01
201800049006,1,07,000,00,2,4,23,C01
201800049006,1,07,000,00,2,1,02,A01
201800049007,2,07,000,00,2,6,11,A01
201800049007,2,34,000,00,2,2,01,B01
201800049008,1,33,000,00,2,1,02,A01
201800049008,1,07,000,00,2,4,01,B01
201800049009,2,32,000,00,2,8,03,B01
201800049009,2,07,000,00,2,2,12,A01
201800049010,2,07,000,00,2,5,12,A01
201800049010,2,32,000,00,2,1,03,B01
201800049011,1,07,000,00,2,1,02,A01
201800049011,1,17,000,00,2,4,01,B01
201800049012,2,10,000,00,2,1,02,A01
201800049012,2,10,000,00,2,4,02,B01
201800049013,2,10,000,00,0,0,01,B01
201800049013,2,33,000,00,0,7,21,A01
201800049014,2,07,000,00,2,2,12,A01
201800049014,2,33,000,00,2,6,03,B01
201800049015,2,31,000,00,0,7,00,A01
201800049016,1,07,000,04,2,6,11,A01
201800049016,1,07,000,00,2,2,02,B01
201800049017,2,07,000,00,2,7,12,B01
201800049017,2,33,000,00,2,1,03,A01
201800049018,2,10,000,01,2,2,01,A01
201800049018,2,17,000,00,2,6,23,B01
201800049019,2,33,000,00,2,7,01,B01
201800049019,2,07,000,00,2,8,11,A01
201800049020,2,07,000,00,2,4,01,B01
201800049020,2,07,000,00,2,1,02,A01
201800049021,2,07,000,00,2,8,01,C01
201800049021,2,07,000,00,2,7,01,B01
201800049021,2,07,000,00,2,8,11,A01
201800049022,2,07,000,00,2,6,09,A01
201800049022,2,10,000,00,2,2,01,B01
201800049023,2,07,000,,2,2,02,B02
201800049023,2,07,000,00,2,6,01,A01
201800049024,1,31,000,00,0,7,03,A01
201800049025,1,33,000,00,2,2,03,B01
201800049025,1,07,000,00,2,3,11,A01
201800049026,1,17,000,00,2,2,14,B01
201800049026,1,07,000,04,2,6,01,A01
201800049027,2,07,000,00,2,4,23,B01
201800049027,2,07,000,00,2,4,23,D01
201800049027,2,07,000,00,2,4,23,C01
201800049027,2,10,000,00,2,1,01,A01
201800049028,1,07,000,00,2,7,12,A01
201800049028,1,33,000,00,2,8,01,B01
201800049029,2,07,000,00,2,1,02,A01
201800049029,2,07,000,00,2,4,01,C01
201800049029,2,07,000,00,2,4,01,B01
201800049030,2,07,000,04,0,2,14,A01
201800049031,2,07,000,00,2,5,01,B01
201800049031,2,17,000,00,2,3,01,C01
201800049031,2,34,000,00,2,1,03,A01
201800049032,2,07,000,00,2,6,01,B01
201800049032,2,07,000,00,2,2,01,C01
201800049032,2,17,000,00,2,2,12,A01
201800049033,1,10,000,00,2,4,01,B01
201800049033,1,10,000,00,2,4,01,A01
201800049033,1,10,000,00,2,1,01,C01
201800049034,2,07,000,00,2,1,02,A01
201800049034,2,10,000,00,2,4,01,B01
201800049035,1,07,000,03,0,1,13,A01
201800049036,1,07,000,04,0,2,14,A01
201800049037,2,07,000,00,2,1,02,A01
201800049037,2,07,000,00,2,4,01,B01
201800049038,1,07,000,04,0,8,13,A01
201800049039,1,07,000,00,2,4,01,B01
201800049039,1,07,000,00,2,1,02,A01
201800049040,2,07,000,00,2,2,13,A01
201800049040,2,07,000,00,2,6,01,B01
201800049041,2,07,000,,2,4,,Z02
201800049041,2,07,000,00,2,1,02,A01
201800049042,1,07,000,00,2,1,01,C01
201800049042,1,07,000,00,2,4,01,B01
201800049042,1,07,000,00,2,3,13,A01
201800049043,2,14,000,00,2,1,02,B01
201800049043,2,07,000,00,2,4,01,A01
201800049044,1,33,000,00,2,8,01,A01
201800049044,1,07,000,,2,,,Z02
201800049045,2,31,000,00,2,0,03,B01
201800049045,2,07,000,00,2,5,14,A01
201800049046,1,07,000,00,2,6,09,B01
201800049046,1,15,000,00,2,1,01,A01
201800049047,2,10,000,00,2,1,01,C01
201800049047,2,17,000,00,2,4,20,B01
201800049047,2,07,000,00,2,8,00,A01
201800049048,1,34,000,00,2,6,03,B01
201800049048,1,07,000,00,2,6,13,A01
201800049049,2,07,000,00,1,1,01,A01
201800049050,1,07,000,00,2,6,00,B01
201800049050,1,31,000,00,2,1,03,A01
201800049051,1,17,000,03,2,1,06,A01
201800049051,2,17,000,03,0,8,21,C01
201800049051,2,07,000,00,2,8,01,B01
201800049052,2,31,000,00,2,4,01,B01
201800049052,2,07,000,00,2,1,02,A01
201800049053,2,07,000,04,0,1,13,A01
201800049054,2,17,000,00,2,8,12,B01
201800049054,2,07,000,00,2,8,01,A01
201800049055,2,07,000,00,2,5,01,B01
201800049055,2,32,000,00,2,3,02,A01
201800049056,2,17,000,00,2,8,23,C01
201800049056,2,07,000,00,2,4,01,B01
201800049056,2,17,000,00,2,6,23,D01
201800049056,2,07,000,00,2,1,02,A01
201800049057,1,10,000,00,2,4,01,B01
201800049057,1,07,000,00,2,1,02,A01
201800049058,2,07,000,00,2,7,12,B01
201800049058,2,33,000,00,2,6,03,A01
201800049059,1,07,000,00,2,4,01,B01
201800049059,1,32,000,00,2,1,14,A01
201800049060,1,07,000,00,2,8,09,A01
201800049060,1,17,000,00,2,2,01,B01
201800049061,2,07,000,00,2,8,11,A01
201800049061,2,33,000,00,2,7,01,B01
201800049062,2,07,000,00,2,2,02,A01
201800049062,2,33,000,00,2,4,02,B01
201800049063,2,07,000,00,2,4,24,B01
201800049063,2,07,000,01,0,1,14,A01
201800049064,1,07,000,00,2,0,13,A01
201800049064,1,33,000,00,2,0,03,B01
201800049065,2,17,000,00,2,1,02,A01
201800049065,2,17,000,00,2,4,01,B01
201800049066,2,33,000,00,0,7,00,A01
201800049067,2,07,000,00,2,4,00,A01
201800049067,2,17,000,00,2,2,01,B01
201800049068,1,17,000,00,2,1,02,A01
201800049068,1,07,000,00,2,8,23,C01
201800049068,1,10,000,00,2,4,01,D01
201800049068,1,17,000,00,2,4,23,F01
201800049068,1,07,000,00,2,4,23,B01
201800049068,1,10,000,00,2,6,23,E01
201800049069,2,17,000,00,2,4,02,B01
201800049069,2,17,000,00,2,4,02,C01
201800049069,2,17,000,00,2,1,02,A01
201800049070,2,07,000,00,2,5,23,C01
201800049070,2,07,000,03,2,4,01,B01
201800049070,2,07,000,00,2,1,02,A01
201800049071,2,07,000,03,2,5,12,A01
201800049071,2,17,000,00,2,3,01,B01
201800049071,2,17,000,00,2,2,01,C01
201800049072,1,10,000,04,0,0,21,A01
201800049073,2,07,000,03,0,1,13,A01
201800049074,2,07,000,00,2,1,00,A01
201800049074,2,07,000,00,2,4,23,B01
201800049075,1,07,000,00,2,2,14,A01
201800049075,1,17,000,00,2,4,24,B01
201800049076,2,07,000,00,2,4,02,B01
201800049076,2,07,000,00,2,1,02,A01
201800049076,2,07,000,00,2,4,02,C01
201800049077,2,07,000,04,0,1,13,A01
201800049077,2,07,000,00,2,4,13,B01
201800049077,2,07,000,00,2,1,02,C01
201800049078,1,31,000,00,0,7,00,B01
201800049078,1,07,000,00,0,0,11,A01
201800049079,1,17,000,00,2,6,01,B01
201800049079,1,07,000,00,2,1,02,A01
201800049080,1,31,000,00,0,8,00,A01
201800049081,2,07,000,00,2,1,02,A01
201800049081,2,07,000,00,2,4,23,B01
201800049082,2,07,000,00,2,4,02,B01
201800049082,2,07,000,00,2,4,23,D01
201800049082,2,07,000,00,2,4,23,C01
201800049082,2,07,000,00,2,4,23,E01
201800049082,2,10,000,00,2,1,02,A01
201800049083,1,07,000,00,2,1,02,A01
201800049083,1,07,000,00,2,4,02,B01
201800049083,1,10,000,00,2,4,23,C01
201800049084,2,07,000,00,2,4,23,B01
201800049084,2,07,000,00,2,4,23,C01
201800049084,2,07,000,00,2,1,02,A01
201800049085,2,10,000,00,2,4,01,B01
201800049085,2,07,000,00,2,1,02,A01
201800049086,1,17,000,00,2,4,23,D01
201800049086,1,14,000,00,2,1,02,A01
201800049086,1,10,000,00,2,4,02,B01
201800049086,1,07,000,00,2,4,23,C01
201800049087,1,17,000,00,2,3,01,C01
201800049087,1,33,000,00,2,1,00,B01
201800049087,1,10,000,00,2,4,12,A01
201800049088,2,07,000,00,2,6,00,B01
201800049088,2,07,000,00,2,3,13,A01
201800049089,1,07,000,00,2,3,02,A01
201800049089,1,07,000,00,2,5,01,B01
201800049090,1,17,000,00,2,3,00,A01
201800049090,1,07,000,04,2,4,00,B01
201800049091,1,17,000,00,2,2,00,A01
201800049091,1,07,000,04,2,3,00,B01
201800049091,1,07,000,00,2,1,01,C01
201800049092,2,07,000,00,2,4,02,C01
201800049092,2,07,000,00,2,4,02,B01
201800049092,2,07,000,00,2,1,02,A01
201800049093,2,07,000,04,2,1,13,A01
201800049093,2,07,000,04,2,4,01,B01
201800049094,1,07,000,03,0,0,19,A01
201800049095,2,07,000,00,2,4,01,B01
201800049095,2,07,000,00,2,1,02,A01
201800049096,1,10,000,00,2,2,14,A01
201800049096,1,07,000,04,2,3,01,B01
201800049097,2,07,000,00,0,0,00,Z01
201800049097,2,07,000,00,2,4,01,B01
201800049097,2,17,000,00,2,6,00,C01
201800049098,1,07,000,00,2,6,01,B01
201800049098,1,07,000,00,2,2,14,A01
201800049098,1,07,000,00,2,6,01,C01
201800049099,2,07,000,03,2,8,01,B01
201800049099,2,10,000,00,2,0,00,A01
201800049100,1,07,000,04,0,2,01,A01
201800049101,1,07,000,03,0,1,14,A01
201800049102,1,17,000,00,2,8,01,B01
201800049102,1,31,000,00,2,8,03,A01
201800049103,1,10,000,00,2,4,02,B01
201800049103,1,07,000,00,2,1,02,A01
201800049104,1,17,000,00,2,4,02,B01
201800049104,1,07,000,00,2,1,02,A01
201800049105,1,10,000,04,2,6,01,B01
201800049105,1,17,000,00,2,2,12,A01
201800049106,1,33,000,00,2,1,03,A01
201800049106,1,07,000,00,2,6,11,B01
201800049107,2,07,000,00,2,1,02,A01
201800049107,2,07,000,00,2,4,02,C01
201800049107,2,10,000,00,2,1,02,B01
201800049108,2,17,000,00,2,1,02,A01
201800049108,2,07,000,00,2,4,02,B01
201800049109,2,33,000,00,2,1,03,A01
201800049109,2,07,000,00,2,5,01,D01
201800049109,2,07,000,00,2,8,01,C01
201800049109,2,07,000,00,2,6,01,B01
201800049110,1,07,000,04,0,0,00,A01
201800049111,2,07,000,04,0,0,14,A01
201800049112,2,07,000,04,2,5,12,A01
201800049112,2,17,000,00,2,3,01,B01
201800049113,1,07,000,00,2,4,02,B01
201800049113,1,07,000,00,2,1,02,A01
201800049114,2,07,000,00,2,6,00,A01
201800049114,2,10,000,04,2,2,00,B01
201800049115,1,07,000,04,0,2,14,A01
201800049116,2,07,000,00,2,4,02,A01
201800049116,2,31,000,00,2,1,02,B01
201800049117,2,10,000,00,2,7,01,C01
201800049117,2,17,000,00,2,2,12,B01
201800049117,2,07,000,00,2,6,01,A01
201800049118,2,07,000,00,2,4,23,A01
201800049118,2,07,000,00,2,4,23,B01
201800049118,2,07,000,00,2,4,23,C01
201800049118,2,07,000,00,2,4,02,D01
201800049118,2,07,000,00,2,1,02,E01
201800049118,2,07,000,00,2,1,02,F01
201800049119,1,07,000,00,2,4,23,A01
201800049119,1,07,000,00,2,1,01,B01
201800049120,2,07,000,00,2,1,02,A01
201800049120,2,07,000,00,2,4,02,B01
201800049121,2,33,000,00,2,1,18,C01
201800049121,2,17,000,00,2,4,23,A01
201800049121,2,07,000,00,2,2,12,B01
201800049122,2,13,000,00,2,2,12,B01
201800049122,2,07,000,00,2,6,01,A01
201800049123,2,15,000,00,2,2,12,B01
201800049123,2,07,000,00,2,6,01,A01
201800049124,1,07,000,00,2,6,01,B01
201800049124,1,07,000,00,2,1,01,C01
201800049124,1,17,000,00,2,2,12,A01
201800049125,0,07,000,03,0,3,13,A01
201800049126,2,10,000,00,2,1,02,B01
201800049126,2,17,000,00,2,4,01,A01
201800049127,0,07,000,00,0,0,13,A01
201800049128,2,07,000,00,2,4,23,B01
201800049128,2,07,000,00,2,4,23,C01
201800049128,2,10,000,00,2,1,02,D01
201800049128,2,10,000,00,2,6,23,A01
201800049129,1,15,000,00,2,1,02,B01
201800049129,1,07,000,00,2,4,02,A01
201800049130,1,07,000,03,0,3,21,A01
201800049131,2,33,000,00,0,0,00,A01
201800049132,1,07,000,00,2,1,02,B01
201800049132,1,10,000,00,2,1,02,C01
201800049132,1,07,000,00,2,4,23,A01
201800049133,1,07,000,00,2,4,02,A01
201800049133,1,10,000,00,2,1,02,C01
201800049133,1,10,000,00,2,4,02,B01
201800049134,2,07,000,00,2,1,01,C01
201800049134,2,07,000,00,2,8,01,A01
201800049134,2,14,000,00,2,2,12,B01
201800049135,1,07,000,00,2,1,02,C01
201800049135,1,07,000,00,2,3,23,A01
201800049135,1,07,000,00,2,4,23,B01
201800049136,1,07,000,00,2,6,23,A01
201800049136,1,07,000,00,2,2,21,B01
201800049137,0,07,000,00,2,4,23,A01
201800049137,0,07,000,00,2,1,02,B01
201800049138,1,07,000,00,2,3,11,B01
201800049138,1,33,000,04,2,7,17,A01
201800049139,2,10,000,00,2,4,02,B01
201800049139,2,07,000,00,2,1,02,C01
201800049139,2,07,000,00,2,4,02,A01
201800049140,2,07,000,05,0,3,01,A01
201800049141,2,07,000,00,2,2,01,C01
201800049141,2,17,000,00,2,2,12,B01
201800049141,2,07,000,00,2,6,11,A01
201800049141,2,17,000,00,2,1,01,D01
201800049142,2,10,000,00,2,1,00,B01
201800049142,2,10,000,00,2,4,23,A01
201800049143,2,07,000,00,2,6,02,B01
201800049143,2,17,000,00,2,2,12,A01
201800049143,2,07,000,00,2,1,02,C01
201800049144,0,10,000,00,2,6,10,B01
201800049144,0,33,000,00,2,1,17,A01
201800049145,0,31,000,00,2,1,01,B01
201800049145,0,07,000,00,2,5,23,A01
201800049146,1,10,000,00,2,5,01,B01
201800049146,1,07,000,03,2,1,14,A01
201800049147,0,10,000,03,0,2,00,A01
201800049148,1,33,000,00,0,7,16,A01
201800049149,2,07,000,00,5,3,13,A01
201800049149,2,07,000,04,2,7,13,B01
201800049149,2,10,000,00,2,1,02,C01
201800049150,2,33,000,00,2,1,21,A01
201800049150,2,07,000,00,2,5,23,B01
201800049151,1,07,000,00,2,1,02,C01