Num_Acc,senc,catv,occutc,obs,obsm,choc,manv,num_veh
201800049440,2,07,000,00,2,5,01,C01
201800049440,2,07,000,00,2,4,02,D01
201800049440,2,07,000,00,2,0,01,E01
201800049441,1,15,000,00,2,2,00,A01
201800049441,1,07,000,00,2,4,01,B01
201800049442,1,07,000,00,2,1,02,A01
201800049442,1,07,000,00,2,4,02,B01
201800049442,1,07,000,00,2,4,02,C01
201800049442,1,07,000,00,2,4,02,D01
201800049443,1,07,000,00,2,1,02,A01
201800049443,1,07,000,00,2,4,02,B01
201800049443,1,07,000,00,2,4,02,C01
201800049444,2,07,000,00,2,1,01,A01
201800049444,1,07,000,00,2,4,01,B01
201800049444,2,07,000,00,2,4,01,C01
201800049445,1,07,000,00,2,1,01,A01
201800049445,1,07,000,04,0,4,00,B01
201800049446,2,07,000,00,0,9,00,A01
201800049447,1,33,000,00,0,8,03,A01
201800049448,2,07,000,00,2,1,02,A01
201800049448,2,10,000,00,2,2,23,B01
201800049449,1,07,000,04,2,2,02,A01
201800049449,1,07,000,04,0,4,00,B01
201800049450,1,10,000,00,2,1,02,A01
201800049450,1,10,000,00,2,4,02,B01
201800049451,1,07,000,00,2,1,02,A01
201800049451,1,07,000,00,2,4,01,B01
201800049451,1,37,001,00,0,8,01,C01
201800049452,1,33,000,00,2,1,13,A01
201800049452,1,07,000,00,0,6,01,B01
201800049453,1,07,000,07,2,1,01,A01
201800049453,1,07,000,00,0,4,23,B01
201800049454,1,07,000,00,2,8,11,A01
201800049454,1,33,000,00,2,7,03,B01
201800049454,1,07,000,00,2,5,01,C01
201800049455,1,07,000,04,0,7,14,A01
201800049456,1,07,000,00,0,6,23,A01
201800049456,1,07,000,01,0,2,02,Z01
201800049457,1,07,000,00,2,4,02,E01
201800049457,1,10,000,00,2,4,02,B01
201800049457,1,07,000,00,2,4,02,C01
201800049457,1,07,000,00,2,4,02,D01
201800049457,1,07,000,00,2,1,02,A01
201800049458,2,07,000,04,0,3,17,A01
201800049459,1,07,000,00,2,1,02,A01
201800049459,1,17,000,00,2,4,02,B01
201800049460,2,33,000,00,2,2,19,A01
201800049460,2,33,000,00,2,3,01,B01
201800049461,2,17,000,00,2,4,02,B01
201800049461,2,10,000,00,2,1,00,A01
201800049462,2,07,000,00,2,1,02,A01
201800049462,2,07,000,00,2,4,02,B01
201800049462,1,10,000,00,2,4,02,C01
201800049463,1,07,000,00,2,1,01,A01
201800049463,1,07,000,00,2,4,01,B01
201800049464,1,07,000,00,2,6,01,A01
201800049464,1,07,000,00,2,2,14,Z01
201800049465,2,07,000,00,2,6,00,A01
201800049465,2,99,000,00,2,3,01,B01
201800049465,2,07,000,00,2,8,01,C01
201800049466,2,15,000,00,2,2,13,A01
201800049466,2,07,000,03,0,1,14,B01
201800049467,2,33,000,00,0,7,02,A01
201800049467,2,15,000,00,0,6,03,B01
201800049468,1,15,000,00,1,2,02,A01
201800049469,1,33,000,03,0,1,18,A01
201800049470,1,99,000,00,2,1,02,A01
201800049470,1,07,000,00,2,4,02,B01
201800049470,1,07,000,00,2,4,02,C01
201800049471,1,15,000,00,2,2,12,A01
201800049471,1,07,000,04,2,6,01,B01
201800049472,2,07,000,00,6,1,00,A01
201800049473,2,07,000,00,2,3,13,A01
201800049473,2,33,000,04,2,7,17,B01
201800049474,2,10,000,00,2,1,21,A01
201800049474,2,10,000,00,2,4,02,C01
201800049474,2,07,000,00,2,4,02,B01
201800049475,2,07,000,00,2,8,11,A01
201800049475,2,07,000,00,2,4,01,C01
201800049475,2,33,000,00,2,7,03,B01
201800049476,1,15,000,00,2,2,12,A01
201800049476,1,07,000,00,2,8,01,B01
201800049477,1,99,000,00,2,4,01,C01
201800049477,1,07,000,00,2,4,01,B01
201800049477,1,07,000,00,2,1,00,A01
201800049478,2,07,000,00,2,1,02,A01
201800049478,2,07,000,00,2,4,02,B01
201800049479,1,07,000,00,2,4,02,C01
201800049479,1,07,000,00,2,4,02,B01
201800049479,1,07,000,00,2,1,02,A01
201800049480,2,07,000,00,2,1,00,A01
201800049480,2,07,000,00,2,4,01,B01
201800049481,1,10,000,00,2,1,02,A01
201800049481,1,07,000,00,2,4,02,B01
201800049482,1,07,000,00,2,6,01,C01
201800049482,1,07,000,00,2,5,17,B01
201800049482,1,07,000,00,2,1,03,Z01
201800049483,2,10,000,00,2,1,02,A01
201800049483,2,07,000,00,2,4,02,C01
201800049483,2,07,000,00,2,4,02,B01
201800049483,2,07,000,00,2,4,02,D01
201800049484,1,07,000,04,0,3,13,A01
201800049485,2,07,000,00,2,1,02,A01
201800049485,2,07,000,00,2,6,02,B01
201800049486,1,17,000,00,2,2,12,A01
201800049486,1,07,000,00,2,3,01,B01
201800049487,1,07,000,04,0,3,15,A01
201800049488,2,07,000,00,2,4,02,C01
201800049488,2,07,000,00,2,4,02,B01
201800049488,2,07,000,00,2,1,02,A01
201800049488,2,07,000,00,2,4,02,D01
201800049489,1,07,000,00,2,3,12,A01
201800049489,1,07,000,00,2,5,01,B01
201800049490,1,10,000,00,2,6,01,B01
201800049490,1,10,000,00,2,1,17,A01
201800049491,1,07,000,00,2,4,04,A01
201800049491,1,07,000,00,2,1,02,B01
201800049492,2,17,000,00,2,2,01,A01
201800049492,2,07,000,00,2,8,00,B01
201800049493,2,99,000,00,2,1,02,Z01
201800049493,2,07,000,00,2,5,01,A01
201800049494,2,31,000,00,2,8,01,B01
201800049494,2,14,000,00,2,2,01,A01
201800049495,1,07,000,04,2,5,18,A01
201800049495,1,07,000,00,2,0,18,Z01
201800049496,2,07,000,00,2,4,02,E01
201800049496,2,07,000,00,2,1,02,A01
201800049496,2,07,000,00,2,4,02,B01
201800049496,2,07,000,00,2,4,02,D01
201800049496,2,07,000,00,2,4,02,C01
201800049497,2,07,000,00,2,1,02,A01
201800049497,2,07,000,00,2,4,02,B01
201800049498,2,07,000,00,2,1,02,Z01
201800049498,2,10,000,00,2,4,02,B01
201800049499,1,07,000,00,2,4,23,B01
201800049499,1,07,000,00,2,4,23,C01
201800049499,1,10,000,00,2,1,02,A01
201800049500,2,07,000,00,2,1,02,A01
201800049500,2,10,000,00,2,4,02,B01
201800049500,2,07,000,00,2,4,02,C01
201800049501,2,07,000,00,6,1,01,A01
201800049501,2,01,000,00,2,4,01,B01
201800049502,1,07,000,00,2,4,23,B01
201800049502,1,07,000,01,0,1,02,A01
201800049503,1,10,000,00,2,7,12,A01
201800049503,1,33,000,00,2,9,01,B01
201800049504,2,07,000,00,2,1,02,A01
201800049504,2,07,000,00,2,4,23,B01
201800049505,1,07,000,00,2,1,02,A01
201800049505,1,07,000,00,2,4,02,B01
201800049506,2,17,000,00,2,2,12,A01
201800049506,2,07,000,00,2,8,01,B01
201800049507,2,15,000,00,2,2,14,A01
201800049507,2,07,000,00,2,8,01,B01
201800049508,2,15,000,00,2,5,12,A01
201800049508,2,07,000,00,2,3,01,B01
201800049509,2,07,000,00,2,6,09,A01
201800049509,2,07,000,00,2,1,01,C01
201800049509,2,15,000,00,2,2,01,B01
201800049510,1,33,000,00,2,3,21,A01
201800049510,1,07,000,00,2,5,02,B01
201800049511,1,07,000,00,2,1,02,A01
201800049511,2,07,000,00,0,4,02,B01
201800049512,2,07,000,11,0,1,00,A01
201800049513,1,07,000,00,2,8,02,A01
201800049513,1,07,000,00,2,4,02,B01
201800049514,2,17,000,00,2,2,12,A01
201800049514,2,07,000,00,2,6,01,B01
201800049515,2,07,000,00,2,1,02,A01
201800049515,2,07,000,00,2,4,02,B01
201800049515,2,07,000,00,2,4,02,C01
201800049516,1,10,000,04,0,1,13,A01
201800049517,2,10,000,03,0,1,01,A01
201800049518,2,33,000,12,0,8,01,A01
201800049519,1,07,000,00,2,6,11,A01
201800049519,1,07,000,00,2,5,23,B01
201800049520,0,07,000,00,1,3,00,A01
201800049521,2,07,000,00,2,2,14,A01
201800049521,2,07,000,00,2,6,01,B01
201800049521,2,10,000,00,2,6,01,C01
201800049522,1,07,000,03,2,8,01,A01
201800049522,1,07,000,00,2,2,01,B01
201800049523,2,10,000,00,1,2,01,A01
201800049524,1,07,000,00,2,4,01,B01
201800049524,1,07,000,00,2,1,02,A01
201800049525,1,07,000,04,0,1,13,A01
201800049526,2,07,000,00,2,4,23,B01
201800049526,2,10,000,00,2,1,02,A01
201800049526,2,07,000,00,2,1,02,C01
201800049527,1,14,000,00,2,2,12,A01
201800049527,1,07,000,00,2,6,01,B01
201800049528,2,07,000,00,2,3,01,A01
201800049528,2,07,000,00,2,1,02,B01
201800049529,2,07,000,00,2,3,01,A01
201800049530,2,33,000,00,2,1,21,A01
201800049530,2,10,000,00,2,6,01,B01
201800049531,1,17,000,00,2,4,01,B01
201800049531,1,07,000,00,2,1,02,A01
201800049532,1,07,000,04,2,4,01,B01
201800049532,1,07,000,00,2,2,14,A01
201800049533,1,07,000,03,0,9,21,A01
201800049534,1,07,000,00,2,1,02,A01
201800049534,1,07,000,00,2,4,23,B01
201800049534,1,07,000,00,2,4,23,C01
201800049534,1,07,000,00,2,4,23,D01
201800049535,1,07,000,00,2,2,01,C01
201800049535,1,07,000,00,2,6,11,A01
201800049535,1,33,000,00,2,1,01,B01
201800049536,2,07,000,00,2,1,02,A01
201800049536,2,07,000,00,2,4,23,B01
201800049536,2,07,000,00,2,4,23,C01
201800049537,1,99,000,00,2,7,09,A01
201800049537,1,33,000,00,2,8,01,B01
201800049538,1,99,000,00,2,4,23,D01
201800049538,1,07,000,00,2,1,02,A01
201800049538,1,07,000,00,2,4,23,B01
201800049538,1,07,000,00,2,4,23,C01
201800049539,2,07,000,00,2,5,12,B01
201800049539,2,34,000,00,2,1,03,A01
201800049540,2,07,000,04,0,3,13,A01
201800049541,2,07,000,00,2,6,01,B01
201800049541,2,07,000,00,2,1,11,A01
201800049542,2,07,000,03,0,3,21,A01
201800049543,2,07,000,00,2,4,01,B01
201800049543,2,07,000,00,2,4,01,C01
201800049543,2,07,000,00,2,1,02,A01
201800049544,2,10,000,00,2,3,18,A01
201800049544,2,07,000,03,2,5,01,B01
201800049545,2,07,000,04,0,2,14,A01
201800049546,2,10,000,04,0,2,14,A01
201800049547,1,07,000,00,2,6,01,B01
201800049547,1,07,000,00,2,2,12,A01
201800049548,2,10,000,00,2,8,19,A01
201800049548,2,33,000,00,2,1,01,B01
201800049549,2,07,000,00,2,6,01,B01
201800049549,2,14,000,00,2,7,12,A01
201800049550,1,07,000,00,2,1,01,A01
201800049550,1,07,000,00,2,4,01,B01
201800049550,1,07,000,00,2,4,01,C01
201800049551,2,07,000,03,2,9,13,A01
201800049551,2,07,000,00,2,3,01,B01
201800049552,2,07,000,00,2,2,12,A01
201800049552,2,07,000,00,2,6,01,B01
201800049553,2,07,000,16,0,9,14,A01
201800049554,1,07,000,00,2,1,01,B01
201800049554,1,07,000,12,2,6,01,A01
201800049555,2,07,000,00,2,4,23,E01
201800049555,2,07,000,00,2,4,23,C01
201800049555,2,07,000,00,2,4,23,B01
201800049555,2,07,000,00,2,4,23,D01
201800049555,2,07,000,00,2,1,02,A01
201800049555,2,10,000,00,2,4,23,F01
201800049556,2,07,000,03,0,2,14,A01
201800049557,2,10,000,00,2,6,23,D01
201800049557,2,10,000,00,2,1,02,A01
201800049557,2,07,000,00,2,4,23,C01
201800049557,2,07,000,00,2,4,23,B01
201800049558,2,07,000,00,2,1,02,A01
201800049558,2,07,000,00,2,4,01,B01
201800049558,2,07,000,00,2,4,01,C01
201800049559,1,10,000,00,2,1,02,A01
201800049559,1,10,000,00,2,4,23,B01
201800049560,1,33,000,00,0,3,13,A01
201800049561,2,33,000,00,2,1,02,A01
201800049561,2,10,000,00,2,6,01,B01
201800049562,2,07,000,00,2,1,02,A01
201800049562,2,07,000,00,2,4,23,B01
201800049563,2,07,000,00,2,6,01,B01
201800049563,2,33,000,00,2,1,12,A01
201800049564,2,07,000,00,2,2,14,A01
201800049564,2,07,000,00,2,8,09,B01
201800049565,2,07,000,03,0,8,13,A01
201800049566,2,07,000,00,2,1,02,A01
201800049566,2,07,000,00,2,4,01,B01
201800049566,2,10,000,00,2,2,02,C01
201800049567,1,07,000,00,2,4,01,B01
201800049567,1,07,000,00,2,1,02,A01
201800049568,1,07,000,00,2,4,01,B01
201800049568,1,07,000,00,2,1,02,A01
201800049569,2,07,000,00,2,4,23,C01
201800049569,2,07,000,00,2,4,23,E01
201800049569,2,07,000,00,2,4,23,D01
201800049569,2,10,000,00,2,4,23,B01
201800049569,2,17,000,00,2,1,02,A01
201800049570,1,33,000,14,0,1,21,A01
201800049571,2,17,000,00,2,1,02,A01
201800049571,2,07,000,00,2,4,01,B01
201800049572,1,14,000,00,2,8,21,A01
201800049572,1,17,000,00,2,4,01,D01
201800049572,1,07,000,00,2,7,01,B01
201800049572,1,07,000,00,2,4,01,C01
201800049573,1,33,000,00,0,7,01,A01
201800049574,2,07,000,04,2,2,14,A01
201800049574,2,07,000,00,2,6,23,B01
201800049574,2,07,000,00,2,8,00,C01
201800049575,1,99,000,00,1,0,00,Z01
201800049576,2,33,000,00,2,2,01,B01
201800049576,2,10,000,00,2,6,11,A01
201800049577,2,07,000,00,0,9,01,A01
201800049578,1,07,000,00,2,7,12,A01
201800049578,1,32,000,00,2,8,01,B01
201800049579,2,07,000,00,2,4,23,B01
201800049579,2,07,000,00,2,1,02,A01
201800049579,2,07,000,00,2,4,23,C01
201800049580,2,33,000,00,0,0,00,A01
201800049581,2,07,000,00,2,3,18,A01
201800049581,2,10,000,00,2,5,01,B01
201800049582,2,07,000,13,0,1,14,A01
201800049583,2,07,000,04,0,9,13,A01
201800049584,2,07,000,00,2,6,01,B01
201800049584,2,07,000,00,2,2,11,A01
201800049585,2,07,000,00,2,4,01,B01
201800049585,2,10,000,00,2,1,02,A01
201800049585,2,07,000,00,2,4,01,C01
201800049586,2,07,000,00,2,1,02,E01
201800049586,2,10,000,00,2,4,02,B01
201800049586,2,10,000,00,2,1,02,D01
201800049586,2,10,000,00,2,1,02,A01
201800049586,2,07,000,00,2,4,02,C01
201800049587,1,33,000,04,0,2,14,A01
201800049588,2,07,000,00,2,1,02,A01
201800049588,2,07,000,00,2,4,02,E01
201800049588,2,07,000,00,2,4,02,C01
201800049588,2,07,000,00,2,4,02,F01
201800049588,2,07,000,00,2,4,02,D01
201800049588,2,10,000,00,2,1,02,B01
201800049589,2,10,000,00,2,1,02,A01
201800049589,2,07,000,03,2,4,01,B01
201800049589,2,07,000,00,2,1,21,C01
201800049590,2,07,000,00,2,4,23,C01
201800049590,2,10,000,00,2,4,23,B01
201800049590,2,10,000,00,2,4,23,D01
201800049590,2,10,000,00,2,1,02,A01
201800049591,2,02,000,00,0,7,14,A01
201800049592,1,32,000,00,2,1,02,A01
201800049592,1,10,000,00,2,6,01,B01
201800049593,2,32,000,14,0,1,14,A01
201800049594,2,32,000,00,0,7,01,A01
201800049595,1,34,000,04,0,3,21,A01
201800049596,1,07,000,04,0,2,21,A01
201800049597,1,07,000,00,2,1,01,C01
201800049597,1,07,000,00,2,1,02,D01
201800049597,1,07,000,00,2,1,02,A01
201800049597,1,07,000,00,2,4,01,B01
201800049598,2,07,000,00,2,1,02,A01
201800049598,2,07,000,00,2,4,01,B01
201800049599,1,07,000,00,2,1,02,A01
201800049599,1,07,000,00,0,4,02,C01
201800049599,1,07,000,00,2,4,02,B01
201800049600,2,31,000,00,2,1,03,A01
201800049600,2,07,000,00,2,4,01,B01
201800049601,2,07,000,00,2,1,02,A01
201800049601,2,07,000,00,2,4,01,B01
201800049601,2,07,000,00,2,4,11,C01
201800049602,1,07,000,04,0,3,13,A01
201800049603,2,07,000,00,2,2,16,A01
201800049603,2,07,000,00,2,8,01,B01
201800049604,2,07,000,04,0,3,13,A01
201800049605,2,33,000,00,2,7,03,B01
201800049605,2,07,000,00,2,8,11,A01
201800049606,2,07,000,00,2,4,23,A01
201800049607,1,33,000,14,0,1,14,A01
201800049608,1,07,000,00,2,5,12,B01
201800049608,1,34,000,00,2,1,01,A01
201800049609,2,10,000,00,2,1,02,A01
201800049609,2,07,000,00,0,4,23,B01
201800049610,1,07,000,04,0,8,14,A01
201800049611,2,07,000,00,2,5,12,A01
201800049611,2,33,000,00,2,1,03,B01
201800049612,1,32,000,04,0,1,14,A01
201800049613,2,07,000,00,2,1,02,A01
201800049613,2,07,000,00,2,4,01,B01
201800049613,2,07,000,00,2,4,01,C01
201800049614,2,07,000,00,2,7,12,A01
201800049614,2,32,000,00,2,8,03,B01
201800049615,1,07,000,00,2,7,12,A01
201800049615,1,02,000,00,2,8,01,B01
201800049616,1,07,000,00,2,1,02,A01
201800049616,1,07,000,00,2,4,23,B01
201800049616,1,07,000,00,2,4,23,C01
201800049617,2,07,000,00,2,8,09,A01
201800049617,2,33,000,00,2,5,01,B01
201800049618,2,10,000,00,2,3,11,A01
201800049618,2,07,000,00,2,7,01,B01
201800049619,1,07,000,,,,,A01
201800049620,2,07,000,00,2,4,01,B01
201800049620,2,07,000,00,2,1,02,A01
201800049621,1,07,000,00,2,4,01,B01
201800049621,1,07,000,00,2,1,02,A01
201800049622,2,07,000,03,0,2,01,A01
201800049623,1,31,000,00,2,4,02,A01
201800049623,1,07,000,00,2,1,02,B01
201800049624,1,07,000,14,2,2,12,A01
201800049624,1,07,000,00,2,6,02,B01
201800049625,2,07,000,00,0,5,01,A01
201800049625,2,99,000,00,2,3,11,Z01
201800049626,2,31,000,14,0,1,01,A01
201800049627,1,07,000,00,2,4,02,A01
201800049627,1,10,000,00,2,1,01,B01
201800049628,0,07,000,00,2,6,02,B01
201800049628,0,33,000,00,2,1,03,A01
201800049628,0,07,000,00,2,2,02,C01
201800049629,1,07,000,00,2,6,00,B01
201800049629,2,07,000,00,2,1,02,A01
201800049629,2,07,000,00,2,6,00,C01
201800049630,2,07,000,04,0,3,00,A01
201800049631,2,07,000,00,2,1,01,A01
201800049631,1,07,000,00,2,4,09,B01
201800049632,1,14,000,14,0,2,01,B01
201800049632,1,14,000,01,0,6,00,A01
201800049633,1,07,000,04,0,4,17,A01
201800049634,1,07,000,00,2,4,02,B01
201800049634,1,07,000,00,2,1,02,C01
201800049634,1,07,000,01,2,4,02,A01
201800049635,1,10,000,00,2,4,02,A01
201800049635,1,10,000,00,2,1,02,B01
201800049636,2,07,000,01,0,1,02,B01
201800049636,0,07,000,00,0,5,02,A01
201800049637,2,07,000,00,2,4,02,B01
201800049637,2,07,000,00,2,4,02,A01
201800049637,2,07,000,00,2,1,02,C01
201800049638,1,07,000,00,2,4,02,C01
201800049638,1,07,000,00,2,1,00,A01
201800049638,1,07,000,00,2,0,00,B01
201800049639,2,10,000,00,2,2,02,A01
201800049639,2,07,000,00,2,5,11,B01
201800049640,1,10,000,00,0,6,02,A01
201800049640,1,10,000,00,0,0,00,Z01
201800049641,2,07,000,00,2,4,01,B01
201800049641,2,07,000,00,2,1,01,A01
201800049642,1,33,000,03,0,9,14,A01
201800049643,1,07,000,00,2,6,00,A01
201800049643,1,07,000,00,2,1,00,B01
201800049644,1,33,000,00,2,3,02,B01
201800049644,1,10,000,00,6,5,12,A01
201800049644,1,10,000,00,2,1,02,C01
201800049645,2,07,000,00,2,9,00,A01
201800049645,2,07,000,00,2,1,00,B01
201800049645,2,07,000,00,2,1,00,C01
201800049645,2,33,000,00,2,8,02,D01
201800049645,2,07,000,00,6,0,00,E01
201800049646,1,17,000,04,2,7,14,A01
201800049646,1,10,000,04,2,8,02,B01
201800049647,1,07,000,00,2,6,01,B01
201800049647,1,07,000,00,2,2,13,A01
201800049648,2,07,000,14,0,2,01,C01
201800049648,2,07,000,14,0,7,01,B01
201800049648,2,07,000,04,0,1,01,A01
201800049649,2,07,000,00,2,4,01,B01
201800049649,2,07,000,00,2,4,01,A01
201800049649,0,07,000,00,2,1,01,D01
201800049649,0,07,000,00,2,4,01,C01
201800049650,1,07,000,14,0,1,00,A01
201800049651,2,10,000,00,2,2,21,A01
201800049652,2,07,000,00,2,4,02,F01
201800049652,2,07,000,00,2,4,02,C01
201800049652,2,07,000,00,2,1,02,G01
201800049652,2,07,000,00,2,4,02,B01
201800049652,2,07,000,00,2,4,02,E01
201800049652,2,07,000,00,2,4,02,A01
201800049652,2,07,000,00,2,4,02,D01
201800049653,1,07,000,07,2,1,02,B01
201800049653,1,07,000,00,0,4,02,A01
201800049654,1,07,000,00,2,4,02,C01
201800049654,1,10,000,03,2,9,00,B01
201800049654,1,07,000,00,2,4,02,A01
201800049655,1,07,000,00,2,4,01,B01
201800049655,1,07,000,00,2,4,01,C01
201800049655,1,07,000,00,2,1,01,A01
201800049656,1,07,000,00,2,3,02,A01
201800049656,1,07,000,00,2,5,02,B01
201800049657,1,07,000,15,0,2,01,A01
201800049658,1,07,000,03,0,1,00,A01
201800049659,1,07,000,00,2,1,02,A01
201800049659,1,07,000,00,2,4,23,D01
201800049659,1,10,000,00,2,4,23,B01
201800049659,1,07,000,00,2,4,23,C01
201800049660,2,07,000,01,0,4,01,B01
201800049660,2,07,000,00,0,0,00,C01
201800049660,2,07,000,00,0,4,01,A01
201800049661,1,10,000,03,2,4,02,A01
201800049661,1,10,000,03,2,1,02,B01
201800049662,2,07,000,03,0,1,01,A01
201800049663,1,07,000,01,0,1,02,A01
201800049663,1,10,000,00,2,4,23,B01
201800049664,2,07,000,04,0,3,13,A01
201800049665,2,07,000,03,0,8,13,A01
201800049666,2,07,000,00,2,5,01,B01
201800049666,2,07,000,00,2,1,01,C01
201800049666,2,07,000,00,2,4,01,A01
201800049667,1,07,000,,,,,A01
201800049668,1,07,000,00,0,8,12,A01
201800049668,1,07,000,00,2,7,17,B01
201800049669,2,07,000,00,0,3,13,A01
201800049670,1,07,000,00,2,5,12,A01
201800049670,1,31,000,00,2,3,03,B01
201800049671,2,14,000,00,2,2,01,A01
201800049671,2,07,000,00,2,6,01,B01
201800049672,2,07,000,04,0,2,01,A01
201800049673,2,32,000,00,2,4,00,A01
201800049673,2,10,000,00,2,1,00,B01
201800049673,2,10,000,00,2,1,00,C01
201800049674,1,07,000,00,2,1,01,B01
201800049674,1,07,000,00,2,1,00,A01
201800049675,1,14,000,00,2,2,02,B01
201800049675,1,07,000,00,2,3,02,A01
201800049676,2,07,000,00,0,9,00,A01
201800049677,2,07,000,00,2,7,12,A01
201800049677,2,34,000,00,2,1,01,B01
201800049678,1,07,000,00,2,8,00,C01
201800049678,1,13,000,00,2,2,01,B01
201800049678,1,17,000,00,2,5,01,A01
201800049679,2,07,000,00,2,7,02,B01
201800049679,2,34,000,03,2,8,01,A01
201800049680,1,07,000,00,2,1,02,A01
201800049680,1,33,000,00,1,0,02,C01
201800049680,1,07,000,00,2,6,02,B01
201800049681,1,07,000,00,2,4,01,D01
201800049681,1,07,000,00,2,4,01,C01
201800049681,1,07,000,00,2,1,01,A01
201800049681,1,07,000,00,2,4,01,E01
201800049681,1,07,000,00,2,4,01,B01
201800049682,1,07,000,00,2,7,14,B01
201800049682,1,33,000,00,2,8,02,A01
201800049683,2,07,000,00,0,9,02,A01
201800049684,2,07,000,07,0,0,01,A01
201800049685,2,10,000,00,2,1,02,C01
201800049685,2,10,000,00,2,1,02,A01
201800049685,2,07,000,00,2,1,01,B01
201800049685,2,07,000,00,2,1,02,D01
201800049686,2,07,000,00,2,2,17,B01
201800049686,2,07,000,00,2,8,11,A01
201800049687,1,07,000,03,0,3,01,A01
201800049688,1,07,000,03,0,0,14,A01
201800049689,1,07,000,00,2,4,01,B01
201800049689,1,07,000,00,2,1,02,A01
201800049690,1,07,000,00,2,3,02,A01
201800049691,1,07,000,01,0,4,01,D01
201800049691,1,10,000,01,0,1,02,A01
201800049691,0,07,000,00,0,4,02,E01
201800049691,1,07,000,01,0,4,02,B01
201800049691,1,07,000,01,0,4,01,C01
201800049692,2,07,000,00,2,4,02,A01
201800049692,2,07,000,00,2,1,02,B01
201800049693,2,07,000,04,0,2,14,A01
201800049694,2,10,000,00,2,5,02,B01
201800049694,2,07,000,00,2,1,02,C01
201800049694,2,07,000,00,2,4,02,A01
201800049695,1,10,000,04,0,3,00,A01
201800049696,2,10,000,00,2,1,01,B01
201800049696,2,07,000,00,2,4,02,A01
201800049697,1,07,000,00,0,3,00,A01
201800049698,2,32,000,00,2,1,02,B01
201800049698,2,07,000,00,2,7,12,A01
201800049698,2,07,000,00,2,3,02,C01
201800049699,1,07,000,00,2,3,00,A01
201800049699,1,07,000,00,2,0,12,B01
201800049700,2,07,000,00,2,4,23,C01
201800049700,2,07,000,00,2,4,23,B01
201800049700,2,07,000,00,2,1,02,A01
201800049701,2,07,000,13,0,9,00,A01
201800049702,1,07,000,03,2,1,02,A01
201800049702,1,07,000,00,2,1,13,C01
201800049702,1,07,000,00,2,8,23,B01
201800049703,1,07,000,00,2,0,00,B01
201800049703,1,07,000,00,2,0,23,A01
201800049703,1,10,000,01,0,0,00,Z01
201800049704,2,07,000,00,2,4,23,C01
201800049704,2,07,000,00,2,1,02,A01
201800049704,2,07,000,00,2,4,23,D01
201800049704,2,07,000,00,2,4,23,B01
201800049705,1,33,000,00,2,7,17,A01
201800049705,1,10,000,00,6,3,11,B01
201800049706,1,07,000,03,0,1,01,A01
201800049707,1,33,000,03,0,0,13,B01
201800049707,1,17,000,00,2,7,01,A01
201800049708,1,07,000,04,0,3,01,A01
201800049709,2,07,000,06,0,1,17,A01
201800049710,1,07,000,03,0,3,13,A01
201800049711,1,07,000,04,0,2,09,A01
201800049712,2,07,000,05,0,2,00,A01
201800049713,1,07,000,00,2,1,14,B01
201800049713,1,07,000,03,2,4,01,A01
201800049714,2,07,000,00,6,3,02,A01
201800049715,1,07,000,00,1,7,01,B01
201800049716,1,07,000,00,0,4,23,A01
201800049716,1,07,000,01,0,1,01,B01
201800049717,2,07,000,00,2,1,14,B01
201800049717,2,07,000,00,2,6,01,A01
201800049718,1,07,000,03,0,3,16,A01
201800049719,2,07,000,00,2,4,01,A01
201800049719,2,07,000,00,2,1,02,B01
201800049720,2,07,000,04,0,3,13,A01
201800049721,1,07,000,00,2,4,02,A01
201800049721,1,07,000,00,2,1,02,B01
201800049722,1,07,000,04,2,7,01,B01
201800049722,1,07,000,00,2,8,01,A01
201800049723,1,32,000,00,0,7,21,A01
201800049724,1,07,000,00,2,7,01,B01
201800049724,1,07,000,00,2,8,01,A01
201800049725,2,07,000,04,0,3,01,A01
201800049726,1,07,000,00,2,1,02,B01
201800049726,1,07,000,00,2,4,01,A01
201800049727,1,07,000,00,2,3,02,A01
201800049727,1,07,000,00,2,0,00,B01
201800049728,2,07,000,13,2,1,02,B01
201800049728,2,07,000,03,0,4,02,A01
201800049729,2,07,000,00,2,1,02,B01
201800049729,2,10,000,00,2,4,02,A01
201800049730,2,07,000,00,2,1,02,B01
201800049730,2,07,000,04,0,4,02,A01
201800049731,2,10,000,00,2,4,02,B01
201800049731,1,07,000,00,2,4,02,C01
201800049731,2,07,000,00,2,1,02,A01
201800049732,2,07,000,00,2,1,01,A01
201800049732,2,33,000,00,2,4,02,B01
201800049733,1,10,000,00,2,4,01,B01
201800049733,1,07,000,00,2,1,01,A01
201800049734,2,07,000,00,2,5,02,B01
201800049734,2,07,000,00,2,1,02,A01
201800049735,1,32,000,00,2,4,01,B01
201800049735,1,10,000,00,2,1,01,A01
201800049736,1,33,000,00,2,1,03,B01
201800049736,1,10,000,00,2,5,02,A01
201800049737,2,10,000,00,2,4,02,A01
201800049737,2,07,000,00,2,1,02,C01
201800049737,2,07,000,00,2,9,02,B01
201800049738,1,07,000,04,2,1,02,C01
201800049738,1,10,000,04,2,4,02,A01
201800049738,1,07,000,04,2,9,02,B01
201800049739,2,07,000,00,2,4,01,B01
201800049739,2,07,000,00,2,0,00,D01
201800049739,2,07,000,00,2,4,01,A01
201800049739,2,07,000,00,2,4,02,C01