Num_Acc,senc,catv,occutc,obs,obsm,choc,manv,num_veh
201800049740,1,07,000,03,2,3,11,A01
201800049740,1,07,000,00,2,6,01,C01
201800049740,1,07,000,00,2,1,01,D01
201800049740,1,07,000,00,2,2,01,B01
201800049741,2,14,000,00,2,1,00,Z01
201800049741,2,07,000,00,0,6,01,A01
201800049742,2,07,000,00,2,8,01,B01
201800049742,2,07,000,00,2,7,14,A01
201800049743,2,07,000,04,0,2,01,A01
201800049744,1,07,000,00,2,2,00,B01
201800049744,1,07,000,00,2,6,23,A01
201800049745,1,07,000,04,0,1,00,A01
201800049745,1,07,000,00,2,1,00,B01
201800049746,2,07,000,00,0,4,01,D01
201800049746,2,07,000,00,2,1,01,A01
201800049746,2,07,000,00,2,1,01,C01
201800049746,2,07,000,00,2,1,01,B01
201800049747,1,07,000,00,2,4,01,A01
201800049747,1,07,000,00,2,1,02,B01
201800049748,2,07,000,04,0,1,01,A01
201800049749,2,07,000,00,2,4,02,A01
201800049749,2,07,000,00,2,1,02,C01
201800049749,2,07,000,00,2,4,02,B01
201800049750,1,07,000,00,2,4,01,A01
201800049750,1,07,000,00,2,1,01,C01
201800049750,1,07,000,00,2,4,01,B01
201800049751,1,07,000,00,2,4,01,C01
201800049751,1,07,000,00,2,4,01,A01
201800049751,1,10,000,00,2,0,01,B01
201800049751,1,07,000,00,2,1,01,D01
201800049752,2,07,000,00,2,2,00,B01
201800049752,2,07,000,00,2,3,11,A01
201800049753,1,07,000,00,0,8,11,A01
201800049753,1,34,000,00,2,8,03,B01
201800049754,2,33,000,04,0,0,00,A01
201800049755,1,17,000,05,0,2,12,A01
201800049755,1,17,000,00,0,0,00,B01
201800049756,2,07,000,00,2,4,02,A01
201800049756,2,07,000,00,2,1,02,B01
201800049757,2,07,000,00,2,3,09,A01
201800049757,2,07,000,00,2,5,02,B01
201800049758,1,07,000,00,2,2,00,A01
201800049758,1,07,000,00,2,3,01,B01
201800049759,1,07,000,00,2,7,01,B01
201800049759,1,07,000,03,2,8,13,A01
201800049760,1,07,000,00,2,2,17,A01
201800049760,1,07,000,00,2,6,01,C01
201800049760,1,07,000,00,2,4,13,B01
201800049761,1,07,000,00,2,4,01,A01
201800049761,1,07,000,00,2,1,09,B01
201800049762,1,07,000,03,0,6,01,B01
201800049762,1,07,000,00,2,7,17,C01
201800049762,1,07,000,00,2,2,11,A01
201800049763,2,32,000,03,2,3,14,A01
201800049763,2,15,000,00,2,8,02,B01
201800049764,1,07,000,00,2,6,23,A01
201800049764,1,07,000,00,2,2,12,B01
201800049765,1,07,000,00,2,4,01,A01
201800049765,1,07,000,00,2,1,02,C01
201800049765,1,07,000,00,2,4,00,B01
201800049766,2,07,000,00,2,4,02,A01
201800049766,2,07,000,00,2,0,02,Z01
201800049767,,33,000,,,,,A01
201800049768,2,07,000,04,2,3,13,A01
201800049768,2,07,000,00,2,3,01,B01
201800049769,1,07,000,00,2,4,02,B01
201800049769,1,07,000,00,2,1,02,C01
201800049769,1,07,000,00,2,4,09,A01
201800049770,2,10,000,00,2,7,00,A01
201800049770,2,33,000,03,2,8,00,B01
201800049771,2,10,000,00,2,1,02,C01
201800049771,2,07,000,00,2,4,02,A01
201800049771,2,10,000,00,2,4,02,B01
201800049772,2,10,000,00,1,3,01,A01
201800049773,2,07,000,00,0,9,02,A01
201800049774,1,07,000,03,0,1,00,A01
201800049775,2,07,000,00,2,1,13,B01
201800049775,1,07,000,00,2,6,09,A01
201800049775,2,07,000,00,0,0,00,C01
201800049776,2,07,000,00,2,8,00,B01
201800049776,2,15,000,00,2,5,17,A01
201800049777,2,07,000,09,0,7,01,A01
201800049778,2,07,000,00,2,4,02,A01
201800049778,2,07,000,00,2,1,02,C01
201800049778,2,07,000,00,2,4,02,B01
201800049779,1,07,000,00,2,1,02,A01
201800049779,1,07,000,00,2,4,02,B01
201800049780,2,10,000,00,2,1,02,C01
201800049780,2,07,000,00,2,4,01,B01
201800049780,2,07,000,00,2,4,02,A01
201800049781,1,33,000,00,0,0,01,A01
201800049782,1,07,000,02,0,1,14,A01
201800049783,1,34,000,00,2,2,02,B01
201800049783,1,07,000,00,2,6,02,A01
201800049784,0,07,000,00,2,1,01,A01
201800049784,0,07,000,00,2,1,05,B01
201800049785,2,07,000,03,0,2,02,A01
201800049786,2,07,000,06,0,1,14,A01
201800049787,1,07,000,00,0,8,01,B01
201800049787,1,07,000,00,0,1,02,C01
201800049787,1,07,000,04,2,1,14,A01
201800049788,2,07,000,04,0,1,01,A01
201800049789,1,07,000,00,0,4,01,B01
201800049789,1,17,000,00,2,2,16,A01
201800049790,2,07,000,00,2,4,02,A01
201800049790,2,07,000,00,2,1,02,B01
201800049791,1,07,000,00,2,1,02,B01
201800049791,1,07,000,00,2,4,02,A01
201800049792,2,07,000,00,2,1,02,C01
201800049792,2,07,000,00,2,4,02,B01
201800049792,2,07,000,00,2,4,02,A01
201800049793,2,33,000,00,2,8,01,B01
201800049793,2,07,000,00,2,2,12,A01
201800049794,1,07,000,04,0,1,01,A01
201800049795,1,33,000,00,0,8,21,A01
201800049796,1,10,000,00,2,4,01,B01
201800049796,1,14,000,00,2,1,02,A01
201800049796,1,07,000,00,2,4,01,D01
201800049796,1,07,000,00,2,4,01,C01
201800049797,2,31,000,00,2,3,21,A01
201800049797,2,07,000,00,2,5,01,B01
201800049798,2,07,000,00,2,4,23,B01
201800049798,2,07,000,00,2,4,23,D01
201800049798,2,07,000,00,2,1,02,A01
201800049798,2,07,000,00,2,4,23,C01
201800049799,,10,000,,,,,A01
201800049799,,07,000,,,,,B01
201800049799,,10,000,,,,,C01
201800049799,,07,000,,,,,D01
201800049800,1,10,000,00,0,0,01,B01
201800049800,1,33,000,00,6,1,00,A01
201800049801,1,07,000,00,2,1,02,B01
201800049801,1,10,000,00,2,4,02,A01
201800049802,1,07,000,00,2,1,01,B01
201800049802,1,07,000,00,2,4,02,A01
201800049803,1,31,000,00,6,1,01,A01
201800049803,1,14,000,00,0,0,01,B01
201800049804,1,07,000,04,0,2,14,A01
201800049805,2,07,000,03,0,3,01,A01
201800049806,2,07,000,00,2,4,02,B01
201800049806,2,07,000,00,2,4,02,A01
201800049806,2,07,000,00,2,1,02,C01
201800049807,1,07,000,00,2,7,02,A01
201800049807,1,07,000,00,2,8,02,B01
201800049807,1,07,000,00,2,1,11,C01
201800049808,1,07,000,00,2,1,01,B01
201800049808,1,07,000,00,2,3,01,C01
201800049808,1,07,000,00,2,4,01,A01
201800049809,1,15,000,00,2,2,14,B01
201800049809,1,07,000,00,2,8,02,A01
201800049810,1,07,000,13,2,6,02,B01
201800049810,1,07,000,13,2,4,00,C01
201800049810,1,07,000,13,0,3,00,D01
201800049810,1,07,000,13,2,3,12,A01
201800049811,2,15,000,00,2,1,11,A01
201800049811,2,07,000,00,2,4,11,B01
201800049812,2,10,000,00,2,4,01,A01
201800049812,2,10,000,00,2,1,01,B01
201800049813,2,07,000,00,2,1,09,D01
201800049813,2,07,000,00,2,8,02,E01
201800049813,2,07,000,00,2,4,02,B01
201800049813,2,07,000,00,2,4,02,A01
201800049813,2,07,000,00,2,1,02,C01
201800049814,2,07,000,00,2,4,23,A01
201800049814,2,31,000,01,0,4,23,B01
201800049814,2,07,000,01,0,1,02,C01
201800049815,2,07,000,00,2,1,02,A01
201800049815,2,07,000,00,2,4,01,B01
201800049816,1,07,000,03,0,1,14,A01
201800049817,1,07,000,00,2,3,21,A01
201800049818,1,10,000,00,2,1,01,B01
201800049818,1,10,000,00,2,4,01,A01
201800049819,1,07,000,00,2,1,02,B01
201800049819,1,07,000,00,2,4,23,A01
201800049820,1,14,000,00,2,2,09,Z01
201800049820,1,07,000,00,2,8,09,A01
201800049821,1,07,000,04,0,3,01,A01
201800049822,2,07,000,00,2,4,02,A01
201800049822,2,07,000,00,2,1,02,B01
201800049823,1,07,000,00,2,1,00,B01
201800049823,1,07,000,00,2,4,00,A01
201800049824,2,07,000,04,0,2,14,A01
201800049825,2,07,000,04,0,2,14,A01
201800049826,2,07,000,00,1,1,01,A01
201800049827,2,07,000,00,2,6,01,B01
201800049827,2,07,000,00,2,1,17,A01
201800049828,2,30,000,12,0,9,00,A01
201800049829,1,10,000,00,2,3,10,A01
201800049829,1,07,000,00,2,2,01,B01
201800049830,2,33,000,00,2,1,02,A01
201800049830,2,07,000,00,2,0,12,Z01
201800049831,1,07,000,00,2,2,01,A01
201800049831,1,10,000,00,2,2,02,B01
201800049831,1,07,000,00,2,6,02,C01
201800049831,1,07,000,00,2,4,01,D01
201800049832,1,07,000,00,2,6,02,C01
201800049832,1,07,000,00,2,4,23,A01
201800049832,1,07,000,00,2,1,02,B01
201800049833,2,33,000,00,2,7,01,C01
201800049833,2,07,000,00,2,3,12,A01
201800049833,2,10,000,00,2,5,01,B01
201800049834,2,07,000,00,2,6,01,B01
201800049834,2,07,000,00,2,5,02,C01
201800049834,2,07,000,00,2,1,00,A01
201800049835,2,07,000,00,2,1,01,E01
201800049835,2,15,000,00,2,0,00,A01
201800049835,2,07,000,00,2,1,01,B01
201800049835,2,07,000,00,2,9,01,C01
201800049835,2,07,000,00,2,9,01,D01
201800049836,1,07,000,00,2,4,01,A01
201800049836,1,07,000,00,2,1,01,B01
201800049837,2,10,000,00,2,4,01,B01
201800049837,2,07,000,00,2,1,01,A01
201800049838,2,07,000,00,2,4,00,A01
201800049838,2,07,000,00,2,1,02,Z01
201800049839,2,07,000,00,2,4,01,A01
201800049839,2,33,000,00,2,1,17,B01
201800049840,1,10,000,00,2,1,02,B01
201800049840,1,07,000,00,2,4,02,A01
201800049841,1,07,000,00,2,2,02,B01
201800049841,1,07,000,00,2,6,14,A01
201800049842,1,07,000,00,2,4,01,B01
201800049842,1,07,000,00,2,4,01,A01
201800049842,1,07,000,00,2,1,01,C01
201800049843,1,07,000,00,2,1,02,B01
201800049843,1,07,000,00,2,4,02,A01
201800049844,1,33,000,00,2,1,03,B01
201800049844,1,07,000,00,2,5,23,A01
201800049845,1,07,000,00,2,4,01,A01
201800049845,1,07,000,00,2,1,01,B01
201800049846,2,07,000,00,2,4,02,A01
201800049846,2,07,000,00,2,4,02,B01
201800049846,2,07,000,00,2,1,02,D01
201800049846,2,07,000,00,2,4,02,C01
201800049847,1,07,000,04,2,8,01,B01
201800049847,1,07,000,00,2,3,01,A01
201800049848,2,07,000,00,2,1,02,B01
201800049848,2,07,000,00,2,4,02,A01
201800049849,1,07,000,00,2,1,01,B01
201800049849,1,07,000,00,0,4,23,A01
201800049850,2,07,000,00,2,4,02,A01
201800049850,2,10,000,00,2,4,02,B01
201800049850,2,07,000,00,2,1,02,C01
201800049851,1,07,000,00,2,4,01,A01
201800049851,1,07,000,00,2,3,11,B01
201800049852,1,33,000,00,0,0,00,B01
201800049852,1,07,000,00,2,6,11,A01
201800049853,1,07,000,00,2,1,02,B01
201800049853,1,07,000,00,2,4,02,A01
201800049854,1,07,000,00,2,1,00,B01
201800049854,1,07,000,00,2,4,00,A01
201800049855,2,07,000,13,0,1,01,A01
201800049856,2,10,000,00,2,1,02,C01
201800049856,2,07,000,00,0,4,01,A01
201800049856,2,07,000,00,2,4,02,B01
201800049857,1,31,000,04,0,3,21,A01
201800049858,1,07,000,00,2,4,02,A01
201800049858,1,07,000,00,2,2,02,B01
201800049859,2,07,000,00,2,1,02,B01
201800049859,2,07,000,00,2,4,02,A01
201800049860,1,07,000,03,0,1,09,A01
201800049861,2,07,000,00,2,2,02,B01
201800049861,2,31,000,00,2,8,02,A01
201800049862,2,07,000,00,2,5,02,Z01
201800049862,2,33,000,00,2,3,02,A01
201800049863,1,33,000,00,2,7,14,A01
201800049863,1,07,000,00,2,8,13,B01
201800049864,1,07,000,04,0,4,00,A01
201800049865,1,07,000,00,2,4,00,A01
201800049865,1,07,000,00,2,1,02,C01
201800049865,1,07,000,00,2,4,23,B01
201800049866,2,07,000,00,2,7,11,A01
201800049866,2,14,000,00,2,3,13,B01
201800049867,1,07,000,00,2,1,02,B01
201800049867,1,07,000,00,2,4,01,A01
201800049868,1,07,000,00,2,1,14,A01
201800049868,1,07,000,14,0,0,01,C01
201800049868,1,07,000,00,2,4,01,B01
201800049869,1,07,000,13,0,2,01,A01
201800049870,1,07,000,00,2,1,02,B01
201800049870,1,07,000,04,0,3,02,A01
201800049871,2,33,000,00,2,3,02,B01
201800049871,2,07,000,00,2,4,02,A01
201800049872,2,33,000,00,2,1,02,D01
201800049872,2,10,000,00,2,1,02,C01
201800049872,2,07,000,00,2,1,02,B01
201800049872,2,07,000,00,2,4,02,A01
201800049873,2,31,000,00,2,3,03,A01
201800049873,2,10,000,00,2,7,12,B01
201800049874,2,07,000,00,2,7,01,A01
201800049874,2,07,000,00,2,8,13,C01
201800049874,2,31,000,00,2,7,03,B01
201800049875,2,10,000,04,0,1,13,A01
201800049876,2,07,000,00,2,1,02,B01
201800049876,2,07,000,00,2,4,01,A01
201800049877,1,07,000,00,2,4,01,A01
201800049877,1,07,000,00,2,1,01,B01
201800049878,0,07,000,03,0,3,01,A01
201800049879,2,07,000,04,0,2,17,A01
201800049880,2,07,000,04,0,0,02,A01
201800049881,2,10,000,00,2,4,02,B01
201800049881,2,07,000,00,2,1,02,C01
201800049881,2,07,000,00,2,4,02,A01
201800049882,2,31,000,00,0,3,02,A01
201800049882,2,07,000,00,0,5,02,B01
201800049883,2,07,000,00,2,1,02,B01
201800049883,2,07,000,00,2,4,02,A01
201800049884,2,07,000,00,2,3,02,A01
201800049884,2,07,000,00,2,5,02,B01
201800049885,1,07,000,00,2,1,02,C01
201800049885,1,07,000,00,2,1,02,B01
201800049885,1,07,000,00,2,4,02,A01
201800049886,2,34,000,00,2,1,02,B01
201800049886,2,07,000,00,2,4,01,A01
201800049887,2,07,000,00,2,4,23,A01
201800049887,2,07,000,00,2,4,02,B01
201800049887,2,07,000,00,2,1,00,C01
201800049888,1,34,000,00,2,7,12,B01
201800049888,1,07,000,00,2,8,01,A01
201800049889,2,07,000,00,2,2,21,B01
201800049889,0,10,000,00,2,0,23,A01
201800049890,1,32,000,00,2,7,17,B01
201800049890,1,15,000,00,2,6,02,A01
201800049891,2,07,000,00,2,4,02,B01
201800049891,2,07,000,00,2,1,02,C01
201800049891,2,07,000,00,2,4,02,A01
201800049892,1,07,000,00,2,3,21,C01
201800049892,1,07,000,00,2,3,17,A01
201800049892,1,07,000,04,2,2,01,B01
201800049893,1,07,000,00,2,1,14,B01
201800049893,1,07,000,00,2,4,02,A01
201800049894,1,13,000,00,2,4,01,B01
201800049894,1,07,000,00,2,1,17,A01
201800049895,1,07,000,03,2,2,14,B01
201800049895,1,07,000,00,2,8,01,A01
201800049896,1,07,000,00,2,1,02,B01
201800049896,1,07,000,00,0,4,02,A01
201800049897,1,07,000,00,2,4,02,A01
201800049897,1,07,000,00,2,1,02,B01
201800049898,1,07,000,00,2,5,12,B01
201800049898,1,31,000,00,2,1,00,A01
201800049899,1,07,000,00,2,1,02,B01
201800049899,1,07,000,00,2,4,02,A01
201800049900,2,07,000,00,2,1,02,A01
201800049900,2,07,000,00,2,1,02,B01
201800049901,1,32,000,00,0,7,01,A01
201800049902,2,31,000,00,2,6,11,B01
201800049902,2,07,000,00,2,2,01,A01
201800049903,1,07,000,,,,,B01
201800049903,1,07,000,04,2,4,02,A01
201800049904,2,07,000,12,0,1,13,A01
201800049905,1,07,000,13,0,9,14,A01
201800049906,2,07,000,00,2,4,02,B01
201800049906,2,07,000,00,2,4,02,A01
201800049906,2,07,000,00,2,1,02,C01
201800049907,2,07,000,03,2,4,02,A01
201800049907,2,07,000,03,2,9,02,B01
201800049908,2,10,000,00,2,1,14,B01
201800049908,2,10,000,00,2,4,02,A01
201800049909,1,07,000,01,0,1,02,B01
201800049909,1,33,000,00,6,4,00,A01
201800049910,1,07,000,00,2,5,00,A01
201800049910,1,10,000,00,0,7,09,B01
201800049911,2,07,000,00,2,4,02,B01
201800049911,2,07,000,00,2,1,02,C01
201800049911,2,07,000,00,2,4,01,A01
201800049912,1,07,000,00,2,4,02,B01
201800049912,1,31,000,00,2,1,00,A01
201800049913,1,07,000,00,2,4,02,D01
201800049913,1,07,000,00,2,4,02,C01
201800049913,1,07,000,00,2,4,02,B01
201800049913,1,07,000,00,2,1,02,A01
201800049914,1,07,000,00,2,1,09,A01
201800049914,1,07,000,00,2,4,09,B01
201800049915,2,33,000,00,2,1,02,B01
201800049915,2,07,000,00,2,6,02,A01
201800049916,1,07,000,00,2,4,02,A01
201800049916,1,33,000,00,2,1,02,B01
201800049917,2,10,000,03,0,2,14,A01
201800049918,1,07,000,00,0,4,02,A01
201800049918,1,07,000,00,2,4,02,C01
201800049918,1,07,000,00,2,4,02,B01
201800049918,1,07,000,00,2,1,02,D01
201800049919,2,07,000,00,2,8,18,B01
201800049919,2,07,000,03,2,7,02,A01
201800049920,2,07,000,00,2,4,02,B01
201800049920,2,07,000,00,2,4,01,A01
201800049920,2,07,000,00,2,1,02,C01
201800049921,1,33,000,00,0,0,01,B01
201800049921,1,07,000,00,0,0,09,A01
201800049922,2,07,000,00,2,2,01,A01
201800049923,0,07,000,00,0,9,01,A01
201800049924,1,33,000,03,0,3,16,A01
201800049925,2,07,000,13,0,1,02,A01
201800049926,2,07,000,00,2,6,02,A01
201800049926,1,07,000,00,2,2,02,Z01
201800049927,2,07,000,00,2,1,02,B01
201800049927,2,07,000,00,6,5,01,A01
201800049928,2,07,000,00,2,3,01,A01
201800049928,2,14,000,00,2,5,12,B01
201800049929,2,33,000,00,2,1,02,B01
201800049929,2,07,000,00,2,4,01,A01
201800049930,1,07,000,04,0,3,01,A01
201800049930,1,07,000,00,2,1,02,Z01
201800049931,1,07,000,00,2,2,02,C01
201800049931,1,07,000,00,2,3,18,B01
201800049931,1,15,000,00,2,2,12,A01
201800049932,2,10,000,00,2,4,01,A01
201800049932,2,10,000,00,2,1,02,B01
201800049933,2,07,000,03,0,1,01,A01
201800049934,1,07,000,00,2,1,02,B01
201800049934,1,07,000,00,2,4,00,A01
201800049935,1,10,000,00,2,4,23,A01
201800049935,1,07,000,01,0,1,02,B01
201800049936,1,07,000,00,2,1,01,A01
201800049936,1,14,000,00,2,6,01,B01
201800049937,1,10,000,00,2,1,02,A01
201800049937,1,07,000,00,0,4,01,B01
201800049938,2,07,000,00,2,6,02,B01
201800049938,2,07,000,00,2,2,02,C01
201800049938,2,07,000,00,2,4,02,A01
201800049939,2,07,000,00,2,8,02,A01
201800049939,2,14,000,00,2,2,12,B01
201800049940,1,07,000,04,0,4,00,A01
201800049941,2,07,000,00,2,4,01,B01
201800049941,2,07,000,00,2,4,01,A01
201800049941,2,10,000,00,2,1,01,C01
201800049942,,07,000,,,,,A01
201800049942,,07,000,,,,,B01
201800049942,,07,000,,,,,C01
201800049943,2,07,000,04,2,7,01,B01
201800049943,2,07,000,04,2,8,13,A01
201800049944,2,33,000,00,2,1,03,B01
201800049944,2,07,000,00,2,5,01,A01
201800049945,1,34,000,00,6,1,02,A01
201800049946,2,07,000,03,2,1,02,B01
201800049946,2,10,000,00,2,4,01,A01
201800049947,1,07,000,00,2,2,01,A01
201800049947,1,10,000,00,2,3,18,Z01
201800049948,1,07,000,00,2,7,12,B01
201800049948,1,34,000,00,2,1,03,A01
201800049949,1,07,000,04,0,1,02,A01
201800049950,1,07,000,00,2,4,02,A01
201800049950,1,07,000,00,2,1,02,B01
201800049951,1,07,000,04,2,6,01,A01
201800049951,1,07,000,00,2,5,14,B01
201800049952,1,07,000,00,2,4,01,A01
201800049952,1,07,000,00,2,1,01,B01
201800049953,2,07,000,03,2,6,02,A01
201800049953,2,07,000,03,2,1,02,B01
201800049954,2,15,000,00,2,4,02,A01
201800049954,0,07,000,00,2,1,02,B01
201800049955,1,07,000,00,2,8,01,B01
201800049955,1,14,000,00,2,1,12,A01
201800049956,2,07,000,03,0,1,14,A01
201800049957,1,07,000,04,0,2,14,A01
201800049958,2,07,000,00,2,0,00,B01
201800049958,2,07,000,00,2,4,01,A01
201800049959,1,07,000,03,2,0,00,A01
201800049959,1,07,000,00,2,6,02,B01
201800049960,1,34,000,04,0,1,21,B01
201800049960,1,07,000,00,0,0,01,A01
201800049961,1,07,000,03,0,2,13,A01
201800049962,2,13,000,00,2,8,02,A01
201800049962,2,33,000,00,2,7,02,B01
201800049963,2,07,000,00,2,1,02,B01
201800049963,2,07,000,00,2,4,02,A01
201800049964,2,07,000,03,2,9,09,A01
201800049964,2,15,000,03,2,1,02,B01
201800049964,2,15,000,03,2,1,02,C01
201800049965,2,07,000,00,2,5,02,A01
201800049965,2,07,000,00,2,8,14,Z01
201800049966,1,34,000,00,2,8,21,B01
201800049966,1,07,000,00,2,5,02,A01
201800049967,2,07,000,00,2,4,02,A01
201800049967,2,07,000,00,2,1,02,B01
201800049968,2,07,000,02,0,1,15,A01
201800049969,2,07,000,00,2,6,11,A01
201800049969,2,33,000,00,2,1,01,B01
201800049970,2,07,000,00,0,0,00,Z01
201800049970,2,07,000,03,0,2,13,A01
201800049971,1,07,000,00,2,5,01,B01
201800049971,1,33,000,00,2,1,03,A01
201800049972,2,07,000,03,0,1,13,A01
201800049973,1,07,000,00,2,2,21,B01
201800049973,1,10,000,00,2,6,00,A01
201800049974,1,07,000,00,2,3,23,A01
201800049974,1,13,000,00,2,1,02,B01
201800049975,1,33,000,00,0,7,02,A01
201800049976,1,07,000,00,2,4,23,D01
201800049976,1,07,000,00,2,4,23,C01
201800049976,1,07,000,00,2,4,23,B01
201800049976,1,07,000,00,2,1,02,A01
201800049977,1,07,000,00,2,0,01,C01
201800049977,1,07,000,00,2,1,12,D01
201800049977,1,07,000,00,2,0,01,B01
201800049977,1,07,000,00,2,1,01,A01
201800049978,1,07,000,14,0,0,00,C01
201800049978,1,07,000,14,0,2,21,E01
201800049978,1,07,000,03,0,1,14,A01
201800049978,1,07,000,14,0,3,01,B01
201800049978,1,07,000,14,0,0,00,D01
201800049979,1,07,000,03,0,5,14,A01
201800049980,2,07,000,00,2,1,02,B01
201800049980,2,07,000,00,0,4,02,A01
201800049981,2,07,000,00,2,2,02,B01
201800049981,2,07,000,00,2,4,02,A01
201800049982,1,14,000,00,2,2,12,B01
201800049982,1,07,000,00,2,6,01,A01
201800049983,2,07,000,00,2,1,02,B01
201800049983,2,07,000,00,2,4,02,A01
201800049984,1,07,000,00,2,2,12,B01
201800049984,1,33,000,00,2,0,03,A01
201800049985,1,07,000,00,0,5,02,A01
201800049985,1,33,000,00,2,1,02,B01
201800049986,1,07,000,04,0,1,02,B01
201800049986,1,07,000,00,0,4,02,A01
201800049987,1,10,000,00,2,2,14,A01
201800049987,1,07,000,00,2,6,01,B01
201800049988,2,07,000,06,0,9,03,A01
201800049988,2,07,000,00,2,9,01,B01
201800049989,2,07,000,00,2,2,02,B01
201800049989,2,07,000,00,2,4,02,A01
201800049990,2,07,000,00,2,4,02,A01
201800049990,2,07,000,00,2,1,02,B01
201800049991,1,07,000,00,2,4,02,A01
201800049991,1,07,000,00,0,0,00,Z01
201800049992,2,07,000,00,2,4,02,A01
201800049992,2,14,000,00,2,1,02,D01
201800049992,2,07,000,00,2,4,02,B01
201800049992,2,07,000,00,2,4,02,C01
201800049993,2,13,000,00,2,4,02,A01
201800049993,2,33,000,00,2,1,02,B01
201800049994,1,07,000,03,0,1,14,A01
201800049995,1,07,000,06,0,8,13,A01
201800049996,0,07,000,00,2,1,02,B01
201800049996,0,07,000,00,2,4,23,A01
201800049997,1,10,000,00,2,1,02,A01
201800049997,1,37,010,00,2,4,02,D01
201800049997,1,07,000,00,2,9,23,B01
201800049997,1,07,000,00,2,9,23,C01
201800049998,2,07,000,00,2,4,02,A01
201800049998,2,10,000,00,2,1,02,C01
201800049998,2,07,000,00,2,4,02,B01
201800049999,1,10,000,03,0,1,12,A01
201800050000,2,07,000,00,2,4,01,D01
201800050000,2,07,000,00,2,1,01,A01
201800050000,2,07,000,00,2,4,01,C01
201800050000,2,07,000,00,2,1,01,B01
201800050001,1,07,000,00,2,4,01,A01
201800050001,1,07,000,00,2,1,01,C01
201800050001,1,07,000,00,2,4,01,B01
201800050002,2,34,000,03,0,8,16,A01
201800050003,2,07,000,00,2,1,02,B01
201800050003,2,10,000,00,2,4,02,A01
201800050004,2,07,000,00,2,5,01,A01
201800050004,2,32,000,00,2,7,12,C01
201800050004,2,34,000,00,2,6,01,B01
201800050005,2,07,000,02,0,1,13,A01
201800050006,1,07,000,00,0,0,00,B01
201800050006,1,07,000,00,2,2,14,A01
201800050007,2,07,000,00,2,4,12,A01
201800050007,2,07,000,00,2,1,12,B01
201800050008,2,33,000,00,2,9,00,C01
201800050008,2,34,000,00,2,0,00,A01
201800050008,2,07,000,00,2,1,02,B01
201800050009,1,31,000,05,0,8,13,A01
201800050010,2,07,000,00,0,6,02,A01
201800050010,2,07,000,00,0,0,00,Z01
201800050011,1,33,000,04,0,1,16,A01
201800050012,1,07,000,00,2,6,01,A01
201800050012,1,07,000,00,2,2,12,Z01
201800050013,1,07,000,00,2,4,01,A01
201800050013,1,07,000,00,0,0,00,B01
201800050013,1,07,000,00,2,1,00,C01
201800050014,1,07,000,00,2,5,02,B01
201800050014,1,07,000,00,2,5,02,A01
201800050015,1,07,000,00,2,4,02,A01
201800050015,1,07,000,00,2,1,02,B01
201800050016,2,07,000,03,2,9,02,B01
201800050016,2,07,000,03,2,1,02,C01
201800050016,2,07,000,03,2,4,02,A01
201800050017,2,33,000,00,0,8,02,A01
201800050018,1,07,000,03,0,6,01,A01
201800050018,,14,000,,,,,B01
201800050019,1,07,000,00,2,1,02,D01
201800050019,1,07,000,00,2,4,02,C01
201800050019,1,07,000,00,2,4,02,B01
201800050019,1,07,000,00,2,4,02,A01
201800050020,2,33,000,00,0,8,11,A01
201800050021,1,32,000,00,2,3,03,B01
201800050021,1,07,000,00,2,2,12,A01
201800050022,2,07,000,00,2,6,01,C01
201800050022,1,15,000,00,2,0,02,A01
201800050022,2,33,000,00,2,2,03,B01
201800050023,1,10,000,03,0,1,01,A01
201800050024,1,34,000,00,2,2,02,A01
201800050024,1,07,000,00,2,3,01,B01
201800050025,1,32,000,00,2,7,16,A01
201800050025,0,10,000,00,2,1,01,B01
201800050026,1,07,000,00,2,4,01,A01
201800050026,1,07,000,00,2,1,01,B01
201800050026,1,07,000,00,2,1,01,C01
201800050027,2,07,000,00,2,4,02,A01
201800050027,2,07,000,00,2,1,02,B01
201800050028,1,34,000,07,0,0,00,A01
201800050029,2,07,000,00,2,4,01,A01
201800050029,1,07,000,04,2,8,13,B01
201800050030,1,07,000,05,0,1,01,A01
201800050031,1,10,000,00,2,1,02,A01
201800050031,1,13,000,00,2,8,10,B01
201800050032,1,07,000,00,2,1,01,A01
201800050032,1,07,000,04,2,4,01,B01
201800050032,1,07,000,00,2,1,02,C01
201800050033,1,07,000,00,2,1,11,A01
201800050033,1,07,000,00,2,1,01,B01
201800050034,1,07,000,00,2,1,02,B01
201800050034,1,07,000,00,2,4,02,A01
201800050035,2,07,000,00,2,9,12,B01
201800050035,2,15,000,00,2,7,01,A01
201800050036,1,07,000,00,2,4,02,D01
201800050036,1,10,000,00,2,1,02,C01
201800050036,1,07,000,00,2,4,02,A01
201800050036,1,07,000,00,2,4,02,B01
201800050037,2,07,000,00,2,1,02,C01
201800050037,2,07,000,00,2,4,02,B01
201800050037,2,07,000,00,0,4,01,A01
201800050038,2,07,000,00,0,6,01,A01
201800050038,2,07,000,00,2,2,21,B01
201800050039,2,07,000,00,2,5,09,B01
201800050039,2,33,000,00,2,3,12,A01
201800050040,2,07,000,00,2,2,12,C01
201800050040,2,07,000,00,2,4,02,A01
201800050040,2,07,000,00,2,1,02,B01
201800050041,1,07,000,00,2,6,01,A01
201800050041,1,34,000,00,2,1,11,B01