Num_Acc,senc,catv,occutc,obs,obsm,choc,manv,num_veh
201800050042,1,07,000,06,0,3,13,A01
201800050043,2,07,000,00,2,4,02,A01
201800050043,2,07,000,00,2,1,02,B01
201800050044,2,07,000,15,0,7,15,A01
201800050045,2,07,000,00,2,1,02,B01
201800050045,2,07,000,00,2,4,02,A01
201800050046,1,07,000,03,0,1,14,A01
201800050047,2,07,000,03,2,8,13,B01
201800050047,2,07,000,03,2,7,02,A01
201800050048,2,07,000,00,0,1,02,A01
201800050049,1,07,000,00,2,4,02,A01
201800050049,1,15,000,00,2,1,02,B01
201800050050,1,07,000,04,2,8,02,A01
201800050050,1,33,000,04,2,7,03,B01
201800050051,2,07,000,00,2,1,02,A01
201800050051,2,07,000,00,2,4,02,B01
201800050052,1,07,000,04,0,4,14,A01
201800050052,1,07,000,04,0,9,14,B01
201800050053,2,07,000,00,2,6,11,A01
201800050053,2,33,000,00,2,1,03,B01
201800050054,2,10,000,00,2,0,02,E01
201800050054,1,10,000,00,2,1,02,C01
201800050054,1,10,000,00,2,1,02,B01
201800050054,2,07,000,00,2,4,02,D01
201800050054,2,07,000,00,2,1,02,F01
201800050054,1,07,000,00,2,4,02,A01
201800050055,2,07,000,00,2,1,01,C01
201800050055,2,07,000,00,2,4,01,B01
201800050055,2,07,000,00,2,4,01,A01
201800050056,1,07,000,00,2,1,02,A01
201800050056,1,07,000,00,2,4,02,C01
201800050056,1,07,000,00,2,4,02,B01
201800050056,1,07,000,00,2,4,02,D01
201800050057,1,07,000,00,2,1,02,B01
201800050057,1,07,000,00,2,6,02,A01
201800050058,2,07,000,00,2,1,02,B01
201800050058,2,07,000,00,2,4,01,A01
201800050059,2,07,000,00,2,1,01,A01
201800050059,2,07,000,00,2,4,11,B01
201800050059,2,07,000,00,2,4,02,C01
201800050059,2,07,000,00,2,4,01,D01
201800050060,1,07,000,14,0,1,01,A01
201800050061,2,07,000,04,2,4,02,A01
201800050061,2,10,000,04,2,1,02,C01
201800050061,2,07,000,04,2,4,02,B01
201800050062,2,07,000,00,0,1,14,A01
201800050063,2,07,000,03,0,1,14,A01
201800050064,2,07,000,00,2,4,02,A01
201800050064,2,07,000,00,2,4,02,B01
201800050064,2,07,000,00,2,4,02,C01
201800050064,2,07,000,00,2,1,02,D01
201800050065,2,07,000,03,0,2,01,A01
201800050066,2,10,000,00,2,1,02,C01
201800050066,2,07,000,00,2,4,02,A01
201800050066,2,07,000,00,2,4,02,B01
201800050067,2,14,000,00,2,7,01,A01
201800050067,2,15,000,00,0,8,01,B01
201800050068,2,07,000,00,2,4,01,A01
201800050068,2,07,000,00,2,1,01,B01
201800050069,2,34,000,00,0,1,01,A01
201800050070,2,07,000,00,2,1,02,B01
201800050070,2,07,000,00,2,4,02,A01
201800050071,2,33,000,14,0,1,01,A01
201800050072,,07,000,,,,,B01
201800050072,1,34,000,00,2,1,01,A01
201800050073,2,07,000,00,2,4,02,A01
201800050073,2,07,000,00,2,1,02,B01
201800050074,2,07,000,00,2,4,01,A01
201800050075,2,07,000,00,2,1,02,C01
201800050075,2,07,000,00,2,1,02,B01
201800050075,2,07,000,00,0,4,02,A01
201800050076,1,07,000,00,2,1,00,B01
201800050076,1,07,000,00,2,4,00,A01
201800050077,1,07,000,00,2,8,02,B01
201800050077,1,14,000,00,2,2,12,A01
201800050078,2,07,000,00,2,4,01,A01
201800050078,2,07,000,00,2,1,01,B01
201800050079,1,07,000,00,2,2,14,A01
201800050079,1,33,000,00,2,8,01,B01
201800050080,2,07,000,04,0,8,02,A01
201800050081,2,07,000,07,0,9,00,A01
201800050082,1,07,000,00,2,1,02,A01
201800050082,1,07,000,00,2,4,02,B01
201800050083,2,07,000,03,0,2,01,A01
201800050084,1,07,000,00,2,1,02,B01
201800050084,1,07,000,00,0,4,02,A01
201800050085,1,33,000,00,0,7,01,A01
201800050086,1,07,000,00,2,1,02,B01
201800050086,1,07,000,00,2,4,01,A01
201800050087,2,33,000,00,2,8,01,B01
201800050087,2,07,000,00,2,3,02,C01
201800050087,2,07,000,00,2,7,12,A01
201800050088,1,07,000,00,2,1,02,B01
201800050088,1,07,000,00,2,4,01,A01
201800050089,1,07,000,06,0,7,14,A01
201800050090,1,99,000,00,2,1,00,Z01
201800050090,1,07,000,00,2,4,01,A01
201800050091,1,07,000,04,0,1,01,A01
201800050092,2,07,000,04,0,7,00,A01
201800050093,1,14,000,00,2,7,01,A01
201800050093,1,07,000,00,2,6,09,B01
201800050094,1,07,000,00,2,4,23,B01
201800050094,1,15,000,00,2,1,02,C01
201800050094,1,07,000,00,2,4,23,A01
201800050095,2,07,000,00,2,4,02,B01
201800050095,2,07,000,00,2,1,02,A01
201800050095,2,07,000,00,2,4,02,C01
201800050096,1,34,000,00,2,1,12,B01
201800050096,1,07,000,00,2,8,01,A01
201800050097,1,07,000,00,1,7,01,A01
201800050098,1,07,000,00,0,4,11,A01
201800050098,1,07,000,00,2,1,02,C01
201800050098,1,07,000,00,2,1,00,B01
201800050098,1,07,000,00,2,1,02,E01
201800050098,1,07,000,00,2,1,02,D01
201800050099,2,07,000,04,0,1,01,A01
201800050100,2,07,000,00,2,3,02,B01
201800050100,2,07,000,00,2,2,01,C01
201800050100,2,07,000,00,2,6,01,D01
201800050100,2,07,000,00,2,4,23,A01
201800050101,2,07,000,01,0,4,02,B01
201800050101,2,07,000,01,0,1,02,Z01
201800050101,2,07,000,00,2,4,02,A01
201800050102,1,07,000,14,0,1,01,D01
201800050102,2,07,000,00,2,3,05,B01
201800050102,1,07,000,14,6,7,01,C01
201800050102,2,07,000,00,2,3,01,A01
201800050103,2,07,000,00,2,8,01,B01
201800050103,2,07,000,00,2,2,00,A01
201800050104,2,07,000,03,0,3,13,A01
201800050105,0,07,000,00,2,3,01,A01
201800050105,0,07,000,00,2,1,01,B01
201800050106,2,07,000,00,2,2,12,B01
201800050106,2,07,000,00,2,3,11,A01
201800050107,2,07,000,00,2,4,02,A01
201800050107,2,07,000,00,2,1,02,B01
201800050108,1,07,000,00,2,1,02,B01
201800050108,2,07,000,00,2,4,01,A01
201800050109,2,07,000,03,2,1,02,B01
201800050109,2,15,000,03,2,4,02,A01
201800050110,2,07,000,00,2,1,02,B01
201800050110,2,07,000,00,2,4,01,A01
201800050111,2,07,000,00,2,8,23,B01
201800050111,2,07,000,00,2,2,23,C01
201800050111,2,07,000,00,2,2,05,A01
201800050111,2,07,000,00,2,4,00,D01
201800050112,2,07,000,00,2,5,12,B01
201800050112,2,07,000,00,2,3,01,A01
201800050113,2,15,000,00,2,7,12,A01
201800050113,2,07,000,00,2,9,01,B01
201800050114,2,34,000,00,2,1,00,B01
201800050114,2,07,000,00,2,8,01,A01
201800050115,1,07,000,00,2,4,01,B01
201800050115,1,10,000,00,2,1,01,A01
201800050116,,99,000,,,,,A01
201800050117,,31,000,,,,,A01
201800050118,1,33,000,00,0,0,00,A01
201800050119,2,07,000,00,2,1,02,C01
201800050119,2,07,000,00,2,4,02,A01
201800050119,2,07,000,00,2,4,02,B01
201800050120,1,07,000,00,2,4,01,A01
201800050121,2,10,000,00,2,4,01,D01
201800050121,2,10,000,00,2,4,01,A01
201800050121,2,07,000,00,2,4,01,B01
201800050121,2,07,000,00,2,4,01,C01
201800050121,2,10,000,00,2,1,01,E01
201800050122,1,33,000,00,0,4,01,A01
201800050123,1,07,000,00,2,1,02,Z01
201800050123,1,33,000,00,2,4,02,A01
201800050124,2,10,000,00,2,3,02,A01
201800050124,2,07,000,00,2,5,02,B01
201800050125,2,07,000,00,0,0,02,A01
201800050125,2,07,000,00,2,1,21,B01
201800050126,2,07,000,04,0,3,01,A01
201800050127,2,07,000,04,0,3,00,A01
201800050128,2,07,000,03,2,1,02,C01
201800050128,2,07,000,03,2,4,02,B01
201800050128,2,07,000,03,2,4,02,A01
201800050129,2,07,000,00,2,5,01,A01
201800050129,2,07,000,00,2,3,13,B01
201800050130,2,07,000,00,2,7,01,A01
201800050130,2,07,000,00,2,1,00,B01
201800050131,2,07,000,00,2,4,02,A01
201800050131,2,07,000,00,2,1,02,C01
201800050131,2,07,000,00,2,1,02,B01
201800050132,1,07,000,01,0,4,02,D01
201800050132,1,07,000,00,2,4,23,A01
201800050132,1,07,000,01,0,4,02,B01
201800050132,1,10,000,01,0,1,02,E01
201800050132,1,07,000,01,0,4,02,C01
201800050133,1,07,000,00,2,5,01,A01
201800050133,1,33,000,00,2,1,02,B01
201800050134,2,07,000,00,0,0,17,A01
201800050134,2,31,000,00,0,7,14,B01
201800050135,1,07,000,04,0,1,01,A01
201800050136,2,07,000,06,0,9,15,A01
201800050137,2,07,000,03,2,1,02,B01
201800050137,2,07,000,03,2,4,02,A01
201800050138,2,07,000,00,2,4,23,A01
201800050138,2,34,000,00,2,1,01,B01
201800050139,2,10,000,04,0,8,01,A01
201800050140,2,34,000,00,2,3,13,B01
201800050140,2,07,000,00,2,7,01,A01
201800050141,2,07,000,00,2,6,00,A01
201800050141,2,07,000,00,2,2,12,B01
201800050142,2,07,000,00,2,1,01,A01
201800050143,1,33,000,00,2,2,01,B01
201800050143,1,07,000,00,2,6,11,A01
201800050144,2,07,000,04,0,5,13,A01
201800050145,1,07,000,00,2,1,01,B01
201800050145,1,07,000,00,2,4,01,A01
201800050146,2,15,000,00,2,2,12,B01
201800050146,2,07,000,00,2,8,01,A01
201800050147,2,07,000,03,0,1,01,A01
201800050148,2,33,000,00,0,0,00,A01
201800050149,2,07,000,00,2,4,01,A01
201800050149,2,10,000,00,2,1,01,B01
201800050150,2,07,000,00,2,9,02,B01
201800050150,2,07,000,00,2,4,02,C01
201800050150,2,07,000,00,2,1,02,E01
201800050150,2,07,000,00,2,9,02,D01
201800050150,2,07,000,00,2,4,02,A01
201800050151,1,07,000,00,2,8,18,B01
201800050151,1,07,000,00,2,4,00,C01
201800050151,1,15,000,00,2,7,12,A01
201800050152,1,07,000,00,2,3,01,B01
201800050152,1,07,000,00,2,2,12,A01
201800050153,1,07,000,00,2,4,23,A01
201800050153,1,07,000,00,2,1,01,B01
201800050154,2,33,000,05,0,1,00,A01
201800050155,2,07,000,00,2,6,09,B01
201800050155,2,07,000,00,2,7,02,A01
201800050156,1,07,000,00,2,1,02,A01
201800050156,1,07,000,00,2,4,02,B01
201800050157,1,13,000,01,0,1,02,B01
201800050157,1,10,000,00,0,4,00,A01
201800050158,1,33,000,00,2,4,00,A01
201800050158,1,33,000,00,2,2,00,B01
201800050159,2,07,000,00,2,6,24,A01
201800050159,2,07,000,00,2,7,01,C01
201800050159,2,33,000,01,0,1,14,B01
201800050160,1,07,000,00,2,6,01,A01
201800050160,1,33,000,00,2,2,00,B01
201800050161,1,07,000,00,2,6,02,B01
201800050161,1,15,000,00,2,2,12,A01
201800050162,2,07,000,00,2,0,00,B01
201800050162,2,07,000,00,2,4,01,A01
201800050163,2,07,000,04,2,4,02,C01
201800050163,2,07,000,04,2,4,02,B01
201800050163,2,07,000,04,2,1,02,D01
201800050163,2,10,000,04,2,4,02,A01
201800050164,2,07,000,00,2,4,00,D01
201800050164,2,07,000,00,2,4,02,B01
201800050164,2,07,000,00,2,4,02,C01
201800050164,2,10,000,00,2,4,02,A01
201800050164,2,10,000,00,2,1,02,F01
201800050164,2,10,000,00,2,1,02,E01
201800050165,2,14,000,00,2,1,09,B01
201800050165,2,07,000,00,2,6,09,A01
201800050166,2,17,000,00,2,6,02,A01
201800050166,2,07,000,00,2,2,02,B01
201800050167,2,07,000,00,2,1,02,A01
201800050167,2,07,000,00,2,4,02,B01
201800050168,1,07,000,00,2,1,02,C01
201800050168,1,32,000,00,2,4,02,A01
201800050168,1,07,000,00,2,1,02,B01
201800050169,1,07,000,00,2,4,01,A01
201800050169,1,07,000,00,2,1,02,B01
201800050169,1,32,000,00,2,2,02,C01
201800050170,1,33,000,00,0,8,01,A01
201800050171,1,13,000,00,2,4,01,A01
201800050171,1,07,000,00,2,1,01,C01
201800050171,1,15,000,00,2,1,01,B01
201800050172,1,07,000,00,2,1,02,B01
201800050172,1,07,000,00,2,4,02,C01
201800050172,1,07,000,00,2,1,00,A01
201800050173,1,07,000,00,2,1,02,A01
201800050173,1,07,000,00,2,4,00,B01
201800050174,0,07,000,00,2,8,16,A01
201800050174,0,31,000,00,2,7,16,B01
201800050175,1,07,000,00,2,0,00,A01
201800050175,1,32,000,00,2,0,00,B01
201800050176,1,07,000,04,0,1,01,A01
201800050177,1,32,000,00,0,8,00,A01
201800050178,1,07,000,00,2,9,02,C01
201800050178,1,07,000,03,2,9,02,A01
201800050178,1,07,000,00,2,9,02,B01
201800050179,1,07,000,06,0,2,14,A01
201800050180,1,07,000,00,2,4,09,A01
201800050180,1,99,000,00,2,1,09,Z01
201800050181,2,10,000,00,2,1,02,B01
201800050181,2,10,000,00,2,4,02,A01
201800050182,2,07,000,00,0,0,00,B01
201800050182,2,07,000,00,0,0,00,A01
201800050183,2,07,000,00,2,4,00,A01
201800050183,2,07,000,00,2,1,02,B01
201800050184,1,07,000,00,2,4,01,A01
201800050184,1,07,000,00,2,1,01,C01
201800050184,1,07,000,00,2,4,01,B01
201800050185,1,13,000,00,2,8,02,B01
201800050185,1,07,000,04,2,8,02,A01
201800050186,1,07,000,00,2,4,01,B01
201800050186,1,13,000,00,2,1,01,C01
201800050186,1,07,000,00,2,4,23,A01
201800050187,1,07,000,00,2,4,00,A01
201800050187,1,10,000,00,2,1,01,B01
201800050188,,99,000,,,,,Z01
201800050188,2,99,000,00,2,4,02,A01
201800050189,2,07,000,13,0,0,13,A01
201800050190,2,10,000,00,2,5,02,A01
201800050190,2,32,000,00,2,4,00,B01
201800050191,2,10,000,00,2,5,02,A01
201800050191,2,10,000,00,2,2,12,B01
201800050192,,07,000,,,,,A01
201800050193,1,07,000,00,2,4,02,D01
201800050193,1,07,000,00,2,4,02,C01
201800050193,1,07,000,00,2,1,02,A01
201800050193,1,07,000,00,2,4,02,B01
201800050194,1,07,000,00,2,1,01,A01
201800050194,1,07,000,00,2,4,01,B01
201800050195,2,07,000,00,2,1,02,B01
201800050195,2,07,000,00,2,6,02,A01
201800050196,1,07,000,00,2,2,17,B01
201800050196,1,33,000,00,2,6,02,A01
201800050197,2,07,000,00,2,1,00,B01
201800050197,2,07,000,00,2,4,01,A01
201800050197,2,07,000,00,2,1,00,E01
201800050197,2,07,000,00,2,6,00,D01
201800050197,2,07,000,00,2,6,00,C01
201800050198,1,07,000,00,0,9,01,A01
201800050199,1,07,000,00,2,1,11,A01
201800050199,1,07,000,00,2,4,01,B01
201800050200,1,07,000,00,2,1,01,C01
201800050200,1,17,000,04,2,2,21,B01
201800050200,1,07,000,04,2,6,00,A01
201800050201,2,07,000,00,2,2,01,A01
201800050201,2,07,000,00,2,3,14,B01
201800050201,2,07,000,00,2,7,01,C01
201800050202,2,07,000,03,0,1,00,A01
201800050203,2,07,000,00,2,1,02,B01
201800050203,2,07,000,00,2,4,00,A01
201800050204,1,07,000,00,2,4,01,B01
201800050204,1,07,000,00,2,4,01,A01
201800050204,1,07,000,00,2,4,01,C01
201800050204,1,07,000,00,2,1,01,D01
201800050205,2,07,000,00,2,8,01,A01
201800050205,2,07,000,00,2,7,14,B01
201800050206,1,10,000,00,1,2,01,A01
201800050207,1,10,000,00,2,8,18,A01
201800050207,1,07,000,00,2,7,01,B01
201800050208,1,34,000,00,2,4,23,B01
201800050208,1,07,000,00,2,3,02,A01
201800050209,1,02,000,00,2,0,01,B01
201800050209,1,07,000,00,2,0,01,A01
201800050210,1,07,000,00,2,5,23,B01
201800050210,1,30,000,00,2,1,01,A01
201800050211,0,32,000,00,2,0,07,A01
201800050211,2,07,000,00,2,5,16,B01
201800050212,1,32,000,16,0,1,01,A01
201800050213,2,01,000,00,2,3,07,B01
201800050213,2,07,000,00,9,2,16,Z01
201800050214,1,02,000,00,2,8,01,B01
201800050214,0,07,000,00,2,0,01,Z01
201800050215,1,14,000,06,0,3,01,A01
201800050216,2,07,000,00,2,0,22,A01
201800050216,2,32,000,01,2,1,01,B01
201800050217,1,33,000,00,2,1,01,A01
201800050217,1,01,000,00,2,4,01,B01
201800050218,2,10,000,00,1,4,20,A01
201800050219,2,33,000,11,0,1,14,A01
201800050220,1,34,000,00,1,1,15,A01
201800050221,2,07,000,00,1,1,01,A01
201800050222,1,07,000,00,2,3,15,B01
201800050222,1,10,000,00,2,2,17,A01
201800050223,1,31,000,00,2,1,01,A01
201800050223,0,07,000,00,2,3,01,B01
201800050224,0,33,000,00,0,0,01,A01
201800050225,1,01,000,00,1,1,01,A01
201800050226,1,32,000,00,2,2,01,B01
201800050226,1,07,000,00,2,3,15,A01
201800050227,2,33,000,01,0,7,05,A01
201800050228,1,32,000,00,1,1,01,A01
201800050229,2,34,000,00,1,3,01,A01
201800050230,1,07,000,00,2,2,01,A01
201800050230,1,34,000,00,2,1,01,B01
201800050231,1,31,000,00,1,1,01,A01
201800050232,1,34,000,00,2,1,02,A01
201800050232,1,30,000,00,2,4,02,B01
201800050233,1,32,000,00,2,1,01,A01
201800050233,2,37,000,00,2,2,01,B01
201800050234,1,02,000,00,2,1,01,A01
201800050234,1,07,000,00,2,5,23,B01
201800050235,1,33,000,00,2,2,01,A01
201800050235,1,07,000,00,2,1,15,B01
201800050236,1,32,000,00,1,2,01,A01
201800050237,1,10,000,00,1,2,02,A01
201800050238,1,07,000,00,1,3,15,A01
201800050239,2,07,000,00,2,3,01,B01
201800050239,2,07,000,00,2,1,11,A01
201800050240,1,07,000,00,2,3,16,A01
201800050240,1,01,000,00,2,4,07,B01
201800050241,2,01,000,00,1,1,01,A01
201800050242,1,07,000,00,1,3,01,A01
201800050243,2,30,000,00,2,8,01,A01
201800050243,2,07,000,00,2,2,16,Z01
201800050244,2,02,000,00,2,1,02,A01
201800050244,2,07,000,00,2,4,23,B01
201800050245,1,07,000,00,1,5,04,A01
201800050246,1,31,000,00,2,2,22,B01
201800050246,1,07,000,00,2,3,01,A01
201800050247,1,33,000,00,1,1,01,A01
201800050248,1,07,000,00,1,1,15,A01
201800050249,1,07,000,00,2,1,01,A01
201800050249,1,07,000,00,2,4,23,B01
201800050250,1,33,000,00,2,2,17,A01
201800050250,1,07,000,00,2,3,13,B01
201800050251,2,07,000,00,2,2,16,A01
201800050251,2,34,000,00,2,3,01,B01
201800050252,1,01,000,00,2,1,01,B01
201800050252,1,10,000,00,2,3,01,A01
201800050253,1,07,000,00,2,1,11,A01
201800050253,1,02,000,00,2,4,23,B01
201800050254,1,07,000,05,2,8,11,A01
201800050254,1,33,000,05,2,7,01,B01
201800050255,1,34,000,00,2,1,01,B01
201800050255,1,01,000,00,2,3,15,A01
201800050256,1,33,000,00,2,3,09,A01
201800050256,1,07,000,00,2,2,01,B01
201800050257,1,01,000,00,2,8,01,A01
201800050257,1,38,000,00,2,2,16,B01
201800050258,1,01,000,00,2,1,07,B01
201800050258,1,02,000,00,2,4,16,A01
201800050259,1,01,000,00,0,1,07,A01
201800050260,2,31,000,00,2,1,17,B01
201800050260,2,34,000,00,2,8,15,A01
201800050261,1,07,000,00,1,2,01,A01
201800050262,2,31,000,00,1,3,01,A01
201800050263,1,17,000,00,1,3,15,A01
201800050264,1,07,000,00,2,2,01,B01
201800050264,1,07,000,00,2,1,01,A01
201800050265,2,33,000,00,2,8,11,A01
201800050265,2,32,000,00,2,7,12,B01
201800050266,1,07,000,00,2,2,15,A01
201800050266,1,37,000,00,2,8,08,B01
201800050267,1,34,000,00,1,1,07,A01
201800050268,1,07,000,00,1,2,01,A01
201800050269,1,33,000,00,0,2,01,A01
201800050270,1,31,000,00,1,1,01,A01
201800050271,1,01,000,00,1,1,07,A01
201800050272,2,30,000,00,0,0,21,A01
201800050273,1,33,000,00,2,2,17,A01
201800050273,1,07,000,00,2,3,15,B01
201800050274,2,01,000,00,1,2,05,A01
201800050275,1,02,000,00,1,7,01,Z01
201800050276,2,32,000,00,2,1,01,A01
201800050276,0,10,000,00,2,0,01,Z01
201800050277,1,07,000,00,2,3,13,Z01
201800050277,1,30,000,00,2,2,01,A01
201800050278,1,01,000,00,2,1,15,A01
201800050278,1,07,000,00,2,3,01,B01
201800050279,1,37,000,00,2,1,01,A01
201800050279,1,07,000,00,2,4,01,Z01
201800050280,1,31,000,00,2,3,01,A01
201800050280,1,07,000,00,2,3,15,B01
201800050281,1,33,000,00,1,1,07,A01
201800050282,1,10,000,00,2,2,02,A01
201800050282,1,33,000,00,2,8,02,B01
201800050283,2,02,000,01,0,2,14,A01
201800050284,1,07,000,00,1,3,01,A01
201800050285,1,07,000,00,2,2,02,A01
201800050285,1,01,000,00,2,4,23,B01
201800050286,1,07,000,00,2,5,22,A01
201800050286,1,01,000,01,2,3,01,B01
201800050287,1,33,000,00,2,1,23,B01
201800050287,1,07,000,00,2,4,23,C01
201800050287,1,02,000,00,2,1,01,A01
201800050288,1,07,000,00,1,2,15,A01
201800050289,1,01,000,00,1,2,01,A01
201800050290,1,10,000,00,1,2,16,A01
201800050291,1,07,000,14,2,5,22,A01
201800050291,1,01,000,14,2,2,01,B01
201800050292,1,10,000,00,2,1,01,A01
201800050292,1,07,000,00,2,4,23,B01
201800050293,1,30,000,16,1,1,01,A01
201800050294,2,07,000,00,2,1,01,A01
201800050294,2,07,000,00,2,4,23,B01
201800050295,1,01,000,00,2,6,07,B01
201800050295,1,10,000,00,2,2,16,A01
201800050296,0,02,000,00,2,3,03,A01
201800050296,0,10,000,00,2,5,01,B01
201800050296,0,07,000,00,2,3,01,C01
201800050297,1,07,000,00,1,1,01,A01
201800050298,1,33,000,00,1,1,01,B01
201800050299,0,01,000,00,1,1,01,A01
201800050300,0,07,000,12,0,1,01,B01
201800050300,0,07,000,00,0,0,15,A01
201800050301,2,34,000,00,1,1,03,A01
201800050302,0,01,000,00,2,7,01,A01
201800050302,0,30,000,00,2,1,01,B01
201800050303,0,01,000,00,2,0,19,Z01
201800050303,2,33,000,00,6,8,17,A01
201800050304,0,10,000,00,2,4,23,A01
201800050304,0,32,000,00,2,1,01,B01
201800050305,2,31,000,00,2,2,15,A01
201800050305,1,30,000,00,2,3,01,B01
201800050306,2,01,000,00,1,2,01,A01
201800050307,1,30,000,00,2,8,11,B01
201800050307,1,32,000,00,2,7,01,A01
201800050308,1,30,000,00,2,3,18,A01
201800050308,1,07,000,00,2,2,16,B01
201800050309,1,30,000,01,0,3,01,B01
201800050309,1,07,000,00,2,5,23,A01
201800050310,1,33,000,00,2,1,01,A01
201800050310,1,33,000,00,2,4,23,B01
201800050311,2,33,000,01,2,1,01,B01
201800050311,2,30,000,00,2,1,13,A01
201800050311,2,10,000,00,2,5,01,C01
201800050312,0,30,000,00,2,8,01,A01
201800050312,0,07,000,00,2,3,01,B01
201800050313,1,33,000,00,2,1,01,A01
201800050313,1,01,000,00,2,8,01,B01
201800050314,1,30,000,00,2,8,18,A01
201800050314,1,07,000,00,2,7,16,B01
201800050315,2,10,000,00,2,3,09,A01
201800050315,2,01,000,00,2,1,01,B01
201800050316,1,07,000,00,1,1,07,A01
201800050317,1,33,000,00,2,3,01,B01
201800050317,2,07,000,00,2,1,01,A01
201800050318,1,07,000,00,2,2,01,A01
201800050318,1,07,000,00,2,1,01,B01
201800050319,1,30,000,00,1,1,01,A01
201800050320,1,32,000,00,2,3,18,A01
201800050320,1,07,000,00,2,5,22,B01
201800050321,1,33,000,00,2,1,01,B01
201800050321,1,10,000,00,2,8,10,A01
201800050322,1,10,000,00,1,4,04,A01
201800050323,1,01,000,00,2,3,18,B01
201800050323,1,07,000,00,2,5,22,A01
201800050324,1,07,000,00,2,7,01,B01
201800050324,1,01,000,00,2,8,01,A01
201800050325,1,07,000,00,2,3,15,B01
201800050325,1,32,000,00,2,2,17,A01
201800050326,2,33,000,00,2,2,21,A01
201800050326,1,07,000,00,2,3,01,B01
201800050327,1,02,000,00,2,2,17,B01
201800050327,1,10,000,00,2,3,15,A01
201800050328,1,07,000,00,1,8,01,A01
201800050329,1,30,000,00,1,0,16,Z01
201800050330,1,07,000,00,2,1,01,A01
201800050330,1,07,000,00,2,0,23,C01
201800050330,1,07,000,00,2,4,23,B01
201800050330,1,07,000,00,2,8,23,D01
201800050331,1,07,000,00,2,5,23,Z01
201800050331,1,02,000,00,2,3,18,B01
201800050332,1,32,000,00,0,8,01,A01
201800050333,2,32,000,00,2,4,02,B01
201800050333,2,34,000,00,2,1,02,A01
201800050334,1,31,000,00,1,1,07,A01
201800050335,2,33,000,01,1,2,14,A01
201800050336,2,07,000,00,2,4,02,B01
201800050336,2,32,000,00,2,3,02,A01
201800050337,1,01,000,00,2,8,01,A01
201800050337,1,33,000,00,2,1,01,B01
201800050338,0,01,000,00,2,1,01,B01
201800050338,0,07,000,00,2,2,01,A01
201800050339,1,32,000,00,2,6,17,A01
201800050339,1,07,000,00,2,6,01,B01
201800050340,1,37,035,00,2,6,07,B01
201800050340,1,01,000,00,2,7,07,A01
201800050341,1,10,000,00,2,8,22,A01
201800050341,1,01,000,00,2,1,01,B01
201800050342,1,07,000,06,1,1,14,B01
201800050343,1,01,000,14,0,0,01,A01
201800050344,1,14,000,00,2,2,01,A01
201800050344,1,31,000,00,2,8,01,B01
201800050345,2,07,000,00,2,2,15,A01
201800050345,1,32,000,00,2,7,17,B01
201800050346,1,34,000,00,2,2,17,A01
201800050346,1,37,001,00,2,3,15,B01
201800050347,1,07,000,00,2,2,23,A01
201800050347,1,33,000,00,2,1,02,B01
201800050348,2,31,000,00,1,1,05,Z01
201800050349,1,07,000,06,1,1,14,A01
201800050350,2,07,000,00,2,3,23,B01
201800050350,1,07,000,00,2,3,13,A01
201800050351,2,32,000,00,2,1,01,A01
201800050351,2,30,000,00,2,1,01,B01
201800050352,1,07,000,00,2,2,15,A01
201800050352,1,32,000,00,2,8,01,B01
201800050353,1,07,000,00,2,6,15,B01
201800050353,1,32,000,00,2,2,17,A01
201800050354,1,07,000,00,2,2,01,A01
201800050354,1,07,000,00,2,3,01,B01
201800050355,2,01,000,00,2,1,07,B01
201800050355,2,07,000,00,2,2,16,A01
201800050356,2,07,000,01,0,1,23,A01
201800050357,2,07,000,00,1,8,15,A01
201800050358,1,07,000,00,2,1,01,A01
201800050358,1,07,000,00,2,9,23,C01
201800050358,1,07,000,00,2,9,23,B01
201800050358,1,07,000,00,2,4,23,D01
201800050359,1,31,000,00,2,2,17,A01
201800050359,1,01,000,00,2,3,19,B01
201800050360,2,07,000,00,2,3,10,A01
201800050360,2,31,000,00,2,7,01,B01
201800050361,1,10,000,00,1,2,01,A01
201800050362,1,07,000,00,2,5,23,A01
201800050362,1,02,000,00,2,1,02,B01
201800050363,2,10,000,00,2,7,01,A01
201800050363,1,34,000,00,2,1,01,B01
201800050364,1,07,000,00,2,7,22,B01
201800050364,1,31,000,00,2,8,07,A01
201800050365,0,07,000,00,2,5,16,A01
201800050365,0,02,000,00,2,1,07,B01
201800050366,2,07,000,00,1,0,01,A01
201800050367,2,07,000,00,2,4,23,B01
201800050367,2,30,000,00,2,1,02,A01
201800050368,2,07,000,00,2,3,15,Z01
201800050368,2,30,000,00,2,3,17,A01
201800050369,1,07,000,00,2,2,01,A01
201800050369,1,31,000,00,2,1,01,B01
201800050370,1,07,000,00,2,6,22,A01
201800050370,1,01,000,00,2,1,01,B01
201800050371,1,01,000,00,1,8,01,A01
201800050372,1,07,000,00,2,1,07,A01
201800050372,1,01,000,00,2,7,01,B01
201800050373,1,07,000,00,2,5,22,A01
201800050373,1,01,000,01,2,5,18,B01
201800050374,2,07,000,00,2,3,01,B01
201800050374,2,32,000,00,2,7,17,A01
201800050375,2,01,000,00,1,1,01,A01
201800050376,2,07,000,00,2,4,23,C01
201800050376,2,07,000,00,2,1,02,A01
201800050376,2,32,000,00,2,4,02,B01