Num_Acc,senc,catv,occutc,obs,obsm,choc,manv,num_veh
201800051127,2,07,000,00,2,4,01,B01
201800051128,1,07,000,00,2,1,02,A01
201800051128,1,07,000,00,2,4,23,B01
201800051129,2,07,000,00,2,2,15,A01
201800051129,1,02,000,00,2,3,01,B01
201800051130,1,07,000,00,2,7,01,Z01
201800051130,1,30,000,00,2,3,01,A01
201800051131,2,02,000,00,1,1,01,A01
201800051132,2,07,000,00,2,2,16,A01
201800051132,2,01,000,00,2,8,01,B01
201800051133,2,10,000,00,1,1,15,A01
201800051134,2,14,000,01,2,6,01,B01
201800051134,2,07,000,00,2,7,22,A01
201800051135,2,01,000,00,2,1,01,A01
201800051135,2,10,000,00,2,4,23,B01
201800051136,1,10,000,00,1,4,04,A01
201800051137,1,07,000,00,1,0,01,Z01
201800051138,2,07,000,00,2,1,01,A01
201800051138,2,10,000,00,2,4,01,B01
201800051139,2,34,000,00,2,7,01,B01
201800051139,1,07,000,00,2,3,15,A01
201800051140,2,34,000,00,2,1,01,A01
201800051140,2,07,000,00,2,4,23,B01
201800051141,2,34,000,00,2,1,02,A01
201800051141,2,01,000,00,2,4,02,B01
201800051142,1,07,000,00,2,4,01,B01
201800051142,1,32,000,00,2,1,01,A01
201800051143,1,07,000,00,2,3,15,B01
201800051143,1,33,000,00,2,2,17,A01
201800051144,1,34,000,00,2,1,01,A01
201800051144,1,07,000,00,2,4,23,B01
201800051145,1,07,000,00,2,3,15,A01
201800051145,1,32,000,00,2,5,17,B01
201800051146,1,33,000,00,1,1,10,A01
201800051147,2,07,000,00,1,1,08,A01
201800051148,1,34,000,00,2,1,01,A01
201800051148,1,07,000,00,2,4,23,B01
201800051149,1,32,000,00,2,7,01,B01
201800051149,2,10,000,00,2,1,15,A01
201800051150,1,02,000,00,1,1,01,A01
201800051151,2,01,000,00,2,6,07,B01
201800051151,2,07,000,00,2,2,07,A01
201800051152,2,30,000,00,2,3,01,B01
201800051152,2,30,000,00,2,1,16,A01
201800051153,1,07,000,00,2,1,02,A01
201800051153,1,07,000,00,2,4,23,B01
201800051154,1,07,000,00,2,2,15,A01
201800051154,1,33,000,00,2,3,01,B01
201800051155,1,33,000,00,2,1,01,A01
201800051155,1,07,000,00,2,8,01,B01
201800051156,2,07,000,00,2,1,15,A01
201800051156,1,07,000,00,2,3,01,B01
201800051157,2,07,000,00,1,6,04,Z01
201800051158,2,34,000,00,2,8,01,B01
201800051158,2,14,000,00,2,5,02,A01
201800051159,1,37,002,00,0,0,07,A01
201800051160,2,33,000,00,2,4,23,B01
201800051160,2,10,000,00,2,1,02,A01
201800051161,1,07,000,00,2,5,02,A01
201800051161,1,14,000,00,2,5,21,B01
201800051162,0,07,000,00,2,2,15,A01
201800051162,0,10,000,00,2,1,01,B01
201800051163,1,07,000,00,2,3,01,A01
201800051163,1,32,000,00,2,1,01,B01
201800051164,1,34,000,00,2,4,01,A01
201800051164,1,07,000,00,2,4,01,B01
201800051165,2,07,000,00,1,1,01,Z01
201800051166,2,07,000,00,2,3,15,A01
201800051166,1,32,000,00,2,3,01,B01
201800051167,2,02,000,00,2,7,15,B01
201800051167,2,07,000,00,2,8,15,A01
201800051168,0,30,000,00,2,1,01,B01
201800051168,0,07,000,00,2,3,01,A01
201800051169,1,07,000,01,0,1,13,A01
201800051170,0,99,000,00,2,1,19,A01
201800051170,2,07,000,00,2,3,07,B01
201800051171,1,07,000,00,2,8,15,A01
201800051171,1,30,000,00,2,7,17,B01
201800051172,1,07,000,00,2,1,16,B01
201800051172,1,07,000,00,2,6,11,A01
201800051173,1,10,000,00,1,1,15,A01
201800051174,1,30,000,00,2,1,17,A01
201800051174,2,30,000,00,2,3,01,B01
201800051175,0,30,000,00,2,3,01,B01
201800051175,0,10,000,00,2,3,16,A01
201800051176,0,07,000,00,2,2,01,A01
201800051176,0,01,000,00,2,8,01,B01
201800051177,0,07,000,00,1,1,16,A01
201800051178,0,07,000,00,2,6,01,Z01
201800051178,1,30,000,00,2,3,15,A01
201800051179,1,33,000,00,2,2,21,B01
201800051179,1,07,000,00,2,4,10,Z01
201800051180,1,07,000,00,2,8,22,A01
201800051180,1,02,000,00,2,7,17,B01
201800051181,1,07,000,00,2,8,15,B01
201800051181,1,33,000,00,2,7,05,A01
201800051182,2,07,000,00,1,1,16,A01
201800051183,0,34,000,00,2,3,14,A01
201800051183,0,33,000,00,2,3,01,B01
201800051184,1,30,000,00,2,1,17,A01
201800051184,1,07,000,00,2,6,15,B01
201800051185,2,07,000,00,2,3,10,A01
201800051185,2,33,000,01,2,7,01,B01
201800051186,2,07,000,00,2,7,16,B01
201800051186,2,32,000,00,2,1,18,A01
201800051187,2,01,000,00,2,1,01,B01
201800051187,1,31,000,00,2,7,15,A01
201800051188,2,07,000,00,2,6,02,B01
201800051188,2,30,000,00,2,1,02,A01
201800051189,0,32,000,00,2,1,01,A01
201800051189,0,07,000,00,2,6,16,B01
201800051190,2,31,000,00,1,8,17,A01
201800051191,1,30,000,00,2,1,01,A01
201800051191,1,07,000,00,2,5,01,B01
201800051192,0,30,000,00,2,5,14,A01
201800051192,0,07,000,00,2,1,09,B01
201800051193,2,07,000,00,2,8,15,A01
201800051193,2,02,000,00,2,7,01,B01
201800051194,1,07,000,00,2,7,22,B01
201800051194,1,32,000,00,2,7,18,A01
201800051195,1,07,000,00,2,2,16,B01
201800051195,1,32,000,00,2,8,18,A01
201800051196,0,34,000,00,2,1,01,B01
201800051196,0,01,000,00,2,1,05,A01
201800051197,0,07,000,00,1,2,01,A01
201800051198,0,07,000,00,2,0,02,Z01
201800051198,1,07,000,00,2,1,02,A01
201800051198,1,07,000,00,2,4,02,B01
201800051199,2,33,000,00,2,6,23,B01
201800051199,2,07,000,00,2,2,02,A01
201800051200,1,33,000,00,2,1,17,A01
201800051200,1,07,000,00,2,3,10,B01
201800051201,2,07,000,00,2,4,23,B01
201800051201,2,33,000,00,2,1,01,A01
201800051202,1,34,000,00,2,2,01,B01
201800051202,1,07,000,00,2,6,13,A01
201800051203,1,07,000,00,1,2,10,A01
201800051204,0,30,000,00,2,8,05,A01
201800051204,0,32,000,00,2,1,15,B01
201800051205,1,07,000,00,2,6,23,B01
201800051205,1,07,000,00,2,2,01,A01
201800051205,1,07,000,00,2,2,01,C01
201800051205,1,07,000,00,2,4,23,D01
201800051206,2,07,000,00,2,5,16,B01
201800051206,2,33,000,00,2,7,18,A01
201800051207,1,07,000,00,2,3,15,B01
201800051207,1,33,000,06,1,3,17,A01
201800051208,2,32,000,00,2,2,02,A01
201800051208,1,10,000,00,0,0,00,Z01
201800051209,1,07,000,00,1,3,10,A01
201800051210,1,30,000,00,2,3,02,A01
201800051210,1,32,000,00,2,8,02,B01
201800051210,1,32,000,00,2,2,17,Z01
201800051211,0,33,000,00,2,1,01,B01
201800051211,1,10,000,01,2,3,15,A01
201800051212,1,07,000,00,0,2,16,B01
201800051212,1,30,000,00,0,3,16,A01
201800051213,0,32,000,00,1,1,01,A01
201800051214,1,32,000,00,2,1,02,B01
201800051214,2,07,000,00,2,8,10,A01
201800051215,1,07,000,00,2,3,10,A01
201800051215,1,32,000,00,2,1,17,B01
201800051216,2,31,000,00,2,1,01,B01
201800051216,1,07,000,00,2,7,10,A01
201800051217,0,10,000,00,1,2,15,A01
201800051218,1,10,000,00,2,8,22,A01
201800051218,2,01,000,02,0,2,01,B01
201800051219,1,07,000,00,2,7,01,B01
201800051219,1,30,000,00,2,8,01,A01
201800051220,1,07,000,00,2,7,01,B01
201800051220,2,31,000,00,2,1,15,A01
201800051221,1,07,000,00,1,1,01,A01
201800051222,1,33,000,00,2,8,16,B01
201800051222,1,10,000,00,2,2,12,A01
201800051223,1,07,000,00,2,8,15,A01
201800051223,1,31,000,00,2,2,17,B01
201800051224,1,10,000,00,2,1,10,A01
201800051224,2,02,000,00,2,8,01,B01
201800051225,1,07,000,00,1,0,01,Z01
201800051226,1,33,000,00,1,1,01,A01
201800051227,1,33,000,00,2,2,01,A01
201800051227,1,10,000,00,2,2,15,B01
201800051228,1,33,000,00,1,2,01,A01
201800051229,1,10,000,00,2,2,16,B01
201800051229,1,32,000,00,2,3,16,A01
201800051230,2,07,000,00,2,2,15,A01
201800051230,2,34,000,00,2,8,01,B01
201800051231,1,07,000,01,0,1,14,A01
201800051232,1,32,000,00,0,7,01,A01
201800051233,2,07,000,00,2,1,01,A01
201800051233,2,01,000,00,2,4,23,B01
201800051234,1,99,000,00,2,0,19,B01
201800051234,1,07,000,00,2,1,16,A01
201800051235,1,07,000,00,2,0,16,Z01
201800051235,1,33,000,00,2,6,01,A01
201800051236,1,01,000,00,1,1,01,A01
201800051237,2,33,000,00,2,7,01,B01
201800051237,2,07,000,00,2,2,09,A01
201800051238,2,30,000,00,1,1,01,A01
201800051239,1,07,000,00,1,1,01,Z01
201800051240,2,32,000,00,1,1,01,A01
201800051241,1,07,000,00,2,3,01,A01
201800051241,1,13,000,00,2,7,01,B01
201800051242,2,07,000,00,2,5,01,B01
201800051242,2,30,000,00,2,3,13,A01
201800051243,1,30,000,00,2,2,17,A01
201800051243,1,07,000,00,2,3,01,B01
201800051244,0,07,000,00,2,6,15,A01
201800051244,0,02,000,00,2,1,09,B01
201800051245,1,07,000,00,1,3,15,A01
201800051246,2,32,000,00,2,2,01,B01
201800051246,0,07,000,00,2,3,09,A01
201800051247,2,34,000,00,2,7,15,B01
201800051247,2,37,001,00,2,8,15,A01
201800051248,0,10,000,00,2,5,01,A01
201800051248,2,07,000,00,2,1,16,B01
201800051249,1,30,000,00,1,5,05,A01
201800051250,1,10,000,00,2,5,15,A01
201800051250,1,32,000,00,2,1,01,B01
201800051251,1,07,000,00,1,1,01,A01
201800051252,1,07,000,00,2,1,01,B01
201800051252,1,33,000,00,2,7,01,A01
201800051253,1,33,000,00,2,8,18,A01
201800051253,1,07,000,00,2,7,14,B01
201800051254,2,30,000,00,1,1,01,Z01
201800051255,2,30,000,00,1,1,01,A01
201800051256,2,32,000,00,2,1,01,B01
201800051256,0,07,000,00,2,8,15,A01
201800051257,0,07,000,00,2,6,01,A01
201800051257,1,30,000,00,2,8,01,B01
201800051258,1,34,000,00,2,1,01,A01
201800051258,1,32,000,00,2,3,01,B01
201800051259,1,33,000,00,2,3,18,B01
201800051259,1,17,000,00,2,2,01,A01
201800051260,1,33,000,00,2,4,23,B01
201800051260,1,07,000,00,2,1,02,A01
201800051261,1,07,000,00,1,1,01,A01
201800051262,2,07,000,08,0,1,13,A01
201800051263,2,07,000,00,2,3,15,A01
201800051263,2,33,000,00,2,1,01,B01
201800051264,0,07,000,00,2,3,01,B01
201800051264,0,07,000,00,2,1,01,A01
201800051265,1,33,000,00,0,1,01,A01
201800051266,2,07,000,00,2,3,15,A01
201800051266,1,32,000,00,2,6,01,B01
201800051267,1,31,000,00,2,1,01,B01
201800051267,1,07,000,00,2,8,15,A01
201800051268,1,32,000,00,2,1,01,B01
201800051268,1,07,000,00,2,6,10,A01
201800051269,2,37,001,00,1,2,07,A01
201800051270,2,32,000,00,2,4,02,A01
201800051270,2,07,000,00,2,1,02,Z01
201800051271,1,32,000,00,0,7,21,A01
201800051272,2,31,000,00,2,1,02,A01
201800051272,2,07,000,00,2,4,02,B01
201800051273,1,07,000,00,2,4,02,B01
201800051273,1,07,000,00,2,1,02,A01
201800051274,1,01,000,00,0,0,07,A01
201800051275,1,07,000,00,2,2,01,A01
201800051275,2,32,000,00,2,8,01,B01
201800051276,1,07,000,00,2,3,13,A01
201800051276,1,10,000,00,2,5,01,C01
201800051276,1,32,000,00,2,5,01,B01
201800051277,2,33,000,00,2,3,01,B01
201800051277,2,07,000,00,2,2,16,A01
201800051278,1,38,005,00,2,1,02,A01
201800051278,1,10,000,00,2,4,02,B01
201800051279,0,34,000,00,2,8,15,A01
201800051279,0,34,000,00,2,7,01,B01
201800051280,1,07,000,00,2,1,02,A01
201800051280,1,31,000,00,2,4,23,B01
201800051281,1,07,000,06,0,1,09,A01
201800051282,1,07,000,00,2,3,15,B01
201800051282,1,34,000,00,2,2,01,A01
201800051283,1,32,000,00,2,1,01,A01
201800051283,1,07,000,00,2,8,01,B01
201800051284,1,07,000,00,2,6,22,A01
201800051284,1,33,000,00,2,8,05,B01
201800051285,2,33,000,00,2,3,16,B01
201800051285,1,07,000,00,2,7,01,A01
201800051286,1,02,000,00,2,1,18,A01
201800051286,1,07,000,00,2,7,16,B01
201800051287,1,07,000,00,2,7,16,A01
201800051287,1,32,000,00,2,3,01,B01
201800051288,0,07,000,00,2,2,14,Z01
201800051288,0,32,000,00,2,3,23,A01
201800051289,0,10,000,00,2,3,15,A01
201800051289,2,02,000,00,2,1,07,B01
201800051290,2,32,000,00,2,1,17,A01
201800051290,2,10,000,00,2,6,15,B01
201800051291,1,32,000,00,0,7,16,A01
201800051292,1,10,000,00,2,2,16,A01
201800051292,1,01,000,00,2,8,07,B01
201800051293,2,07,000,00,2,2,16,B01
201800051293,2,02,000,00,2,1,18,A01
201800051294,1,31,000,00,2,4,23,B01
201800051294,1,07,000,00,2,1,02,A01
201800051295,1,07,000,00,1,3,01,A01
201800051296,1,07,000,00,2,1,01,B01
201800051296,1,07,000,15,2,1,01,A01
201800051297,0,33,000,00,2,7,01,B01
201800051297,2,07,000,00,2,3,01,A01
201800051298,1,07,000,00,2,2,10,A01
201800051298,2,34,000,00,2,1,01,B01
201800051299,2,30,000,00,2,0,07,B01
201800051299,2,07,000,00,2,0,16,A01
201800051300,1,07,000,00,1,2,01,A01
201800051301,2,07,000,00,1,6,04,A01
201800051302,1,37,000,00,1,2,07,A01
201800051303,2,33,000,00,2,1,05,A01
201800051303,2,10,000,00,2,3,15,B01
201800051304,1,34,000,00,1,1,07,A01
201800051305,1,07,000,00,2,5,01,B01
201800051305,2,33,000,00,2,1,01,A01
201800051306,2,02,000,00,1,1,01,A01
201800051307,1,07,000,00,1,3,01,A01
201800051308,2,07,000,00,1,2,07,A01
201800051309,1,10,000,00,1,3,13,Z01
201800051310,1,34,000,00,2,4,01,B01
201800051310,1,07,000,00,2,0,23,A01
201800051311,1,01,000,12,1,3,15,A01
201800051312,1,10,000,00,2,4,09,A01
201800051312,1,32,000,00,2,1,01,B01
201800051313,2,07,000,00,2,6,01,A01
201800051313,2,07,000,00,2,1,01,B01
201800051313,2,07,000,00,2,1,01,Z01
201800051314,1,37,000,00,1,2,07,A01
201800051315,2,07,000,00,1,3,15,A01
201800051316,2,07,000,00,2,3,15,B01
201800051316,1,07,000,00,2,2,07,A01
201800051317,2,31,000,00,2,1,18,A01
201800051317,2,07,000,00,2,7,16,B01
201800051318,1,07,000,00,1,7,01,A01
201800051319,2,32,000,00,2,1,02,A01
201800051319,1,07,000,00,2,4,23,B01
201800051320,2,07,000,00,2,1,02,A01
201800051320,2,07,000,00,2,4,23,B01
201800051321,1,02,000,00,2,4,23,B01
201800051321,1,10,000,00,2,4,02,A01
201800051322,1,07,000,00,2,5,23,A01
201800051322,1,07,000,00,2,1,02,Z01
201800051323,2,10,000,00,1,8,16,A01
201800051324,2,32,000,08,0,7,14,A01
201800051325,2,07,000,14,0,1,13,A01
201800051326,2,31,000,00,1,1,01,A01
201800051327,1,07,000,00,2,8,22,A01
201800051327,1,01,000,00,2,1,01,B01
201800051328,1,30,000,00,2,1,01,B01
201800051328,2,07,000,00,2,7,01,A01
201800051329,2,07,000,00,1,2,01,A01
201800051330,1,01,000,00,2,4,02,A01
201800051330,1,07,000,01,2,1,02,Z01
201800051331,1,02,000,14,0,1,01,A01
201800051332,2,33,000,00,1,8,03,A01
201800051332,2,07,000,00,2,7,23,B01
201800051333,2,01,000,00,1,1,01,A01
201800051334,1,07,000,00,2,5,01,A01
201800051334,1,33,000,00,2,3,01,B01
201800051335,1,07,000,00,1,1,01,A01
201800051336,2,33,000,00,2,1,01,B01
201800051336,1,07,000,00,2,2,15,A01
201800051337,1,07,000,00,2,3,01,A01
201800051337,1,02,000,00,2,2,17,B01
201800051338,1,07,000,00,1,2,01,A01
201800051339,1,07,000,00,1,2,01,A01
201800051340,1,07,000,00,2,7,01,A01
201800051340,2,32,000,00,2,7,01,B01
201800051340,2,07,000,00,2,1,01,C01
201800051341,1,31,000,00,0,0,01,A01
201800051342,1,07,000,00,2,6,23,B01
201800051342,1,07,000,00,2,3,01,A01
201800051343,1,07,000,14,2,3,15,A01
201800051343,1,34,000,00,2,1,01,B01
201800051343,1,32,000,00,2,5,01,C01
201800051344,1,07,000,00,1,6,20,A01
201800051345,2,32,000,09,1,8,01,A01
201800051346,1,32,000,00,0,0,01,A01
201800051347,1,33,000,00,2,2,16,B01
201800051347,1,07,000,00,2,3,01,A01
201800051348,2,02,000,00,2,1,17,A01
201800051348,2,07,000,00,2,6,16,B01
201800051349,2,32,000,00,2,4,07,A01
201800051349,2,07,000,00,2,1,07,B01
201800051349,2,07,000,00,2,1,07,Z01
201800051350,1,32,000,00,2,1,17,B01
201800051350,1,07,000,00,2,8,22,A01
201800051351,2,34,000,00,2,0,18,A01
201800051351,2,10,000,00,2,7,23,B01
201800051352,1,07,000,00,2,2,01,A01
201800051352,1,32,000,00,2,1,01,B01
201800051353,2,07,000,00,1,6,04,Z01
201800051354,1,30,000,00,1,1,01,A01
201800051355,1,01,000,00,2,4,01,A01
201800051355,1,02,000,00,2,1,01,Z01
201800051356,2,10,000,00,1,3,15,A01
201800051357,1,07,000,00,1,1,16,A01
201800051358,1,07,000,00,1,0,01,Z01
201800051359,2,02,000,00,2,1,17,A01
201800051359,2,07,000,00,2,3,15,B01
201800051360,1,02,000,00,2,1,02,A01
201800051360,1,07,000,00,2,4,23,B01
201800051361,2,07,000,00,2,3,09,A01
201800051361,2,31,000,01,2,1,01,B01
201800051362,1,07,000,00,1,2,01,A01
201800051363,2,01,000,00,1,1,01,A01
201800051364,2,07,000,00,2,3,15,A01
201800051364,1,30,000,00,2,8,01,B01
201800051365,1,02,000,00,1,1,01,A01
201800051366,2,10,000,01,2,2,12,A01
201800051366,2,01,000,12,2,3,07,B01
201800051367,2,07,000,00,2,1,01,B01
201800051367,1,07,000,00,2,7,01,A01
201800051368,2,07,000,00,2,5,23,B01
201800051368,2,07,000,00,2,3,01,A01
201800051369,1,07,000,14,0,1,15,A01
201800051370,1,07,000,00,1,1,07,Z01
201800051371,1,10,000,00,1,6,20,A01
201800051372,1,30,000,00,1,1,01,Z01
201800051373,2,01,000,00,1,1,05,A01
201800051374,2,07,000,00,2,6,12,B01
201800051374,2,02,000,00,2,1,07,A01
201800051375,0,10,000,00,2,6,23,C01
201800051375,1,07,000,00,2,3,01,A01
201800051375,1,07,000,00,2,2,01,B01
201800051376,2,07,000,00,1,1,09,A01
201800051377,1,07,000,00,2,3,01,A01
201800051377,1,34,000,00,2,5,17,B01
201800051378,2,07,000,00,1,3,01,A01
201800051379,1,07,000,00,2,2,19,B01
201800051379,2,30,000,00,2,1,19,A01
201800051380,1,07,000,00,2,3,09,A01
201800051380,1,01,000,00,2,1,02,B01
201800051381,1,34,000,00,2,4,23,B01
201800051381,1,07,000,00,2,2,02,A01
201800051382,2,07,000,00,2,3,01,B01
201800051382,1,07,000,00,2,2,01,A01
201800051383,1,02,000,00,1,3,05,A01
201800051384,1,07,000,00,1,2,07,A01
201800051385,1,02,000,00,1,1,01,A01
201800051386,2,10,000,00,2,4,04,A01
201800051386,1,32,000,00,2,1,23,B01
201800051387,1,07,000,00,2,4,23,D01
201800051387,1,07,000,00,2,2,02,A01
201800051387,1,32,000,00,2,5,23,C01
201800051387,1,07,000,00,2,6,02,B01
201800051387,1,10,000,00,2,0,23,E01
201800051388,1,07,000,00,2,4,23,B01
201800051388,1,31,000,00,2,1,02,A01
201800051389,2,32,000,00,1,0,08,Z01
201800051390,2,07,000,00,1,3,01,A01
201800051391,2,01,000,00,1,1,05,Z01
201800051392,0,01,000,00,1,1,01,Z01
201800051393,1,07,000,00,1,4,04,A01
201800051394,1,07,000,00,1,1,01,A01
201800051395,2,32,000,00,2,1,17,A01
201800051395,2,07,000,00,2,3,15,B01
201800051396,1,07,000,00,2,1,01,Z01
201800051396,0,01,000,00,2,5,19,B01
201800051397,2,30,000,00,2,2,01,B01
201800051397,2,34,000,00,2,6,15,Z01
201800051398,1,07,000,00,1,3,15,A01
201800051399,1,07,000,00,1,3,01,A01
201800051400,1,01,000,01,2,8,15,A01
201800051400,1,33,000,01,2,1,01,B01
201800051401,1,02,000,00,2,4,02,A01
201800051401,1,07,000,00,2,1,02,Z01
201800051402,2,30,000,00,2,1,17,B01
201800051402,2,07,000,00,2,6,22,A01
201800051403,1,33,000,00,2,2,01,B01
201800051403,1,07,000,00,2,3,15,A01
201800051404,1,32,000,00,2,2,17,B01
201800051404,1,07,000,00,2,3,10,A01
201800051405,2,07,000,00,1,3,15,A01
201800051406,2,34,000,01,2,8,01,B01
201800051406,2,10,000,00,2,5,12,A01
201800051407,2,10,000,00,2,1,02,A01
201800051407,2,07,000,00,2,4,02,B01
201800051408,0,07,000,00,2,2,01,A01
201800051408,0,01,000,00,2,8,01,B01
201800051409,1,07,000,00,1,4,04,A01
201800051410,2,07,000,00,2,1,15,A01
201800051410,1,34,000,00,2,8,01,B01
201800051411,2,32,000,00,2,2,18,B01
201800051411,2,10,000,00,2,2,16,A01
201800051412,2,10,000,00,1,1,15,A01
201800051413,2,30,000,00,1,2,18,A01
201800051414,2,31,000,00,2,1,17,B01
201800051414,2,07,000,00,2,3,13,A01
201800051415,2,01,000,00,2,0,01,A01
201800051415,2,01,000,00,2,0,01,Z01
201800051416,1,07,000,00,2,2,16,A01
201800051416,1,30,000,00,2,8,01,B01
201800051417,2,07,000,00,2,5,08,Z01
201800051417,2,32,000,00,2,1,21,A01
201800051418,1,10,000,00,1,4,04,A01
201800051419,1,33,000,00,2,8,01,A01
201800051419,1,10,000,00,2,2,16,B01
201800051420,1,34,000,00,0,0,01,A01
201800051421,2,07,000,00,2,6,15,A01
201800051421,2,07,000,00,2,1,07,Z01
201800051422,1,01,000,00,2,9,17,B01
201800051422,1,37,001,00,2,6,23,A01
201800051422,1,10,000,00,2,2,14,Z01
201800051423,1,07,000,00,2,7,01,A01
201800051423,2,31,000,00,2,1,01,B01
201800051424,1,10,000,00,1,1,10,A01
201800051425,1,10,000,00,2,1,13,A01
201800051425,1,34,000,00,2,5,23,B01
201800051426,1,07,000,00,2,8,15,A01
201800051426,2,32,000,00,2,8,07,B01
201800051427,1,33,000,00,1,3,01,A01
201800051428,1,07,000,00,1,3,01,A01
201800051429,2,10,000,00,1,1,15,A01
201800051430,2,07,000,00,2,2,15,A01
201800051430,1,10,000,00,2,3,07,B01
201800051431,2,01,000,00,2,4,01,A01
201800051431,2,30,000,00,2,1,13,Z01
201800051432,2,07,000,11,0,1,14,A01
201800051433,1,07,000,00,2,3,01,B01
201800051433,2,02,000,00,2,7,01,A01
201800051434,1,02,000,00,0,8,21,A01
201800051435,1,07,000,00,2,2,16,Z01
201800051435,1,02,000,00,2,6,01,A01
201800051436,2,02,000,00,0,7,01,A01
201800051437,2,36,000,08,0,1,13,A01
201800051438,1,33,000,00,0,7,01,A01
201800051439,1,07,000,00,1,2,01,A01
201800051440,2,07,000,01,2,7,14,A01
201800051440,2,07,000,01,2,8,01,B01
201800051441,1,34,000,00,1,1,01,Z01
201800051441,0,99,000,00,2,0,00,R01
201800051442,2,07,000,00,1,3,07,A01
201800051443,2,07,000,00,1,2,01,A01
201800051444,1,01,000,00,1,0,01,A01
201800051445,1,30,000,00,1,1,01,A01
201800051446,1,07,000,00,1,4,04,A01
201800051447,2,07,000,00,2,2,16,A01
201800051447,2,01,000,00,2,1,01,B01
201800051448,1,02,000,00,2,1,16,A01
201800051448,1,10,000,00,2,7,01,B01
201800051449,1,02,000,00,0,0,21,A01
201800051450,1,33,000,00,1,1,01,A01
201800051451,2,07,000,00,1,1,01,A01
201800051452,2,02,000,00,1,3,01,A01
201800051453,1,07,000,00,2,7,12,A01
201800051453,1,32,000,00,2,8,01,B01
201800051454,1,02,000,00,2,1,02,A01
201800051454,1,07,000,00,2,6,23,B01
201800051455,2,07,000,00,1,2,01,A01
201800051456,2,07,000,00,2,4,23,C01
201800051456,2,07,000,00,2,4,23,B01
201800051456,2,07,000,00,2,4,23,D01
201800051456,2,07,000,00,2,1,02,A01
201800051457,1,99,000,00,1,0,01,Z01
201800051458,2,07,000,00,2,5,02,A01
201800051458,1,07,000,00,2,5,23,B01
201800051459,2,07,000,11,0,2,14,A01
201800051460,1,33,000,00,1,1,01,A01
201800051461,1,01,000,00,2,3,01,A01
201800051461,1,33,000,00,2,2,16,Z01
201800051462,2,02,000,01,0,3,13,A01
201800051463,2,10,000,00,1,1,01,A01
201800051464,1,33,000,00,2,8,01,B01
201800051464,2,07,000,00,2,3,15,A01
201800051465,1,07,000,00,1,2,01,A01
201800051466,2,07,000,00,1,3,01,A01
201800051467,1,07,000,00,2,4,23,B01
201800051467,1,02,000,00,2,1,02,A01
201800051468,2,02,000,00,1,1,02,A01
201800051469,2,34,000,00,2,1,17,B01
201800051469,2,07,000,00,2,8,22,A01
201800051470,1,34,000,00,1,1,18,A01
201800051471,1,31,000,00,2,1,02,B01
201800051471,1,10,000,00,2,4,02,A01
201800051472,2,02,000,01,2,1,21,A01
201800051472,2,10,000,00,2,5,23,B01
201800051473,1,31,000,00,2,3,18,B01
201800051473,1,10,000,00,2,2,16,A01
201800051474,2,10,000,00,2,3,22,A01
201800051474,2,01,000,00,2,1,01,B01
201800051475,2,07,000,00,2,4,04,B01
201800051475,2,31,000,01,2,1,01,A01
201800051476,1,30,000,00,2,2,18,A01
201800051476,1,07,000,00,2,2,22,Z01
201800051477,1,07,000,00,2,2,15,B01
201800051477,1,33,000,00,2,5,12,A01
201800051478,2,07,000,00,1,2,16,A01
201800051479,2,07,000,01,2,1,15,A01
201800051479,2,33,000,00,2,7,17,B01
201800051480,1,07,000,00,1,2,15,A01
201800051481,1,07,000,00,2,3,01,A01
201800051481,1,02,000,00,2,1,01,B01
201800051482,1,07,000,00,2,3,01,A01
201800051482,2,01,000,00,2,1,01,B01
201800051483,1,07,000,00,1,3,07,A01
201800051484,1,34,000,00,1,2,01,A01
201800051485,1,33,000,00,1,2,01,A01
201800051486,1,02,000,01,0,8,17,A01
201800051487,1,07,000,00,1,3,01,A01
201800051488,1,34,000,00,2,7,17,A01
201800051488,1,07,000,00,2,8,15,B01
201800051489,1,30,000,00,1,1,01,A01
201800051490,1,02,000,00,2,1,15,Z01
201800051490,2,01,000,00,2,7,01,A01
201800051491,2,07,000,00,2,7,02,B01
201800051491,2,32,000,00,2,8,02,A01
201800051492,2,02,000,00,1,1,05,A01
201800051493,2,10,000,00,2,8,13,A01
201800051493,2,33,000,00,2,7,01,B01
201800051494,1,02,000,00,2,1,01,B01
201800051494,1,38,000,00,2,8,15,A01
201800051495,1,32,000,00,2,1,01,B01
201800051495,1,07,000,00,2,2,16,A01
201800051496,2,01,000,00,1,1,01,Z01
201800051497,1,07,000,00,2,3,01,A01
201800051497,1,01,000,00,2,4,23,B01
201800051498,1,10,000,01,2,7,13,A01
201800051498,1,38,000,00,2,3,24,B01
201800051499,1,07,000,00,2,2,02,A01
201800051499,1,33,000,00,2,4,23,B01
201800051500,2,33,000,00,1,1,01,Z01
201800051501,2,02,000,00,2,1,01,A01
201800051501,2,07,000,00,2,3,10,B01
201800051502,2,01,000,00,2,8,15,B01
201800051502,2,02,000,00,2,1,01,A01
201800051503,1,32,000,00,2,1,01,B01
201800051503,1,07,000,00,2,3,10,A01
201800051504,2,07,000,00,2,8,10,A01
201800051504,2,32,000,00,2,1,17,B01
201800051505,2,02,000,01,0,1,17,A01
201800051506,1,33,000,06,1,1,14,A01
201800051507,2,07,000,00,2,3,15,A01
201800051507,1,32,000,08,2,8,01,B01
201800051508,1,07,000,00,2,2,01,A01