Num_Acc,senc,catv,occutc,obs,obsm,choc,manv,num_veh
201800052656,1,07,000,00,2,1,01,B01
201800052656,1,07,000,00,2,7,01,A01
201800052657,2,07,000,00,2,3,01,A01
201800052657,2,32,000,00,2,4,01,B01
201800052658,2,07,000,00,2,3,09,A01
201800052658,2,33,000,00,2,2,01,B01
201800052659,2,07,000,11,2,0,01,A01
201800052659,2,32,000,00,2,2,01,B01
201800052660,1,32,000,00,2,2,17,A01
201800052660,1,07,000,00,2,3,15,B01
201800052661,2,07,000,00,2,4,01,A01
201800052661,1,07,000,00,2,4,23,B01
201800052662,2,01,000,00,2,1,05,A01
201800052662,1,32,000,00,2,6,01,B01
201800052663,2,07,000,06,0,1,01,A01
201800052664,1,30,000,00,2,3,01,B01
201800052664,2,07,000,00,2,0,15,A01
201800052665,1,07,000,07,0,1,14,A01
201800052666,1,07,000,00,2,6,01,B01
201800052666,1,10,000,00,2,1,01,A01
201800052667,1,33,000,00,1,1,01,A01
201800052668,2,01,000,00,2,1,01,B01
201800052668,2,34,000,00,2,2,01,A01
201800052669,2,10,000,00,2,1,02,A01
201800052669,2,07,000,00,2,4,23,B01
201800052670,2,10,000,00,1,2,15,A01
201800052671,2,31,000,00,2,1,01,B01
201800052671,1,07,000,00,2,3,15,A01
201800052672,2,34,000,12,0,1,01,A01
201800052673,2,31,000,00,1,2,16,A01
201800052674,2,30,000,00,2,1,18,A01
201800052674,1,07,000,00,2,2,15,B01
201800052675,1,10,000,00,1,3,15,A01
201800052676,1,36,000,00,1,3,01,A01
201800052677,1,02,000,00,0,0,21,A01
201800052678,2,07,000,00,2,1,02,A01
201800052678,2,07,000,00,2,4,23,B01
201800052679,2,02,000,00,2,1,02,B01
201800052679,2,10,000,00,2,6,04,A01
201800052680,1,07,000,00,2,1,15,B01
201800052680,2,31,000,00,2,8,07,A01
201800052681,2,07,000,00,2,5,15,A01
201800052681,1,33,000,00,2,1,01,B01
201800052682,2,10,000,00,2,1,02,A01
201800052682,2,34,000,00,2,4,23,B01
201800052683,2,07,000,00,2,3,10,A01
201800052683,2,32,000,00,2,1,05,B01
201800052684,1,07,000,00,1,0,16,A01
201800052685,1,07,000,00,2,1,09,A01
201800052685,1,01,000,00,2,7,01,B01
201800052686,1,07,000,00,1,0,01,A01
201800052687,1,32,000,00,2,3,01,B01
201800052687,2,34,000,00,2,1,15,A01
201800052688,1,02,000,00,2,2,17,B01
201800052688,1,07,000,00,2,3,15,A01
201800052689,2,32,000,00,1,1,01,Z01
201800052690,1,30,000,00,1,1,01,A01
201800052691,2,34,000,00,1,2,17,A01
201800052691,1,34,000,00,2,3,01,B01
201800052692,1,01,000,00,2,1,05,A01
201800052692,1,01,000,00,2,1,01,B01
201800052693,1,07,000,00,1,0,01,Z01
201800052694,1,31,000,00,1,1,17,A01
201800052695,2,07,000,00,2,5,04,A01
201800052695,1,34,000,00,2,1,01,B01
201800052696,1,07,000,00,2,4,23,B01
201800052696,1,02,000,01,2,1,14,A01
201800052697,1,07,000,00,2,1,01,A01
201800052697,1,07,000,00,2,4,23,B01
201800052698,1,32,000,00,2,1,01,A01
201800052698,1,07,000,00,2,5,01,B01
201800052699,1,07,000,00,2,0,02,Z01
201800052699,1,33,000,00,2,2,02,A01
201800052700,1,10,000,00,2,4,23,B01
201800052700,1,02,000,00,2,1,02,A01
201800052701,1,07,000,00,2,2,12,A01
201800052701,1,10,000,00,2,8,01,B01
201800052702,2,10,000,00,1,5,04,A01
201800052703,1,07,000,00,1,3,01,A01
201800052704,1,34,000,00,2,3,21,A01
201800052704,2,07,000,00,2,6,01,C01
201800052704,1,07,000,00,2,3,01,B01
201800052705,1,01,000,00,1,7,01,A01
201800052706,1,07,000,00,2,2,16,B01
201800052706,2,33,000,00,2,1,13,A01
201800052707,1,33,000,09,0,1,14,A01
201800052708,1,32,000,00,1,1,01,A01
201800052709,2,15,000,00,2,7,17,A01
201800052709,2,01,000,00,2,0,01,B01
201800052710,1,34,000,00,1,1,01,A01
201800052711,1,31,000,00,2,4,01,B01
201800052711,1,07,000,00,2,0,01,Z01
201800052712,1,30,000,00,1,1,01,Z01
201800052713,1,38,000,00,1,7,07,A01
201800052714,1,34,000,00,0,0,01,A01
201800052715,1,07,000,00,2,6,02,B01
201800052715,1,07,000,00,2,5,02,C01
201800052715,1,07,000,00,2,1,13,A01
201800052716,1,01,000,11,0,1,13,A01
201800052717,1,31,000,00,0,0,01,A01
201800052718,1,07,000,00,1,7,01,A01
201800052719,1,07,000,00,2,1,01,A01
201800052719,1,07,000,00,2,4,23,B01
201800052720,1,02,000,00,1,1,01,A01
201800052721,1,07,000,00,1,1,01,A01
201800052722,2,07,000,00,1,5,04,A01
201800052723,1,10,000,00,2,1,01,A01
201800052723,1,07,000,00,2,4,01,B01
201800052724,1,07,000,00,2,1,15,A01
201800052724,2,02,000,00,2,8,07,B01
201800052725,1,31,000,00,2,8,09,B01
201800052725,1,07,000,00,2,7,16,A01
201800052726,1,02,000,00,2,8,09,A01
201800052726,1,33,000,00,2,1,01,B01
201800052727,1,07,000,00,2,8,13,A01
201800052727,1,33,000,00,2,7,01,B01
201800052728,2,07,000,00,1,4,04,A01
201800052729,1,07,000,00,2,5,15,A01
201800052729,2,31,000,00,2,2,01,B01
201800052730,1,34,000,00,1,2,17,A01
201800052731,1,33,000,00,0,0,21,A01
201800052732,0,34,000,00,2,7,01,A01
201800052732,1,07,000,00,2,3,01,B01
201800052733,2,10,000,00,2,2,15,A01
201800052733,2,33,000,00,2,1,01,B01
201800052734,2,37,000,00,1,0,07,A01
201800052735,1,34,000,00,2,1,03,A01
201800052735,1,07,000,00,2,5,01,C01
201800052735,1,34,000,00,2,3,03,B01
201800052736,1,10,000,00,2,2,12,A01
201800052736,1,33,000,00,2,3,01,B01
201800052737,1,02,000,00,2,1,01,B01
201800052737,1,07,000,00,2,1,01,A01
201800052738,2,02,000,00,2,3,01,B01
201800052738,1,32,000,00,2,1,15,A01
201800052739,1,07,000,00,2,6,09,A01
201800052739,1,31,000,00,2,1,01,B01
201800052740,1,02,000,00,2,1,01,B01
201800052740,2,10,000,00,2,7,01,A01
201800052741,1,33,000,00,2,2,01,B01
201800052741,1,07,000,00,2,3,09,A01
201800052742,2,32,000,00,0,0,01,A01
201800052743,2,07,000,00,1,3,15,A01
201800052744,1,07,000,00,2,2,17,A01
201800052744,1,01,000,00,2,8,15,B01
201800052745,2,07,000,00,2,1,15,A01
201800052745,2,07,000,00,2,4,15,B01
201800052746,1,07,000,00,1,3,20,A01
201800052747,1,01,000,00,2,2,01,A01
201800052747,1,07,000,00,2,3,01,B01
201800052748,1,07,000,00,2,2,15,A01
201800052748,2,32,000,00,2,1,01,B01
201800052749,1,07,000,00,2,1,01,A01
201800052749,1,10,000,00,2,6,23,B01
201800052750,1,07,000,00,2,3,15,B01
201800052750,2,07,000,00,2,1,01,A01
201800052751,2,30,000,00,2,7,17,A01
201800052751,2,07,000,00,2,3,15,B01
201800052752,1,32,000,00,2,1,01,A01
201800052752,1,07,000,00,2,6,01,B01
201800052753,1,07,000,00,2,1,02,A01
201800052753,1,07,000,00,2,4,23,B01
201800052754,1,33,000,00,0,0,01,A01
201800052755,1,31,000,00,1,1,15,A01
201800052756,2,07,000,00,2,7,01,A01
201800052756,1,10,000,00,2,1,01,B01
201800052757,2,07,000,00,1,8,01,A01
201800052758,2,07,000,00,2,8,22,A01
201800052758,2,01,000,00,2,2,01,B01
201800052759,1,32,000,00,2,4,23,B01
201800052759,1,07,000,00,2,1,01,A01
201800052760,1,10,000,00,2,2,01,A01
201800052760,1,34,000,00,2,4,01,B01
201800052761,1,07,000,00,2,5,01,B01
201800052761,1,01,000,00,2,8,18,A01
201800052762,1,31,000,00,1,3,16,A01
201800052763,2,37,000,00,1,2,07,A01
201800052764,2,01,000,00,2,1,01,A01
201800052764,2,07,000,00,2,3,09,B01
201800052765,1,07,000,00,1,2,01,A01
201800052766,2,33,000,12,2,1,01,A01
201800052766,2,07,000,00,2,0,09,B01
201800052767,1,07,000,00,2,7,15,A01
201800052767,2,01,000,00,2,1,01,B01
201800052768,1,07,000,00,2,2,13,A01
201800052768,1,02,000,00,2,6,17,B01
201800052769,1,33,000,00,1,1,01,A01
201800052770,2,07,000,00,2,3,07,A01
201800052770,1,07,000,00,2,1,01,B01
201800052771,1,02,000,00,2,1,17,B01
201800052771,1,01,000,00,2,6,15,A01
201800052772,2,07,000,00,2,3,02,A01
201800052772,2,32,000,00,2,4,02,B01
201800052773,1,07,000,00,2,2,16,A01
201800052773,1,01,000,00,2,8,01,B01
201800052774,2,07,000,06,0,1,01,A01
201800052775,1,01,000,00,2,1,17,A01
201800052775,2,01,000,00,2,1,01,B01
201800052776,2,07,000,00,1,2,01,A01
201800052777,1,07,000,00,2,2,12,A01
201800052777,1,31,000,00,2,8,01,B01
201800052778,1,07,000,00,1,1,15,A01
201800052779,1,33,000,00,2,4,16,B01
201800052779,1,33,000,00,2,1,16,A01
201800052780,0,07,000,00,2,2,15,A01
201800052780,0,32,000,00,2,6,15,B01
201800052781,1,07,000,04,0,2,21,A01
201800052782,1,07,000,00,2,1,02,A01
201800052782,1,32,000,00,2,4,11,B01
201800052783,2,30,000,00,2,1,01,A01
201800052783,1,10,000,00,2,3,01,B01
201800052784,1,30,000,00,1,0,01,Z01
201800052785,2,07,000,00,2,6,01,B01
201800052785,2,07,000,00,1,1,01,A01
201800052786,1,10,000,00,2,3,13,A01
201800052786,1,33,000,01,2,2,17,B01
201800052787,1,07,000,00,2,4,23,B01
201800052787,1,30,000,00,2,1,12,A01
201800052788,0,33,000,00,2,8,01,B01
201800052788,0,07,000,00,2,1,15,A01
201800052789,1,07,000,00,1,4,04,A01
201800052790,2,10,000,01,0,2,14,A01
201800052791,1,10,000,00,2,0,00,Z01
201800052791,1,01,000,00,2,3,07,A01
201800052792,2,07,000,00,2,2,10,A01
201800052792,1,32,000,01,2,1,02,B01
201800052793,1,07,000,00,1,3,15,A01
201800052794,1,07,000,00,2,2,15,A01
201800052794,2,07,000,00,2,1,01,B01
201800052795,0,34,000,00,2,8,00,B01
201800052795,1,07,000,00,2,2,15,A01
201800052796,1,10,000,00,2,4,01,A01
201800052796,1,10,000,00,2,4,23,B01
201800052797,2,07,000,00,2,3,01,B01
201800052797,1,07,000,00,2,3,13,A01
201800052798,1,07,000,00,2,6,23,C01
201800052798,1,07,000,00,2,5,23,B01
201800052798,1,33,000,09,2,1,18,A01
201800052799,2,07,000,00,1,2,01,A01
201800052800,2,07,000,12,0,3,15,A01
201800052801,2,07,000,00,1,3,15,A01
201800052802,2,07,000,00,2,1,01,B01
201800052802,1,07,000,00,2,7,15,A01
201800052803,2,30,000,00,2,1,01,A01
201800052803,2,07,000,00,2,4,21,B01
201800052804,2,07,000,00,2,8,01,B01
201800052804,1,07,000,00,2,2,01,A01
201800052805,2,02,000,01,0,1,01,A01
201800052805,2,07,000,00,2,4,23,B01
201800052806,1,07,000,00,2,3,15,B01
201800052806,1,32,000,00,2,2,17,A01
201800052807,1,15,000,00,2,2,16,A01
201800052807,1,01,000,00,2,8,07,B01
201800052808,2,30,000,00,2,2,07,B01
201800052808,2,10,000,00,2,3,22,A01
201800052809,0,07,000,00,2,1,01,A01
201800052809,0,07,000,00,2,5,01,B01
201800052810,1,34,000,12,0,1,18,A01
201800052811,2,10,000,00,1,1,15,A01
201800052812,1,07,000,00,2,1,01,A01
201800052812,1,99,000,00,2,7,19,B01
201800052813,0,33,000,00,2,1,01,B01
201800052813,0,30,000,00,2,8,09,A01
201800052814,1,07,000,00,2,7,15,A01
201800052814,1,02,000,00,2,1,01,B01
201800052815,2,10,000,00,2,8,15,A01
201800052815,2,32,000,00,2,2,15,B01
201800052816,2,07,000,00,2,8,22,A01
201800052816,2,01,000,00,2,1,01,B01
201800052817,1,07,000,00,2,8,15,A01
201800052817,2,32,000,00,2,2,17,B01
201800052818,1,07,000,00,2,7,15,A01
201800052818,2,07,000,00,2,1,01,B01
201800052819,2,07,000,00,2,2,01,A01
201800052819,2,34,000,00,2,8,16,B01
201800052820,2,02,000,00,2,1,01,B01
201800052820,1,07,000,00,2,2,15,A01
201800052821,2,01,000,14,0,7,01,A01
201800052822,1,33,000,00,2,7,16,B01
201800052822,1,10,000,00,2,1,16,A01
201800052823,2,07,000,00,2,4,23,B01
201800052823,2,30,000,00,2,1,21,A01
201800052824,2,07,000,00,1,2,16,A01
201800052825,1,07,000,00,1,4,04,Z01
201800052826,2,07,000,00,1,4,04,A01
201800052827,2,01,000,00,2,7,17,A01
201800052827,2,07,000,00,2,8,13,B01
201800052828,1,07,000,00,2,4,23,B01
201800052828,1,34,000,00,2,1,02,A01
201800052829,2,07,000,01,0,9,14,A01
201800052830,0,07,000,00,2,1,15,A01
201800052830,0,99,000,00,2,7,19,B01
201800052831,2,01,000,00,1,1,01,A01
201800052832,1,33,000,07,0,1,05,A01
201800052833,2,07,000,00,2,4,23,B01
201800052833,2,10,000,00,2,1,01,A01
201800052834,1,14,000,00,2,6,23,B01
201800052834,1,07,000,00,2,3,02,A01
201800052835,2,30,000,12,0,2,14,A01
201800052836,2,07,000,00,1,6,04,A01
201800052837,2,37,050,00,2,3,07,B01
201800052837,2,07,000,00,2,7,16,A01
201800052838,0,33,000,00,2,4,02,B01
201800052838,0,34,000,00,2,1,02,A01
201800052839,1,07,000,00,1,8,01,A01
201800052840,2,33,000,00,2,8,01,B01
201800052840,2,07,000,00,2,0,16,A01
201800052841,2,30,000,00,1,1,16,A01
201800052842,1,31,000,00,1,0,16,Z01
201800052843,1,07,000,00,2,2,01,B01
201800052843,1,01,000,00,2,8,13,A01
201800052844,1,32,000,00,2,1,01,B01
201800052844,2,07,000,00,2,2,15,A01
201800052845,1,01,000,12,0,7,14,A01
201800052846,1,01,000,00,2,1,01,B01
201800052846,1,07,000,00,2,8,22,A01
201800052847,1,07,000,00,1,2,16,A01
201800052848,1,32,000,00,2,3,01,A01
201800052848,1,30,000,00,2,7,23,B01
201800052849,1,32,000,07,2,1,17,A01
201800052849,1,14,000,00,2,8,01,B01
201800052850,1,99,000,00,2,8,19,B01
201800052850,1,07,000,00,2,8,01,A01
201800052851,1,32,000,14,0,7,16,A01
201800052852,2,33,000,00,2,8,01,A01
201800052852,2,07,000,00,2,3,10,B01
201800052853,2,33,000,00,1,1,01,A01
201800052853,1,07,000,00,2,1,23,B01
201800052854,2,10,000,00,2,2,16,B01
201800052854,2,30,000,00,2,8,18,A01
201800052855,1,10,000,00,2,5,23,B01
201800052855,1,01,000,00,2,1,02,A01
201800052856,2,07,000,00,2,1,02,A01
201800052856,2,07,000,00,2,4,23,B01
201800052857,1,13,000,00,2,4,02,B01
201800052857,1,01,000,00,2,1,02,A01
201800052858,2,07,000,00,2,4,23,B01
201800052858,2,07,000,00,2,4,23,A01
201800052858,2,07,000,00,2,1,02,Z01
201800052859,0,32,000,00,2,3,18,A01
201800052859,0,07,000,00,2,2,01,B01
201800052860,1,32,000,00,2,8,01,A01
201800052860,1,07,000,00,2,8,16,B01
201800052861,2,31,000,00,1,2,01,A01
201800052862,0,07,000,00,2,4,23,B01
201800052862,1,07,000,00,2,1,02,A01
201800052863,1,10,000,00,1,1,15,A01
201800052864,1,07,000,00,2,7,01,C01
201800052864,1,07,000,00,2,2,01,B01
201800052864,2,07,000,00,2,3,01,A01
201800052865,1,07,000,00,2,1,01,C01
201800052865,1,10,000,00,2,4,15,B01
201800052865,1,07,000,00,2,1,01,Z01
201800052866,1,01,000,00,0,8,01,A01
201800052867,2,10,000,00,1,4,04,A01
201800052867,2,10,000,00,2,1,23,B01
201800052868,1,32,000,00,2,3,16,A01
201800052868,2,99,000,00,2,1,01,B01
201800052869,1,07,000,00,2,3,15,A01
201800052869,2,32,000,00,2,1,01,B01
201800052870,2,01,000,00,0,8,07,B01
201800052870,2,14,000,00,0,0,23,A01
201800052871,1,34,000,00,2,3,01,B01
201800052871,1,07,000,00,2,2,15,A01
201800052872,2,32,000,00,2,3,15,B01
201800052872,0,07,000,00,2,3,16,A01
201800052873,1,32,000,00,2,3,17,B01
201800052873,1,10,000,00,2,3,15,A01
201800052874,1,10,000,00,2,2,16,A01
201800052874,1,32,000,00,2,8,01,B01
201800052875,1,32,000,00,1,1,01,A01
201800052876,1,10,000,00,2,0,01,Z01
201800052876,1,01,000,00,2,0,22,A01
201800052877,1,34,000,00,1,8,01,Z01
201800052878,1,99,000,00,2,0,19,B01
201800052878,2,30,000,00,2,1,01,A01
201800052879,1,34,000,14,0,2,14,A01
201800052880,2,07,000,00,2,1,01,B01
201800052880,1,07,000,00,2,2,15,A01
201800052881,1,07,000,00,1,3,01,A01
201800052882,2,07,000,00,1,2,15,A01
201800052883,1,07,000,11,0,1,01,A01
201800052884,1,07,000,00,2,4,23,A01
201800052884,1,07,000,00,2,1,02,Z01
201800052885,2,30,000,00,1,1,01,A01
201800052886,2,07,000,00,2,3,16,A01
201800052886,1,07,000,00,2,3,01,B01
201800052887,2,07,000,00,1,0,15,Z01
201800052888,2,01,000,00,1,0,01,Z01
201800052889,2,32,000,00,1,5,01,A01
201800052890,2,30,000,00,2,1,01,B01
201800052890,1,30,000,00,2,1,05,A01
201800052891,1,33,000,00,1,1,01,A01
201800052892,1,07,000,00,2,6,23,A01
201800052892,0,07,000,00,2,0,02,Z01
201800052893,2,30,000,00,2,1,05,A01
201800052893,1,07,000,00,2,1,01,B01
201800052894,2,07,000,00,2,6,02,A01
201800052894,2,33,000,00,2,1,02,B01
201800052895,1,10,000,00,1,3,15,A01
201800052896,2,31,000,00,2,1,01,B01
201800052896,1,07,000,00,2,2,15,A01
201800052897,2,10,000,00,1,2,16,A01
201800052898,1,10,000,00,1,3,07,A01
201800052899,2,33,000,00,1,1,07,A01
201800052900,1,10,000,00,2,1,02,A01
201800052900,1,32,000,00,2,4,23,B01
201800052901,2,02,000,00,2,8,01,B01
201800052901,1,07,000,00,2,1,01,A01
201800052902,1,30,000,00,2,2,01,A01
201800052902,1,01,000,00,2,1,01,B01
201800052903,0,07,000,07,0,1,14,A01
201800052904,1,07,000,00,2,3,16,B01
201800052904,1,30,000,00,2,1,01,A01
201800052905,0,07,000,00,1,1,16,A01
201800052906,2,07,000,00,2,1,01,B01
201800052906,1,07,000,00,2,7,15,A01
201800052907,2,07,000,00,1,2,01,A01
201800052908,0,07,000,00,2,4,23,A01
201800052908,0,07,000,00,2,4,01,B01
201800052909,2,07,000,00,1,0,01,Z01
201800052910,1,02,000,00,2,2,15,A01
201800052910,1,37,000,00,2,6,15,B01
201800052911,2,10,000,00,1,7,01,A01
201800052912,1,07,000,00,1,1,01,A01
201800052913,2,07,000,00,2,8,22,A01
201800052913,2,01,000,00,2,1,01,B01
201800052914,0,07,000,06,0,1,16,A01
201800052915,2,01,000,00,1,7,01,A01
201800052916,1,07,000,00,2,1,02,A01
201800052916,1,01,000,00,2,4,02,B01
201800052917,2,07,000,00,1,4,04,A01
201800052918,1,33,000,00,2,1,02,A01
201800052918,1,07,000,00,2,6,23,B01
201800052919,1,07,000,00,1,2,01,A01
201800052920,2,02,000,00,0,0,01,A01
201800052921,2,07,000,00,2,5,12,Z01
201800052921,2,02,000,00,2,3,01,A01
201800052922,2,07,000,00,1,3,01,A01
201800052923,1,07,000,00,1,1,15,A01
201800052924,2,07,000,00,1,0,01,Z01
201800052925,1,07,000,00,2,2,17,B01
201800052925,1,01,000,00,2,4,13,A01
201800052926,1,07,000,01,1,1,15,A01
201800052926,1,07,000,00,2,4,23,B01
201800052927,1,30,000,00,2,1,01,A01
201800052927,1,07,000,16,2,5,23,B01
201800052928,1,32,000,00,1,0,18,Z01
201800052929,1,07,000,00,2,3,09,A01
201800052929,1,01,000,00,2,8,01,B01
201800052930,1,30,000,00,2,3,01,A01
201800052930,1,07,000,00,2,8,01,B01
201800052931,1,07,000,00,2,4,01,A01
201800052931,1,33,000,00,2,4,23,B01
201800052932,1,02,000,00,1,3,01,A01
201800052933,2,07,000,00,1,1,01,A01
201800052934,2,07,000,00,2,3,01,A01
201800052934,2,01,000,00,2,5,23,B01
201800052935,1,13,000,00,1,7,01,Z01
201800052936,2,07,000,00,2,1,15,A01
201800052936,2,34,000,00,2,3,01,B01
201800052937,1,07,000,00,1,1,01,A01
201800052938,1,30,000,00,1,7,01,A01
201800052939,2,07,000,00,1,2,01,A01
201800052940,1,07,000,00,2,2,16,A01
201800052940,1,01,000,00,2,1,01,B01
201800052941,2,02,000,00,0,7,01,A01
201800052942,1,33,000,12,0,1,01,A01
201800052943,1,07,000,00,2,2,15,A01
201800052943,1,07,000,00,2,8,01,B01
201800052944,1,31,000,00,2,8,01,B01
201800052944,1,01,000,00,2,7,14,A01
201800052945,2,01,000,01,0,1,01,A01
201800052946,1,33,000,01,0,1,01,A01
201800052947,1,10,000,00,2,6,15,B01
201800052947,2,01,000,00,2,1,01,A01
201800052948,1,01,000,00,2,3,18,B01
201800052948,1,07,000,00,2,2,22,A01
201800052949,2,07,000,00,1,4,04,A01
201800052950,1,37,000,00,2,3,15,A01
201800052950,2,01,000,00,2,6,01,B01
201800052951,1,33,000,00,2,8,23,C01
201800052951,1,33,000,00,2,1,02,A01
201800052951,1,07,000,00,2,6,23,B01
201800052952,2,07,000,00,1,1,01,A01
201800052953,1,33,000,00,0,2,01,A01
201800052954,2,33,000,00,2,5,21,A01
201800052955,1,33,000,00,2,1,17,B01
201800052955,1,14,000,00,2,8,22,A01
201800052956,1,02,000,00,0,3,21,A01
201800052957,1,07,000,00,2,2,16,A01
201800052957,1,02,000,00,2,1,18,B01
201800052958,1,07,000,00,2,2,01,A01
201800052958,1,33,000,00,2,1,01,B01
201800052959,2,07,000,00,2,7,19,A01
201800052959,1,02,000,00,2,3,01,B01
201800052960,1,07,000,00,2,8,23,C01
201800052960,2,07,000,00,2,3,09,A01
201800052960,2,31,000,00,2,1,01,B01
201800052961,2,32,000,00,0,7,16,A01
201800052962,2,07,000,00,1,1,01,A01
201800052963,2,32,000,00,2,4,23,B01
201800052963,2,07,000,00,2,1,01,A01
201800052964,1,31,000,00,2,3,11,A01
201800052964,1,07,000,00,2,5,01,B01
201800052965,1,07,000,01,1,1,01,A01
201800052966,1,07,000,00,1,2,15,A01
201800052967,1,07,000,00,2,3,11,A01
201800052967,2,02,000,00,2,1,01,B01
201800052968,1,10,000,00,2,8,01,B01
201800052968,2,30,000,00,2,1,01,A01
201800052969,1,07,000,00,2,7,01,A01
201800052969,1,02,000,00,2,6,18,B01
201800052970,1,32,000,00,2,1,01,B01
201800052970,1,33,000,00,2,6,15,A01
201800052971,1,34,000,00,2,0,17,A01
201800052971,1,07,000,00,2,0,15,B01
201800052972,2,02,000,00,2,3,01,B01
201800052972,1,07,000,00,2,1,15,A01
201800052973,1,07,000,00,2,2,15,A01
201800052973,2,31,000,00,2,1,01,B01
201800052974,2,33,000,00,2,7,17,B01
201800052974,2,10,000,00,2,3,15,A01
201800052975,1,31,000,00,2,1,01,A01
201800052975,1,10,000,00,2,3,09,B01
201800052976,1,10,000,00,2,3,15,A01
201800052976,1,30,000,00,2,2,17,B01
201800052977,2,07,000,09,0,1,01,A01
201800052978,2,07,000,00,2,2,01,B01
201800052978,1,10,000,08,2,3,01,A01
201800052979,1,07,000,00,2,3,13,A01
201800052979,1,32,000,00,2,7,03,B01
201800052980,2,02,000,00,1,1,01,A01
201800052981,1,34,000,00,2,4,15,A01
201800052981,1,34,000,00,2,4,01,B01
201800052982,2,02,000,00,2,8,01,B01
201800052982,2,02,000,00,2,7,14,A01
201800052983,1,07,000,00,2,1,01,A01
201800052983,2,07,000,00,2,8,01,B01
201800052984,1,01,000,00,2,1,05,A01
201800052984,2,07,000,00,2,2,09,B01
201800052985,1,01,000,00,2,1,07,B01
201800052985,2,07,000,01,9,0,22,A01
201800052986,2,32,000,00,2,8,18,A01
201800052986,2,07,000,00,2,2,16,B01
201800052987,1,02,000,00,2,3,07,B01
201800052987,2,02,000,00,2,2,15,A01
201800052988,1,07,000,00,1,4,04,A01
201800052989,1,30,000,00,0,7,01,A01
201800052990,1,32,000,00,2,1,01,B01
201800052990,2,07,000,00,2,4,09,A01
201800052991,2,07,000,00,1,3,15,A01
201800052992,1,33,000,00,2,1,01,A01
201800052992,1,07,000,00,2,5,01,B01
201800052993,1,01,000,12,0,1,14,A01
201800052994,2,32,000,00,2,6,15,A01
201800052994,2,30,000,00,2,1,01,Z01
201800052995,1,07,000,00,2,3,15,A01
201800052995,1,32,000,00,2,2,17,B01
201800052996,2,07,000,00,1,2,01,A01
201800052997,1,07,000,00,2,1,01,A01
201800052997,2,07,000,00,2,4,01,B01
201800052998,1,02,000,12,1,1,01,Z01
201800052999,2,02,000,00,2,1,01,B01
201800052999,2,07,000,00,2,3,09,A01
201800053000,2,30,000,00,2,1,17,B01
201800053000,2,07,000,00,2,3,15,A01
201800053001,2,07,000,00,1,1,01,A01
201800053002,2,30,000,00,2,1,18,B01
201800053002,2,10,000,00,2,2,22,A01
201800053003,1,02,000,00,2,1,18,A01
201800053003,1,07,000,00,2,7,22,B01
201800053004,1,07,000,08,0,3,13,A01
201800053005,1,34,000,00,2,1,17,B01
201800053005,1,07,000,00,2,8,15,A01
201800053006,1,07,000,00,1,1,16,A01
201800053007,2,01,000,01,2,1,22,B01
201800053007,2,07,000,01,2,1,01,A01
201800053008,1,07,000,00,2,2,15,A01
201800053008,2,02,000,00,2,1,01,B01
201800053009,2,07,000,00,1,1,01,A01
201800053010,1,02,000,00,2,1,09,A01
201800053010,1,02,000,00,2,1,01,B01
201800053011,2,33,000,00,1,1,15,A01
201800053012,2,07,000,00,1,1,16,A01
201800053013,1,34,000,00,2,4,23,A01
201800053013,1,07,000,00,2,1,02,Z01
201800053014,2,07,000,00,2,8,15,A01
201800053014,2,34,000,00,2,1,01,B01
201800053015,1,07,000,00,1,3,09,A01
201800053016,2,02,000,00,2,1,09,Z01
201800053016,1,32,000,00,2,1,17,A01
201800053017,1,99,000,00,2,3,19,B01
201800053017,1,07,000,00,2,3,16,A01
201800053018,1,07,000,00,2,3,15,A01
201800053018,2,31,000,00,2,8,01,B01
201800053019,1,07,000,00,2,2,15,A01
201800053019,2,02,000,00,2,1,01,B01
201800053020,0,01,000,00,2,5,01,B01
201800053020,2,07,000,00,2,3,01,A01
201800053021,2,34,000,12,0,0,20,A01
201800053022,1,07,000,00,2,7,13,Z01
201800053022,1,31,000,00,2,7,17,A01
201800053023,1,07,000,00,2,3,23,B01
201800053023,2,30,000,00,1,6,01,A01
201800053024,2,07,000,00,1,1,01,Z01
201800053025,1,07,000,00,1,2,16,A01
201800053026,1,07,000,00,2,1,01,A01
201800053026,1,99,000,00,2,1,19,B01
201800053027,1,02,000,00,0,0,14,A01
201800053028,1,07,000,00,2,1,01,A01
201800053028,1,07,000,00,2,4,23,B01
201800053029,2,01,000,00,2,1,19,B01
201800053029,2,07,000,00,2,1,01,A01
201800053030,1,07,000,00,2,2,15,A01
201800053030,2,31,000,00,2,1,01,B01
201800053031,1,07,000,00,2,8,22,A01
201800053031,1,01,000,00,2,1,01,B01
201800053032,1,31,000,00,2,1,01,B01
201800053032,1,07,000,00,2,2,01,A01
201800053033,1,33,000,00,1,2,15,A01
201800053034,1,07,000,00,2,7,15,B01
201800053034,2,02,000,00,2,5,01,A01
201800053035,1,02,000,00,1,1,07,A01
201800053036,1,07,000,00,1,6,20,A01
201800053037,1,32,000,00,0,8,07,A01
201800053038,1,07,000,00,2,2,09,A01
201800053038,1,30,000,00,2,1,01,B01
201800053039,1,01,000,00,1,2,01,A01
201800053040,1,07,000,00,2,3,13,A01
201800053040,1,32,000,00,2,5,03,B01
201800053041,1,07,000,00,2,1,01,B01
201800053041,1,07,000,00,2,2,15,A01
201800053042,1,10,000,00,2,0,15,Z01