Num_Acc,senc,catv,occutc,obs,obsm,choc,manv,num_veh
201800053420,1,07,000,09,0,5,01,A01
201800053421,1,07,000,00,2,5,15,A01
201800053421,2,02,000,00,2,1,01,B01
201800053422,1,07,000,00,2,7,16,A01
201800053422,1,02,000,00,2,8,16,B01
201800053423,2,10,000,00,2,8,11,A01
201800053423,2,31,000,00,2,7,01,B01
201800053424,2,02,000,00,2,2,01,B01
201800053424,2,07,000,00,2,3,09,A01
201800053425,2,34,000,11,2,3,17,A01
201800053425,2,07,000,00,2,3,01,B01
201800053426,1,32,000,00,2,3,01,A01
201800053426,1,10,000,00,2,2,12,B01
201800053427,1,07,000,00,2,3,15,A01
201800053427,1,32,000,00,2,7,17,B01
201800053428,2,02,000,00,2,8,01,A01
201800053428,2,07,000,00,2,3,15,Z01
201800053429,2,07,000,00,2,6,24,A01
201800053429,2,01,000,00,2,1,01,B01
201800053430,1,01,000,01,0,6,01,A01
201800053431,2,07,000,00,2,8,15,A01
201800053431,2,33,000,00,2,7,01,B01
201800053432,1,32,000,00,2,2,17,A01
201800053432,1,07,000,00,2,8,13,B01
201800053433,2,02,000,00,0,8,16,A01
201800053434,1,01,000,00,2,1,01,B01
201800053434,1,07,000,00,2,3,16,A01
201800053435,2,07,000,00,2,1,15,A01
201800053435,2,01,000,00,2,8,01,B01
201800053436,2,07,000,00,2,5,01,A01
201800053436,2,34,000,00,2,1,01,B01
201800053437,1,34,000,00,2,6,17,A01
201800053437,2,07,000,00,2,5,09,B01
201800053438,2,32,000,12,0,1,14,A01
201800053439,2,02,000,14,0,2,12,A01
201800053440,2,07,000,00,2,7,15,A01
201800053440,2,33,000,00,2,1,01,B01
201800053441,2,32,000,00,2,7,01,B01
201800053441,2,07,000,00,2,3,01,Z01
201800053442,2,07,000,09,0,2,14,A01
201800053443,2,07,000,01,0,3,15,A01
201800053444,2,07,000,00,2,3,01,A01
201800053444,2,07,000,00,2,5,01,B01
201800053445,2,01,000,01,2,4,01,B01
201800053445,2,10,000,01,2,4,23,A01
201800053446,2,32,000,00,2,3,15,A01
201800053446,2,01,000,00,2,5,01,B01
201800053447,2,07,000,00,1,1,01,A01
201800053448,2,02,000,00,2,4,23,A01
201800053448,2,30,000,00,2,1,02,Z01
201800053449,2,32,000,00,1,1,01,A01
201800053450,2,07,000,00,1,1,01,Z01
201800053451,2,31,000,00,2,5,09,B01
201800053451,2,07,000,00,2,2,14,A01
201800053452,2,02,000,00,6,1,01,A01
201800053452,2,01,000,00,2,8,15,B01
201800053453,1,30,000,00,2,8,15,B01
201800053453,2,33,000,00,2,1,01,A01
201800053454,0,34,000,00,2,3,01,B01
201800053454,0,07,000,00,2,2,14,A01
201800053455,1,01,000,00,0,0,01,A01
201800053456,2,07,000,00,1,1,01,A01
201800053457,1,07,000,01,0,2,14,A01
201800053458,1,07,000,00,1,2,01,A01
201800053459,1,32,000,00,2,7,01,B01
201800053459,1,02,000,00,2,8,18,A01
201800053460,1,10,000,00,1,3,01,A01
201800053461,1,10,000,00,2,3,22,A01
201800053461,1,01,000,00,2,1,01,B01
201800053462,1,34,000,00,2,1,01,B01
201800053462,1,07,000,00,2,2,16,A01
201800053463,2,01,000,00,2,8,05,A01
201800053463,2,07,000,00,2,1,01,B01
201800053464,1,07,000,00,2,6,23,B01
201800053464,1,02,000,00,2,1,01,A01
201800053465,1,01,000,00,2,4,01,C01
201800053465,1,01,000,00,2,4,01,D01
201800053465,1,01,000,00,2,7,01,B01
201800053465,1,01,000,00,2,7,18,A01
201800053466,1,07,000,00,2,5,21,B01
201800053466,1,07,000,00,2,1,01,A01
201800053467,0,07,000,00,6,5,16,A01
201800053467,1,01,000,00,2,6,01,B01
201800053468,2,07,000,00,2,4,23,A01
201800053468,2,02,000,00,2,1,02,B01
201800053469,0,32,000,00,1,1,01,A01
201800053470,0,07,000,00,2,3,02,C01
201800053470,2,07,000,00,2,8,02,B01
201800053470,1,07,000,00,2,1,13,A01
201800053471,0,33,000,00,2,4,01,A01
201800053471,0,07,000,00,2,1,01,Z01
201800053472,1,10,000,00,2,4,21,Z01
201800053472,1,32,000,00,2,1,21,B01
201800053473,1,01,000,01,0,1,00,A01
201800053473,1,15,000,00,2,4,24,B01
201800053474,2,07,000,14,0,2,14,A01
201800053475,0,10,000,00,2,3,15,A01
201800053475,1,33,000,00,2,2,01,B01
201800053476,1,32,000,00,2,1,02,A01
201800053476,1,07,000,00,2,6,02,B01
201800053477,1,34,000,00,2,1,01,B01
201800053477,1,07,000,00,2,6,10,A01
201800053478,1,07,000,00,1,1,15,A01
201800053479,2,33,000,00,0,8,01,A01
201800053480,1,32,000,01,0,1,01,A01
201800053481,1,07,000,00,2,8,13,Z01
201800053481,1,07,000,00,1,7,21,A01
201800053482,2,10,000,00,2,5,23,A01
201800053482,2,32,000,00,2,1,02,B01
201800053483,1,01,000,00,2,4,13,B01
201800053483,1,01,000,00,2,1,02,A01
201800053484,1,07,000,00,2,6,23,Z01
201800053484,2,30,000,01,0,2,01,A01
201800053485,1,32,000,00,2,1,01,A01
201800053485,2,07,000,00,2,8,01,B01
201800053486,1,07,000,00,2,6,23,B01
201800053486,1,07,000,00,2,2,02,A01
201800053487,1,30,000,01,0,1,17,A01
201800053488,1,07,000,00,2,2,12,A01
201800053488,1,33,000,00,2,6,01,B01
201800053489,2,01,000,00,2,1,07,B01
201800053489,2,01,000,00,2,4,07,A01
201800053490,2,07,000,00,2,4,23,B01
201800053490,2,07,000,00,2,1,01,A01
201800053491,1,32,000,00,2,3,01,B01
201800053491,1,07,000,00,2,5,16,A01
201800053492,2,07,000,00,2,2,09,B01
201800053492,2,32,000,00,2,2,05,A01
201800053493,2,01,000,00,2,1,01,B01
201800053493,2,07,000,00,2,8,22,A01
201800053494,2,33,000,00,2,7,23,B01
201800053494,2,07,000,00,2,3,13,A01
201800053495,0,33,000,03,0,1,16,A01
201800053496,2,07,000,00,1,1,02,A01
201800053497,1,07,000,00,2,2,16,B01
201800053497,1,02,000,00,2,3,07,A01
201800053498,1,32,000,00,2,1,01,B01
201800053498,1,07,000,00,2,3,09,A01
201800053499,2,32,000,00,2,3,18,B01
201800053499,2,07,000,00,2,2,16,A01
201800053500,1,10,000,00,1,2,01,A01
201800053501,1,07,000,00,1,5,09,A01
201800053502,1,07,000,00,2,6,02,B01
201800053502,1,33,000,00,2,1,02,A01
201800053503,1,07,000,00,2,1,02,A01
201800053503,1,07,000,00,2,4,23,B01
201800053503,1,07,000,00,2,1,02,Z01
201800053504,1,10,000,00,2,4,02,B01
201800053504,1,10,000,00,2,1,02,A01
201800053505,1,07,000,00,2,2,10,A01
201800053505,1,02,000,00,2,1,01,B01
201800053506,1,07,000,00,1,5,04,A01
201800053507,2,33,000,00,2,3,18,A01
201800053507,2,07,000,00,2,2,12,B01
201800053508,1,07,000,00,2,3,13,B01
201800053508,1,33,000,00,2,5,01,A01
201800053509,1,07,000,00,1,1,01,A01
201800053510,1,01,000,00,2,7,01,A01
201800053510,1,07,000,00,2,1,01,B01
201800053511,2,07,000,00,1,2,02,A01
201800053512,1,07,000,00,2,5,02,B01
201800053512,1,30,000,00,2,1,02,A01
201800053513,0,32,000,00,1,3,01,A01
201800053514,1,10,000,00,2,3,01,B01
201800053514,2,07,000,00,2,2,15,A01
201800053515,2,07,000,01,0,1,13,A01
201800053516,0,07,000,00,2,2,16,Z01
201800053516,0,30,000,00,2,8,16,A01
201800053517,1,07,000,00,1,2,16,A01
201800053518,2,33,000,08,0,8,13,A01
201800053519,1,10,000,00,2,4,23,B01
201800053519,1,07,000,00,2,1,02,A01
201800053520,2,07,000,00,2,7,12,B01
201800053520,2,07,000,00,2,3,01,A01
201800053521,1,01,000,00,2,0,01,A01
201800053521,1,07,000,00,2,0,22,Z01
201800053522,1,02,000,00,1,2,01,A01
201800053523,2,01,000,01,0,1,01,B01
201800053523,2,07,000,00,2,8,22,A01
201800053524,1,32,000,00,2,2,16,A01
201800053524,1,07,000,00,2,1,01,B01
201800053525,1,30,000,00,2,3,15,A01
201800053525,2,33,000,00,2,8,01,B01
201800053526,1,07,000,00,2,3,22,A01
201800053526,1,32,000,00,2,2,01,B01
201800053527,1,31,000,00,2,3,01,B01
201800053527,1,07,000,00,2,2,01,A01
201800053528,1,33,000,00,2,3,01,B01
201800053528,1,07,000,00,2,7,01,A01
201800053529,1,07,000,00,1,1,01,A01
201800053530,0,07,000,00,2,5,15,A01
201800053530,0,32,000,00,2,1,01,B01
201800053531,1,07,000,15,0,1,13,A01
201800053532,1,01,000,00,0,0,15,A01
201800053533,1,07,000,00,1,4,04,A01
201800053534,1,07,000,00,2,3,13,A01
201800053534,1,33,000,00,2,2,15,B01
201800053535,2,30,000,00,1,3,01,A01
201800053536,0,07,000,00,2,3,01,A01
201800053536,0,32,000,00,2,2,16,B01
201800053537,1,01,000,00,2,2,01,B01
201800053537,1,15,000,00,2,6,17,Z01
201800053538,1,07,000,14,0,3,13,A01
201800053539,2,31,000,00,2,8,01,B01
201800053539,2,10,000,00,2,2,16,A01
201800053540,2,07,000,00,2,1,01,B01
201800053540,1,30,000,00,2,1,13,A01
201800053541,1,07,000,00,2,1,02,A01
201800053541,1,07,000,00,2,4,23,B01
201800053542,2,07,000,00,2,5,11,A01
201800053542,2,33,000,00,2,5,01,B01
201800053543,1,33,000,00,2,3,01,B01
201800053543,1,07,000,00,2,3,01,A01
201800053544,1,32,000,00,1,1,07,A01
201800053545,1,32,000,00,2,1,17,A01
201800053545,1,07,000,00,2,5,17,B01
201800053546,1,07,000,00,2,1,02,Z01
201800053546,1,07,000,00,2,1,02,A01
201800053546,1,31,000,00,2,4,02,B01
201800053547,2,07,000,00,2,3,22,A01
201800053547,2,01,000,01,0,8,01,B01
201800053548,1,07,000,00,1,0,01,A01
201800053549,1,01,000,00,2,1,01,A01
201800053549,0,01,000,00,2,6,01,B01
201800053550,1,07,000,00,2,1,02,A01
201800053550,1,07,000,00,2,4,02,B01
201800053551,1,07,000,00,2,7,01,A01
201800053551,1,30,000,00,2,8,01,B01
201800053552,1,07,000,00,1,3,07,A01
201800053553,1,07,000,00,2,5,15,A01
201800053553,2,01,000,00,2,1,02,C01
201800053553,2,01,000,00,2,1,02,B01
201800053554,1,10,000,00,2,3,10,A01
201800053554,1,30,000,00,2,1,01,B01
201800053555,2,33,000,00,1,1,01,A01
201800053556,1,07,000,00,2,3,13,A01
201800053556,1,32,000,00,2,7,17,B01
201800053557,0,01,000,00,2,6,01,B01
201800053557,1,34,000,00,2,2,01,A01
201800053558,2,32,000,00,1,1,01,Z01
201800053559,1,07,000,00,2,4,04,A01
201800053559,1,99,000,00,2,8,19,B01
201800053560,1,07,000,00,2,6,23,A01
201800053560,1,07,000,00,2,2,02,Z01
201800053561,2,99,000,00,2,1,05,B01
201800053561,1,07,000,00,2,7,09,A01
201800053562,2,32,000,00,2,3,18,B01
201800053562,2,07,000,00,2,2,14,A01
201800053563,0,32,000,00,1,1,01,A01
201800053564,1,10,000,00,2,4,04,A01
201800053564,1,31,000,00,2,1,23,B01
201800053565,2,07,000,12,0,1,13,A01
201800053565,1,07,000,00,2,1,01,B01
201800053566,1,30,000,14,0,2,01,A01
201800053567,1,33,000,00,2,7,16,B01
201800053567,1,33,000,01,2,1,01,A01
201800053568,1,01,000,00,0,1,01,A01
201800053569,2,30,000,00,0,1,05,A01
201800053570,0,07,000,00,2,5,02,B01
201800053570,0,33,000,00,2,3,02,A01
201800053571,0,07,000,00,2,4,02,B01
201800053571,0,07,000,00,2,1,02,A01
201800053572,1,10,000,00,2,5,24,B01
201800053572,1,07,000,01,0,3,14,A01
201800053573,2,07,000,00,1,3,01,A01
201800053574,1,10,000,00,2,3,02,A01
201800053574,1,10,000,00,2,5,02,B01
201800053575,2,30,000,00,2,7,17,B01
201800053575,2,07,000,00,2,8,15,A01
201800053576,1,07,000,12,1,5,16,A01
201800053577,1,10,000,00,1,1,07,Z01
201800053578,1,30,000,00,1,1,01,A01
201800053579,1,07,000,00,2,2,01,A01
201800053579,0,99,000,00,2,7,19,B01
201800053580,1,07,000,00,1,7,01,A01
201800053581,1,02,000,00,2,1,02,A01
201800053581,1,07,000,00,2,6,23,B01
201800053582,2,01,000,00,2,3,01,B01
201800053582,2,33,000,00,2,2,17,A01
201800053583,0,10,000,00,2,3,02,A01
201800053583,0,07,000,00,2,6,02,B01
201800053584,2,07,000,00,2,1,05,Z01
201800053584,1,01,000,00,2,1,16,A01
201800053585,0,07,000,00,2,2,01,B01
201800053585,0,07,000,00,2,2,15,A01
201800053586,1,32,000,00,2,1,07,A01
201800053586,1,32,000,00,2,5,16,B01
201800053587,1,07,000,00,1,7,01,A01
201800053588,0,07,000,00,2,4,02,B01
201800053588,0,10,000,00,2,1,02,A01
201800053589,2,30,000,00,2,1,01,B01
201800053589,1,07,000,00,2,3,01,A01
201800053590,0,07,000,00,2,6,23,B01
201800053590,1,30,000,00,2,1,02,A01
201800053591,2,07,000,06,2,1,17,A01
201800053591,2,07,000,00,2,8,23,B01
201800053592,0,07,000,00,1,1,15,A01
201800053593,1,32,000,00,1,1,01,A01
201800053594,1,07,000,00,1,3,15,A01
201800053595,2,07,000,00,1,3,07,A01
201800053596,1,07,000,00,2,8,01,B01
201800053596,0,07,000,00,2,2,15,A01
201800053597,2,10,000,00,1,1,15,A01
201800053598,2,30,000,00,2,7,14,A01
201800053598,2,37,001,00,2,6,01,B01
201800053599,1,33,000,12,2,8,01,B01
201800053599,1,07,000,00,2,7,16,A01
201800053600,2,10,000,00,2,4,02,B01
201800053600,2,07,000,00,2,1,02,A01
201800053601,2,07,000,00,2,3,10,B01
201800053601,2,99,000,00,2,2,17,A01
201800053602,0,32,000,00,0,7,01,A01
201800053603,2,07,000,00,1,3,01,A01
201800053604,2,07,000,00,2,6,13,A01
201800053604,2,33,000,00,2,7,01,B01
201800053605,1,13,000,00,2,6,01,B01
201800053605,1,30,000,00,2,0,17,A01
201800053606,0,30,000,00,2,1,01,A01
201800053606,0,01,000,00,2,3,19,B01
201800053607,0,07,000,00,2,3,11,A01
201800053607,0,33,000,00,2,1,01,B01
201800053608,0,38,023,00,2,2,01,B01
201800053608,0,31,000,12,2,8,18,A01
201800053609,1,31,000,00,2,0,01,A01
201800053609,1,07,000,00,2,0,10,Z01
201800053610,1,32,000,00,0,8,01,A01
201800053611,2,07,000,00,2,6,15,B01
201800053611,2,32,000,00,2,1,01,A01
201800053612,1,07,000,00,2,1,16,A01
201800053612,1,31,000,00,2,7,01,B01
201800053613,1,31,000,00,0,0,01,A01
201800053614,1,33,000,00,2,8,01,B01
201800053614,1,07,000,00,2,5,12,A01
201800053615,2,07,000,00,1,4,04,A01
201800053616,2,34,000,00,0,0,17,A01
201800053617,1,30,000,00,0,0,01,A01
201800053618,2,07,000,09,0,2,14,A01
201800053619,0,07,000,02,0,1,13,A01
201800053620,1,30,000,00,2,1,01,A01
201800053620,1,07,000,00,2,3,15,B01
201800053621,1,07,000,00,2,4,23,C01
201800053621,1,10,000,00,2,2,02,A01
201800053621,1,10,000,00,2,4,23,B01
201800053622,1,30,000,00,2,1,01,A01
201800053622,1,07,000,00,2,3,16,B01
201800053623,2,30,000,00,1,0,17,Z01
201800053624,2,30,000,00,1,1,17,A01
201800053625,1,07,000,00,1,1,07,A01
201800053626,2,33,000,00,1,1,01,A01
201800053627,2,07,000,00,2,2,15,A01
201800053627,1,07,000,00,2,3,01,B01
201800053628,1,07,000,00,2,5,22,A01
201800053628,1,30,000,00,2,1,21,B01
201800053629,1,07,000,00,1,3,15,A01
201800053630,0,07,000,00,2,3,10,A01
201800053630,0,32,000,00,2,7,17,B01
201800053631,2,07,000,00,1,1,01,Z01
201800053632,2,07,000,00,1,4,04,A01
201800053633,2,07,000,00,2,1,02,B01
201800053633,1,07,000,00,2,1,02,A01
201800053633,1,07,000,00,2,1,02,Z01
201800053634,1,07,000,00,2,8,15,B01
201800053634,2,02,000,00,2,1,17,A01
201800053635,1,03,000,15,0,1,14,A01
201800053636,2,10,000,00,1,2,16,A01
201800053637,1,10,000,00,2,8,24,B01
201800053637,1,07,000,01,2,7,14,A01
201800053637,0,07,000,00,2,8,24,C01
201800053638,1,02,000,00,2,3,18,B01
201800053638,1,07,000,00,2,5,14,A01
201800053639,2,07,000,00,2,3,01,A01
201800053639,2,07,000,08,2,5,16,B01
201800053640,1,07,000,00,2,1,02,A01
201800053640,1,34,000,00,2,4,23,B01
201800053641,2,32,000,00,2,1,17,A01
201800053641,2,07,000,00,2,3,16,B01
201800053642,2,07,000,00,2,1,01,B01
201800053642,1,07,000,00,2,5,01,A01
201800053643,1,32,000,00,0,8,01,A01
201800053644,1,07,000,07,2,5,15,B01
201800053644,2,07,000,00,2,3,01,A01
201800053645,2,31,000,00,2,7,17,B01
201800053645,2,07,000,00,2,8,10,A01
201800053646,2,10,000,00,2,4,23,B01
201800053646,2,30,000,00,2,1,02,A01
201800053647,2,30,000,00,2,1,01,A01
201800053647,2,10,000,00,2,2,15,B01
201800053648,2,30,000,06,0,1,14,A01
201800053649,2,33,000,00,0,7,01,A01
201800053650,1,02,000,00,2,3,01,B01
201800053650,1,07,000,00,2,2,01,A01
201800053651,1,10,000,02,0,1,14,A01
201800053652,1,07,000,15,0,2,13,A01
201800053653,2,32,000,00,2,7,17,B01
201800053653,2,07,000,00,2,6,13,A01
201800053654,2,34,000,00,2,2,01,B01
201800053654,2,07,000,00,2,5,01,A01
201800053655,2,07,000,00,1,1,15,A01
201800053656,1,07,000,00,2,8,02,B01
201800053656,1,07,000,00,2,2,02,A01
201800053657,2,07,000,00,1,0,01,Z01
201800053658,2,07,000,00,2,4,02,B01
201800053658,2,02,000,00,2,1,02,A01
201800053659,2,07,000,00,1,1,01,A01
201800053660,2,07,000,00,2,3,10,A01
201800053660,2,33,000,00,2,2,09,B01
201800053661,2,07,000,00,2,6,01,B01
201800053661,1,31,000,00,2,1,15,A01
201800053662,1,07,000,00,2,2,01,A01
201800053662,1,31,000,00,2,8,13,B01
201800053663,2,33,000,00,1,1,01,A01
201800053664,2,30,000,00,2,1,01,A01
201800053664,2,10,000,00,2,4,23,B01
201800053665,1,07,000,07,0,1,01,A01
201800053666,0,07,000,15,0,7,13,A01
201800053667,1,32,000,00,0,0,21,A01
201800053668,1,10,000,00,1,1,01,A01
201800053669,1,10,000,00,1,1,01,A01
201800053670,1,34,000,00,2,1,01,A01
201800053670,1,07,000,00,2,8,09,B01
201800053671,2,34,000,01,0,1,14,A01
201800053672,1,02,000,00,2,8,01,A01
201800053672,1,07,000,00,2,6,17,B01
201800053673,2,07,000,00,1,2,15,A01
201800053674,2,07,000,00,2,4,01,A01
201800053674,2,07,000,00,2,5,23,C01
201800053674,2,01,000,00,2,4,23,B01
201800053675,2,07,000,00,1,1,01,A01
201800053676,2,07,000,00,1,2,01,A01
201800053677,2,07,000,00,2,1,01,A01
201800053677,2,07,000,00,2,4,23,B01
201800053678,2,07,000,00,2,3,01,B01
201800053678,2,07,000,00,2,1,01,C01
201800053678,1,01,000,00,2,1,05,A01
201800053679,2,07,000,00,1,1,09,A01
201800053680,1,01,000,00,2,4,19,B01
201800053680,2,07,000,00,2,2,01,A01
201800053681,1,07,000,00,2,3,01,B01
201800053681,1,32,000,00,2,7,01,A01
201800053682,2,32,000,00,2,1,13,Z01
201800053682,1,32,000,00,2,1,01,A01
201800053683,2,07,000,00,2,3,01,A01
201800053683,1,07,000,00,2,1,10,B01
201800053684,1,33,000,00,2,1,01,A01
201800053684,1,07,000,00,2,7,15,B01
201800053685,1,32,000,00,1,2,01,A01
201800053686,1,02,000,00,1,1,01,Z01
201800053687,2,07,000,00,1,1,15,A01
201800053688,1,32,000,00,1,3,01,A01
201800053689,1,07,000,01,2,2,09,A01
201800053689,0,07,000,00,2,6,24,B01
201800053690,1,10,000,00,1,1,01,A01
201800053691,1,07,000,00,1,2,16,A01
201800053692,2,32,000,11,0,1,01,A01
201800053693,1,32,000,00,0,8,01,A01
201800053694,1,07,000,00,2,3,13,A01
201800053694,1,31,000,00,2,2,01,B01
201800053695,2,07,000,00,2,3,09,A01
201800053695,2,31,000,00,2,2,01,B01
201800053696,2,34,000,00,2,1,17,B01
201800053696,2,07,000,00,2,3,15,A01
201800053697,1,07,000,00,2,4,09,A01
201800053697,1,01,000,00,2,1,01,B01
201800053698,2,02,000,00,1,1,01,A01
201800053699,1,07,000,00,1,2,01,A01
201800053700,1,33,000,00,2,7,17,B01
201800053700,1,07,000,00,2,1,10,A01
201800053701,2,07,000,00,2,2,09,A01
201800053701,2,34,000,00,2,8,01,B01
201800053702,1,02,000,00,1,1,01,A01
201800053703,1,07,000,00,2,3,15,B01
201800053703,1,34,000,00,2,1,17,A01
201800053704,1,33,000,00,1,0,01,Z01
201800053705,1,02,000,00,2,1,01,A01
201800053705,1,07,000,00,2,3,15,B01
201800053706,2,10,000,00,2,6,24,B01
201800053706,2,14,000,01,2,5,22,A01
201800053707,1,07,000,00,1,1,05,Z01
201800053708,1,07,000,00,2,1,01,A01
201800053708,1,32,000,00,2,7,01,B01
201800053709,2,34,000,01,0,1,13,A01
201800053710,1,07,000,00,2,8,01,A01
201800053710,1,07,000,00,2,3,01,B01
201800053711,1,10,000,00,1,2,01,A01
201800053712,1,02,000,00,2,1,01,A01
201800053712,2,30,000,00,2,3,09,B01
201800053712,1,07,000,00,2,6,23,C01
201800053713,2,30,000,00,2,1,01,A01
201800053713,1,02,000,00,2,2,15,B01
201800053714,2,07,000,00,1,4,20,A01
201800053715,1,07,000,00,2,2,01,A01
201800053715,2,34,000,00,2,8,01,B01
201800053716,1,33,000,00,1,1,01,A01
201800053717,2,07,000,00,2,8,01,A01
201800053717,2,07,000,00,2,0,14,Z01
201800053718,1,33,000,00,1,1,17,A01
201800053719,2,07,000,00,2,8,15,A01
201800053719,2,02,000,00,2,7,17,B01
201800053720,1,07,000,00,2,4,02,B01
201800053720,1,07,000,00,2,1,02,A01
201800053721,2,07,000,00,1,1,01,A01
201800053722,2,02,000,00,1,1,01,A01
201800053723,1,10,000,00,2,1,01,A01
201800053723,0,07,000,00,2,7,01,B01
201800053724,1,10,000,00,2,4,02,B01
201800053724,1,02,000,00,2,1,02,A01
201800053725,1,07,000,00,2,2,15,B01
201800053725,1,30,000,00,2,1,17,A01
201800053726,2,33,000,00,2,8,18,B01
201800053726,1,07,000,00,2,3,15,A01
201800053727,0,99,000,00,2,0,00,R01
201800053727,1,07,000,00,2,1,01,Z01
201800053728,1,33,000,00,2,1,23,A01
201800053728,1,03,000,00,2,1,05,Z01
201800053729,1,07,000,00,2,3,13,A01
201800053729,1,07,000,11,2,2,17,B01
201800053730,2,31,000,00,2,3,01,B01
201800053730,2,30,000,00,2,2,01,A01
201800053731,1,02,000,00,2,2,17,A01
201800053731,1,07,000,00,2,3,15,B01
201800053732,2,07,000,00,2,3,01,B01
201800053732,1,33,000,00,2,1,01,A01
201800053733,1,07,000,00,1,2,01,A01
201800053734,1,32,000,00,0,1,01,A01
201800053735,1,07,000,00,2,5,10,B01
201800053735,2,34,000,00,2,1,01,A01
201800053736,1,07,000,00,2,7,14,A01
201800053736,1,02,000,00,2,8,01,B01
201800053737,2,10,000,00,2,4,23,C01
201800053737,2,07,000,00,2,3,02,A01
201800053737,2,07,000,00,2,5,23,B01
201800053738,1,32,000,00,1,1,01,Z01
201800053739,2,31,000,00,2,3,03,B01
201800053739,2,07,000,00,2,2,12,A01
201800053740,2,10,000,00,2,2,16,B01
201800053740,2,02,000,00,2,8,18,A01
201800053741,2,30,000,00,1,1,01,A01
201800053742,2,31,000,00,2,3,18,A01
201800053742,2,07,000,00,2,5,16,B01
201800053743,1,34,000,00,2,2,17,B01
201800053743,1,07,000,00,2,3,15,A01
201800053744,1,07,000,00,2,6,23,B01
201800053744,1,07,000,00,2,2,01,A01
201800053745,2,30,000,00,2,2,01,B01
201800053745,1,10,000,00,2,3,10,A01
201800053746,2,33,000,00,1,1,01,A01
201800053747,1,02,000,00,1,3,01,A01
201800053748,2,07,000,00,1,1,01,A01
201800053749,1,32,000,00,2,8,18,B01
201800053749,1,17,000,00,2,7,12,A01
201800053750,0,99,000,00,2,1,19,A01
201800053750,2,07,000,00,2,7,01,B01
201800053751,1,07,000,00,1,3,01,A01
201800053752,2,02,000,00,1,1,01,A01
201800053753,2,07,000,01,0,3,14,A01
201800053754,2,10,000,00,1,8,15,A01
201800053754,0,99,000,00,2,0,00,R01
201800053755,2,02,000,00,2,8,01,B01
201800053755,2,07,000,00,2,1,01,A01
201800053756,1,07,000,00,2,5,10,B01
201800053756,1,33,000,00,2,1,01,A01
201800053756,1,07,000,00,2,4,23,C01
201800053757,1,02,000,00,2,1,01,A01
201800053757,2,07,000,00,2,6,01,B01
201800053758,1,07,000,00,2,3,01,A01
201800053758,1,01,000,00,2,3,19,B01
201800053759,1,34,000,00,2,1,01,A01
201800053759,1,07,000,00,2,3,10,Z01
201800053760,2,07,000,00,2,1,15,Z01
201800053760,2,32,000,00,2,3,18,A01
201800053761,1,33,000,00,2,3,01,B01
201800053761,1,07,000,00,2,2,10,A01
201800053762,1,07,000,00,1,4,20,A01
201800053763,1,01,000,00,2,6,01,A01
201800053763,1,07,000,00,2,7,14,Z01
201800053764,1,07,000,00,2,4,23,B01
201800053764,1,07,000,00,2,4,23,C01
201800053764,1,07,000,00,2,1,02,A01
201800053765,2,32,000,00,2,8,01,A01
201800053765,2,07,000,00,2,5,23,B01
201800053766,1,07,000,00,1,1,01,A01
201800053767,1,07,000,00,2,2,09,A01
201800053767,1,02,000,00,2,3,01,B01
201800053768,1,01,000,00,2,1,02,A01
201800053768,1,07,000,00,2,4,23,B01
201800053769,1,07,000,00,2,3,01,A01
201800053769,2,33,000,00,2,1,01,B01
201800053770,1,34,000,00,2,3,01,B01
201800053770,1,02,000,00,2,5,01,A01
201800053771,2,07,000,00,1,0,16,A01
201800053772,2,30,000,00,2,1,01,B01
201800053772,1,07,000,00,2,1,15,A01
201800053773,1,33,000,00,1,3,17,A01
201800053774,1,33,000,00,2,8,01,A01
201800053774,2,07,000,00,2,2,15,B01
201800053775,1,32,000,01,0,1,01,A01
201800053776,2,33,000,00,2,8,01,B01
201800053776,1,07,000,00,2,3,01,A01
201800053777,1,32,000,00,2,1,01,A01
201800053777,1,07,000,00,2,2,15,B01
201800053778,2,07,000,00,1,3,16,A01
201800053779,1,07,000,00,1,1,01,A01
201800053780,2,32,000,00,2,1,18,A01
201800053780,2,07,000,00,2,5,22,B01
201800053781,2,02,000,00,2,1,01,A01
201800053781,1,07,000,00,2,3,01,B01
201800053782,1,07,000,00,1,1,16,Z01
201800053783,2,02,000,00,2,1,01,A01
201800053783,1,31,000,00,2,3,01,B01
201800053784,2,07,000,00,2,3,01,A01
201800053784,2,02,000,00,2,4,21,B01
201800053785,2,32,000,00,2,7,17,B01
201800053785,2,07,000,00,2,3,13,A01
201800053786,1,07,000,00,2,2,02,A01
201800053786,1,33,000,00,2,4,23,B01
201800053787,1,02,000,00,1,1,01,A01
201800053788,1,02,000,00,2,1,05,A01
201800053788,2,07,000,00,2,3,01,B01
201800053789,2,10,000,00,2,3,01,A01
201800053789,1,01,000,00,2,1,05,B01
201800053790,2,01,000,00,2,2,19,B01
201800053790,2,07,000,00,2,1,16,A01
201800053791,2,07,000,00,1,2,15,A01
201800053792,2,10,000,00,2,3,22,A01
201800053792,2,01,000,00,2,2,01,B01
201800053793,1,07,000,00,2,8,22,B01
201800053793,1,02,000,00,2,1,01,A01
201800053794,2,33,000,00,2,1,01,A01
201800053794,2,10,000,00,2,8,15,B01
201800053795,2,07,000,00,2,8,15,B01
201800053795,2,31,000,00,2,7,17,A01
201800053796,1,07,000,00,1,2,15,A01
201800053797,2,02,000,00,2,3,02,A01
201800053797,2,10,000,00,2,2,16,B01