Num_Acc,senc,catv,occutc,obs,obsm,choc,manv,num_veh
201800054190,1,07,000,00,1,1,01,B01
201800054191,1,10,000,00,1,4,04,A01
201800054192,1,31,000,00,2,1,01,B01
201800054192,1,07,000,00,2,3,16,A01
201800054193,1,07,000,00,1,1,15,A01
201800054194,1,07,000,00,1,2,01,A01
201800054195,1,38,001,00,2,1,11,A01
201800054195,1,33,000,00,2,4,18,B01
201800054196,2,10,000,00,1,1,16,A01
201800054197,0,32,000,00,1,1,01,A01
201800054198,0,07,000,00,2,0,02,Z01
201800054198,0,30,000,00,2,4,23,A01
201800054199,1,01,000,00,1,1,01,A01
201800054200,1,32,000,09,0,1,20,A01
201800054201,2,30,000,00,1,1,01,Z01
201800054202,1,10,000,00,2,8,01,B01
201800054202,2,33,000,00,2,0,17,A01
201800054203,1,07,000,00,2,3,15,A01
201800054203,1,33,000,00,2,1,01,B01
201800054204,2,02,000,00,2,0,09,Z01
201800054204,1,01,000,00,2,3,05,B01
201800054205,1,01,000,00,2,4,01,B01
201800054205,1,07,000,00,2,3,01,A01
201800054206,1,07,000,00,1,2,16,A01
201800054207,1,07,000,00,1,3,01,Z01
201800054208,2,07,000,00,2,6,11,A01
201800054208,2,31,000,00,2,0,01,B01
201800054209,1,07,000,00,1,4,04,A01
201800054210,1,07,000,00,2,8,01,B01
201800054210,1,10,000,00,2,1,15,A01
201800054211,1,01,000,00,1,1,19,A01
201800054212,1,30,000,00,0,8,01,A01
201800054213,2,30,000,00,2,1,01,A01
201800054213,2,07,000,00,2,8,01,B01
201800054214,1,30,000,00,2,2,01,B01
201800054214,1,33,000,00,2,2,01,A01
201800054215,2,33,000,00,1,3,17,A01
201800054216,2,31,000,00,1,1,01,A01
201800054217,2,30,000,00,1,1,01,A01
201800054218,2,07,000,14,0,2,14,A01
201800054219,2,07,000,00,1,2,01,A01
201800054220,2,07,000,00,2,4,10,C01
201800054220,2,07,000,00,2,1,15,A01
201800054220,2,07,000,00,2,3,15,B01
201800054221,1,07,000,00,1,8,01,A01
201800054222,2,31,000,00,2,8,01,A01
201800054222,1,07,000,00,2,6,13,Z01
201800054223,1,07,000,00,1,1,01,Z01
201800054224,1,02,000,00,2,8,01,A01
201800054224,2,30,000,00,2,1,01,Z01
201800054225,2,01,000,00,1,1,07,A01
201800054226,1,07,000,00,1,2,01,A01
201800054227,1,10,000,00,1,6,04,A01
201800054228,2,01,000,00,2,1,01,B01
201800054228,1,07,000,00,2,3,15,A01
201800054229,1,30,000,00,1,8,01,Z01
201800054230,1,31,000,00,2,3,07,B01
201800054230,1,10,000,00,2,2,16,A01
201800054231,2,07,000,00,2,1,02,B01
201800054231,1,07,000,00,2,1,05,A01
201800054231,2,13,000,00,2,1,02,C01
201800054232,2,07,000,00,1,2,21,A01
201800054233,2,07,000,00,2,1,01,B01
201800054233,2,10,000,00,2,7,01,A01
201800054234,1,07,000,00,2,5,15,A01
201800054234,2,31,000,00,2,1,01,B01
201800054235,2,07,000,00,2,2,02,A01
201800054235,2,99,000,00,2,4,02,B01
201800054236,1,02,000,00,2,5,17,B01
201800054236,1,07,000,00,2,3,01,A01
201800054237,1,07,000,00,1,3,01,A01
201800054238,1,30,000,00,1,1,01,A01
201800054239,0,33,000,00,1,1,01,A01
201800054240,1,07,000,00,2,1,17,A01
201800054240,2,32,000,00,2,1,01,B01
201800054241,1,07,000,00,1,8,01,A01
201800054242,2,07,000,00,2,8,01,B01
201800054242,2,33,000,00,2,1,01,A01
201800054243,2,07,000,00,1,1,18,A01
201800054244,1,30,000,00,2,1,18,B01
201800054244,1,07,000,00,2,2,16,A01
201800054245,1,07,000,00,2,8,23,B01
201800054245,1,32,000,00,2,2,02,A01
201800054246,2,10,000,00,2,1,10,Z01
201800054246,1,32,000,00,2,1,01,A01
201800054247,1,07,000,00,2,7,01,A01
201800054247,1,07,000,00,2,1,01,B01
201800054248,1,07,000,00,1,7,07,A01
201800054249,1,33,000,00,2,8,17,A01
201800054249,1,07,000,00,2,0,15,B01
201800054250,2,07,000,00,2,2,16,Z01
201800054250,2,02,000,00,2,3,18,A01
201800054251,1,07,000,00,1,3,01,A01
201800054252,0,01,000,00,2,2,19,B01
201800054252,1,10,000,00,2,1,01,A01
201800054253,2,32,000,00,2,1,05,B01
201800054253,1,10,000,00,2,1,01,A01
201800054254,1,10,000,00,2,4,02,B01
201800054254,1,07,000,00,2,1,02,A01
201800054255,2,33,000,00,1,2,01,A01
201800054256,1,07,000,00,1,2,01,A01
201800054257,1,07,000,00,1,4,20,A01
201800054258,1,40,001,00,2,2,01,B01
201800054258,2,99,000,00,4,7,01,A01
201800054259,1,07,000,00,2,0,15,Z01
201800054259,2,30,000,00,2,1,01,B01
201800054260,2,31,000,00,2,8,07,B01
201800054260,1,07,000,00,2,1,15,A01
201800054261,1,99,000,00,2,1,07,B01
201800054261,1,16,000,00,2,3,22,A01
201800054262,2,07,000,00,2,1,02,A01
201800054262,2,10,000,00,2,4,23,B01
201800054263,1,30,000,00,2,1,01,B01
201800054263,1,07,000,00,2,7,15,A01
201800054264,2,07,000,00,1,2,01,Z01
201800054265,1,01,000,00,2,1,01,B01
201800054265,1,07,000,00,2,7,16,A01
201800054266,2,32,000,00,1,1,01,A01
201800054267,1,07,000,00,2,7,01,B01
201800054267,2,07,000,00,2,1,01,A01
201800054268,1,07,000,00,1,1,16,A01
201800054269,1,07,000,00,1,1,01,A01
201800054270,2,02,000,00,2,1,18,B01
201800054270,2,07,000,00,2,2,16,A01
201800054271,2,07,000,00,2,6,15,B01
201800054271,1,30,000,00,2,1,01,A01
201800054272,0,07,000,00,1,1,09,A01
201800054273,1,37,001,00,1,2,01,A01
201800054274,1,01,000,00,2,2,01,B01
201800054274,1,38,001,00,2,3,09,A01
201800054275,2,30,000,00,2,1,01,B01
201800054275,1,07,000,00,2,5,15,A01
201800054276,2,30,000,00,2,7,01,A01
201800054276,2,07,000,00,2,0,14,Z01
201800054277,0,32,000,14,2,0,18,B01
201800054277,0,30,000,00,2,3,01,A01
201800054277,0,07,000,00,2,3,13,C01
201800054278,1,31,000,00,1,1,18,A01
201800054279,2,99,000,00,2,1,01,A01
201800054279,2,07,000,00,2,1,15,B01
201800054280,1,33,000,00,1,1,01,A01
201800054281,1,33,000,00,2,1,01,B01
201800054281,1,07,000,00,2,3,10,A01
201800054282,2,34,000,00,2,3,15,A01
201800054282,2,07,000,00,2,1,01,B01
201800054283,0,07,000,00,1,1,01,Z01
201800054284,1,07,000,00,2,3,09,A01
201800054284,1,02,000,00,2,2,01,B01
201800054285,1,07,000,00,2,2,01,B01
201800054285,1,33,000,00,2,3,13,A01
201800054286,2,01,000,00,1,1,01,A01
201800054287,2,30,000,00,2,2,01,A01
201800054287,2,01,000,00,2,6,19,B01
201800054288,2,10,000,00,1,6,04,A01
201800054289,1,10,000,00,1,6,04,A01
201800054290,1,07,000,00,2,1,02,A01
201800054290,1,07,000,00,2,1,23,B01
201800054290,1,10,000,00,2,4,23,C01
201800054291,1,07,000,00,1,1,01,Z01
201800054292,1,37,001,00,1,7,01,A01
201800054293,2,30,000,00,2,8,01,Z01
201800054293,2,32,000,00,2,1,01,A01
201800054294,2,01,000,00,2,1,01,B01
201800054294,2,07,000,00,2,3,15,A01
201800054295,1,07,000,00,2,2,16,A01
201800054295,1,32,000,00,2,3,07,B01
201800054296,1,07,000,00,2,8,10,A01
201800054296,1,02,000,00,2,2,01,B01
201800054297,2,07,000,00,2,2,01,A01
201800054297,2,34,000,00,2,1,01,B01
201800054298,2,10,000,00,2,1,15,A01
201800054298,1,34,000,00,2,1,01,B01
201800054299,2,32,000,00,1,3,01,A01
201800054300,2,10,000,00,2,1,01,B01
201800054300,2,32,000,00,2,2,01,A01
201800054301,1,30,000,00,2,2,01,A01
201800054301,1,07,000,00,2,0,15,Z01
201800054302,2,30,000,00,2,4,23,A01
201800054302,2,07,000,00,2,1,02,Z01
201800054303,2,07,000,00,2,7,16,A01
201800054303,2,33,000,00,2,8,18,B01
201800054304,2,30,000,00,1,6,01,A01
201800054305,2,07,000,00,1,7,07,A01
201800054306,2,32,000,00,2,1,02,A01
201800054306,2,03,000,00,2,5,23,B01
201800054307,2,07,000,00,1,3,01,A01
201800054308,1,01,000,00,1,8,01,A01
201800054309,2,02,000,00,1,2,01,A01
201800054310,1,07,000,00,1,1,16,A01
201800054311,2,07,000,00,2,6,23,A01
201800054311,2,07,000,00,2,2,02,Z01
201800054312,1,07,000,00,1,3,01,A01
201800054313,1,07,000,00,2,3,15,B01
201800054313,2,07,000,00,2,3,01,A01
201800054314,1,07,000,00,1,1,01,A01
201800054315,1,07,000,11,0,3,13,A01
201800054316,1,01,000,00,2,1,01,B01
201800054316,1,10,000,00,2,2,16,A01
201800054317,1,07,000,00,1,4,20,A01
201800054318,1,01,000,00,2,7,01,A01
201800054318,1,07,000,00,2,3,15,B01
201800054319,2,07,000,00,1,2,01,A01
201800054320,1,34,000,00,1,1,01,A01
201800054321,1,33,000,00,1,1,01,A01
201800054322,2,01,000,00,2,7,01,B01
201800054322,2,07,000,00,2,3,11,A01
201800054323,1,07,000,00,1,3,01,A01
201800054324,1,30,000,00,2,1,05,Z01
201800054324,2,01,000,00,2,1,01,A01
201800054325,2,07,000,00,1,2,15,A01
201800054326,1,34,000,00,1,0,01,A01
201800054327,1,34,000,00,0,0,01,A01
201800054328,2,32,000,00,0,8,15,A01
201800054329,2,07,000,00,1,3,16,A01
201800054330,1,07,000,00,1,2,15,A01
201800054331,1,07,000,00,2,3,09,A01
201800054331,1,32,000,00,2,1,01,B01
201800054332,1,01,000,00,1,1,01,A01
201800054333,2,31,000,00,2,3,17,A01
201800054333,2,07,000,00,2,3,10,Z01
201800054334,2,01,000,00,2,1,01,B01
201800054334,2,07,000,00,2,3,22,A01
201800054335,2,30,000,00,2,7,17,A01
201800054335,2,07,000,00,2,3,15,B01
201800054336,1,07,000,00,2,2,01,B01
201800054336,1,07,000,00,2,3,09,A01
201800054337,2,02,000,00,1,0,01,A01
201800054338,2,07,000,00,1,3,04,A01
201800054339,2,01,000,00,1,1,01,A01
201800054340,1,01,000,00,1,1,01,A01
201800054341,1,15,000,00,2,7,01,B01
201800054341,1,07,000,07,2,9,18,A01
201800054342,2,07,000,00,2,1,02,A01
201800054342,2,07,000,00,2,4,23,C01
201800054342,2,07,000,00,2,4,23,B01
201800054343,1,30,000,00,1,1,01,Z01
201800054344,2,30,000,00,1,1,01,A01
201800054345,2,31,000,00,2,7,01,B01
201800054345,2,07,000,00,2,8,13,A01
201800054346,1,10,000,00,1,8,01,A01
201800054347,2,07,000,00,1,7,01,A01
201800054348,0,02,000,08,0,3,13,A01
201800054349,1,30,000,00,1,1,05,A01
201800054350,1,07,000,00,1,2,15,A01
201800054351,1,33,000,00,2,1,01,B01
201800054351,2,07,000,00,2,3,15,A01
201800054352,1,07,000,00,1,3,01,A01
201800054353,1,07,000,00,9,8,15,Z01
201800054353,2,01,000,00,2,7,01,A01
201800054354,2,30,000,00,1,1,01,A01
201800054355,1,07,000,00,2,2,15,A01
201800054355,2,34,000,00,2,1,01,B01
201800054356,1,10,000,00,2,3,10,A01
201800054356,1,30,000,00,2,1,01,B01
201800054357,1,33,000,00,2,4,23,B01
201800054357,1,07,000,00,2,1,02,C01
201800054357,1,07,000,00,2,6,23,A01
201800054358,2,10,000,00,2,6,23,B01
201800054358,2,34,000,00,2,1,02,A01
201800054359,2,30,000,00,1,1,01,Z01
201800054360,2,34,000,00,1,1,01,Z01
201800054361,1,10,000,00,2,3,15,A01
201800054361,1,02,000,00,2,6,01,B01
201800054362,1,32,000,00,0,7,01,A01
201800054363,1,07,000,00,2,1,01,A01
201800054363,1,07,000,00,2,4,01,B01
201800054364,1,32,000,00,2,6,09,B01
201800054364,1,07,000,00,2,8,01,A01
201800054365,2,07,000,00,1,2,00,A01
201800054366,2,07,000,00,1,1,16,A01
201800054367,1,07,000,00,1,2,01,A01
201800054368,1,10,000,00,2,3,24,B01
201800054368,1,15,000,00,2,5,01,A01
201800054369,1,10,000,00,1,3,15,Z01
201800054370,2,01,000,00,2,1,05,A01
201800054370,1,07,000,00,2,8,15,B01
201800054371,1,07,000,00,2,1,14,Z01
201800054371,1,33,000,00,2,3,17,A01
201800054371,1,07,000,00,2,8,23,B01
201800054372,1,07,000,00,2,1,01,B01
201800054372,1,07,000,00,2,5,01,A01
201800054373,1,02,000,00,2,3,13,B01
201800054373,1,07,000,00,2,5,01,A01
201800054374,1,07,000,00,2,2,01,A01
201800054374,2,10,000,01,2,6,10,Z01
201800054375,1,02,000,00,0,0,15,A01
201800054376,1,07,000,00,2,6,23,C01
201800054376,1,30,000,00,2,4,23,B01
201800054376,1,07,000,00,2,6,02,A01
201800054377,1,07,000,00,2,7,16,A01
201800054377,1,30,000,00,2,3,18,B01
201800054378,2,07,000,00,2,1,01,A01
201800054378,0,32,000,00,2,8,01,B01
201800054379,0,07,000,00,2,0,16,B01
201800054379,0,02,000,00,2,0,18,A01
201800054380,1,31,000,07,0,1,14,A01
201800054381,1,10,000,00,2,6,11,B01
201800054381,1,31,000,00,2,1,01,A01
201800054382,1,01,000,00,2,1,19,B01
201800054382,1,07,000,00,2,1,16,A01
201800054383,1,34,000,00,2,3,01,A01
201800054383,2,07,000,00,2,3,23,B01
201800054384,1,10,000,00,2,2,16,Z01
201800054384,1,02,000,00,2,3,01,A01
201800054385,2,30,000,00,2,8,18,A01
201800054385,2,34,000,00,2,4,16,B01
201800054386,2,07,000,08,2,3,01,B01
201800054386,1,10,000,00,2,2,15,A01
201800054387,1,30,000,00,1,1,07,A01
201800054388,1,02,000,00,1,8,03,A01
201800054389,2,07,000,00,1,1,15,A01
201800054390,1,33,000,01,0,2,15,A01
201800054391,1,07,000,00,2,2,01,A01
201800054391,1,99,000,00,2,0,19,B01
201800054392,1,37,000,00,2,2,01,A01
201800054392,1,30,000,08,2,0,13,Z01
201800054393,1,10,000,00,2,4,02,B01
201800054393,1,07,000,00,2,1,02,A01
201800054394,1,37,000,00,1,7,01,A01
201800054395,1,02,000,12,0,8,01,A01
201800054396,2,07,000,00,2,0,13,Z01
201800054396,2,30,000,00,2,7,17,A01
201800054397,1,07,000,00,2,2,22,A01
201800054397,1,01,000,01,2,1,01,B01
201800054398,2,07,000,00,2,3,10,A01
201800054398,2,01,000,00,2,1,01,B01
201800054399,2,07,000,00,2,3,09,A01
201800054399,2,31,000,00,2,2,01,B01
201800054400,1,99,000,00,2,0,00,B01
201800054400,1,07,000,00,2,2,01,A01
201800054401,1,07,000,00,2,1,01,B01
201800054401,1,07,000,00,2,7,01,A01
201800054402,1,07,000,00,1,1,01,A01
201800054403,2,07,000,00,1,1,16,A01
201800054404,2,07,000,00,2,6,09,A01
201800054404,2,33,000,00,2,8,01,B01
201800054405,1,10,000,00,2,6,24,B01
201800054405,1,07,000,01,2,2,14,A01
201800054406,2,07,000,00,1,4,20,A01
201800054407,1,10,000,00,1,1,01,A01
201800054408,1,07,000,00,1,2,01,A01
201800054409,2,30,000,00,2,2,17,A01
201800054409,2,01,000,00,2,3,13,B01
201800054410,1,01,000,00,2,1,16,A01
201800054410,1,10,000,00,2,5,16,B01
201800054411,1,07,000,00,2,1,01,B01
201800054411,1,07,000,00,2,4,16,A01
201800054411,1,30,000,00,2,8,01,C01
201800054412,2,02,000,00,2,1,17,A01
201800054412,2,07,000,00,2,3,13,Z01
201800054413,1,34,000,00,2,3,09,A01
201800054413,1,07,000,00,2,1,01,Z01
201800054414,2,07,000,00,2,3,22,A01
201800054414,2,01,000,00,2,1,01,B01
201800054415,2,31,000,00,2,7,17,B01
201800054415,2,07,000,00,2,3,10,A01
201800054416,1,10,000,08,0,9,16,A01
201800054417,1,30,000,00,2,1,01,B01
201800054417,2,07,000,00,2,7,15,A01
201800054418,1,07,000,00,1,0,01,Z01
201800054419,1,07,000,00,2,3,01,A01
201800054419,2,34,000,00,2,1,15,B01
201800054420,1,07,000,00,2,4,23,C01
201800054420,1,07,000,00,2,1,02,A01
201800054420,1,07,000,00,2,3,23,B01
201800054421,2,07,000,00,1,0,01,Z01
201800054422,2,31,000,00,2,3,17,A01
201800054422,2,07,000,00,2,3,01,B01
201800054423,1,10,000,00,1,4,04,A01
201800054424,1,32,000,00,2,2,01,B01
201800054424,1,10,000,00,2,3,09,A01
201800054425,1,07,000,00,1,2,01,A01
201800054426,1,02,000,00,1,1,05,Z01
201800054427,2,32,000,00,2,7,17,B01
201800054427,2,07,000,00,2,8,13,A01
201800054428,2,02,000,00,1,1,01,A01
201800054429,1,10,000,00,1,1,01,A01
201800054430,1,01,000,00,1,1,07,A01
201800054431,2,99,000,00,2,2,01,B01
201800054431,2,07,000,00,2,2,09,A01
201800054432,1,02,000,00,2,7,01,B01
201800054432,1,07,000,00,2,7,09,A01
201800054433,1,31,000,00,2,7,18,B01
201800054433,1,07,000,00,2,0,22,A01
201800054434,1,10,000,00,2,3,15,A01
201800054434,1,30,000,00,2,2,17,B01
201800054435,1,01,000,00,1,1,21,A01
201800054436,1,07,000,00,2,2,15,A01
201800054436,2,02,000,00,2,1,01,B01
201800054437,1,07,000,00,1,1,01,Z01
201800054438,1,02,000,00,2,6,01,A01
201800054438,2,07,000,00,2,3,10,Z01
201800054439,1,34,000,00,2,1,01,B01
201800054439,1,07,000,00,2,2,09,A01
201800054440,2,01,000,00,2,8,19,B01
201800054440,2,07,000,00,2,8,01,A01
201800054441,1,07,000,00,1,1,15,A01
201800054442,2,30,000,00,2,1,01,A01
201800054442,2,07,000,00,2,4,16,B01
201800054443,2,31,000,01,0,0,13,A01
201800054444,2,33,000,00,2,1,01,B01
201800054444,1,30,000,00,2,1,01,A01
201800054445,1,01,000,01,0,1,14,A01
201800054446,1,07,000,00,1,2,01,A01
201800054447,1,10,000,00,2,0,09,A01
201800054447,1,31,000,00,2,0,01,B01
201800054448,2,32,000,00,0,8,17,A01
201800054449,1,32,000,01,1,1,05,A01
201800054450,1,02,000,00,2,1,23,A01
201800054450,1,32,000,00,2,4,01,B01
201800054451,1,32,000,00,2,1,17,A01
201800054451,1,07,000,00,2,3,15,B01
201800054452,1,34,000,00,1,1,01,A01
201800054453,0,30,000,00,1,1,01,A01
201800054454,1,10,000,00,2,3,22,A01
201800054454,1,07,000,00,2,2,01,B01
201800054455,1,30,000,00,2,9,17,A01
201800054455,1,07,000,00,2,3,15,B01
201800054456,1,07,000,00,2,3,01,Z01
201800054456,1,02,000,00,2,7,09,A01
201800054457,2,07,000,00,2,4,23,B01
201800054457,2,38,000,00,2,1,01,A01
201800054458,1,33,000,00,2,1,07,A01
201800054458,1,07,000,00,2,7,01,B01
201800054459,1,07,000,00,2,7,17,A01
201800054459,1,01,000,00,2,8,01,B01
201800054460,2,34,000,00,2,8,01,B01
201800054460,2,07,000,00,2,1,15,A01
201800054461,2,31,000,00,2,7,17,A01
201800054461,2,10,000,00,2,8,15,B01
201800054462,1,30,000,00,1,1,17,A01
201800054463,1,07,000,00,2,2,16,A01
201800054463,1,01,000,00,2,3,01,B01
201800054464,1,01,000,00,2,6,01,A01
201800054464,2,07,000,00,2,3,15,Z01
201800054465,2,31,000,00,2,7,01,B01
201800054465,2,07,000,00,2,1,01,A01
201800054466,2,07,000,00,1,2,01,A01
201800054467,2,02,000,00,2,1,01,A01
201800054467,2,07,000,00,2,4,23,B01
201800054468,1,07,000,00,2,1,01,A01
201800054468,1,07,000,00,2,2,01,Z01
201800054469,2,10,000,00,1,3,15,A01
201800054470,1,30,000,00,2,7,01,B01
201800054470,2,07,000,00,2,3,15,A01
201800054471,1,02,000,00,2,1,01,A01
201800054471,1,07,000,00,2,2,22,B01
201800054472,1,07,000,00,1,3,01,A01
201800054473,1,10,000,00,2,0,01,Z01
201800054473,2,34,000,00,2,4,01,A01
201800054474,1,10,000,01,2,2,09,A01
201800054474,1,34,000,01,2,3,01,B01
201800054475,2,07,000,00,1,2,01,A01
201800054476,2,30,000,00,2,4,01,B01
201800054476,2,07,000,00,2,4,20,A01
201800054477,2,07,000,00,2,2,01,A01
201800054477,2,33,000,00,2,8,01,B01
201800054478,1,07,000,00,2,7,17,A01
201800054478,1,01,000,00,2,8,07,B01
201800054479,1,10,000,00,2,3,15,A01
201800054479,1,02,000,00,2,7,17,B01
201800054480,1,07,000,00,2,5,16,B01
201800054480,1,32,000,00,2,1,07,A01
201800054481,1,07,000,00,2,2,15,B01
201800054481,1,32,000,00,2,3,01,A01
201800054482,1,01,000,00,0,1,01,Y01
201800054483,1,07,000,00,2,2,22,B01
201800054483,1,34,000,00,2,7,18,A01
201800054484,2,07,000,00,1,1,01,A01
201800054485,1,07,000,00,2,1,10,A01
201800054485,2,32,000,00,2,1,01,B01
201800054486,1,07,000,00,2,1,09,A01
201800054486,1,02,000,00,2,7,01,B01
201800054487,2,01,000,00,2,1,01,A01
201800054487,2,07,000,00,2,5,23,B01
201800054488,0,07,000,00,2,1,01,Z01
201800054488,0,01,000,00,2,7,01,B01
201800054489,1,30,000,00,2,8,01,A01
201800054489,2,07,000,00,2,0,00,Z01
201800054490,1,02,000,00,2,1,08,A01
201800054490,1,01,000,00,2,8,19,B01
201800054491,2,07,000,00,2,4,02,B01
201800054491,2,07,000,00,2,1,02,A01
201800054492,1,30,000,00,1,0,00,Z01
201800054493,1,02,000,07,0,0,21,A01
201800054494,1,07,000,00,1,3,01,B01
201800054495,2,07,000,00,2,1,09,B01
201800054495,1,30,000,00,2,1,01,A01
201800054496,1,07,000,00,2,4,01,Z01
201800054496,1,32,000,00,2,1,01,A01
201800054497,1,34,000,00,2,3,01,B01
201800054497,1,07,000,00,2,2,09,A01
201800054498,0,07,000,00,2,8,02,B01
201800054498,0,07,000,00,2,2,14,A01
201800054499,2,07,000,00,2,2,15,Z01
201800054499,1,30,000,00,2,2,01,B01
201800054500,1,07,000,00,1,2,01,A01
201800054501,2,30,000,00,2,1,01,B01
201800054501,1,30,000,00,2,4,17,A01
201800054502,1,07,000,00,1,3,01,A01
201800054503,2,07,000,01,1,1,01,A01
201800054504,1,10,000,00,2,4,07,B01
201800054504,1,32,000,00,2,1,07,A01
201800054505,1,07,000,00,2,1,01,A01
201800054505,1,30,000,00,2,4,20,B01
201800054506,0,07,000,00,2,2,15,B01
201800054506,0,07,000,00,2,3,16,A01
201800054507,0,07,000,07,2,3,01,B01
201800054507,1,30,000,00,2,2,01,A01
201800054508,1,07,000,00,2,2,07,A01
201800054508,1,07,000,00,2,8,15,B01
201800054509,1,10,000,00,2,3,22,A01
201800054509,1,02,000,00,2,7,01,B01
201800054510,2,30,000,00,0,7,01,A01
201800054511,2,34,000,00,1,1,01,A01
201800054512,1,07,000,00,2,8,15,B01
201800054512,1,32,000,00,2,5,17,A01
201800054513,1,07,000,00,2,5,16,A01
201800054513,1,30,000,00,2,3,01,B01
201800054514,1,10,000,00,2,5,01,D01
201800054514,1,10,000,00,2,2,23,B01
201800054514,1,07,000,00,2,6,23,C01
201800054514,1,10,000,00,2,1,13,A01
201800054515,2,07,000,00,2,2,08,A01
201800054515,0,31,000,00,2,6,15,B01
201800054516,2,07,000,00,2,2,01,B01
201800054516,2,30,000,00,2,3,18,A01
201800054517,2,10,000,00,2,1,15,B01
201800054517,1,30,000,00,2,3,01,A01
201800054518,1,07,000,00,2,2,01,B01
201800054518,1,31,000,00,2,3,13,A01
201800054519,1,07,000,00,2,2,01,B01
201800054519,2,01,000,00,2,1,05,A01
201800054520,1,33,000,12,0,1,13,A01
201800054521,1,07,000,00,2,2,01,A01
201800054521,1,32,000,00,2,4,23,B01
201800054522,0,99,000,00,2,3,01,A01
201800054522,0,01,000,00,2,1,01,B01
201800054523,1,07,000,09,1,1,01,Z01
201800054524,2,07,000,00,2,2,01,A01
201800054524,2,30,000,00,1,1,03,Z01
201800054525,2,30,000,00,1,3,01,A01
201800054526,2,01,000,00,0,0,21,A01
201800054527,2,07,000,00,2,8,22,Z01
201800054527,2,32,000,00,2,1,17,A01
201800054527,1,07,000,00,2,3,01,B01
201800054528,2,07,000,00,1,3,01,A01
201800054529,2,30,000,01,2,2,01,A01
201800054529,2,07,000,00,2,6,20,B01
201800054530,2,33,000,00,2,6,23,B01
201800054530,2,34,000,00,2,1,02,A01
201800054531,2,01,000,00,2,4,01,A01
201800054531,2,07,000,00,2,1,02,Z01
201800054532,1,07,000,00,2,2,01,B01
201800054532,1,07,000,00,2,3,11,A01
201800054533,2,07,000,00,2,3,10,A01
201800054533,1,02,000,00,2,3,01,B01
201800054534,1,10,000,00,2,1,02,A01
201800054534,1,07,000,00,2,4,02,B01
201800054535,2,07,000,00,2,2,01,B01
201800054535,2,07,000,00,2,0,11,Z01
201800054536,1,07,000,00,2,8,01,B01
201800054536,2,07,000,00,2,8,15,A01
201800054536,2,30,000,00,2,8,01,C01
201800054537,2,07,000,00,2,4,23,B01
201800054537,2,10,000,00,2,1,02,A01
201800054538,1,31,000,00,1,1,01,A01
201800054539,1,07,000,01,2,3,13,A01
201800054539,1,32,000,00,2,2,17,B01
201800054540,2,34,000,00,2,7,03,B01
201800054540,2,07,000,00,2,7,12,A01
201800054540,2,07,000,00,2,6,01,C01
201800054541,1,10,000,00,1,2,01,A01
201800054542,2,30,000,00,1,3,21,A01
201800054543,2,07,000,00,1,0,01,A01
201800054544,2,32,000,00,1,1,01,Z01
201800054545,1,10,000,00,2,2,16,A01
201800054545,1,30,000,00,2,4,16,B01
201800054546,1,32,000,00,2,8,03,B01
201800054546,1,07,000,00,0,0,01,A01
201800054547,1,30,000,,1,,01,Z01
201800054548,2,30,000,12,0,1,15,A01
201800054549,0,07,000,00,2,2,15,A01
201800054549,0,34,000,00,2,3,01,B01
201800054550,1,01,000,00,0,0,01,A01
201800054551,1,30,000,00,0,0,01,A01
201800054552,1,40,078,00,1,7,01,A01
201800054553,2,30,000,00,2,2,17,B01
201800054553,2,07,000,00,2,4,15,A01
201800054554,1,10,000,00,2,1,01,A01
201800054554,1,07,000,00,2,4,23,C01
201800054554,1,07,000,00,2,4,23,B01
201800054555,1,34,000,00,1,2,01,Z01
201800054556,1,07,000,00,1,2,16,A01
201800054557,2,32,000,00,1,5,02,Z01
201800054558,2,30,000,00,2,1,01,B01
201800054558,1,07,000,00,2,3,16,A01
201800054559,2,07,000,00,2,1,01,A01
201800054559,1,99,000,00,2,0,19,B01
201800054560,2,07,000,07,0,8,14,A01
201800054561,2,10,000,00,1,8,01,A01
201800054562,1,07,000,00,2,1,07,Z01
201800054562,1,33,000,12,2,4,16,A01
201800054563,0,07,000,00,2,4,02,Z01
201800054563,0,30,000,00,2,1,02,A01
201800054564,1,01,000,00,2,8,01,B01
201800054564,1,30,000,00,2,1,10,Z01
201800054565,2,30,000,00,1,0,05,Z01
201800054566,2,33,000,00,2,1,01,Z01
201800054566,1,99,000,00,2,8,01,A01
201800054567,1,10,000,00,2,4,23,A01
201800054567,1,01,000,00,2,1,02,B01
201800054568,0,07,000,00,2,2,01,A01
201800054568,0,99,000,00,2,3,01,B01
201800054569,0,07,000,00,2,8,01,A01
201800054569,0,07,000,00,2,7,23,B01
201800054570,1,07,000,00,1,1,16,A01
201800054571,2,01,000,00,2,2,19,B01
201800054571,2,34,000,00,2,1,01,A01
201800054572,1,14,000,00,2,7,01,A01
201800054572,1,01,000,00,2,8,03,B01
201800054573,2,01,000,00,1,1,05,A01
201800054574,1,07,000,00,2,7,07,A01
201800054574,1,30,000,00,2,6,09,B01
201800054575,1,32,000,14,0,0,01,A01
201800054576,2,10,000,01,0,2,14,A01
201800054577,1,07,000,00,1,1,01,A01
201800054578,1,07,000,00,2,4,02,B01
201800054578,1,32,000,00,2,1,02,A01
201800054579,0,07,000,,1,2,17,A01
201800054580,1,02,000,00,2,2,01,B01
201800054580,1,10,000,00,2,8,13,A01
201800054581,1,10,000,00,2,1,05,Z01