Num_Acc,senc,catv,occutc,obs,obsm,choc,manv,num_veh
201800055312,1,07,000,00,2,1,01,A01
201800055312,1,07,000,00,2,4,01,D01
201800055312,1,07,000,00,2,4,01,C01
201800055313,2,07,000,03,0,8,14,A01
201800055314,1,33,000,00,2,1,02,A01
201800055314,1,10,000,00,2,5,02,B01
201800055315,1,33,000,00,0,1,03,A01
201800055316,1,10,000,00,2,8,11,Z01
201800055316,1,31,000,00,2,7,01,A01
201800055317,2,33,000,00,2,8,01,A01
201800055317,2,07,000,00,2,0,12,Z01
201800055318,1,07,000,00,2,4,02,B01
201800055318,1,31,000,00,2,1,09,A01
201800055319,2,07,000,00,2,5,02,B01
201800055319,2,07,000,00,2,1,02,A01
201800055320,1,07,000,00,2,4,02,B01
201800055320,1,31,000,00,2,1,02,A01
201800055321,2,07,000,00,2,1,01,B01
201800055321,2,07,000,04,0,5,12,A01
201800055322,1,10,000,00,2,3,09,A01
201800055322,1,07,000,00,2,6,01,C01
201800055322,1,07,000,00,2,6,01,B01
201800055323,1,34,000,00,0,7,03,A01
201800055324,1,07,000,00,2,8,11,B01
201800055324,1,10,000,00,2,4,01,C01
201800055324,1,32,000,00,2,8,03,A01
201800055325,1,07,000,00,2,6,02,B01
201800055325,1,07,000,00,2,6,02,A01
201800055326,1,31,000,04,0,2,13,A01
201800055327,2,33,000,00,2,1,13,A01
201800055327,2,07,000,00,2,4,23,B01
201800055328,1,32,000,00,2,1,02,A01
201800055328,1,10,000,00,2,6,02,B01
201800055329,2,07,000,04,2,7,14,A01
201800055329,2,14,000,00,2,7,11,B01
201800055330,1,07,000,00,2,1,02,A01
201800055330,1,10,000,00,2,4,02,C01
201800055330,1,07,000,00,2,4,02,B01
201800055331,1,07,000,00,2,2,12,A01
201800055331,1,34,000,00,2,8,03,B01
201800055332,1,07,000,00,2,6,01,B01
201800055332,1,34,000,00,2,2,03,C01
201800055332,1,02,000,00,2,1,14,A01
201800055332,1,07,000,00,2,7,01,D01
201800055333,1,10,000,00,2,7,17,A01
201800055333,1,32,000,00,2,8,01,B01
201800055334,1,14,000,00,2,2,12,A01
201800055334,1,07,000,00,2,8,01,B01
201800055334,1,10,000,00,2,1,01,C01
201800055335,2,33,000,00,2,3,01,A01
201800055335,2,07,000,00,2,5,01,B01
201800055336,2,32,000,00,2,1,03,A01
201800055336,2,07,000,00,2,5,01,C01
201800055336,2,33,000,00,2,4,03,B01
201800055337,1,07,000,00,2,3,11,A01
201800055337,1,31,000,00,2,2,03,B01
201800055338,2,33,000,00,2,1,03,B01
201800055338,2,07,000,00,2,5,11,A01
201800055339,2,33,000,00,2,1,03,A01
201800055339,2,31,000,00,2,6,03,B01
201800055340,2,31,000,00,2,1,01,A01
201800055340,2,07,000,00,2,6,01,B01
201800055341,2,31,000,00,2,3,03,C01
201800055341,2,33,000,00,2,3,03,A01
201800055341,2,07,000,00,2,5,01,B01
201800055342,1,10,000,00,2,7,22,A01
201800055342,1,33,000,00,2,3,03,B01
201800055342,1,10,000,00,2,8,23,C01
201800055343,2,07,000,00,2,4,01,B01
201800055343,2,31,000,00,2,1,01,A01
201800055344,1,34,000,00,2,3,01,A01
201800055344,1,07,000,00,2,5,01,B01
201800055345,2,07,000,00,2,4,12,A01
201800055345,2,31,000,00,2,2,03,B01
201800055346,2,15,000,00,2,2,12,A01
201800055346,2,07,000,00,2,8,01,C01
201800055346,2,07,000,04,2,6,01,B01
201800055347,1,07,000,00,2,5,12,B01
201800055347,1,33,000,00,2,8,03,A01
201800055348,1,07,000,00,2,4,01,B01
201800055348,1,07,000,00,2,2,01,A01
201800055349,2,07,000,00,2,4,23,C01
201800055349,2,07,000,00,2,4,01,B01
201800055349,2,07,000,00,2,1,01,A01
201800055350,1,07,000,00,2,6,11,A01
201800055350,1,33,000,00,2,2,03,B01
201800055351,1,07,000,00,2,0,12,Z01
201800055351,1,33,000,00,2,8,03,A01
201800055352,2,07,000,00,2,6,02,B01
201800055352,1,07,000,00,2,2,02,A01
201800055353,1,31,000,00,2,3,03,A01
201800055353,1,07,000,00,2,3,01,C01
201800055353,1,07,000,00,2,2,12,B01
201800055354,1,07,000,00,2,7,12,A01
201800055354,1,33,000,00,2,1,01,B01
201800055354,1,07,000,00,2,4,01,C01
201800055355,1,33,000,00,2,2,03,A01
201800055355,1,07,000,00,2,5,12,B01
201800055356,2,07,000,00,2,7,03,B01
201800055356,2,31,000,00,2,1,23,A01
201800055357,1,34,000,00,2,8,03,B01
201800055357,1,07,000,00,2,2,12,A01
201800055358,2,33,000,00,0,8,01,A01
201800055359,1,31,000,00,2,7,01,A01
201800055359,1,07,000,00,2,8,11,Z01
201800055360,2,07,000,00,2,8,11,B01
201800055360,2,07,000,00,2,8,01,C01
201800055360,2,34,000,04,2,2,17,A01
201800055361,1,07,000,00,2,7,12,B01
201800055361,1,31,000,00,2,8,03,A01
201800055362,2,07,000,00,2,3,01,C01
201800055362,2,07,000,00,2,2,12,A01
201800055362,2,33,000,00,2,3,03,B01
201800055363,2,07,000,00,2,2,02,A01
201800055363,2,07,000,00,2,6,02,B01
201800055364,1,07,000,00,2,1,02,A01
201800055364,1,07,000,00,2,9,02,B01
201800055364,1,07,000,00,2,4,02,C01
201800055365,2,10,000,00,2,4,02,C01
201800055365,2,07,000,00,2,4,02,B01
201800055365,2,07,000,00,2,1,02,A01
201800055366,1,07,000,00,2,1,01,A01
201800055366,1,07,000,00,2,4,01,B01
201800055367,2,32,000,00,2,5,01,A01
201800055367,2,07,000,00,2,6,11,B01
201800055368,1,33,000,00,2,1,03,A01
201800055368,1,07,000,00,2,0,12,B01
201800055369,1,32,000,00,0,8,03,A01
201800055370,2,32,000,00,2,3,03,B01
201800055370,2,07,000,00,2,2,12,A01
201800055371,2,33,000,00,0,7,01,A01
201800055372,2,07,000,00,2,7,01,C01
201800055372,2,34,000,00,2,7,03,A01
201800055372,2,10,000,00,2,3,23,B01
201800055373,1,07,000,00,2,1,01,A01
201800055373,1,07,000,00,2,4,01,B01
201800055374,1,07,000,00,2,5,13,B01
201800055374,1,31,000,00,2,3,21,A01
201800055375,1,02,000,00,2,1,03,A01
201800055375,1,07,000,00,2,4,11,B01
201800055376,1,10,000,00,2,2,12,B01
201800055376,1,33,000,00,2,8,03,A01
201800055377,2,07,000,00,2,8,13,B01
201800055377,2,07,000,00,2,7,01,A01
201800055378,1,07,000,00,2,5,12,Z01
201800055378,1,31,000,00,2,3,01,A01
201800055379,2,10,000,00,2,5,01,B01
201800055379,2,33,000,00,2,1,01,A01
201800055380,1,10,000,00,2,6,01,C01
201800055380,1,07,000,00,2,6,11,A01
201800055380,1,33,000,00,2,2,01,B01
201800055381,1,33,000,00,0,1,03,A01
201800055382,1,07,000,01,2,5,23,B01
201800055382,1,33,000,01,2,5,01,A01
201800055383,2,31,000,00,2,2,03,C01
201800055383,2,07,000,00,2,6,11,A01
201800055383,2,31,000,00,2,5,01,B01
201800055384,1,34,000,03,0,1,01,A01
201800055385,1,07,000,00,2,6,01,A01
201800055385,1,07,000,00,2,2,11,Z01
201800055386,1,07,000,00,2,4,23,B01
201800055386,1,07,000,00,2,1,01,A01
201800055387,2,33,000,00,0,2,01,A01
201800055388,1,33,000,00,2,9,03,A01
201800055388,1,07,000,00,2,3,11,B01
201800055388,1,07,000,00,2,5,01,C01
201800055389,1,32,000,00,2,1,01,A01
201800055389,1,07,000,00,2,4,01,B01
201800055390,1,07,000,00,2,5,12,A01
201800055390,1,33,000,00,2,3,03,B01
201800055391,2,33,000,00,2,8,03,A01
201800055391,2,07,000,00,2,5,01,B01
201800055391,2,10,000,00,2,8,01,C01
201800055392,1,33,000,00,2,3,03,A01
201800055392,1,07,000,00,2,5,01,B01
201800055393,1,33,000,00,0,8,01,A01
201800055394,1,33,000,00,2,1,03,B01
201800055394,1,07,000,00,2,5,11,A01
201800055395,1,07,000,00,2,4,02,B01
201800055395,1,02,000,00,2,1,02,A01
201800055396,1,31,000,00,2,1,02,A01
201800055396,1,07,000,00,2,6,02,B01
201800055397,2,30,000,00,2,2,03,A01
201800055397,2,07,000,00,2,6,11,B01
201800055398,1,07,000,00,2,4,02,A01
201800055398,1,07,000,00,2,1,02,Z01
201800055399,2,33,000,00,2,4,02,B01
201800055399,2,07,000,00,2,1,02,A01
201800055400,1,14,000,00,2,2,01,C01
201800055400,1,07,000,00,2,5,02,B01
201800055400,1,17,000,00,2,3,02,A01
201800055401,2,07,000,00,2,4,23,A01
201800055401,2,07,000,00,2,1,02,Z01
201800055401,2,07,000,00,2,4,23,B01
201800055402,1,31,000,00,0,3,18,A01
201800055403,1,33,000,00,2,1,03,A01
201800055403,1,33,000,00,2,5,01,B01
201800055403,1,32,000,00,2,1,03,C01
201800055404,1,33,000,00,2,2,03,A01
201800055404,1,10,000,00,2,6,01,B01
201800055405,2,07,000,00,2,6,01,B01
201800055405,2,07,000,00,2,2,01,A01
201800055406,1,34,000,00,2,2,01,B01
201800055406,1,07,000,00,2,3,11,A01
201800055407,2,31,000,00,2,3,03,A01
201800055407,2,07,000,00,2,2,01,B01
201800055408,1,07,000,00,2,2,12,A01
201800055408,1,33,000,00,2,8,03,B01
201800055409,2,07,000,00,2,4,01,B01
201800055409,2,07,000,00,2,1,01,A01
201800055410,2,07,000,00,2,1,12,A01
201800055410,2,07,000,00,2,4,01,B01
201800055411,2,31,000,00,2,1,02,A01
201800055411,2,07,000,00,2,4,23,B01
201800055412,1,10,000,00,2,7,01,B01
201800055412,1,32,000,00,2,3,03,A01
201800055413,1,07,000,00,2,8,01,Z01
201800055413,1,33,000,00,2,8,21,A01
201800055414,2,07,000,00,2,8,09,A01
201800055414,2,14,000,00,2,7,01,Z01
201800055415,2,10,000,00,2,3,13,A01
201800055415,2,07,000,04,2,5,01,B01
201800055416,1,07,000,00,2,3,12,A01
201800055416,1,07,000,00,2,5,01,B01
201800055417,1,33,000,00,2,8,03,A01
201800055417,1,07,000,00,2,5,01,B01
201800055418,2,15,000,00,2,2,12,A01
201800055418,2,07,000,00,2,8,01,B01
201800055419,2,31,000,00,2,7,03,B01
201800055419,2,10,000,00,2,3,11,A01
201800055420,2,31,000,00,2,8,01,B01
201800055420,2,07,000,00,2,7,12,A01
201800055421,2,34,000,00,2,6,11,A01
201800055421,2,33,000,00,2,1,03,B01
201800055422,1,31,000,00,2,2,03,A01
201800055422,1,07,000,00,2,3,11,B01
201800055423,1,07,000,00,2,1,01,A01
201800055423,1,07,000,00,2,4,23,B01
201800055424,2,33,000,00,0,8,02,A01
201800055425,1,33,000,00,2,3,01,B01
201800055425,1,07,000,00,2,2,12,A01
201800055426,2,07,000,00,2,1,23,A01
201800055426,2,07,000,01,2,9,01,B01
201800055426,2,07,000,00,2,4,23,C01
201800055427,2,13,000,00,2,2,12,A01
201800055427,2,07,000,00,2,6,01,B01
201800055428,2,34,000,00,2,7,01,B01
201800055428,2,07,000,00,2,8,11,A01
201800055429,1,07,000,00,2,7,11,A01
201800055429,1,33,000,00,2,8,03,B01
201800055430,2,07,000,00,2,4,01,B01
201800055430,2,07,000,00,2,1,01,A01
201800055431,1,07,000,00,2,9,01,C01
201800055431,1,07,000,00,2,4,01,B01
201800055431,1,07,000,00,2,4,01,D01
201800055431,1,10,000,00,2,1,01,A01
201800055432,2,07,000,00,2,8,11,A01
201800055432,2,32,000,00,2,7,03,B01
201800055433,1,34,000,04,0,8,01,A01
201800055434,1,07,000,00,2,8,01,C01
201800055434,1,31,000,00,1,3,03,A01
201800055435,1,07,000,00,2,4,23,C01
201800055435,1,07,000,00,2,1,01,A01
201800055435,1,07,000,00,2,4,23,B01
201800055436,2,07,000,00,2,4,23,D01
201800055436,2,10,000,00,2,4,23,C01
201800055436,2,10,000,00,2,1,01,A01
201800055436,2,07,000,00,2,4,23,B01
201800055437,2,07,000,00,2,6,13,Z01
201800055437,2,07,000,00,2,2,01,A01
201800055438,1,33,000,00,2,1,01,A01
201800055438,1,07,000,00,2,4,01,B01
201800055439,1,31,000,00,0,8,01,A01
201800055440,1,32,000,00,2,8,03,B01
201800055440,1,07,000,00,2,0,22,A01
201800055441,1,07,000,00,2,4,02,B01
201800055441,1,07,000,00,2,1,02,D01
201800055441,1,07,000,00,2,1,02,A01
201800055441,1,07,000,00,2,4,02,C01
201800055442,2,07,000,00,2,8,11,A01
201800055442,2,31,000,00,2,7,03,B01
201800055443,1,07,000,00,2,3,09,C01
201800055443,1,07,000,00,2,1,02,A01
201800055443,1,07,000,00,2,4,02,B01
201800055444,2,07,000,00,2,1,02,A01
201800055444,2,07,000,00,2,4,02,B01
201800055444,2,07,000,00,2,4,09,C01
201800055445,1,33,000,00,2,8,01,B01
201800055445,1,07,000,00,2,7,11,A01
201800055446,1,10,000,04,0,3,13,A01
201800055447,2,07,000,00,2,7,01,C01
201800055447,2,07,000,00,2,6,01,B01
201800055447,2,13,000,00,2,2,12,A01
201800055448,2,07,000,00,2,4,23,B01
201800055448,2,07,000,00,2,1,02,A01
201800055449,2,07,000,00,2,1,02,C01
201800055449,2,07,000,00,2,4,02,B01
201800055449,2,07,000,00,2,1,02,A01
201800055450,1,33,000,14,0,7,12,A01
201800055451,1,07,000,00,2,1,01,A01
201800055451,1,07,000,00,2,4,23,B01
201800055452,1,10,000,00,2,8,01,C01
201800055452,1,33,000,00,2,1,11,A01
201800055452,1,10,000,00,2,6,11,B01
201800055453,1,32,000,00,2,8,03,B01
201800055453,1,07,000,00,2,7,12,A01
201800055454,1,33,000,12,0,7,21,A01
201800055455,1,07,000,00,2,7,23,D01
201800055455,1,07,000,00,2,8,22,B01
201800055455,2,07,000,00,2,1,02,A01
201800055455,1,31,000,00,2,1,03,C01
201800055456,2,10,000,04,2,3,13,A01
201800055456,2,07,000,00,2,1,01,B01
201800055456,2,07,000,00,2,1,01,C01
201800055457,2,07,000,00,2,0,01,Z01
201800055457,2,07,000,00,2,4,01,D01
201800055457,2,10,000,00,2,4,01,A01
201800055457,2,07,000,00,2,4,01,B01
201800055457,2,07,000,00,2,4,01,C01
201800055458,1,33,000,00,2,1,01,A01
201800055458,1,07,000,00,2,6,23,B01
201800055459,2,33,000,00,2,1,11,A01
201800055459,1,07,000,00,2,0,00,B01
201800055460,1,33,000,14,0,7,01,A01
201800055461,1,31,000,00,2,1,01,A01
201800055461,1,07,000,00,2,8,11,B01
201800055462,2,07,000,00,2,5,01,C01
201800055462,2,33,000,00,2,2,12,A01
201800055462,2,10,000,00,2,6,01,B01
201800055463,2,34,000,00,2,1,03,A01
201800055463,2,07,000,00,2,4,01,C01
201800055463,2,33,000,00,2,8,01,B01
201800055464,1,33,000,00,0,8,03,A01
201800055465,1,07,000,00,2,4,23,B01
201800055465,1,33,000,00,2,1,02,A01
201800055466,2,14,000,00,2,1,01,B01
201800055466,2,07,000,00,2,7,01,D01
201800055466,2,07,000,00,2,5,11,A01
201800055466,2,33,000,00,2,1,03,C01
201800055467,2,07,000,00,2,7,02,B01
201800055467,2,31,000,00,2,1,02,A01
201800055468,2,10,000,00,2,1,02,A01
201800055468,2,07,000,00,2,4,02,B01
201800055469,2,07,000,00,2,6,01,C01
201800055469,2,33,000,00,2,5,03,B01
201800055469,2,07,000,00,2,3,12,A01
201800055470,2,31,000,00,0,8,12,A01
201800055471,2,07,000,00,2,1,01,A01
201800055471,2,07,000,00,2,4,01,B01
201800055472,1,31,000,00,2,0,03,B01
201800055472,2,34,000,00,2,1,03,A01
201800055473,2,33,000,00,2,3,11,A01
201800055473,2,32,000,00,2,1,03,B01
201800055474,2,33,000,00,2,1,12,A01
201800055474,2,34,000,00,2,5,03,B01
201800055475,1,07,000,04,0,3,13,A01
201800055476,2,33,000,00,2,7,01,B01
201800055476,2,07,000,00,2,6,11,A01
201800055477,0,30,000,00,2,5,05,A01
201800055477,0,33,000,00,2,3,15,B01
201800055478,1,07,000,00,2,6,11,A01
201800055478,1,33,000,00,2,1,03,B01
201800055479,1,33,000,00,2,7,03,A01
201800055479,1,07,000,00,2,4,01,B01
201800055479,1,34,000,00,2,3,18,Z01
201800055480,1,07,000,00,2,8,11,A01
201800055480,1,33,000,00,2,7,03,B01
201800055481,1,07,000,00,2,3,22,A01
201800055481,1,33,000,00,2,7,03,B01
201800055482,2,07,000,00,2,7,12,A01
201800055482,2,33,000,00,2,8,03,B01
201800055483,1,10,000,00,2,1,02,A01
201800055483,1,10,000,00,2,4,02,B01
201800055484,1,31,000,00,0,0,03,A01
201800055485,2,10,000,00,2,5,02,B01
201800055485,1,33,000,00,2,3,02,A01
201800055486,1,10,000,00,2,6,11,Z01
201800055486,1,33,000,00,2,2,01,A01
201800055487,1,07,000,00,2,1,01,Z01
201800055487,1,33,000,00,2,1,01,A01
201800055487,1,07,000,00,2,4,01,B01
201800055488,1,33,000,00,2,1,03,A01
201800055488,1,07,000,00,2,5,01,B01
201800055489,1,10,000,00,2,1,02,A01
201800055489,1,07,000,00,2,4,02,C01
201800055489,1,07,000,00,2,4,02,B01
201800055490,1,34,000,00,2,3,03,B01
201800055490,1,07,000,00,2,5,12,A01
201800055491,1,07,000,00,2,4,02,B01
201800055491,1,07,000,00,2,1,02,A01
201800055492,1,34,000,00,2,1,03,B01
201800055492,1,34,000,00,2,4,12,A01
201800055492,1,07,000,00,2,8,02,C01
201800055492,1,07,000,00,2,6,02,D01
201800055493,1,10,000,00,2,4,23,C01
201800055493,1,07,000,00,2,1,01,A01
201800055493,1,10,000,00,2,4,23,B01
201800055494,1,07,000,00,2,4,01,B01
201800055494,1,31,000,00,2,1,01,A01
201800055495,1,17,000,00,2,2,01,A01
201800055495,1,07,000,00,2,6,09,B01
201800055496,2,10,000,00,2,5,01,B01
201800055496,2,33,000,00,2,1,01,A01
201800055497,2,07,000,00,2,4,23,C01
201800055497,2,07,000,00,2,4,23,B01
201800055497,2,07,000,00,2,1,01,A01
201800055498,1,07,000,00,2,4,01,B01
201800055498,1,34,000,00,2,3,01,C01
201800055498,1,34,000,00,2,1,01,A01
201800055499,2,07,000,00,2,1,01,A01
201800055499,2,07,000,00,2,4,01,C01
201800055499,2,07,000,00,2,4,01,B01
201800055500,2,07,000,00,2,7,01,C01
201800055500,2,07,000,00,2,6,01,B01
201800055500,2,32,000,00,2,2,03,A01
201800055501,2,10,000,00,2,2,01,C01
201800055501,2,14,000,00,2,2,11,A01
201800055501,2,07,000,00,2,6,01,B01
201800055502,2,33,000,00,0,7,01,A01
201800055503,1,07,000,00,2,7,12,A01
201800055503,1,31,000,00,2,8,13,B01
201800055504,2,31,000,00,2,8,02,A01
201800055504,2,30,000,00,2,8,17,Z01
201800055505,2,10,000,00,2,1,02,A01
201800055505,2,07,000,00,2,4,02,B01
201800055505,2,07,000,00,2,4,02,C01
201800055506,1,34,000,00,2,5,03,B01
201800055506,1,33,000,00,2,1,03,A01
201800055507,2,31,000,00,2,1,12,A01
201800055507,2,07,000,00,2,4,01,B01
201800055508,1,07,000,00,2,5,12,B01
201800055508,1,31,000,00,2,3,03,A01
201800055509,1,07,000,00,2,1,02,A01
201800055509,1,07,000,00,2,4,02,B01
201800055510,1,02,000,04,0,2,14,A01
201800055511,1,07,000,00,2,5,01,B01
201800055511,1,07,000,00,2,3,14,A01
201800055512,1,13,000,00,2,1,02,A01
201800055512,1,10,000,00,2,9,02,C01
201800055512,1,10,000,00,2,9,02,B01
201800055512,1,07,000,00,2,4,02,D01
201800055513,1,33,000,00,2,5,17,Z01
201800055513,1,34,000,00,2,3,03,A01
201800055514,1,07,000,00,2,1,02,A01
201800055514,1,07,000,00,2,5,02,B01
201800055515,1,34,000,00,2,1,02,A01
201800055515,1,02,000,00,2,4,02,B01
201800055516,2,07,000,00,2,4,01,C01
201800055516,2,10,000,00,2,4,01,B01
201800055516,2,10,000,00,2,1,02,D01
201800055516,2,10,000,00,2,1,13,A01
201800055517,1,07,000,00,2,7,12,A01
201800055517,1,31,000,00,2,7,03,B01
201800055518,2,33,000,00,2,8,03,B01
201800055518,2,07,000,00,2,2,12,A01
201800055519,2,32,000,00,2,1,03,A01
201800055519,2,07,000,00,2,8,01,C01
201800055519,2,07,000,00,2,4,01,B01
201800055520,2,07,000,00,2,4,23,C01
201800055520,2,07,000,00,2,1,01,A01
201800055520,2,07,000,00,2,4,23,B01
201800055521,1,07,000,00,2,2,12,A01
201800055521,1,31,000,00,2,3,01,B01
201800055522,1,32,000,00,2,7,03,B01
201800055522,1,10,000,00,2,3,21,A01
201800055523,2,07,000,00,2,6,02,C01
201800055523,2,31,000,00,2,1,03,A01
201800055523,2,10,000,00,2,6,02,B01
201800055524,2,32,000,00,2,8,13,A01
201800055524,2,10,000,00,2,7,01,B01
201800055525,2,07,000,00,2,4,23,C01
201800055525,2,07,000,00,2,2,02,A01
201800055525,2,07,000,00,2,7,01,D01
201800055525,2,07,000,00,2,6,23,B01
201800055526,2,33,000,00,2,4,03,B01
201800055526,2,32,000,00,2,1,03,A01
201800055527,2,10,000,00,2,8,02,C01
201800055527,2,07,000,00,2,6,02,B01
201800055527,2,33,000,00,2,1,03,A01
201800055528,1,10,000,00,2,6,23,B01
201800055528,1,33,000,00,2,2,02,A01
201800055529,1,33,000,00,2,8,21,C01
201800055529,1,17,000,00,2,0,02,A01
201800055529,1,07,000,00,2,2,01,D01
201800055529,1,07,000,00,2,0,21,B01
201800055530,2,07,000,00,2,4,02,B01
201800055530,2,07,000,00,2,4,02,C01
201800055530,2,07,000,00,2,1,02,A01
201800055531,1,33,000,00,2,7,03,B01
201800055531,1,10,000,00,2,8,11,A01
201800055532,2,07,000,00,2,6,01,A01
201800055532,2,07,000,00,2,2,14,Z01
201800055533,1,07,000,00,2,2,12,A01
201800055533,1,32,000,00,2,8,01,B01
201800055534,1,32,000,00,2,3,12,A01
201800055534,1,07,000,00,2,7,01,B01
201800055535,1,07,000,00,2,2,12,A01
201800055535,1,07,000,00,2,4,01,C01
201800055535,1,34,000,00,2,3,03,B01
201800055536,1,33,000,00,0,8,02,A01
201800055537,1,07,000,00,2,2,12,A01
201800055537,1,07,000,00,2,6,02,B01
201800055538,2,34,000,00,1,1,01,A01
201800055539,0,07,000,03,0,1,01,A01
201800055540,2,07,000,00,2,5,23,B01
201800055540,2,10,000,00,2,3,01,A01
201800055541,1,34,000,00,2,1,03,B01
201800055541,1,07,000,00,2,2,12,A01
201800055542,1,07,000,00,2,5,12,B01
201800055542,1,33,000,00,2,1,03,A01
201800055543,2,10,000,00,0,0,01,B01
201800055543,2,31,000,00,0,8,03,A01
201800055544,2,07,000,00,2,4,02,B01
201800055544,2,07,000,00,2,4,02,C01
201800055544,2,07,000,00,2,1,02,A01
201800055545,1,33,000,00,2,3,03,A01
201800055545,1,07,000,00,2,2,01,B01
201800055546,1,33,000,00,2,1,03,B01
201800055546,1,33,000,00,2,4,11,A01
201800055547,1,07,000,00,2,8,11,Z01
201800055547,1,31,000,00,2,7,03,A01
201800055548,2,10,000,00,2,4,02,B01
201800055548,2,10,000,00,2,1,02,A01
201800055549,2,33,000,00,2,1,02,A01
201800055549,2,33,000,00,2,6,02,B01
201800055550,2,07,000,00,2,5,14,A01
201800055550,2,32,000,00,2,1,03,B01
201800055551,1,07,000,00,2,4,02,C01
201800055551,1,07,000,00,2,4,02,B01
201800055551,1,07,000,00,2,1,02,A01
201800055552,2,33,000,00,2,0,01,A01
201800055553,1,07,000,00,2,4,23,B01
201800055553,1,07,000,00,2,1,02,A01
201800055554,1,07,000,00,2,4,02,B01
201800055554,1,10,000,00,2,4,02,C01
201800055554,1,07,000,00,2,1,02,A01
201800055555,2,10,000,00,2,7,11,A01
201800055555,2,33,000,00,2,1,03,B01
201800055556,1,07,000,00,2,4,11,A01
201800055556,1,33,000,00,2,1,03,B01
201800055557,2,07,000,00,2,1,02,A01
201800055557,2,07,000,00,2,4,01,C01
201800055557,2,07,000,00,2,4,02,B01
201800055558,1,33,000,04,0,1,21,A01
201800055559,2,33,000,03,0,1,13,A01
201800055560,1,07,000,00,2,4,02,B01
201800055560,1,07,000,00,2,1,02,A01
201800055561,1,31,000,00,2,2,17,A01
201800055561,1,10,000,00,2,8,11,B01
201800055562,1,34,000,00,2,4,12,A01
201800055562,1,07,000,00,2,1,13,Z01
201800055563,1,10,000,00,2,1,02,A01
201800055563,1,07,000,00,2,4,02,B01
201800055563,1,07,000,00,2,4,02,C01
201800055564,2,07,000,00,2,4,02,B01
201800055564,2,33,000,00,2,1,02,C01
201800055564,2,07,000,00,2,1,02,A01
201800055565,2,14,000,00,2,4,02,C01
201800055565,2,07,000,00,2,1,02,A01
201800055565,2,07,000,00,2,4,02,B01
201800055566,2,07,000,00,2,6,02,B01
201800055566,2,07,000,00,2,1,02,A01
201800055567,1,14,000,00,2,1,02,A01
201800055567,1,16,000,00,2,4,02,C01
201800055567,1,07,000,00,2,4,02,B01
201800055568,1,33,000,00,2,2,01,B01
201800055568,1,10,000,00,2,8,11,A01
201800055569,1,07,000,00,2,7,12,A01
201800055569,1,32,000,00,2,3,03,B01
201800055570,2,34,000,00,2,1,18,A01
201800055570,2,07,000,00,2,6,01,B01
201800055571,2,33,000,00,0,0,03,A01
201800055572,1,33,000,00,0,7,12,A01
201800055573,1,33,000,00,2,7,03,A01
201800055573,1,07,000,00,2,6,01,B01
201800055574,2,31,000,00,2,1,11,A01
201800055574,2,10,000,00,2,6,01,B01
201800055575,1,31,000,00,2,1,01,A01
201800055575,1,07,000,00,0,5,01,B01
201800055576,1,07,000,00,2,3,02,A01
201800055576,1,07,000,00,2,5,23,B01
201800055577,0,07,000,12,0,2,14,A01
201800055578,1,30,000,00,0,8,11,A01
201800055579,2,07,000,00,2,3,11,A01
201800055579,2,07,000,00,2,4,01,B01
201800055580,1,07,000,00,2,2,12,A01
201800055580,1,32,000,00,2,3,01,B01
201800055581,2,07,000,00,2,1,02,C01
201800055581,2,31,000,00,2,1,02,A01
201800055581,2,07,000,00,2,4,02,B01
201800055582,2,33,000,00,2,6,03,C01
201800055582,2,33,000,00,2,3,03,A01
201800055582,2,07,000,00,2,5,01,B01
201800055583,1,07,000,00,2,4,01,C01
201800055583,1,07,000,00,2,1,12,A01
201800055583,1,07,000,00,2,4,01,B01
201800055584,1,07,000,00,2,4,02,B01
201800055584,1,33,000,00,2,1,02,A01
201800055585,1,07,000,00,2,3,14,B01
201800055585,1,33,000,00,2,2,18,A01
201800055586,2,32,000,00,2,4,03,B01
201800055586,2,33,000,00,2,1,03,A01
201800055587,1,07,000,00,2,5,02,B01
201800055587,1,32,000,00,2,1,03,A01
201800055588,1,32,000,00,2,7,13,A01
201800055588,1,07,000,00,2,0,01,Z01
201800055589,1,07,000,00,2,4,02,C01
201800055589,1,07,000,00,2,1,02,D01
201800055589,1,10,000,00,2,4,02,B01
201800055589,1,07,000,00,2,1,02,A01
201800055590,1,10,000,00,2,1,02,A01
201800055590,1,07,000,00,2,4,02,B01
201800055591,1,15,000,00,2,2,12,A01
201800055591,1,07,000,00,2,4,01,B01
201800055592,1,07,000,00,2,4,02,C01
201800055592,1,07,000,00,2,4,02,D01
201800055592,1,07,000,00,2,1,02,A01
201800055592,1,07,000,00,2,4,02,B01
201800055593,1,30,000,00,2,8,03,B01
201800055593,1,10,000,00,2,2,12,A01
201800055594,2,33,000,12,0,1,14,A01
201800055595,2,07,000,00,1,3,01,A01
201800055596,1,33,000,00,2,8,03,B01
201800055596,1,10,000,00,2,7,12,A01
201800055597,2,10,000,00,2,6,01,B01
201800055597,2,33,000,03,2,1,03,A01
201800055598,2,07,000,00,2,5,14,B01
201800055598,2,33,000,00,2,3,01,A01
201800055599,2,33,000,00,2,3,02,A01
201800055599,2,07,000,00,2,4,02,B01
201800055600,1,33,000,12,0,1,14,A01
201800055601,2,34,000,00,2,4,02,A01
201800055601,2,07,000,00,2,0,02,Z01