Num_Acc,senc,catv,occutc,obs,obsm,choc,manv,num_veh
201800056300,1,02,000,00,2,1,17,A01
201800056300,1,02,000,00,2,2,01,B01
201800056301,0,07,000,16,0,9,14,A01
201800056302,1,33,000,00,0,3,00,A01
201800056303,0,02,000,00,2,1,01,B01
201800056303,0,07,000,00,2,8,01,A01
201800056304,2,07,000,00,2,1,05,B01
201800056304,1,10,000,00,2,1,00,A01
201800056305,1,07,000,00,2,3,15,B01
201800056305,1,02,000,00,2,1,17,A01
201800056306,2,33,000,00,2,8,01,A01
201800056306,1,07,000,00,2,3,17,B01
201800056307,2,07,000,00,2,1,00,B01
201800056307,1,07,000,00,2,1,13,A01
201800056308,1,99,000,00,2,7,01,B01
201800056308,2,07,000,00,2,1,01,A01
201800056309,1,31,000,00,2,1,01,A01
201800056309,1,13,000,00,2,2,01,B01
201800056310,1,30,000,00,2,8,01,B01
201800056310,2,07,000,00,2,1,15,A01
201800056311,0,07,000,00,2,8,15,B01
201800056311,0,34,000,00,2,1,13,A01
201800056312,0,02,000,00,0,1,01,B01
201800056312,0,07,000,00,2,5,01,A01
201800056313,1,07,000,00,2,3,13,A01
201800056313,1,02,000,00,2,1,17,B01
201800056314,1,07,000,00,2,2,02,A01
201800056314,1,02,000,00,2,4,02,B01
201800056315,1,07,000,00,2,3,15,A01
201800056315,1,34,000,00,2,1,17,B01
201800056316,0,02,000,14,0,1,01,A01
201800056317,2,10,000,00,9,2,01,A01
201800056317,2,01,000,00,2,4,01,B01
201800056318,0,07,000,00,1,2,04,A01
201800056319,0,02,000,00,2,1,01,A01
201800056319,0,07,000,00,0,6,20,B01
201800056320,0,01,000,06,0,1,00,A01
201800056321,1,07,000,00,2,2,17,A01
201800056321,1,07,000,00,0,3,10,B01
201800056322,1,07,000,00,9,1,15,B01
201800056322,2,01,000,00,2,7,01,A01
201800056323,1,02,000,00,0,0,00,A01
201800056324,0,10,000,00,2,3,01,B01
201800056324,0,02,000,00,2,1,01,A01
201800056325,0,99,000,00,1,0,00,A01
201800056326,2,07,000,00,2,7,10,A01
201800056326,2,33,000,00,2,1,01,B01
201800056327,2,07,000,00,1,2,01,A01
201800056328,1,02,000,00,2,8,01,B01
201800056328,1,15,000,00,2,7,17,A01
201800056329,0,02,000,00,2,1,01,A01
201800056329,0,02,000,00,0,4,01,B01
201800056330,2,07,000,00,0,8,23,A01
201800056330,2,02,000,01,0,1,01,B01
201800056331,1,31,000,00,2,2,09,A01
201800056331,1,07,000,00,2,3,09,B01
201800056332,1,07,000,00,1,3,01,A01
201800056333,1,07,000,06,0,7,01,A01
201800056334,1,07,000,01,1,1,01,A01
201800056335,2,07,000,00,2,6,17,A01
201800056335,2,10,000,03,2,4,01,B01
201800056336,1,10,000,00,2,1,13,A01
201800056336,2,37,005,00,2,1,01,B01
201800056337,1,14,000,00,2,1,01,B01
201800056337,1,07,000,00,2,3,19,A01
201800056338,0,34,000,00,2,2,17,A01
201800056338,0,37,015,00,2,8,15,B01
201800056339,2,38,015,00,2,1,01,B01
201800056339,1,07,000,00,2,1,13,A01
201800056340,1,37,002,00,1,3,19,A01
201800056341,1,07,000,00,1,3,13,A01
201800056342,0,07,000,00,2,3,09,A01
201800056342,1,02,000,00,2,1,01,B01
201800056343,1,07,000,13,0,1,13,A01
201800056344,1,37,002,00,1,8,09,A01
201800056345,0,02,000,00,2,1,17,A01
201800056345,0,07,000,00,2,6,15,B01
201800056346,1,07,000,00,2,2,15,A01
201800056346,2,33,000,00,2,1,01,B01
201800056347,1,33,000,00,0,8,01,A01
201800056348,2,07,000,00,1,7,01,A01
201800056349,1,07,000,00,2,8,19,A01
201800056349,2,32,000,00,2,1,01,B01
201800056350,1,07,000,12,0,3,13,A01
201800056351,2,02,000,12,1,1,13,A01
201800056352,1,07,000,00,0,4,23,A01
201800056352,1,01,000,01,0,1,01,B01
201800056353,1,14,000,00,9,7,16,A01
201800056353,1,01,000,00,2,8,16,B01
201800056354,1,33,000,14,0,7,01,A01
201800056355,0,01,000,00,0,0,01,A01
201800056356,2,07,000,04,0,3,01,A01
201800056357,2,10,000,01,1,1,14,A01
201800056358,2,02,000,01,0,1,13,A01
201800056359,2,07,000,03,2,3,05,A01
201800056359,1,37,010,03,2,3,01,B01
201800056360,1,37,001,00,1,7,01,A01
201800056361,1,07,000,00,2,5,15,A01
201800056361,2,33,000,00,2,1,01,B01
201800056362,2,10,000,00,2,2,01,A01
201800056362,1,15,000,00,2,2,01,B01
201800056363,2,34,000,00,0,1,01,A01
201800056364,2,01,000,00,2,1,10,B01
201800056364,2,07,000,00,9,2,17,A01
201800056365,0,32,000,15,0,0,00,A01
201800056366,0,07,000,00,9,3,00,B01
201800056366,0,02,000,00,2,1,01,A01
201800056367,1,33,000,00,2,2,13,A01
201800056367,2,07,000,00,2,1,01,B01
201800056368,2,07,000,00,1,3,15,A01
201800056369,1,07,000,00,2,2,01,C01
201800056369,2,01,000,00,2,1,05,A01
201800056369,1,07,000,00,2,2,01,B01
201800056370,0,07,000,00,1,1,15,A01
201800056371,0,02,000,00,0,6,19,A01
201800056371,0,10,000,00,2,1,01,B01
201800056372,0,01,000,00,2,7,17,A01
201800056372,0,10,000,00,2,3,15,B01
201800056373,1,02,000,13,0,1,01,A01
201800056374,1,02,000,00,0,0,01,A01
201800056375,1,07,000,00,1,3,01,A01
201800056376,1,02,000,00,0,0,16,A01
201800056377,1,07,000,04,0,4,01,B01
201800056377,1,07,000,04,2,1,01,A01
201800056378,0,07,000,00,1,1,20,A01
201800056379,0,02,000,00,5,3,01,A01
201800056380,1,07,000,00,1,3,19,A01
201800056381,2,07,000,00,1,3,11,A01
201800056382,0,07,000,00,1,2,14,A01
201800056383,1,07,000,00,9,2,02,B01
201800056383,2,01,000,00,2,1,08,A01
201800056384,1,07,000,00,2,2,01,B01
201800056384,0,02,000,00,2,1,19,A01
201800056385,0,07,000,00,1,1,01,A01
201800056386,0,31,000,06,0,1,15,A01
201800056387,1,07,000,00,9,8,13,A01
201800056387,0,01,000,00,2,3,01,B01
201800056388,1,07,000,00,2,3,13,A01
201800056388,2,02,000,00,2,1,13,B01
201800056389,2,02,000,00,2,1,01,B01
201800056389,1,07,000,00,2,5,15,A01
201800056390,1,07,000,00,1,1,15,A01
201800056391,0,07,000,00,1,3,15,A01
201800056392,2,33,000,00,2,0,02,A01
201800056392,2,01,000,00,0,0,00,B01
201800056393,1,31,000,00,2,1,01,A01
201800056393,2,07,000,00,2,1,15,B01
201800056394,1,32,000,00,2,7,01,B01
201800056394,2,10,000,00,2,1,15,A01
201800056395,1,07,000,00,1,1,01,A01
201800056396,1,07,000,00,2,3,13,A01
201800056396,2,07,000,00,2,1,01,B01
201800056397,0,07,000,16,0,9,13,A01
201800056398,1,07,000,00,2,7,13,B01
201800056398,2,07,000,00,0,1,00,A01
201800056399,2,07,000,00,2,1,13,A01
201800056399,1,07,000,00,2,1,01,B01
201800056400,0,07,000,00,1,4,04,A01
201800056401,1,07,000,00,1,1,01,A01
201800056402,2,07,000,00,2,1,15,A01
201800056402,1,02,000,00,2,8,01,B01
201800056403,2,07,000,00,2,3,09,A01
201800056403,2,33,000,00,2,9,01,B01
201800056404,2,07,000,04,2,1,01,A01
201800056404,1,07,000,00,2,8,01,B01
201800056405,1,07,000,00,1,2,01,A01
201800056406,1,07,000,00,2,2,01,A01
201800056406,2,07,000,00,2,1,01,B01
201800056407,1,33,000,00,2,2,17,A01
201800056407,2,07,000,00,2,3,15,B01
201800056408,0,07,000,00,0,0,04,A01
201800056409,1,33,000,04,0,1,15,A01
201800056410,1,07,000,00,2,1,19,A01
201800056410,2,30,000,00,2,1,01,B01
201800056411,1,07,000,08,0,3,19,A01
201800056412,1,33,000,02,0,1,01,A01
201800056413,1,33,000,00,2,2,21,A01
201800056413,1,07,000,00,0,6,23,B01
201800056414,2,10,000,00,2,8,01,B01
201800056414,1,33,000,00,2,8,13,A01
201800056415,1,33,000,00,2,1,18,A01
201800056415,1,07,000,00,2,2,00,B01
201800056416,2,07,000,00,2,3,15,A01
201800056416,2,30,000,00,2,3,01,B01
201800056417,2,07,000,13,0,9,01,A01
201800056418,1,07,000,00,2,3,17,A01
201800056418,2,07,000,00,2,7,01,C01
201800056418,2,03,000,00,2,3,01,B01
201800056419,2,07,000,00,1,2,01,A01
201800056420,0,33,000,06,0,0,01,A01
201800056421,1,07,000,00,2,3,01,A01
201800056421,2,07,000,00,2,2,01,B01
201800056422,1,07,000,00,2,1,13,A01
201800056422,2,07,000,03,2,1,01,B01
201800056423,1,07,000,00,0,1,01,A01
201800056424,2,31,000,00,2,1,05,A01
201800056424,2,37,001,00,2,1,01,B01
201800056425,1,33,000,00,0,7,09,A01
201800056426,1,32,000,05,0,1,01,A01
201800056427,1,07,000,00,2,1,05,A01
201800056427,2,07,000,00,2,1,02,B01
201800056428,2,07,000,00,2,3,19,A01
201800056428,1,07,000,00,2,3,01,B01
201800056429,1,07,000,04,0,3,01,A01
201800056430,1,07,000,00,2,1,06,A01
201800056430,2,02,000,00,2,3,01,B01
201800056431,1,07,000,00,1,2,01,A01
201800056432,0,07,000,00,1,3,01,A01
201800056433,1,07,000,00,2,1,01,A01
201800056433,2,32,000,00,2,1,00,B01
201800056434,0,31,000,01,0,1,19,A01
201800056435,1,07,000,00,2,3,13,A01
201800056435,1,07,000,00,2,8,01,B01
201800056436,0,33,000,08,0,1,01,A01
201800056437,1,07,000,00,0,0,17,A01
201800056438,1,10,000,00,2,0,16,A01
201800056438,2,01,000,00,2,8,00,B01
201800056439,1,07,000,00,2,3,01,B01
201800056439,2,02,000,00,2,1,14,A01
201800056440,1,33,000,03,0,8,01,A01
201800056441,1,07,000,00,2,1,11,A01
201800056441,1,07,000,00,2,1,01,B01
201800056442,1,07,000,00,2,1,01,B01
201800056442,2,07,000,00,2,1,00,A01
201800056443,1,07,000,00,2,1,01,A01
201800056443,2,07,000,00,2,1,05,B01
201800056444,1,07,000,00,0,0,01,A01
201800056445,1,07,000,00,2,7,15,A01
201800056445,2,07,000,00,2,1,01,B01
201800056446,2,33,000,03,0,3,16,A01
201800056447,1,07,000,00,2,1,17,A01
201800056447,2,07,000,00,2,1,01,B01
201800056448,2,07,000,00,1,3,01,A01
201800056449,0,32,000,00,2,1,13,A01
201800056449,0,10,000,00,2,3,13,B01
201800056450,2,07,000,00,2,3,01,A01
201800056450,1,32,000,00,2,1,01,B01
201800056451,2,01,000,00,0,4,01,A01
201800056451,2,07,000,00,9,2,01,B01
201800056452,1,31,000,00,2,6,17,A01
201800056452,2,07,000,00,9,7,21,B01
201800056453,2,33,000,00,2,8,01,B01
201800056453,1,07,000,00,2,3,00,A01
201800056454,1,07,000,00,2,8,15,B01
201800056454,2,33,000,00,2,3,21,A01
201800056455,2,07,000,00,2,3,01,B01
201800056455,1,07,000,00,2,3,13,A01
201800056456,1,07,000,00,9,2,01,A01
201800056456,2,01,000,00,2,1,15,B01
201800056457,1,07,000,00,0,6,16,B01
201800056457,1,33,000,00,2,5,21,A01
201800056458,2,07,000,00,0,5,15,A01
201800056458,2,33,000,00,2,1,17,B01
201800056459,1,07,000,00,2,1,09,A01
201800056459,1,31,000,00,2,8,01,B01
201800056460,1,10,000,00,1,3,00,A01
201800056461,2,07,000,06,0,1,14,A01
201800056462,1,07,000,00,2,6,01,C01
201800056462,1,32,000,00,2,1,17,A01
201800056462,2,07,000,00,2,3,01,B01
201800056463,1,07,000,00,2,3,11,A01
201800056463,1,33,000,00,2,1,03,B01
201800056464,2,07,000,00,2,1,13,A01
201800056464,1,38,057,00,2,3,01,B01
201800056465,1,07,000,00,0,7,15,A01
201800056465,2,33,000,00,0,1,17,B01
201800056466,1,07,000,00,2,3,13,B01
201800056466,2,07,000,00,2,3,01,A01
201800056467,2,07,000,02,0,1,01,A01
201800056468,1,07,000,00,1,1,01,A01
201800056469,1,07,000,00,2,3,05,A01
201800056469,2,07,000,00,2,3,00,B01
201800056470,1,07,000,00,1,2,01,A01
201800056471,1,10,000,00,1,2,01,A01
201800056472,1,07,000,00,2,2,15,A01
201800056472,2,33,000,00,2,1,01,B01
201800056473,2,07,000,02,0,1,01,A01
201800056474,1,33,000,00,2,1,13,A01
201800056474,2,07,000,00,0,3,21,B01
201800056475,0,33,000,00,1,1,16,A01
201800056476,2,33,000,00,0,0,01,A01
201800056477,1,07,000,02,0,1,21,A01
201800056477,2,07,000,00,2,6,01,B01
201800056478,1,99,000,00,0,0,01,A01
201800056479,1,07,000,12,0,0,01,A01
201800056480,1,07,000,00,2,2,00,A01
201800056480,2,07,000,00,2,3,00,B01
201800056481,2,07,000,00,2,3,01,A01
201800056481,1,34,000,00,2,1,17,B01
201800056482,2,07,000,13,0,7,01,A01
201800056483,2,33,000,00,2,1,18,A01
201800056483,2,07,000,00,9,5,01,B01
201800056484,1,07,000,00,2,1,00,B01
201800056484,2,07,000,00,2,3,00,A01
201800056485,1,07,000,00,1,1,16,A01
201800056486,1,14,000,12,0,1,21,A01
201800056487,1,02,000,00,2,1,01,A01
201800056487,2,07,000,00,2,3,01,B01
201800056488,1,07,000,00,2,2,17,A01
201800056488,2,33,000,00,2,1,01,B01
201800056489,1,07,000,13,1,1,01,A01
201800056490,0,07,000,00,9,3,01,A01
201800056490,0,01,000,00,2,1,01,B01
201800056491,1,10,000,06,2,3,05,A01
201800056491,2,07,000,00,2,3,01,B01
201800056491,1,07,000,14,0,1,21,C01
201800056492,1,07,000,04,2,8,01,B01
201800056492,1,07,000,04,2,0,14,A01
201800056493,0,10,000,00,2,1,15,A01
201800056493,0,33,000,00,2,1,01,B01
201800056494,0,07,000,00,1,1,01,A01
201800056495,0,33,000,00,0,1,01,A01
201800056496,1,07,000,00,2,1,02,B01
201800056496,1,07,000,00,1,1,23,A01
201800056497,2,02,000,00,2,1,01,A01
201800056497,0,07,000,00,2,2,15,B01
201800056498,2,10,000,00,2,1,01,B01
201800056498,1,07,000,00,2,1,17,A01
201800056499,2,07,000,00,2,1,23,B01
201800056499,1,07,000,00,2,1,13,A01
201800056500,2,33,000,00,2,1,02,B01
201800056500,2,33,000,00,0,4,00,A01
201800056501,1,07,000,00,2,3,01,A01
201800056501,2,07,000,00,0,3,01,B01
201800056502,2,02,000,00,2,1,00,A01
201800056502,1,07,000,00,2,1,01,B01
201800056503,1,07,000,00,2,1,17,A01
201800056503,2,07,000,00,2,1,01,B01
201800056504,0,33,000,08,0,1,01,A01
201800056505,2,02,000,01,0,1,02,A01
201800056505,2,07,000,00,0,6,23,B01
201800056506,1,30,000,13,0,1,01,A01
201800056507,2,07,000,00,2,3,01,B01
201800056507,1,07,000,00,2,3,17,A01
201800056508,1,02,000,00,1,1,01,A01
201800056509,0,02,000,00,2,2,02,B01
201800056509,0,07,000,00,2,3,09,A01
201800056510,0,07,000,00,1,1,00,A01
201800056511,1,07,000,00,0,2,01,A01
201800056511,1,01,000,00,0,0,23,B01
201800056512,2,01,000,00,2,1,01,B01
201800056512,1,07,000,00,2,3,05,A01
201800056513,1,07,000,00,1,2,01,A01
201800056514,2,02,000,00,2,1,05,A01
201800056514,1,07,000,00,2,3,01,B01
201800056514,1,07,000,00,2,8,01,C01
201800056515,0,07,000,06,0,1,01,A01
201800056516,0,07,000,00,1,4,04,A01
201800056517,1,02,000,00,0,9,00,A01
201800056518,0,07,000,00,1,2,16,A01
201800056519,0,07,000,00,2,3,15,A01
201800056519,0,02,000,00,2,3,01,B01
201800056520,2,07,000,00,9,2,01,A01
201800056520,0,01,000,00,2,1,15,B01
201800056521,0,02,000,00,1,1,01,A01
201800056522,2,07,000,00,2,1,15,A01
201800056522,1,34,000,00,2,7,01,B01
201800056523,2,33,000,00,2,1,21,B01
201800056523,1,07,000,00,2,2,15,A01
201800056524,2,01,000,13,0,1,01,A01
201800056525,0,07,000,00,2,8,01,A01
201800056525,0,07,000,00,2,2,13,B01
201800056526,0,07,000,00,1,1,01,A01
201800056527,1,07,000,06,0,1,00,A01
201800056528,1,07,000,08,0,3,01,A01
201800056529,1,31,000,00,2,3,17,A01
201800056529,2,07,000,00,2,3,23,B01
201800056530,1,07,000,07,1,2,15,A01
201800056531,1,02,000,00,2,8,13,A01
201800056531,2,07,000,00,2,8,23,B01
201800056532,0,07,000,00,0,5,01,B01
201800056532,0,33,000,00,2,1,01,A01
201800056533,1,07,000,00,2,2,13,A01
201800056533,2,07,000,00,2,1,01,B01
201800056534,2,07,000,00,2,3,01,A01
201800056534,1,02,000,00,2,1,01,B01
201800056535,1,14,000,00,9,6,01,B01
201800056535,2,33,000,00,2,0,21,A01
201800056536,1,33,000,00,2,1,09,B01
201800056536,2,07,000,00,2,2,01,A01
201800056537,1,33,000,00,2,1,17,A01
201800056537,1,36,000,00,0,6,15,B01
201800056538,2,37,006,01,1,5,01,B01
201800056539,1,02,000,00,2,1,05,A01
201800056539,2,02,000,00,2,1,00,B01
201800056540,1,07,000,00,1,1,16,A01
201800056541,2,07,000,00,2,7,15,B01
201800056541,1,31,000,00,2,1,01,A01
201800056542,2,07,000,00,9,7,15,A01
201800056542,2,30,000,00,2,2,02,B01
201800056543,1,07,000,00,2,1,08,B01
201800056543,1,07,000,00,2,7,13,A01
201800056544,2,07,000,00,2,6,15,B01
201800056544,2,30,000,00,2,6,15,A01
201800056545,0,07,000,00,2,2,15,A01
201800056545,0,07,000,00,2,3,01,B01
201800056546,0,07,000,00,2,1,02,A01
201800056546,0,07,000,00,2,4,02,B01
201800056547,1,07,000,00,0,0,00,A01
201800056547,1,33,000,00,0,0,00,B01
201800056548,0,07,000,00,2,7,01,B01
201800056548,0,07,000,00,2,7,15,A01
201800056549,0,07,000,00,1,1,01,A01
201800056550,0,07,000,00,1,3,02,A01
201800056551,0,10,000,01,1,2,15,A01
201800056552,1,07,000,00,1,1,00,A01
201800056553,0,07,000,12,2,0,00,B01
201800056553,0,07,000,00,2,9,17,A01
201800056554,1,31,000,00,0,0,00,A01
201800056555,2,07,000,00,2,1,09,A01
201800056555,1,01,000,00,2,7,21,B01
201800056556,2,07,000,00,1,2,00,A01
201800056557,0,10,000,00,2,2,15,A01
201800056557,0,10,000,00,2,7,01,B01
201800056558,1,07,000,00,2,2,10,B01
201800056558,2,30,000,00,2,0,00,A01
201800056559,1,99,000,00,2,0,00,B01
201800056559,1,07,000,00,2,2,13,A01
201800056560,1,07,000,00,2,2,09,A01
201800056560,1,02,000,00,2,7,15,B01
201800056561,2,01,000,00,2,8,01,B01
201800056561,1,07,000,00,6,3,15,A01
201800056562,1,10,000,00,2,2,09,A01
201800056562,1,33,000,00,2,3,01,B01
201800056563,1,07,000,00,1,3,15,A01
201800056564,1,07,000,00,2,3,01,A01
201800056564,2,07,000,00,2,1,15,B01
201800056565,0,32,000,00,2,2,00,A01
201800056565,0,07,000,00,2,2,00,B01
201800056566,0,99,000,00,1,1,15,A01
201800056567,1,07,000,00,2,3,21,B01
201800056567,1,07,000,00,2,1,13,A01
201800056568,2,10,000,00,2,5,02,A01
201800056568,2,33,000,00,2,3,02,B01
201800056569,1,07,000,00,2,3,15,A01
201800056569,1,30,000,00,2,2,17,B01
201800056570,2,31,000,00,2,1,18,A01
201800056570,1,07,000,00,2,7,15,B01
201800056571,1,07,000,00,2,1,15,A01
201800056571,2,31,000,00,2,1,05,B01
201800056572,1,33,000,00,2,1,01,A01
201800056572,1,07,000,00,2,6,19,B01
201800056573,1,31,000,12,2,3,17,B01
201800056573,1,07,000,12,0,3,14,A01
201800056574,1,33,000,00,2,1,01,A01
201800056574,1,10,000,16,2,5,16,B01
201800056575,2,07,000,00,2,1,17,A01
201800056575,1,31,000,00,2,1,01,B01
201800056576,1,07,000,00,1,1,00,A01
201800056577,1,07,000,00,2,8,10,B01
201800056577,1,33,000,00,2,1,17,A01
201800056578,2,33,000,00,1,1,01,A01
201800056579,1,07,000,14,2,3,01,A01
201800056579,1,31,000,00,2,1,17,B01
201800056580,1,07,000,00,2,1,17,A01
201800056580,2,07,000,00,2,1,00,B01
201800056580,2,07,000,00,2,6,01,C01
201800056581,0,99,000,00,1,0,00,Z01
201800056582,1,01,000,00,2,1,14,B01
201800056582,2,07,000,00,2,3,01,A01
201800056583,1,07,000,03,9,1,02,A01
201800056583,1,20,000,03,2,4,02,B01
201800056584,1,07,000,00,2,1,01,B01
201800056584,2,07,000,08,2,1,15,A01
201800056585,1,07,000,00,2,4,01,A01
201800056585,1,01,000,00,2,4,13,B01
201800056586,1,33,000,,0,1,15,A01
201800056587,1,07,000,00,1,2,09,A01
201800056588,0,13,000,00,0,0,00,A01
201800056588,0,07,000,00,0,1,00,B01
201800056589,1,07,000,00,1,1,00,A01
201800056590,2,07,000,00,2,9,21,A01
201800056591,1,30,000,13,2,6,21,A01
201800056591,2,10,000,00,2,0,13,Z01
201800056592,1,07,000,00,2,2,10,A01
201800056592,1,30,000,00,2,6,02,B01
201800056593,1,07,000,00,2,8,10,A01
201800056593,1,33,000,00,2,1,02,B01
201800056594,1,32,000,00,2,4,15,B01
201800056594,2,33,000,00,2,1,01,A01
201800056594,2,07,000,00,2,4,01,D01
201800056594,1,32,000,00,2,4,15,C01
201800056595,1,07,000,06,2,6,01,B01
201800056595,2,07,000,00,2,8,13,A01
201800056596,0,07,000,00,2,1,09,B01
201800056596,0,30,000,00,2,2,12,A01
201800056597,0,07,000,00,2,1,01,B01
201800056597,0,07,000,00,2,1,00,A01
201800056598,0,07,000,00,2,2,14,A01
201800056598,0,07,000,00,2,6,23,B01
201800056599,0,07,000,03,0,9,13,A01
201800056600,1,02,000,00,2,1,01,B01
201800056600,1,07,000,00,2,5,15,A01
201800056601,2,07,000,00,2,0,00,C01
201800056601,1,13,000,00,0,0,00,D01
201800056601,1,07,000,00,2,9,13,A01
201800056601,2,07,000,00,2,9,01,B01
201800056602,0,01,000,00,2,2,15,C01
201800056602,0,01,000,00,2,3,15,B01
201800056602,0,07,000,00,2,3,00,A01
201800056603,1,10,000,00,2,3,11,B01
201800056603,1,07,000,04,0,3,17,A01
201800056604,1,07,000,00,2,3,15,A01
201800056604,1,34,000,00,2,1,17,B01
201800056605,2,07,000,00,2,2,01,C01
201800056605,2,07,000,00,2,3,01,B01
201800056605,1,07,000,00,2,1,13,A01
201800056606,1,10,000,00,2,4,23,B01
201800056606,1,07,000,00,2,4,23,C01
201800056606,1,10,000,00,2,1,00,A01
201800056607,0,07,000,00,2,2,09,A01
201800056607,0,31,000,00,2,1,01,B01
201800056608,1,10,000,00,2,8,02,B01
201800056608,1,32,000,00,2,3,17,A01
201800056609,1,07,000,00,1,1,21,A01
201800056610,0,07,000,00,1,3,16,A01
201800056611,1,34,000,00,2,0,00,A01
201800056611,2,07,000,00,2,7,15,B01
201800056612,0,07,000,00,2,8,21,B01
201800056612,0,07,000,00,2,3,13,A01
201800056613,2,33,000,00,2,7,17,B01
201800056613,2,07,000,00,2,8,17,A01
201800056614,0,07,000,00,2,3,15,A01
201800056614,0,34,000,00,2,1,17,B01
201800056615,1,30,000,00,2,3,17,A01
201800056615,1,07,000,00,2,3,00,B01
201800056615,1,07,000,00,2,3,00,C01
201800056616,0,10,000,00,2,2,16,A01
201800056616,0,02,000,00,2,3,01,B01
201800056617,0,32,000,00,2,0,00,A01
201800056617,0,32,000,00,2,0,00,B01
201800056618,0,33,000,00,2,1,01,B01
201800056618,0,07,000,00,2,3,01,A01
201800056619,1,01,000,00,2,1,01,D01
201800056619,1,01,000,00,2,1,01,E01
201800056619,1,01,000,00,2,1,01,A01
201800056619,1,01,000,00,2,1,01,C01
201800056619,1,01,000,00,2,1,01,B01
201800056619,1,07,000,00,2,4,23,F01
201800056620,0,07,000,00,2,2,02,A01
201800056620,0,33,000,03,2,4,01,B01
201800056621,0,07,000,00,1,2,19,A01
201800056622,1,07,000,00,1,1,01,A01
201800056623,1,10,000,00,2,5,00,B01
201800056623,1,33,000,04,2,5,00,A01
201800056624,2,02,000,00,2,7,02,A01
201800056624,1,01,000,00,2,8,02,B01
201800056625,0,07,000,00,0,9,00,A01
201800056626,1,07,000,06,2,9,13,A01
201800056627,0,07,000,13,0,1,00,A01
201800056628,1,02,000,04,2,1,18,B01
201800056628,1,07,000,00,2,2,16,A01
201800056629,1,10,000,00,2,2,18,A01
201800056629,1,01,000,00,2,8,01,B01
201800056630,0,07,000,00,1,1,01,Z01
201800056631,0,07,000,00,2,2,01,B01
201800056631,0,07,000,00,2,3,13,A01
201800056631,0,07,000,00,2,8,00,C01
201800056632,1,07,000,01,0,1,20,A01
201800056633,2,07,000,00,2,1,17,A01
201800056633,1,07,000,00,2,1,00,B01
201800056634,1,07,000,00,2,2,00,B01
201800056634,1,07,000,00,2,3,15,A01
201800056635,1,99,000,00,2,8,00,C01
201800056635,2,07,000,00,2,7,17,A01
201800056635,2,07,000,00,2,8,00,B01
201800056636,0,07,000,00,1,1,16,A01
201800056637,2,07,000,08,1,1,00,A01
201800056638,1,07,000,04,1,3,00,A01
201800056639,2,07,000,08,2,0,00,A01
201800056639,2,07,000,14,2,4,00,B01
201800056640,1,30,000,00,2,2,15,A01
201800056640,0,10,000,00,2,2,01,B01
201800056641,0,07,000,00,1,3,00,A01
201800056642,2,07,000,00,1,0,01,A01
201800056642,1,07,000,00,1,0,01,B01
201800056643,1,07,000,00,2,1,00,A01
201800056643,1,07,000,00,2,7,01,B01
201800056644,1,07,000,00,1,1,00,A01
201800056645,1,02,000,00,2,0,17,A01
201800056645,1,07,000,00,2,8,15,B01
201800056646,0,07,000,00,2,4,00,B01
201800056646,2,30,000,00,2,1,00,A01
201800056647,1,07,000,00,2,3,13,A01
201800056647,2,07,000,00,2,1,01,B01
201800056648,1,30,000,00,2,4,21,A01
201800056648,1,07,000,00,6,2,21,B01
201800056649,1,33,000,00,2,1,01,B01
201800056649,1,07,000,08,2,7,09,A01
201800056650,0,07,000,00,1,0,00,A01
201800056650,0,07,000,00,1,0,00,B01
201800056651,0,07,000,00,1,1,01,A01
201800056652,2,07,000,00,2,5,13,A01
201800056652,2,01,000,00,2,1,01,B01
201800056653,2,37,001,00,2,2,01,B01
201800056653,2,10,000,00,2,3,01,A01
201800056654,0,07,000,00,2,7,15,B01
201800056654,0,31,000,00,2,1,18,A01
201800056655,0,07,000,00,2,3,00,B01
201800056655,0,07,000,00,2,3,11,A01
201800056656,1,99,000,01,1,0,00,Z01
201800056657,2,07,000,00,2,2,01,B01
201800056657,0,07,000,00,2,2,19,A01
201800056658,0,07,000,00,1,3,17,A01
201800056659,0,99,000,00,1,0,19,A01
201800056660,0,07,000,03,0,1,13,A01
201800056661,1,33,000,00,2,1,19,A01
201800056661,1,07,000,00,2,1,00,B01
201800056662,2,01,000,00,2,1,00,A01
201800056662,2,07,000,00,2,3,15,B01
201800056663,1,07,000,00,1,1,00,A01
201800056664,0,07,000,00,2,1,00,B01
201800056664,1,07,000,00,2,4,21,A01
201800056665,1,07,000,00,1,1,00,A01
201800056666,2,10,000,00,1,1,00,A01
201800056666,2,07,000,00,2,1,00,B01
201800056667,2,07,000,00,6,0,00,F01
201800056667,2,07,000,00,2,0,00,B01
201800056667,2,07,000,04,6,3,13,A01
201800056667,2,07,000,00,2,0,00,D01
201800056667,2,07,000,00,6,0,00,C01
201800056667,2,07,000,00,2,0,00,E01
201800056668,0,07,000,00,2,3,15,B01
201800056668,0,33,000,00,2,1,17,A01
201800056669,1,07,000,00,0,0,00,A01
201800056669,1,34,000,00,2,1,01,B01
201800056670,2,07,000,00,1,7,14,A01
201800056671,1,31,000,00,2,1,01,B01
201800056671,1,31,000,00,2,1,13,A01
201800056672,1,07,000,00,1,4,04,A01
201800056673,1,07,000,00,1,3,01,A01
201800056674,2,07,000,00,2,1,01,B01
201800056674,2,01,000,00,2,8,13,A01