Num_Acc,senc,catv,occutc,obs,obsm,choc,manv,num_veh
201800057014,1,07,000,00,0,0,00,B01
201800057014,1,34,000,00,0,0,00,A01
201800057014,1,07,000,00,0,0,00,C01
201800057015,0,07,000,00,2,3,01,A01
201800057015,0,02,000,00,2,1,00,B01
201800057016,0,32,000,00,2,1,01,B01
201800057016,0,07,000,00,2,1,15,A01
201800057017,0,07,000,00,2,3,01,B01
201800057017,0,07,000,00,2,1,01,A01
201800057018,0,10,000,00,1,1,01,A01
201800057019,1,07,000,00,0,0,00,A01
201800057020,0,02,000,00,2,1,17,A01
201800057020,0,07,000,00,6,3,15,B01
201800057021,0,10,000,00,1,3,16,A01
201800057021,0,10,000,00,0,0,23,B01
201800057022,0,10,000,00,6,7,19,B01
201800057022,0,02,000,00,2,1,01,A01
201800057023,1,02,000,00,0,1,01,B01
201800057023,1,07,000,00,0,2,19,A01
201800057024,0,10,000,00,2,0,00,Z01
201800057024,0,02,000,00,2,8,01,A01
201800057025,1,01,000,00,2,0,19,B01
201800057025,1,33,000,00,6,1,17,A01
201800057026,1,32,000,00,2,1,03,A01
201800057026,1,07,000,00,6,8,15,B01
201800057027,0,32,000,00,2,8,01,A01
201800057027,0,07,000,00,2,8,01,B01
201800057028,1,30,000,00,2,0,03,A01
201800057028,0,10,000,00,2,3,15,B01
201800057029,0,02,000,00,2,9,00,B01
201800057029,0,33,000,00,2,1,01,A01
201800057030,1,14,000,00,0,6,23,B01
201800057030,1,07,000,01,2,1,00,A01
201800057031,1,07,000,00,2,3,11,B01
201800057031,1,32,000,00,2,1,01,A01
201800057032,1,10,000,00,6,3,15,A01
201800057032,1,02,000,00,2,1,02,B01
201800057033,1,07,000,00,2,8,15,B01
201800057033,1,30,000,00,2,1,17,A01
201800057034,1,32,000,00,2,1,01,B01
201800057034,2,07,000,00,6,3,13,A01
201800057035,2,07,000,00,0,3,01,B01
201800057035,1,07,000,00,2,3,13,A01
201800057036,0,30,000,00,2,1,17,A01
201800057036,0,07,000,00,2,3,15,B01
201800057037,1,07,000,00,0,3,01,B01
201800057037,1,30,000,00,2,3,19,A01
201800057038,2,02,000,00,0,0,00,B01
201800057038,1,07,000,00,2,7,16,A01
201800057039,2,02,000,00,1,1,01,A01
201800057040,1,07,000,00,6,7,02,A01
201800057040,1,01,000,00,2,8,01,B01
201800057041,0,07,000,00,2,8,01,B01
201800057041,2,07,000,00,2,2,15,A01
201800057042,1,07,000,00,6,3,00,A01
201800057042,2,01,000,00,0,0,00,B01
201800057043,2,02,000,00,2,1,17,B01
201800057043,1,13,000,00,6,3,15,A01
201800057044,0,10,000,00,1,2,01,A01
201800057045,1,01,000,00,2,4,01,B01
201800057045,1,07,000,,,,,A01
201800057046,1,07,000,00,1,8,01,A01
201800057047,1,07,000,00,6,7,16,A01
201800057047,1,02,000,00,2,8,01,B01
201800057048,1,07,000,00,2,1,16,A01
201800057048,1,02,000,00,0,0,00,B01
201800057049,1,30,000,00,2,8,01,A01
201800057049,1,07,000,00,2,7,16,B01
201800057050,1,07,000,00,2,1,01,A01
201800057050,1,07,000,00,0,4,15,B01
201800057051,0,07,000,00,1,7,16,Z01
201800057052,1,07,000,00,2,3,15,A01
201800057052,1,02,000,00,2,8,01,B01
201800057053,0,07,000,00,1,2,01,A01
201800057054,2,07,000,00,2,1,01,A01
201800057054,2,07,000,00,2,7,01,B01
201800057055,1,07,000,00,2,2,15,A01
201800057055,1,02,000,00,2,1,01,B01
201800057056,2,07,000,00,2,1,15,A01
201800057056,2,30,000,00,2,3,01,B01
201800057057,1,02,000,00,2,1,01,B01
201800057057,0,07,000,00,2,1,15,A01
201800057058,0,07,000,00,2,7,02,B01
201800057058,0,32,000,00,2,8,02,A01
201800057058,0,07,000,12,0,0,00,C01
201800057059,0,30,000,00,2,0,15,A01
201800057059,0,30,000,00,2,1,01,B01
201800057060,1,02,000,00,2,1,17,A01
201800057060,1,07,000,00,2,6,15,B01
201800057061,2,33,000,00,2,1,01,B01
201800057061,1,07,000,00,0,7,15,A01
201800057062,1,07,000,00,2,1,01,A01
201800057062,1,02,000,00,2,8,19,B01
201800057063,1,07,000,00,2,1,15,A01
201800057063,1,02,000,00,2,1,01,B01
201800057064,0,01,000,00,2,8,15,B01
201800057064,0,07,000,00,2,3,01,A01
201800057065,1,10,000,00,2,4,02,C01
201800057065,1,10,000,00,2,4,02,B01
201800057065,1,10,000,00,2,1,02,A01
201800057066,1,02,000,00,2,1,01,B01
201800057066,0,07,000,00,6,1,16,A01
201800057067,1,02,000,00,2,1,01,B01
201800057067,1,07,000,00,2,3,15,A01
201800057068,2,07,000,00,1,1,01,A01
201800057069,1,07,000,00,1,1,16,A01
201800057070,1,07,000,00,2,1,15,A01
201800057070,1,30,000,00,2,1,17,B01
201800057071,1,30,000,00,2,7,16,A01
201800057072,0,07,000,06,0,8,01,A01
201800057073,1,07,000,00,2,7,16,B01
201800057073,1,02,000,00,2,3,01,A01
201800057074,1,07,000,00,0,0,00,B01
201800057074,1,30,000,00,0,0,00,A01
201800057074,0,07,000,00,0,0,00,C01
201800057075,1,30,000,00,0,0,00,A01
201800057076,2,07,000,00,2,2,16,B01
201800057076,2,30,000,00,2,1,16,A01
201800057077,0,37,030,00,1,7,01,A01
201800057078,1,33,000,00,0,0,17,A01
201800057079,0,30,000,00,1,1,01,A01
201800057080,2,32,000,00,2,1,01,B01
201800057080,0,10,000,00,2,5,19,A01
201800057081,0,07,000,00,0,0,16,A01
201800057082,0,30,000,00,2,1,01,A01
201800057082,0,02,000,00,2,4,14,B01
201800057083,0,07,000,00,2,3,09,A01
201800057083,0,02,000,00,2,1,01,B01
201800057084,1,07,000,00,0,1,01,A01
201800057084,1,02,000,00,2,1,01,B01
201800057085,1,07,000,06,0,9,13,A01
201800057086,0,30,000,00,2,1,19,A01
201800057086,0,07,000,00,2,3,15,B01
201800057087,1,33,000,00,0,1,16,A01
201800057087,2,07,000,00,0,8,15,B01
201800057088,0,30,000,00,0,0,00,A01
201800057089,0,10,000,00,2,2,01,A01
201800057089,0,01,000,00,2,3,01,B01
201800057090,1,07,000,00,2,3,15,A01
201800057090,0,07,000,00,2,8,01,B01
201800057091,1,07,000,00,2,3,01,B01
201800057091,1,07,000,00,2,9,19,A01
201800057091,1,07,000,00,2,3,23,C01
201800057092,1,07,000,00,2,8,00,B01
201800057092,2,07,000,00,2,1,00,A01
201800057092,2,07,000,00,2,6,00,C01
201800057093,0,02,000,00,1,0,01,A01
201800057094,1,10,000,00,2,7,15,A01
201800057094,1,02,000,00,2,8,01,B01
201800057095,2,30,000,12,0,1,02,A01
201800057096,1,07,000,00,2,1,01,B01
201800057096,1,07,000,00,2,8,19,A01
201800057097,1,01,000,00,2,1,15,A01
201800057097,1,07,000,00,2,2,01,B01
201800057098,2,07,000,00,6,8,15,B01
201800057098,1,02,000,00,2,8,01,A01
201800057099,1,32,000,00,2,7,01,B01
201800057099,1,07,000,00,2,2,15,A01
201800057100,0,10,000,00,2,8,01,B01
201800057100,0,10,000,00,2,1,01,A01
201800057101,1,07,000,00,2,2,16,A01
201800057101,1,02,000,00,2,1,18,B01
201800057102,1,07,000,00,2,2,19,A01
201800057102,1,32,000,00,2,8,01,B01
201800057103,0,30,000,00,2,1,14,A01
201800057103,0,07,000,00,2,3,00,B01
201800057104,0,07,000,00,2,3,15,A01
201800057104,0,02,000,00,2,8,00,B01
201800057105,1,07,000,08,0,2,01,A01
201800057106,1,30,000,00,2,1,00,A01
201800057106,1,07,000,00,6,4,23,B01
201800057107,1,07,000,00,2,1,02,A01
201800057107,1,07,000,00,2,4,02,B01
201800057108,0,01,000,00,2,4,01,B01
201800057108,0,07,000,00,2,3,01,A01
201800057109,2,07,000,00,1,1,01,A01
201800057110,1,07,000,08,2,7,01,A01
201800057110,1,07,000,00,2,1,01,B01
201800057111,0,02,000,00,2,1,01,B01
201800057111,0,07,000,00,2,8,09,A01
201800057112,0,07,000,00,1,3,01,A01
201800057113,1,02,000,01,0,1,01,A01
201800057113,1,07,000,00,2,6,24,B01
201800057114,0,07,000,00,2,0,00,B01
201800057114,0,07,000,00,2,0,00,A01
201800057115,1,07,000,00,2,6,15,A01
201800057115,1,33,000,00,2,1,01,B01
201800057116,0,07,000,00,2,3,00,B01
201800057116,0,01,000,00,2,1,01,A01
201800057117,1,07,000,00,2,6,01,B01
201800057117,1,07,000,00,2,1,00,A01
201800057118,1,10,000,00,1,1,01,A01
201800057119,1,07,000,00,2,3,00,B01
201800057119,0,01,000,00,2,6,19,A01
201800057120,1,02,000,00,2,7,17,B01
201800057120,0,07,000,00,2,2,19,A01
201800057121,0,07,000,00,2,2,17,A01
201800057121,0,01,000,00,2,0,01,B01
201800057122,0,30,000,00,2,1,05,A01
201800057122,0,34,000,00,2,1,01,B01
201800057123,1,07,000,00,2,3,15,B01
201800057123,1,02,000,00,2,1,17,A01
201800057124,1,02,000,00,2,1,01,B01
201800057124,1,07,000,00,2,2,15,A01
201800057125,1,07,000,00,2,3,19,A01
201800057125,0,02,000,00,2,2,01,B01
201800057126,0,07,000,00,2,3,15,A01
201800057126,1,02,000,00,2,1,01,B01
201800057127,0,07,000,00,2,1,13,B01
201800057127,0,30,000,00,2,1,01,A01
201800057128,0,02,000,00,2,1,17,B01
201800057128,0,07,000,00,2,3,01,A01
201800057129,1,07,000,00,2,5,16,A01
201800057129,1,37,010,00,2,3,01,B01
201800057130,0,01,000,00,6,8,02,B01
201800057130,0,07,000,00,2,2,02,A01
201800057131,1,10,000,00,2,3,15,A01
201800057131,1,02,000,00,2,1,01,B01
201800057132,1,02,000,00,2,8,01,B01
201800057132,1,07,000,00,2,1,15,A01
201800057133,1,07,000,00,6,1,17,A01
201800057133,2,02,000,00,2,8,01,B01
201800057134,1,30,000,00,1,1,01,A01
201800057135,1,07,000,00,2,8,15,A01
201800057135,1,33,000,00,0,0,00,B01
201800057136,1,07,000,16,2,1,02,A01
201800057136,1,07,000,16,2,4,02,B01
201800057137,0,07,000,00,2,8,22,A01
201800057137,0,02,000,00,2,1,01,B01
201800057138,1,07,000,00,1,2,01,A01
201800057139,0,07,000,00,2,1,13,A01
201800057139,0,30,000,00,2,1,16,B01
201800057140,1,07,000,00,6,8,17,A01
201800057140,0,02,000,00,2,1,02,B01
201800057141,0,02,000,00,2,1,02,A01
201800057141,0,10,000,00,2,5,01,B01
201800057142,0,10,000,00,1,2,15,A01
201800057143,1,07,000,00,1,3,01,A01
201800057144,0,02,000,00,0,0,01,A01
201800057145,2,02,000,00,2,8,01,B01
201800057145,2,07,000,00,2,2,01,A01
201800057146,1,37,009,00,2,7,01,B01
201800057146,0,07,000,00,2,7,01,A01
201800057147,1,07,000,00,2,3,15,B01
201800057147,1,02,000,00,2,0,00,A01
201800057148,1,30,000,12,0,7,01,A01
201800057149,0,30,000,00,1,8,19,A01
201800057150,1,07,000,00,2,1,01,A01
201800057150,1,07,000,00,0,6,01,B01
201800057151,1,02,000,03,0,0,01,A01
201800057152,0,30,000,00,2,1,01,A01
201800057152,0,01,000,00,0,8,19,B01
201800057153,1,07,000,00,2,1,16,A01
201800057153,1,07,000,00,2,3,19,B01
201800057154,2,01,000,00,2,1,13,B01
201800057154,1,07,000,00,2,3,21,M01
201800057155,1,07,000,00,0,0,14,A01
201800057156,1,99,000,00,1,1,00,A01
201800057157,2,33,000,00,0,2,21,A01
201800057158,1,07,000,00,9,2,19,A01
201800057158,1,33,000,00,2,3,02,B01
201800057159,1,07,000,00,2,5,19,A01
201800057159,2,07,000,00,2,2,01,B01
201800057160,1,07,000,01,0,1,20,A01
201800057160,1,07,000,00,2,4,24,B01
201800057161,1,07,000,00,1,2,02,A01
201800057162,1,02,000,00,0,0,00,A01
201800057163,1,02,000,00,0,0,00,A01
201800057164,1,02,000,00,2,1,12,A01
201800057164,1,07,000,00,2,7,15,B01
201800057165,1,07,000,00,2,5,19,B01
201800057165,1,07,000,00,2,1,19,A01
201800057166,1,07,000,00,2,1,13,A01
201800057166,2,07,000,00,2,1,01,B01
201800057167,1,07,000,00,2,5,02,A01
201800057167,2,07,000,00,2,1,09,B01
201800057168,1,07,000,00,9,3,09,A01
201800057168,1,01,000,00,2,1,01,B01
201800057169,2,07,000,00,2,3,10,A01
201800057169,2,33,000,00,2,2,21,B01
201800057170,1,07,000,08,0,1,19,R01
201800057171,1,30,000,08,0,0,00,A01
201800057172,0,99,000,00,2,0,00,R01
201800057172,1,07,000,00,2,2,01,A01
201800057173,1,33,000,00,2,3,21,A01
201800057173,1,07,000,00,2,8,11,B01
201800057173,1,07,000,00,2,7,01,C01
201800057174,1,07,000,00,2,1,02,A01
201800057174,1,07,000,00,2,4,01,B01
201800057175,1,30,000,01,0,7,01,A01
201800057175,0,07,000,01,0,3,22,B01
201800057176,1,07,000,00,2,1,01,B01
201800057176,1,07,000,00,2,7,16,A01
201800057177,0,33,000,00,2,3,18,A01
201800057177,0,10,000,00,2,2,16,B01
201800057178,0,07,000,00,1,1,00,A01
201800057179,2,07,000,00,1,1,21,A01
201800057180,1,07,000,00,2,1,01,A01
201800057180,1,07,000,00,2,4,02,B01
201800057180,1,07,000,00,2,4,02,C01
201800057181,1,02,000,00,1,1,01,A01
201800057182,1,07,000,00,1,3,15,A01
201800057183,0,01,000,00,2,1,21,B01
201800057183,0,07,000,00,2,7,00,A01
201800057184,1,07,000,06,1,1,01,A01
201800057185,1,07,000,00,2,6,09,A01
201800057185,1,33,000,14,2,1,09,B01
201800057186,0,30,000,14,0,1,01,A01
201800057187,2,07,000,00,2,3,01,B01
201800057187,1,07,000,00,2,2,19,A01
201800057188,1,07,000,00,2,2,01,A01
201800057188,2,07,000,00,2,6,23,B01
201800057189,1,33,000,00,2,1,17,A01
201800057189,2,07,000,00,2,3,15,B01
201800057190,0,01,000,00,2,4,16,A01
201800057190,2,07,000,00,6,0,00,B01
201800057191,1,33,000,14,0,0,00,A01
201800057192,2,07,000,00,2,0,00,A01
201800057192,2,07,000,00,2,6,02,B01
201800057192,2,07,000,00,2,8,02,C01
201800057193,0,07,000,00,1,3,16,A01
201800057194,0,07,000,00,2,1,19,A01
201800057194,0,07,000,00,2,2,19,B01
201800057195,0,07,000,00,2,4,00,A01
201800057195,0,07,000,00,2,4,00,B01
201800057195,0,07,000,00,2,1,00,C01
201800057196,0,01,000,00,2,1,19,A01
201800057196,1,15,000,00,6,5,00,B01
201800057197,1,07,000,00,2,3,12,A01
201800057197,2,07,000,00,2,0,00,B01
201800057198,1,10,000,00,2,2,14,A01
201800057198,1,33,000,03,2,8,03,B01
201800057199,0,07,000,00,1,3,01,A01
201800057200,1,07,000,00,2,2,14,A01
201800057200,2,07,000,00,2,6,01,B01
201800057201,2,07,000,00,2,6,00,A01
201800057201,1,32,000,00,2,0,00,B01
201800057202,1,01,000,00,2,1,01,B01
201800057202,1,07,000,00,6,3,15,A01
201800057203,1,07,000,14,2,3,12,A01
201800057203,2,31,000,14,2,3,03,B01
201800057204,1,07,000,00,0,8,15,A01
201800057204,1,33,000,00,2,1,17,B01
201800057205,0,01,000,14,2,3,09,A01
201800057205,1,07,000,00,2,1,01,B01
201800057206,1,10,000,00,6,3,22,A01
201800057206,1,01,000,01,0,1,02,B01
201800057207,1,32,000,00,0,1,01,A01
201800057208,1,10,000,00,2,3,15,A01
201800057208,2,02,000,00,2,1,01,B01
201800057209,1,10,000,00,2,4,02,A01
201800057209,1,33,000,00,2,8,02,B01
201800057210,0,10,000,00,2,8,15,A01
201800057210,1,31,000,00,2,1,01,B01
201800057211,0,01,000,00,1,1,13,A01
201800057212,1,07,000,00,2,3,13,A01
201800057212,2,07,000,00,2,3,01,B01
201800057213,1,32,000,01,0,5,13,A01
201800057214,2,07,000,00,1,2,00,A01
201800057215,0,07,000,00,2,8,11,A01
201800057215,0,33,000,00,2,0,17,B01
201800057216,1,10,000,00,2,7,14,A01
201800057216,1,10,000,00,2,8,01,B01
201800057216,1,10,000,00,6,7,00,C01
201800057217,1,07,000,00,2,1,02,A01
201800057217,1,07,000,00,2,4,02,B01
201800057218,0,07,000,14,2,2,01,B01
201800057218,1,07,000,14,2,2,15,A01
201800057219,2,01,000,00,2,4,01,B01
201800057219,1,07,000,00,2,1,01,A01
201800057220,1,31,000,00,2,2,03,A01
201800057220,1,07,000,00,2,8,01,B01
201800057221,1,07,000,00,2,4,02,A01
201800057221,1,07,000,00,2,1,02,B01
201800057222,2,07,000,00,2,2,01,A01
201800057222,2,10,000,00,2,1,01,B01
201800057223,2,02,000,00,2,4,01,A01
201800057224,0,07,000,00,2,1,01,A01
201800057224,0,10,000,00,2,4,23,B01
201800057225,1,07,000,00,2,1,09,A01
201800057225,0,01,000,00,2,2,01,B01
201800057226,0,07,000,00,6,5,16,A01
201800057226,0,01,000,00,2,1,15,B01
201800057227,0,07,000,00,1,2,00,A01
201800057228,0,30,000,00,0,1,01,A01
201800057229,1,33,000,14,0,1,21,A01
201800057229,1,31,000,14,2,4,23,B01
201800057230,0,07,000,00,2,2,17,A01
201800057230,0,01,000,00,2,8,02,B01
201800057231,0,07,000,08,0,3,13,A01
201800057232,0,10,000,00,2,3,15,A01
201800057232,0,33,000,00,2,1,15,B01
201800057233,0,33,000,00,2,1,17,A01
201800057233,0,01,000,00,2,4,02,B01
201800057234,1,07,000,00,2,1,00,A01
201800057234,1,07,000,00,2,6,02,B01
201800057234,1,13,000,00,2,4,01,C01
201800057234,1,07,000,03,2,6,00,D01
201800057235,1,07,000,00,2,1,19,A01
201800057235,0,07,000,00,2,6,00,B01
201800057236,1,07,000,00,2,3,13,A01
201800057236,1,33,000,00,2,0,19,B01
201800057237,2,07,000,03,0,1,09,A01
201800057238,0,13,000,00,2,3,21,A01
201800057238,0,07,000,00,2,7,15,B01
201800057239,1,07,000,05,0,8,01,A01
201800057240,1,33,000,01,2,1,01,A01
201800057240,0,07,000,00,2,4,24,C01
201800057240,1,07,000,00,2,6,01,B01
201800057241,1,33,000,00,2,1,02,A01
201800057241,0,32,000,00,2,6,19,B01
201800057242,2,07,000,00,2,3,13,A01
201800057242,1,10,000,00,2,3,01,B01
201800057243,1,31,000,00,2,1,01,A01
201800057243,2,07,000,00,2,3,01,B01
201800057244,1,07,000,00,2,2,13,A01
201800057244,1,01,000,00,2,4,02,B01
201800057245,1,01,000,00,0,5,00,A01
201800057245,1,10,000,01,0,5,00,B01
201800057246,2,07,000,00,1,2,01,A01
201800057247,2,30,000,05,0,3,13,A01
201800057248,1,10,000,00,2,2,15,A01
201800057248,1,02,000,00,2,3,01,B01
201800057249,2,30,000,00,1,1,00,A01
201800057250,0,02,000,00,0,0,00,B01
201800057250,0,10,000,00,2,8,15,A01
201800057251,1,10,000,00,2,1,01,B01
201800057251,2,07,000,13,2,7,13,G01
201800057252,1,07,000,00,1,7,01,A01
201800057253,1,01,000,00,2,7,13,A01
201800057253,2,07,000,00,2,2,01,B01
201800057254,1,07,000,00,0,9,02,A01
201800057255,2,07,000,00,2,3,13,A01
201800057255,1,07,000,00,2,6,01,B01
201800057256,0,01,000,00,2,4,02,A01
201800057256,0,07,000,00,2,4,02,B01
201800057257,1,07,000,00,2,1,13,A01
201800057257,1,07,000,00,2,1,00,B01
201800057258,1,07,000,00,2,3,15,A01
201800057258,2,02,000,00,2,1,01,B01
201800057259,2,07,000,00,1,2,01,A01
201800057260,2,30,000,00,2,1,17,A01
201800057260,1,07,000,00,2,1,01,B01
201800057261,1,34,000,12,0,0,21,A01
201800057262,2,07,000,00,1,8,01,A01
201800057263,2,32,000,00,2,1,18,A01
201800057263,2,07,000,00,2,2,16,B01
201800057264,2,07,000,00,2,8,15,A01
201800057264,1,01,000,00,2,1,01,B01
201800057265,0,07,000,00,2,2,19,A01
201800057265,0,02,000,00,0,0,00,B01
201800057266,1,07,000,00,2,2,15,A01
201800057266,2,30,000,00,2,1,01,B01
201800057267,1,33,000,00,0,2,01,A01
201800057268,1,07,000,00,2,1,00,A01
201800057268,1,01,000,00,2,0,00,B01
201800057269,1,03,000,00,2,6,17,B01
201800057269,1,99,000,00,2,2,17,A01
201800057270,1,33,000,00,2,1,17,A01
201800057270,1,07,000,16,0,3,20,B01
201800057271,2,07,000,00,2,4,00,A01
201800057271,2,07,000,00,2,1,02,B01
201800057271,1,07,000,00,2,1,02,C01
201800057272,1,10,000,00,2,1,15,A01
201800057272,1,02,000,00,2,0,00,B01
201800057273,2,07,000,00,2,1,01,B01
201800057273,1,07,000,00,2,1,15,A01
201800057274,1,34,000,00,1,1,17,A01
201800057275,2,07,000,06,0,1,13,A01
201800057276,1,07,000,00,2,8,15,A01
201800057276,0,99,000,00,2,1,00,B01
201800057277,2,10,000,00,2,1,01,B01
201800057277,2,07,000,00,2,4,00,A01
201800057278,1,07,000,00,2,1,15,B01
201800057278,1,30,000,00,2,1,17,A01
201800057279,0,07,000,00,0,2,00,A01
201800057280,2,07,000,00,2,3,13,A01
201800057280,1,07,000,00,2,3,01,B01
201800057281,1,07,000,00,1,1,15,A01
201800057282,2,07,000,13,0,3,16,A01
201800057283,1,07,000,00,1,2,00,A01
201800057284,1,02,000,00,2,7,19,A01
201800057284,2,07,000,00,2,1,19,B01
201800057285,1,07,000,00,2,1,01,A01
201800057285,2,33,000,04,0,8,13,B01
201800057286,2,07,000,00,1,1,15,A01
201800057287,1,07,000,00,1,1,15,A01
201800057288,1,07,000,00,2,0,04,C01
201800057288,1,37,000,00,2,3,01,A01
201800057288,2,01,000,00,2,1,01,B01
201800057289,2,07,000,00,1,1,01,A01
201800057290,1,33,000,00,2,1,01,A01
201800057290,1,07,000,00,2,2,09,B01
201800057290,1,07,000,01,2,6,24,C01
201800057291,1,07,000,00,1,2,15,A01
201800057292,1,07,000,00,1,2,15,A01
201800057293,1,07,000,14,1,1,24,A01
201800057294,1,07,000,00,2,7,14,A01
201800057294,1,33,000,00,2,8,01,B01
201800057295,1,10,000,00,2,1,19,A01
201800057295,1,07,000,09,2,8,19,B01
201800057296,1,07,000,00,2,7,02,A01
201800057296,2,07,000,00,2,3,02,B01
201800057297,1,07,000,00,2,2,00,A01
201800057297,2,07,000,00,2,1,21,B01
201800057298,1,33,000,00,2,1,21,B01
201800057299,1,07,000,00,2,1,05,B01
201800057299,1,07,000,00,2,1,01,A01
201800057300,1,07,000,00,1,2,15,A01
201800057301,1,02,000,00,2,1,19,B01
201800057301,1,07,000,00,2,8,19,A01
201800057302,0,30,000,00,1,1,00,A01
201800057303,2,07,000,00,2,3,19,B01
201800057303,1,07,000,00,2,3,19,A01
201800057304,1,07,000,00,1,1,21,A01
201800057305,1,07,000,00,2,4,23,A01
201800057305,1,07,000,00,2,4,23,B01
201800057305,1,07,000,00,2,4,23,C01
201800057305,1,07,000,00,2,4,23,D01
201800057306,0,07,000,00,1,3,01,A01
201800057307,1,07,000,00,1,1,00,A01
201800057308,1,07,000,00,2,6,15,A01
201800057308,1,02,000,00,2,2,17,B01
201800057309,2,07,000,04,0,2,14,A01
201800057310,2,07,000,00,2,3,15,A01
201800057310,1,01,000,00,2,3,01,B01
201800057311,2,10,000,00,2,3,13,A01
201800057311,1,14,000,00,2,3,01,B01
201800057312,1,99,000,00,2,3,01,A01
201800057312,2,99,000,00,2,1,08,B01
201800057313,1,07,000,02,2,1,00,A01
201800057313,1,10,000,09,2,1,00,B01
201800057314,2,07,000,16,2,1,19,A01
201800057314,1,34,000,00,2,7,03,B01
201800057315,1,30,000,00,2,1,00,A01
201800057315,2,10,000,00,2,3,05,B01
201800057316,1,30,000,00,2,1,17,A01
201800057316,1,07,000,00,2,3,15,B01
201800057317,0,07,000,00,2,0,01,B01
201800057317,0,33,000,00,2,8,01,A01
201800057318,1,07,000,00,6,4,02,A01
201800057318,1,07,000,00,2,1,02,B01
201800057319,1,07,000,00,0,2,13,A01
201800057320,1,07,000,04,0,1,13,A01
201800057321,0,10,000,00,1,4,00,A01
201800057322,2,37,081,00,1,5,10,A01
201800057323,0,01,000,00,2,1,07,B01
201800057323,0,07,000,00,2,3,15,Z01
201800057324,0,07,000,09,1,6,00,A01
201800057325,2,07,000,00,1,3,00,A01
201800057326,2,07,000,00,6,5,20,A01
201800057326,2,01,000,00,2,3,00,B01
201800057327,1,30,000,00,1,8,00,A01
201800057328,1,07,000,00,0,8,14,A01
201800057329,1,07,000,00,2,6,00,A01
201800057329,1,30,000,00,2,1,00,B01
201800057330,0,07,000,00,1,1,15,A01
201800057331,1,07,000,00,2,1,01,A01
201800057331,1,07,000,00,2,4,01,B01
201800057332,2,33,000,00,2,1,00,A01
201800057332,1,37,015,00,2,8,15,B01
201800057333,1,07,000,00,1,7,01,A01
201800057334,1,15,000,00,2,2,12,A01
201800057334,1,07,000,04,2,8,01,B01
201800057335,0,07,000,00,2,1,02,A01
201800057335,1,01,000,00,2,4,02,B01
201800057336,2,07,000,00,2,3,21,A01
201800057336,0,33,000,00,2,6,15,B01
201800057337,0,37,001,00,1,1,01,A01
201800057338,0,30,000,00,1,1,08,A01
201800057339,2,07,000,00,1,1,00,A01
201800057340,1,07,000,00,1,2,01,A01
201800057341,2,33,000,00,2,7,16,A01
201800057341,2,07,000,00,2,3,01,B01
201800057342,0,33,000,00,0,0,16,A01
201800057343,1,07,000,00,0,0,00,C01
201800057343,1,07,000,02,2,6,01,B01
201800057343,1,15,000,00,2,2,14,A01
201800057344,1,07,000,00,0,0,00,A01
201800057344,2,32,000,00,2,0,00,B01
201800057345,0,07,000,00,2,0,15,A01
201800057345,2,02,000,00,2,7,00,B01
201800057346,0,07,000,00,2,2,19,A01
201800057346,0,33,000,00,2,1,19,B01
201800057347,0,30,000,12,0,1,15,A01
201800057348,1,15,000,00,1,2,01,A01
201800057349,1,07,000,13,2,3,00,A01
201800057349,2,07,000,00,0,7,13,B01
201800057350,1,07,000,00,2,5,00,A01
201800057350,0,07,000,00,2,3,15,B01
201800057351,1,33,000,00,2,1,11,A01
201800057351,0,07,000,00,2,6,02,B01
201800057352,2,07,000,00,2,3,01,A01
201800057352,1,30,000,00,2,1,05,B01
201800057353,1,34,000,00,2,1,17,A01
201800057353,1,07,000,00,2,7,15,B01
201800057354,1,07,000,00,1,1,00,Z01
201800057355,2,07,000,00,2,1,01,A01
201800057355,1,07,000,00,2,1,15,B01
201800057355,1,07,000,00,2,1,23,C01
201800057356,2,10,000,00,2,7,15,A01
201800057356,1,07,000,00,2,2,01,B01
201800057357,1,07,000,00,2,6,16,A01
201800057357,0,33,000,00,2,7,01,B01
201800057358,1,37,001,00,1,2,15,A01
201800057359,1,07,000,00,1,3,02,A01
201800057360,1,07,000,00,1,3,09,A01
201800057361,2,32,000,00,1,6,01,A01
201800057362,0,37,001,00,2,3,23,A01
201800057362,0,31,000,00,2,1,14,B01
201800057363,1,07,000,00,1,3,15,A01
201800057364,1,07,000,00,2,3,15,A01
201800057364,1,33,000,00,2,5,17,B01
201800057365,1,07,000,00,2,3,01,B01
201800057365,1,01,000,00,2,1,08,A01
201800057366,2,07,000,00,0,9,00,A01
201800057367,0,07,000,00,1,2,16,A01
201800057368,0,07,000,00,1,2,15,A01
201800057369,1,07,000,01,1,3,23,A01
201800057370,0,31,000,00,2,1,00,B01
201800057370,2,07,000,00,2,2,15,A01
201800057371,1,37,053,00,1,2,16,A01
201800057372,0,07,000,00,1,0,20,A01
201800057373,1,07,000,00,1,6,00,A01
201800057374,1,30,000,00,2,2,05,A01
201800057374,1,07,000,00,2,1,01,B01
201800057375,0,07,000,00,2,1,02,A01
201800057375,0,07,000,00,6,4,02,B01
201800057376,1,10,000,00,1,2,01,A01
201800057377,1,33,000,00,2,1,01,B01
201800057377,2,30,000,00,2,7,15,A01
201800057378,1,07,000,00,2,5,15,A01
201800057378,2,31,000,00,2,1,01,B01
201800057379,0,30,000,00,2,6,00,A01