Num_Acc,senc,catv,occutc,obs,obsm,choc,manv,num_veh
201800057379,0,07,000,00,2,6,23,B01
201800057379,1,07,000,00,2,7,23,C01
201800057380,1,33,000,00,2,1,00,A01
201800057380,0,07,000,00,2,7,00,B01
201800057381,1,33,000,00,1,1,21,A01
201800057382,2,07,000,00,2,1,01,B01
201800057382,1,07,000,00,2,7,01,A01
201800057383,2,02,000,00,2,1,13,B01
201800057383,1,07,000,00,2,3,13,A01
201800057384,2,07,000,00,1,3,00,A01
201800057385,1,07,000,00,2,3,01,B01
201800057385,1,07,000,00,2,2,09,A01
201800057386,0,07,000,00,2,5,19,A01
201800057386,0,31,000,00,0,0,00,B01
201800057387,1,07,000,00,2,3,16,A01
201800057387,2,32,000,00,2,1,01,B01
201800057388,2,31,000,00,0,0,00,B01
201800057388,2,07,000,12,0,3,15,A01
201800057389,1,33,000,00,2,1,01,A01
201800057389,2,01,000,00,2,6,05,B01
201800057390,1,30,000,00,2,1,02,A01
201800057390,2,07,000,00,2,4,02,B01
201800057391,2,07,000,00,1,1,00,A01
201800057392,0,07,000,15,0,2,14,A01
201800057393,1,07,000,00,0,1,11,A01
201800057394,2,07,000,00,0,1,00,A01
201800057395,1,07,000,12,1,7,01,A01
201800057396,1,99,000,04,0,0,14,A01
201800057397,2,07,000,00,2,1,02,A01
201800057397,2,07,000,00,2,4,02,B01
201800057398,1,07,000,00,2,8,15,A01
201800057398,1,31,000,00,2,2,17,B01
201800057399,1,07,000,00,6,2,15,A01
201800057399,1,99,000,00,2,1,16,B01
201800057400,1,07,000,00,2,1,13,A01
201800057400,2,07,000,00,2,3,13,B01
201800057401,1,07,000,00,2,1,02,B01
201800057401,1,07,000,00,2,4,02,C01
201800057401,1,07,000,00,2,1,02,D01
201800057401,1,07,000,00,2,1,02,E01
201800057401,1,07,000,00,2,1,02,K01
201800057402,2,31,000,05,2,6,17,A01
201800057403,1,07,000,00,9,1,15,B01
201800057403,1,01,000,00,2,1,05,A01
201800057404,2,07,000,00,2,7,15,B01
201800057404,1,33,000,00,2,1,21,A01
201800057405,1,31,000,00,0,0,01,A01
201800057406,1,07,000,03,0,3,01,A01
201800057407,1,07,000,00,1,1,09,A01
201800057408,2,07,000,00,0,1,14,A01
201800057409,2,31,000,00,0,7,21,A01
201800057410,1,07,000,00,2,1,11,A01
201800057410,2,10,000,00,2,1,21,B01
201800057411,1,07,000,00,2,4,02,B01
201800057411,1,07,000,00,2,1,09,A01
201800057412,1,33,000,00,2,1,05,A01
201800057412,2,07,000,00,2,1,13,B01
201800057413,1,07,000,00,0,5,01,A01
201800057413,2,07,000,00,2,3,01,F01
201800057414,1,34,000,00,0,2,21,A01
201800057415,2,07,000,00,2,7,15,A01
201800057415,1,01,000,00,2,1,01,B01
201800057416,2,07,000,04,0,6,23,A01
201800057416,2,31,000,01,0,1,21,B01
201800057417,2,37,010,00,1,7,01,A01
201800057418,2,07,000,00,1,1,01,A01
201800057419,2,07,000,01,0,2,01,A01
201800057420,1,07,000,00,2,0,02,A01
201800057420,1,01,000,00,2,3,02,B01
201800057421,2,02,000,00,2,1,05,A01
201800057421,2,10,000,00,2,3,01,B01
201800057422,1,31,000,00,2,8,18,B01
201800057422,1,07,000,00,9,7,14,A01
201800057423,2,07,000,00,1,1,01,A01
201800057424,1,07,000,14,0,2,01,A01
201800057425,1,07,000,00,1,4,20,A01
201800057426,1,07,000,00,2,1,21,A01
201800057426,1,33,000,00,2,3,15,B01
201800057427,1,07,000,00,1,3,02,A01
201800057428,1,33,000,08,0,8,14,A01
201800057429,2,07,000,00,9,4,23,C01
201800057429,2,07,000,00,9,4,23,D01
201800057429,2,07,000,00,9,4,23,B01
201800057429,2,07,000,00,2,2,02,A01
201800057430,2,07,000,00,1,8,19,A01
201800057431,2,34,000,06,0,7,15,A01
201800057432,2,07,000,00,2,3,17,A01
201800057432,1,30,000,00,2,3,01,B01
201800057433,1,07,000,00,2,3,09,B01
201800057433,1,31,000,00,2,7,09,A01
201800057434,2,07,000,00,1,1,19,B01
201800057434,2,07,000,00,1,3,19,A01
201800057435,1,07,000,00,2,6,15,A01
201800057435,1,07,000,00,2,1,01,B01
201800057436,1,31,000,12,0,1,01,A01
201800057437,2,37,001,01,0,7,20,A01
201800057437,2,07,000,00,2,8,24,B01
201800057438,1,37,000,00,2,1,01,A01
201800057438,2,33,000,00,2,1,13,B01
201800057439,1,37,000,00,2,3,15,B01
201800057439,2,07,000,00,2,1,13,A01
201800057440,2,07,000,00,0,1,09,A01
201800057441,1,10,000,04,0,8,00,A01
201800057442,2,07,000,00,2,4,01,A01
201800057442,2,33,000,00,2,1,02,B01
201800057443,1,07,000,00,2,5,23,A01
201800057443,1,31,000,00,2,1,11,B01
201800057444,1,07,000,00,2,3,13,A01
201800057444,1,07,000,00,2,2,00,B01
201800057445,1,07,000,00,2,2,01,A01
201800057445,1,07,000,00,2,6,01,B01
201800057446,0,31,000,00,2,2,13,B01
201800057446,0,07,000,00,2,3,19,A01
201800057447,1,33,000,05,0,1,16,A01
201800057448,1,33,000,01,2,4,00,A01
201800057449,2,33,000,00,2,1,17,A01
201800057449,2,10,000,00,2,6,02,B01
201800057449,1,07,000,00,2,8,00,C01
201800057450,1,33,000,00,0,0,00,A01
201800057451,2,07,000,00,2,1,13,A01
201800057451,1,07,000,00,2,1,00,B01
201800057452,1,30,000,00,0,0,02,A01
201800057453,2,07,000,07,2,1,01,A01
201800057453,2,07,000,00,2,4,01,B01
201800057454,1,07,000,00,6,3,13,A01
201800057454,2,01,000,00,2,1,21,B01
201800057455,1,07,000,00,2,1,13,A01
201800057455,2,07,000,00,2,3,01,B01
201800057456,1,10,000,00,0,4,02,A01
201800057456,1,30,000,00,2,1,02,B01
201800057457,1,07,000,00,2,1,01,A01
201800057457,1,07,000,00,2,4,01,B01
201800057458,1,07,000,00,2,4,01,A01
201800057458,0,07,000,00,2,1,02,B01
201800057459,1,07,000,06,0,3,16,A01
201800057460,1,31,000,00,2,3,13,A01
201800057460,1,07,000,00,6,3,01,B01
201800057461,2,07,000,00,2,2,01,B01
201800057461,2,07,000,00,2,3,15,A01
201800057462,2,07,000,00,2,1,01,A01
201800057462,2,07,000,00,2,4,02,B01
201800057462,2,07,000,00,2,8,01,C01
201800057462,1,07,000,00,2,0,01,D01
201800057463,2,07,000,00,0,0,00,A01
201800057463,1,07,000,00,0,0,00,B01
201800057464,2,07,000,00,2,3,13,A01
201800057464,2,33,000,00,2,7,17,B01
201800057465,1,07,000,00,1,1,01,A01
201800057466,1,34,000,00,0,3,02,A01
201800057466,1,07,000,00,0,3,15,B01
201800057467,1,07,000,00,2,1,01,A01
201800057467,1,07,000,00,2,4,01,B01
201800057468,2,07,000,00,2,1,02,A01
201800057468,2,07,000,00,2,4,02,B01
201800057468,2,07,000,00,2,4,02,C01
201800057469,1,10,000,00,1,8,15,A01
201800057470,1,02,000,00,2,1,01,B01
201800057470,1,07,000,00,2,3,15,A01
201800057471,1,30,000,00,0,0,00,A01
201800057472,1,07,000,00,1,3,00,A01
201800057473,1,07,000,00,2,1,12,A01
201800057473,1,01,000,00,2,4,01,B01
201800057474,1,10,000,00,2,2,15,A01
201800057474,1,30,000,00,2,1,01,B01
201800057475,1,10,000,00,2,1,15,A01
201800057475,1,33,000,00,2,1,01,B01
201800057476,2,07,000,06,0,1,15,A01
201800057477,1,07,000,00,2,9,21,A01
201800057477,1,07,000,00,2,4,21,B01
201800057477,1,13,000,00,2,2,21,C01
201800057478,1,07,000,00,6,6,05,A01
201800057478,2,33,000,00,2,7,05,B01
201800057479,2,33,000,00,0,7,00,A01
201800057480,2,07,000,01,2,9,02,A01
201800057480,2,07,000,01,0,4,00,B01
201800057480,2,07,000,01,0,1,00,C01
201800057481,1,07,000,,,,,A01
201800057481,1,07,000,14,0,4,23,B01
201800057482,1,31,000,00,2,1,15,A01
201800057482,1,07,000,00,2,2,01,B01
201800057483,2,07,000,00,1,3,01,A01
201800057484,2,07,000,00,2,3,15,A01
201800057484,1,07,000,00,2,3,01,B01
201800057485,2,07,000,00,1,1,00,A01
201800057486,1,07,000,01,0,1,01,A01
201800057486,1,07,000,00,2,2,24,B01
201800057487,1,07,000,00,1,6,19,A01
201800057488,1,15,000,00,2,1,02,A01
201800057488,1,07,000,00,2,4,02,B01
201800057488,1,07,000,00,2,4,01,C01
201800057489,0,07,000,00,1,1,15,A01
201800057490,2,07,000,06,0,2,17,A01
201800057491,1,30,000,00,0,0,00,A01
201800057492,1,07,000,00,2,2,16,A01
201800057492,2,01,000,00,2,1,13,B01
201800057493,2,32,000,00,0,3,00,A01
201800057494,1,31,000,12,0,2,16,A01
201800057495,0,07,000,00,2,1,19,A01
201800057495,0,01,000,00,2,1,11,B01
201800057496,1,07,000,00,2,3,00,A01
201800057496,2,02,000,00,2,7,15,B01
201800057497,1,20,000,00,2,1,00,A01
201800057497,1,07,000,00,2,1,01,B01
201800057497,1,07,000,00,2,4,24,C01
201800057498,1,07,000,00,2,2,01,A01
201800057498,1,31,000,00,2,1,01,B01
201800057499,1,07,000,00,2,0,00,A01
201800057499,1,07,000,00,2,4,02,B01
201800057499,1,07,000,14,2,1,02,C01
201800057499,1,07,000,00,2,0,00,D01
201800057500,1,07,000,00,2,4,02,A01
201800057500,1,07,000,00,2,4,02,B01
201800057500,1,07,000,00,2,4,02,C01
201800057500,1,07,000,00,2,4,02,D01
201800057501,1,07,000,00,2,2,19,A01
201800057501,1,07,000,00,2,1,01,B01
201800057502,1,07,000,00,2,6,02,A01
201800057502,2,07,000,00,2,1,02,B01
201800057503,2,33,000,00,2,1,01,A01
201800057503,2,07,000,00,2,6,01,B01
201800057504,1,10,000,15,0,1,00,A01
201800057505,1,10,000,00,2,4,23,B01
201800057505,1,07,000,00,2,1,23,C01
201800057505,1,07,000,00,2,1,23,D01
201800057506,1,07,000,15,0,9,14,A01
201800057507,2,07,000,00,2,4,23,A01
201800057507,0,07,000,00,2,4,01,B01
201800057508,1,01,000,00,6,1,02,B01
201800057508,1,30,000,00,1,1,01,A01
201800057509,2,33,000,00,2,0,13,A01
201800057509,2,07,000,00,2,6,15,B01
201800057510,1,07,000,00,1,1,00,A01
201800057511,1,07,000,00,2,8,15,A01
201800057511,1,31,000,00,2,1,01,B01
201800057512,2,33,000,00,2,2,17,A01
201800057512,2,07,000,00,2,3,15,B01
201800057513,1,07,000,00,2,3,01,A01
201800057513,2,02,000,00,2,1,13,B01
201800057514,1,07,000,00,2,1,01,D01
201800057514,1,07,000,04,2,8,01,B01
201800057514,1,07,000,00,2,3,13,A01
201800057514,2,32,000,00,2,1,01,C01
201800057515,1,07,000,00,2,1,17,A01
201800057515,1,07,000,00,2,4,01,B01
201800057515,2,07,000,00,2,4,01,C01
201800057516,2,07,000,00,0,0,00,A01
201800057516,2,35,000,00,2,6,01,B01
201800057517,2,07,000,00,2,3,09,A01
201800057517,1,07,000,00,2,2,09,B01
201800057518,2,33,000,00,2,1,00,A01
201800057518,2,10,000,00,2,0,00,B01
201800057519,1,07,000,00,2,1,02,A01
201800057519,1,07,000,00,2,4,02,B01
201800057520,1,07,000,00,1,2,16,A01
201800057521,0,07,000,00,6,3,15,A01
201800057521,1,01,000,09,2,1,02,B01
201800057522,2,07,000,00,2,1,02,A01
201800057522,2,07,000,00,2,4,16,B01
201800057523,2,01,000,00,0,6,13,A01
201800057523,2,07,000,00,6,2,09,B01
201800057524,1,07,000,02,0,9,17,A01
201800057525,1,30,000,00,2,1,02,A01
201800057525,1,07,000,00,0,4,01,B01
201800057525,2,07,000,00,2,1,05,C01
201800057526,0,30,000,00,0,8,15,A01
201800057527,1,07,000,00,2,2,01,B01
201800057527,1,07,000,00,2,1,16,A01
201800057528,1,07,000,00,2,1,09,A01
201800057528,1,07,000,00,2,1,01,B01
201800057529,1,07,000,00,0,3,02,A01
201800057529,1,07,000,00,2,3,15,B01
201800057530,1,07,000,13,0,9,00,A01
201800057531,1,30,000,00,2,0,00,A01
201800057531,2,07,000,00,2,0,15,B01
201800057532,2,31,000,00,2,1,01,A01
201800057532,2,07,000,00,0,6,01,B01
201800057533,0,33,000,00,1,1,00,Z01
201800057534,2,10,000,04,0,3,13,A01
201800057535,2,07,000,03,1,2,00,A01
201800057536,1,07,000,00,2,1,17,A01
201800057536,2,21,000,00,2,3,15,B01
201800057537,1,07,000,00,1,3,02,A01
201800057538,1,33,000,14,0,0,19,A01
201800057539,1,07,000,00,1,1,00,A01
201800057540,2,38,027,01,0,7,00,A01
201800057540,0,13,000,01,0,6,24,B01
201800057540,0,07,000,01,0,4,24,C01
201800057540,0,13,000,01,2,0,00,D01
201800057541,1,07,000,04,0,1,14,A01
201800057542,1,31,000,06,0,1,01,A01
201800057543,2,07,000,00,2,8,11,A01
201800057543,2,33,000,00,2,7,00,B01
201800057544,1,07,000,00,2,2,21,A01
201800057544,1,01,000,00,2,1,00,B01
201800057545,1,07,000,09,2,9,01,A01
201800057546,1,33,000,14,0,1,17,A01
201800057547,1,07,000,00,2,1,17,A01
201800057547,1,01,000,00,2,4,01,B01
201800057548,0,10,000,00,1,3,09,A01
201800057549,1,30,000,00,0,0,00,A01
201800057550,2,07,000,00,1,8,01,A01
201800057551,1,07,000,00,2,2,17,A01
201800057551,1,31,000,00,2,2,01,B01
201800057552,0,02,000,08,0,1,00,A01
201800057553,1,07,000,00,6,7,15,A01
201800057553,2,01,000,00,2,1,01,B01
201800057554,1,10,000,00,1,3,01,A01
201800057555,0,30,000,00,2,1,01,A01
201800057555,0,07,000,00,2,7,00,B01
201800057556,2,30,000,00,2,3,13,A01
201800057556,1,10,000,00,2,6,01,B01
201800057557,1,07,000,00,2,1,15,B01
201800057557,1,37,001,00,2,1,01,A01
201800057558,2,30,000,00,2,1,01,A01
201800057558,1,07,000,00,2,7,15,B01
201800057559,2,07,000,00,2,1,19,A01
201800057559,1,07,000,00,6,3,01,B01
201800057560,1,07,000,00,1,1,01,A01
201800057561,2,01,000,00,2,1,00,A01
201800057561,2,07,000,00,2,4,16,B01
201800057562,2,10,000,00,2,1,15,B01
201800057562,2,31,000,00,2,1,05,A01
201800057563,1,99,000,00,1,0,00,A01
201800057564,2,35,000,14,1,7,17,A01
201800057565,2,07,000,00,1,1,01,A01
201800057566,2,34,000,00,1,8,19,A01
201800057567,2,07,000,00,2,1,05,A01
201800057567,2,31,000,00,2,1,13,B01
201800057568,1,99,000,00,2,0,00,R01
201800057568,1,31,000,00,2,2,05,A01
201800057568,2,31,000,00,2,1,00,B01
201800057569,2,31,000,00,1,1,00,A01
201800057570,2,33,000,01,2,7,02,A01
201800057571,2,07,000,14,1,2,21,A01
201800057572,1,31,000,14,0,1,00,A01
201800057573,1,07,000,01,2,4,02,A01
201800057573,1,07,000,01,2,4,02,C01
201800057573,1,07,000,01,2,4,02,M01
201800057574,2,07,000,00,1,1,21,A01
201800057575,1,07,000,00,2,4,02,B01
201800057575,1,34,000,00,2,1,02,A01
201800057576,2,30,000,14,2,4,02,A01
201800057576,1,07,000,00,2,3,02,B01
201800057577,1,10,000,00,2,5,21,A01
201800057577,1,30,000,00,2,8,02,M01
201800057578,1,31,000,00,2,1,00,A01
201800057578,1,34,000,00,2,1,00,B01
201800057579,1,07,000,00,1,7,00,A01
201800057580,1,07,000,00,2,1,05,A01
201800057580,2,07,000,00,2,0,00,B01
201800057581,1,07,000,00,2,1,05,A01
201800057581,1,30,000,00,2,0,00,B01
201800057582,1,07,000,04,2,7,02,A01
201800057582,1,01,000,05,2,3,09,B01
201800057583,2,07,000,00,1,1,00,A01
201800057584,1,02,000,00,1,6,02,A01
201800057585,1,32,000,00,2,8,00,A01
201800057585,1,07,000,00,2,8,00,B01
201800057586,2,30,000,00,2,1,01,A01
201800057586,1,33,000,00,2,1,01,B01
201800057587,1,07,000,00,9,7,17,A01
201800057587,1,01,000,00,2,8,00,B01
201800057588,1,07,000,00,0,0,00,A01
201800057589,2,07,000,14,2,4,02,C01
201800057589,2,07,000,14,2,4,02,B01
201800057589,2,30,000,14,2,4,02,A01
201800057590,1,07,000,14,1,0,21,A01
201800057591,2,02,000,14,2,6,08,B01
201800057591,2,07,000,14,2,3,10,A01
201800057592,1,07,000,00,2,4,00,A01
201800057592,2,30,000,00,2,6,04,B01
201800057593,2,07,000,15,6,2,09,A01
201800057593,1,01,000,15,2,3,09,B01
201800057594,1,02,000,00,0,0,00,A01
201800057595,2,33,000,00,1,1,00,A01
201800057596,2,07,000,00,1,1,00,A01
201800057597,2,30,000,00,1,3,17,A01
201800057598,1,07,000,00,1,3,21,A01
201800057599,2,30,000,00,1,7,18,A01
201800057600,2,07,000,00,6,4,02,A01
201800057600,2,30,000,00,2,1,02,B01
201800057601,2,07,000,00,6,8,02,A01
201800057601,2,32,000,00,6,1,02,B01
201800057602,1,07,000,00,2,3,05,A01
201800057602,2,30,000,00,0,0,00,B01
201800057603,1,07,000,00,1,7,00,A01
201800057604,1,30,000,14,1,7,19,A01
201800057605,1,07,000,14,1,0,21,A01
201800057606,1,30,000,00,2,1,05,A01
201800057607,2,30,000,00,1,1,00,A01
201800057608,2,32,000,00,1,0,00,A01
201800057609,1,32,000,00,2,0,00,A01
201800057609,0,07,000,00,0,0,00,B01
201800057610,2,30,000,00,1,8,19,A01
201800057611,2,01,000,00,1,1,00,A01
201800057612,1,07,000,00,1,1,00,A01
201800057613,2,30,000,00,1,8,19,A01
201800057614,1,07,000,14,1,3,01,A01
201800057615,1,07,000,14,2,4,23,A01
201800057615,1,30,000,14,2,4,00,B01
201800057616,1,07,000,00,1,1,19,A01
201800057617,1,30,000,00,1,8,00,A01
201800057618,1,07,000,15,0,1,00,A01
201800057619,1,34,000,00,0,0,00,A01
201800057620,1,07,000,00,2,3,15,A01
201800057620,2,30,000,00,2,1,01,B01
201800057621,1,07,000,00,1,0,00,A01
201800057622,1,32,000,01,2,1,00,A01
201800057622,1,32,000,01,0,1,01,B01
201800057623,1,02,000,00,2,1,17,A01
201800057624,1,07,000,00,1,1,19,A01
201800057625,1,32,000,00,1,1,01,A01
201800057626,1,07,000,00,2,8,15,A01
201800057626,1,33,000,00,2,1,01,B01
201800057627,2,07,000,00,2,7,00,A01
201800057627,1,32,000,00,2,8,00,B01
201800057628,2,30,000,00,2,3,01,B01
201800057628,1,07,000,00,2,2,15,A01
201800057629,2,30,000,00,1,0,00,A01
201800057630,2,30,000,00,2,7,00,A01
201800057630,2,01,000,00,2,0,00,B01
201800057631,1,32,000,00,2,0,00,A01
201800057632,1,30,000,00,6,0,00,A01
201800057633,1,10,000,00,2,0,00,A01
201800057634,1,13,000,00,2,8,15,B01
201800057634,1,30,000,00,2,7,17,A01
201800057635,1,10,000,00,1,1,19,A01
201800057636,1,13,000,00,1,2,01,A01
201800057637,2,30,000,00,1,8,19,C01
201800057638,2,07,000,00,6,4,01,A01
201800057638,2,02,000,01,2,1,02,B01
201800057638,2,02,000,01,2,1,02,C01
201800057639,2,07,000,01,0,8,15,A01
201800057639,2,02,000,00,2,1,01,B01
201800057640,0,07,000,00,1,1,01,A01
201800057641,0,30,000,00,1,7,00,A01
201800057642,1,30,000,00,1,1,01,A01
201800057643,1,30,000,00,0,1,01,A01
201800057644,2,02,000,00,2,1,02,A01
201800057645,2,07,000,00,1,3,01,A01
201800057646,2,07,000,00,1,0,01,A01
201800057647,2,02,000,00,2,8,09,B01
201800057647,2,07,000,00,2,8,09,A01
201800057648,1,30,000,05,2,1,00,A01
201800057648,2,02,000,05,2,1,09,B01
201800057649,1,02,000,00,2,3,01,B01
201800057649,2,07,000,00,2,3,01,A01
201800057650,2,07,000,15,1,7,09,A01
201800057651,1,02,000,01,2,1,02,B01
201800057651,1,07,000,01,2,8,13,A01
201800057652,1,30,000,00,1,7,19,A01
201800057653,1,07,000,14,2,1,09,B01
201800057653,2,02,000,14,2,7,09,A01
201800057654,1,34,000,00,1,1,01,A01
201800057655,1,30,000,05,6,0,17,A01
201800057656,2,07,000,00,2,0,00,B01
201800057657,1,30,000,00,1,4,01,A01
201800057658,2,33,000,00,6,1,02,B01
201800057658,2,07,000,00,6,4,02,A01
201800057659,2,07,000,00,2,3,02,A01
201800057659,2,02,000,00,2,1,02,B01
201800057660,1,07,000,00,6,3,15,A01
201800057660,1,34,000,00,2,8,01,B01
201800057661,1,30,000,00,0,1,01,A01
201800057662,1,30,000,00,1,1,01,A01
201800057663,2,33,000,00,0,9,01,A01
201800057664,2,07,000,00,2,3,11,A01
201800057664,1,02,000,00,2,7,02,B01
201800057665,2,07,000,00,2,7,02,A01
201800057665,2,02,000,00,2,8,02,B01
201800057666,1,30,000,05,6,7,09,A01
201800057667,2,07,000,00,2,8,10,A01
201800057667,1,02,000,00,2,1,01,B01
201800057668,1,07,000,00,1,6,01,A01
201800057669,1,07,000,14,1,1,21,A01
201800057670,2,07,000,00,2,8,02,A01
201800057670,2,02,000,00,2,7,02,B01
201800057671,2,99,000,00,1,1,01,A01
201800057672,1,34,000,00,1,7,01,A01
201800057673,1,30,000,00,0,1,01,A01
201800057674,1,07,000,00,2,8,09,A01
201800057674,1,02,000,00,2,5,02,B01
201800057675,1,33,000,00,1,8,00,A01
201800057676,0,01,000,00,1,1,00,A01
201800057677,1,30,000,00,2,0,00,A01
201800057678,1,32,000,00,0,7,14,A01
201800057679,1,10,000,00,1,0,00,A01
201800057680,2,07,000,00,6,1,05,A01
201800057680,1,33,000,00,6,1,05,B01
201800057681,2,30,000,00,2,0,00,A01
201800057682,1,33,000,00,2,0,00,A01
201800057683,2,30,000,00,2,1,01,A01
201800057684,1,07,000,00,2,1,05,A01
201800057684,2,07,000,00,2,1,01,C01
201800057684,2,07,000,00,2,1,01,B01
201800057685,1,02,000,00,0,0,01,A01
201800057686,2,07,000,00,2,1,10,A01
201800057686,2,02,000,00,2,1,03,B01
201800057687,1,07,000,00,2,4,01,A01
201800057687,2,02,000,00,2,4,02,B01
201800057688,2,07,000,00,0,1,01,A01
201800057689,2,34,000,00,2,4,02,A01
201800057689,2,31,000,00,2,4,02,B01
201800057690,2,07,000,00,2,1,02,A01
201800057690,2,02,000,00,2,4,02,B01
201800057691,1,30,000,00,1,1,00,A01
201800057692,1,02,000,00,2,1,02,B01
201800057692,1,07,000,00,2,5,02,A01
201800057693,1,33,000,00,2,8,10,A01
201800057693,2,07,000,00,2,8,02,B01
201800057694,2,02,000,00,0,0,01,A01
201800057695,1,02,000,03,0,8,01,A01
201800057696,1,33,000,00,1,0,00,A01
201800057697,1,30,000,00,1,0,00,A01
201800057698,1,38,001,00,2,4,00,A01
201800057698,1,30,000,00,2,1,00,B01
201800057699,1,07,000,00,1,7,00,A01
201800057700,2,07,000,14,2,4,00,A01
201800057700,2,02,000,05,2,1,09,B01
201800057701,1,99,000,00,1,1,03,A01
201800057702,1,30,000,05,1,3,21,A01
201800057703,2,07,000,00,2,1,00,B01
201800057703,1,02,000,00,2,1,03,A01
201800057704,2,34,000,00,1,0,00,A01
201800057705,1,33,000,00,1,0,00,A01
201800057706,1,07,000,14,1,3,09,A01
201800057706,2,07,000,14,2,3,09,B01
201800057707,1,30,000,00,2,0,00,A01
201800057708,1,02,000,00,2,1,02,B01
201800057708,1,07,000,00,2,4,00,A01
201800057709,1,30,000,00,2,0,00,A01
201800057710,2,07,000,15,1,0,20,A01
201800057711,2,34,000,00,2,1,00,A01
201800057711,2,30,000,00,2,1,00,B01
201800057712,2,07,000,00,1,2,01,A01
201800057713,2,07,000,00,2,7,01,A01
201800057713,2,31,000,00,2,1,18,B01
201800057714,2,30,000,00,2,4,00,B01
201800057714,2,07,000,00,2,4,00,A01
201800057715,1,30,000,02,6,1,10,A01
201800057716,1,33,000,00,1,7,00,A01
201800057717,2,07,000,14,2,3,20,A01
201800057717,2,02,000,14,2,2,17,B01
201800057718,1,32,000,00,6,0,00,A01
201800057718,1,01,000,00,2,0,00,B01
201800057719,1,07,000,00,2,4,01,A01
201800057719,2,30,000,00,2,1,02,B01
201800057720,1,07,000,00,2,6,02,A01
201800057720,1,02,000,00,6,1,02,B01
201800057721,2,30,000,00,0,2,01,A01
201800057722,1,30,000,00,1,1,01,A01
201800057723,2,30,000,00,2,0,00,A01
201800057724,1,07,000,00,1,0,00,A01
201800057725,0,10,000,00,1,0,01,A01
201800057726,1,07,000,14,1,3,19,A01
201800057727,1,10,000,00,1,0,00,A01
201800057728,2,30,000,00,2,0,00,A01
201800057729,1,07,000,00,2,0,00,B01
201800057729,1,30,000,00,2,0,00,A01
201800057730,2,30,000,00,0,0,15,A01
201800057731,1,07,000,00,2,1,00,B01
201800057731,2,07,000,00,2,1,01,A01
201800057732,2,07,000,00,2,6,17,A01
201800057732,1,30,000,00,2,2,16,B01
201800057733,2,07,000,00,2,8,01,A01
201800057733,2,07,000,00,2,3,01,B01
201800057734,2,32,000,00,2,1,01,A01
201800057735,2,07,000,00,1,8,01,A01
201800057736,2,30,000,00,1,0,19,A01
201800057737,2,32,000,00,2,2,09,A01
201800057737,2,02,000,00,2,1,09,B01
201800057738,2,34,000,00,1,2,01,A01
201800057739,2,07,000,00,2,4,02,B01
201800057739,2,30,000,00,2,1,02,A01
201800057740,2,32,000,00,2,8,05,A01
201800057741,2,30,000,00,0,0,01,A01
201800057742,1,07,000,00,1,1,14,A01
201800057743,2,07,000,00,2,8,00,A01
201800057743,2,02,000,00,2,2,05,B01
201800057744,2,34,000,00,2,0,00,A01
201800057745,1,33,000,00,1,1,01,A01
201800057746,2,07,000,00,2,7,04,A01
201800057746,2,07,000,00,2,1,01,B01
201800057747,2,07,000,00,1,1,00,A01
201800057748,2,30,000,00,2,1,02,B01
201800057748,2,07,000,00,2,4,02,A01
201800057749,2,07,000,00,2,4,02,A01
201800057749,2,02,000,00,2,1,02,B01
201800057750,2,07,000,00,0,1,01,A01
201800057751,2,30,000,00,0,1,00,A01
201800057752,1,30,000,00,0,1,01,A01
201800057753,1,33,000,00,0,1,01,A01
201800057754,2,31,000,00,1,8,19,A01
201800057755,2,07,000,00,2,8,15,B01
201800057755,2,30,000,00,2,1,01,A01
201800057756,2,32,000,00,2,1,17,A01
201800057756,1,07,000,00,2,3,15,B01
201800057757,1,34,000,00,0,1,01,A01
201800057758,1,30,000,00,2,1,01,B01
201800057758,2,07,000,00,2,3,15,A01
201800057759,1,32,000,00,0,1,01,A01
201800057760,2,32,000,00,2,2,00,A01
201800057761,1,34,000,00,0,1,01,A01
201800057762,2,30,000,00,0,1,01,A01
201800057763,2,30,000,00,2,1,01,A01
201800057764,1,30,000,00,2,8,01,B01
201800057764,1,13,000,00,2,5,18,A01
201800057765,2,33,000,00,2,1,00,A01
201800057765,1,38,017,00,2,3,00,B01
201800057766,1,30,000,00,0,1,01,A01
201800057767,2,30,000,00,0,1,01,A01
201800057768,2,34,000,00,0,1,01,A01
201800057769,1,32,000,11,0,1,00,A01
201800057770,1,07,000,14,1,4,00,A01
201800057771,1,07,000,00,2,1,00,A01
201800057771,2,07,000,00,2,1,00,B01
201800057772,1,07,000,00,1,1,01,A01
201800057773,2,07,000,00,1,4,04,A01
201800057774,1,32,000,11,0,1,01,A01
201800057775,1,07,000,00,1,0,00,A01
201800057776,1,30,000,00,2,0,00,C01
201800057776,1,07,000,00,2,0,00,A01
201800057776,1,30,000,00,2,0,00,B01
201800057777,2,01,000,00,1,1,15,A01
201800057778,1,07,000,00,2,3,09,B01
201800057778,2,07,000,00,2,3,01,A01
201800057779,1,30,000,00,1,7,19,A01
201800057780,1,30,000,00,2,4,23,A01
201800057780,1,07,000,00,2,1,02,B01
201800057781,1,07,000,00,1,7,19,A01
201800057782,1,07,000,00,2,1,00,A01
201800057782,2,31,000,00,2,1,00,B01
201800057783,2,10,000,00,2,1,00,B01
201800057783,1,10,000,00,2,0,00,A01